{"eval_loss": 1.3486982583999634, "eval_accuracy": 0.47200000286102295, "eval_mae": 0.6902, "eval_runtime": 17.4146, "eval_samples_per_second": 287.115}