{"eval_loss": 1.4399906396865845, "eval_accuracy": 0.43939998745918274, "eval_mae": 0.7286, "eval_runtime": 19.305, "eval_samples_per_second": 259.001}