{"eval_loss": 1.2445539236068726, "eval_accuracy": 0.5004000067710876, "eval_mae": 0.595, "eval_runtime": 18.6372, "eval_samples_per_second": 268.28}