{"eval_loss": 0.9555578827857971, "eval_accuracy": 0.5996000170707703, "eval_mae": 0.4646, "eval_runtime": 16.6638, "eval_samples_per_second": 300.051}