{"eval_loss": 0.9460924863815308, "eval_accuracy": 0.6051999926567078, "eval_mae": 0.4572, "eval_runtime": 17.3657, "eval_samples_per_second": 287.925}