{"eval_loss": 1.2391923666000366, "eval_accuracy": 0.4968000054359436, "eval_mae": 0.6476, "eval_runtime": 18.4072, "eval_samples_per_second": 271.632}