{"eval_loss": 1.2293591499328613, "eval_accuracy": 0.4991999864578247, "eval_mae": 0.6038, "eval_runtime": 18.4838, "eval_samples_per_second": 270.507}