{"eval_loss": 1.1481291055679321, "eval_accuracy": 0.5486000180244446, "eval_mae": 0.582, "eval_runtime": 17.4206, "eval_samples_per_second": 287.017}