{"eval_loss": 1.0624727010726929, "eval_accuracy": 0.557200014591217, "eval_mae": 0.5216, "eval_runtime": 18.2998, "eval_samples_per_second": 273.228}