{"eval_loss": 1.2972652912139893, "eval_accuracy": 0.4675999879837036, "eval_mae": 0.682, "eval_runtime": 18.8795, "eval_samples_per_second": 264.837}