{"eval_loss": 1.344038963317871, "eval_accuracy": 0.4729999899864197, "eval_mae": 0.6958, "eval_runtime": 16.2644, "eval_samples_per_second": 307.42}