{"eval_loss": 0.9348254203796387, "eval_accuracy": 0.6001999974250793, "eval_mae": 0.4556, "eval_runtime": 16.3694, "eval_samples_per_second": 305.448}