{"eval_loss": 1.333866000175476, "eval_accuracy": 0.4812000095844269, "eval_mae": 0.6732, "eval_runtime": 18.4201, "eval_samples_per_second": 271.443}