{"eval_loss": 0.8896216750144958, "eval_accuracy": 0.6355999708175659, "eval_mae": 0.416, "eval_runtime": 18.683, "eval_samples_per_second": 267.623}