{"eval_loss": 1.0844249725341797, "eval_accuracy": 0.5491999983787537, "eval_mae": 0.54, "eval_runtime": 25.1095, "eval_samples_per_second": 199.128}