{"eval_loss": 1.0211060047149658, "eval_accuracy": 0.5702000260353088, "eval_mae": 0.5072, "eval_runtime": 17.2795, "eval_samples_per_second": 289.36}