{"eval_loss": 1.3499715328216553, "eval_accuracy": 0.4657999873161316, "eval_mae": 0.6944, "eval_runtime": 18.9691, "eval_samples_per_second": 263.586}