{"eval_loss": 0.8894466757774353, "eval_accuracy": 0.6362000107765198, "eval_mae": 0.4154, "eval_runtime": 18.5208, "eval_samples_per_second": 269.967}