{"eval_loss": 0.9907336235046387, "eval_accuracy": 0.5716000199317932, "eval_mae": 0.5052, "eval_runtime": 16.2436, "eval_samples_per_second": 307.814}