{"eval_loss": 0.960859477519989, "eval_accuracy": 0.5928000211715698, "eval_mae": 0.483, "eval_runtime": 17.465, "eval_samples_per_second": 286.287}