{"eval_loss": 1.02981698513031, "eval_accuracy": 0.5454000234603882, "eval_mae": 0.5408, "eval_runtime": 17.5532, "eval_samples_per_second": 284.849}