{"eval_loss": 1.367134928703308, "eval_accuracy": 0.4575999975204468, "eval_mae": 0.7314, "eval_runtime": 17.3946, "eval_samples_per_second": 287.445}