{"eval_loss": 0.8890561461448669, "eval_accuracy": 0.6376000046730042, "eval_mae": 0.4134, "eval_runtime": 18.9665, "eval_samples_per_second": 263.622}