{"eval_loss": 1.3527380228042603, "eval_accuracy": 0.483599990606308, "eval_mae": 0.671, "eval_runtime": 18.121, "eval_samples_per_second": 275.923}