{"eval_loss": 1.0808312892913818, "eval_accuracy": 0.555400013923645, "eval_mae": 0.5662, "eval_runtime": 18.949, "eval_samples_per_second": 263.867}