{"eval_loss": 1.007340669631958, "eval_accuracy": 0.5950000286102295, "eval_mae": 0.4648, "eval_runtime": 16.6854, "eval_samples_per_second": 299.663}