{"eval_loss": 1.0878595113754272, "eval_accuracy": 0.5464000105857849, "eval_mae": 0.5428, "eval_runtime": 18.5457, "eval_samples_per_second": 269.605}