{"eval_loss": 1.0860296487808228, "eval_accuracy": 0.5483999848365784, "eval_mae": 0.5402, "eval_runtime": 29.7843, "eval_samples_per_second": 167.874}