{"eval_loss": 0.8895294666290283, "eval_accuracy": 0.6363999843597412, "eval_mae": 0.4146, "eval_runtime": 18.7504, "eval_samples_per_second": 266.661}