{"eval_loss": 1.4424595832824707, "eval_accuracy": 0.4392000138759613, "eval_mae": 0.729, "eval_runtime": 20.3487, "eval_samples_per_second": 245.716}