{"eval_loss": 1.0209559202194214, "eval_accuracy": 0.5699999928474426, "eval_mae": 0.509, "eval_runtime": 17.3039, "eval_samples_per_second": 288.953}