{"eval_loss": 0.8877349495887756, "eval_accuracy": 0.6376000046730042, "eval_mae": 0.4126, "eval_runtime": 20.0652, "eval_samples_per_second": 249.187}