{"eval_loss": 1.2963515520095825, "eval_accuracy": 0.4675999879837036, "eval_mae": 0.6822, "eval_runtime": 19.6953, "eval_samples_per_second": 253.868}