{"eval_loss": 1.0857256650924683, "eval_accuracy": 0.5478000044822693, "eval_mae": 0.5412, "eval_runtime": 20.512, "eval_samples_per_second": 243.76}