{"eval_loss": 0.9826449155807495, "eval_accuracy": 0.5806000232696533, "eval_mae": 0.489, "eval_runtime": 17.3819, "eval_samples_per_second": 287.655}