{"eval_loss": 1.0067914724349976, "eval_accuracy": 0.5934000015258789, "eval_mae": 0.468, "eval_runtime": 17.2889, "eval_samples_per_second": 289.202}