{"eval_loss": 1.005875825881958, "eval_accuracy": 0.5759999752044678, "eval_mae": 0.4954, "eval_runtime": 16.4074, "eval_samples_per_second": 304.741}