{"eval_loss": 1.3400354385375977, "eval_accuracy": 0.4675999879837036, "eval_mae": 0.6892, "eval_runtime": 26.2876, "eval_samples_per_second": 190.204}