{"eval_loss": 1.0299793481826782, "eval_accuracy": 0.5460000038146973, "eval_mae": 0.5394, "eval_runtime": 17.3237, "eval_samples_per_second": 288.622}