{"eval_loss": 1.1779978275299072, "eval_accuracy": 0.5026000142097473, "eval_mae": 0.5914, "eval_runtime": 17.3706, "eval_samples_per_second": 287.843}