{"eval_loss": 1.3436269760131836, "eval_accuracy": 0.47519999742507935, "eval_mae": 0.6938, "eval_runtime": 17.0034, "eval_samples_per_second": 294.059}