{"eval_loss": 0.9359433650970459, "eval_accuracy": 0.6015999913215637, "eval_mae": 0.454, "eval_runtime": 16.2855, "eval_samples_per_second": 307.021}