{"eval_loss": 0.9462181925773621, "eval_accuracy": 0.6047999858856201, "eval_mae": 0.4582, "eval_runtime": 17.2742, "eval_samples_per_second": 289.449}