{"eval_loss": 1.0298898220062256, "eval_accuracy": 0.5455999970436096, "eval_mae": 0.5402, "eval_runtime": 17.3957, "eval_samples_per_second": 287.428}