{"eval_loss": 1.0298105478286743, "eval_accuracy": 0.5437999963760376, "eval_mae": 0.5414, "eval_runtime": 16.2903, "eval_samples_per_second": 306.931}