{"eval_loss": 1.0120859146118164, "eval_accuracy": 0.5812000036239624, "eval_mae": 0.4792, "eval_runtime": 16.7894, "eval_samples_per_second": 297.807}