{"eval_loss": 0.9477792978286743, "eval_accuracy": 0.592199981212616, "eval_mae": 0.4698, "eval_runtime": 19.8602, "eval_samples_per_second": 251.759}