{"eval_loss": 1.0800402164459229, "eval_accuracy": 0.5558000206947327, "eval_mae": 0.5658, "eval_runtime": 24.1766, "eval_samples_per_second": 206.812}