{"eval_loss": 1.0177603960037231, "eval_accuracy": 0.5807999968528748, "eval_mae": 0.4946, "eval_runtime": 23.4456, "eval_samples_per_second": 213.259}