{"eval_loss": 1.1813135147094727, "eval_accuracy": 0.5004000067710876, "eval_mae": 0.596, "eval_runtime": 17.2337, "eval_samples_per_second": 290.129}