{"eval_loss": 1.0867425203323364, "eval_accuracy": 0.5472000241279602, "eval_mae": 0.5416, "eval_runtime": 18.8885, "eval_samples_per_second": 264.711}