{"eval_loss": 0.94797283411026, "eval_accuracy": 0.5929999947547913, "eval_mae": 0.4696, "eval_runtime": 21.2272, "eval_samples_per_second": 235.547}