{"eval_loss": 1.3507074117660522, "eval_accuracy": 0.4708000123500824, "eval_mae": 0.691, "eval_runtime": 17.3285, "eval_samples_per_second": 288.541}