{"eval_loss": 0.9499664306640625, "eval_accuracy": 0.6179999709129333, "eval_mae": 0.4316, "eval_runtime": 17.4708, "eval_samples_per_second": 286.192}