{"eval_loss": 0.9469400644302368, "eval_accuracy": 0.605400025844574, "eval_mae": 0.4564, "eval_runtime": 16.3561, "eval_samples_per_second": 305.696}