{"eval_loss": 1.0177230834960938, "eval_accuracy": 0.5809999704360962, "eval_mae": 0.4946, "eval_runtime": 26.3013, "eval_samples_per_second": 190.105}