{"eval_loss": 1.030673623085022, "eval_accuracy": 0.5447999835014343, "eval_mae": 0.5398, "eval_runtime": 16.8641, "eval_samples_per_second": 296.488}