{"eval_loss": 1.352733850479126, "eval_accuracy": 0.4828000068664551, "eval_mae": 0.6716, "eval_runtime": 18.274, "eval_samples_per_second": 273.613}