{"eval_loss": 0.9502032995223999, "eval_accuracy": 0.6068000197410583, "eval_mae": 0.449, "eval_runtime": 20.9449, "eval_samples_per_second": 238.722}