{"eval_loss": 1.0187954902648926, "eval_accuracy": 0.5812000036239624, "eval_mae": 0.494, "eval_runtime": 30.5039, "eval_samples_per_second": 163.914}