{"eval_loss": 1.0536465644836426, "eval_accuracy": 0.527400016784668, "eval_mae": 0.57, "eval_runtime": 16.3235, "eval_samples_per_second": 306.306}