{"eval_loss": 0.9601841568946838, "eval_accuracy": 0.5938000082969666, "eval_mae": 0.4816, "eval_runtime": 17.5056, "eval_samples_per_second": 285.623}