{"eval_loss": 1.1493360996246338, "eval_accuracy": 0.546999990940094, "eval_mae": 0.583, "eval_runtime": 17.472, "eval_samples_per_second": 286.173}