{"eval_loss": 1.3677250146865845, "eval_accuracy": 0.45739999413490295, "eval_mae": 0.7322, "eval_runtime": 17.3075, "eval_samples_per_second": 288.892}