{"eval_loss": 1.3501524925231934, "eval_accuracy": 0.4713999927043915, "eval_mae": 0.6904, "eval_runtime": 17.2714, "eval_samples_per_second": 289.496}