{"eval_loss": 1.0111706256866455, "eval_accuracy": 0.5795999765396118, "eval_mae": 0.4818, "eval_runtime": 17.4807, "eval_samples_per_second": 286.029}