{"eval_loss": 1.0116018056869507, "eval_accuracy": 0.5795999765396118, "eval_mae": 0.4828, "eval_runtime": 16.8554, "eval_samples_per_second": 296.641}