{"eval_loss": 0.9927720427513123, "eval_accuracy": 0.569599986076355, "eval_mae": 0.5088, "eval_runtime": 17.0105, "eval_samples_per_second": 293.936}