{"eval_loss": 0.9796841740608215, "eval_accuracy": 0.5817999839782715, "eval_mae": 0.488, "eval_runtime": 17.3264, "eval_samples_per_second": 288.577}