{"eval_loss": 1.078688144683838, "eval_accuracy": 0.5587999820709229, "eval_mae": 0.5304, "eval_runtime": 19.18, "eval_samples_per_second": 260.689}