{"eval_loss": 1.2343535423278809, "eval_accuracy": 0.5041999816894531, "eval_mae": 0.593, "eval_runtime": 26.6583, "eval_samples_per_second": 187.559}