{"eval_loss": 0.9478029012680054, "eval_accuracy": 0.5928000211715698, "eval_mae": 0.469, "eval_runtime": 18.5837, "eval_samples_per_second": 269.053}