{"eval_loss": 1.3922511339187622, "eval_accuracy": 0.48019999265670776, "eval_mae": 0.6754, "eval_runtime": 19.3097, "eval_samples_per_second": 258.938}