{"eval_loss": 1.0806844234466553, "eval_accuracy": 0.5577999949455261, "eval_mae": 0.5644, "eval_runtime": 18.425, "eval_samples_per_second": 271.371}