{"eval_loss": 1.020890474319458, "eval_accuracy": 0.5691999793052673, "eval_mae": 0.509, "eval_runtime": 17.2987, "eval_samples_per_second": 289.039}