{"eval_loss": 0.9513376951217651, "eval_accuracy": 0.6215999722480774, "eval_mae": 0.4286, "eval_runtime": 17.4296, "eval_samples_per_second": 286.869}