{"eval_loss": 1.0150535106658936, "eval_accuracy": 0.5726000070571899, "eval_mae": 0.5024, "eval_runtime": 16.2519, "eval_samples_per_second": 307.656}