{"eval_loss": 0.9496634602546692, "eval_accuracy": 0.621399998664856, "eval_mae": 0.4274, "eval_runtime": 17.5263, "eval_samples_per_second": 285.286}