{"eval_loss": 1.018570065498352, "eval_accuracy": 0.5807999968528748, "eval_mae": 0.494, "eval_runtime": 36.2697, "eval_samples_per_second": 137.856}