{"eval_loss": 0.9768602252006531, "eval_accuracy": 0.5830000042915344, "eval_mae": 0.4866, "eval_runtime": 17.3596, "eval_samples_per_second": 288.025}