{"eval_loss": 1.2272800207138062, "eval_accuracy": 0.508400022983551, "eval_mae": 0.6202, "eval_runtime": 19.2618, "eval_samples_per_second": 259.581}