{"eval_loss": 1.0556498765945435, "eval_accuracy": 0.5267999768257141, "eval_mae": 0.5706, "eval_runtime": 16.9751, "eval_samples_per_second": 294.549}