{"eval_loss": 1.3491982221603394, "eval_accuracy": 0.4699999988079071, "eval_mae": 0.692, "eval_runtime": 17.4848, "eval_samples_per_second": 285.962}