{"eval_loss": 1.0450769662857056, "eval_accuracy": 0.5604000091552734, "eval_mae": 0.509, "eval_runtime": 18.4858, "eval_samples_per_second": 270.477}