{"eval_loss": 0.8905534148216248, "eval_accuracy": 0.6370000243186951, "eval_mae": 0.4146, "eval_runtime": 18.7278, "eval_samples_per_second": 266.983}