{"eval_loss": 0.9790138602256775, "eval_accuracy": 0.58160001039505, "eval_mae": 0.4886, "eval_runtime": 17.3486, "eval_samples_per_second": 288.207}