{"eval_loss": 1.0795938968658447, "eval_accuracy": 0.5583999752998352, "eval_mae": 0.5308, "eval_runtime": 30.5617, "eval_samples_per_second": 163.604}