{"eval_loss": 1.0068506002426147, "eval_accuracy": 0.592199981212616, "eval_mae": 0.47, "eval_runtime": 17.2028, "eval_samples_per_second": 290.65}