{"eval_loss": 1.1772631406784058, "eval_accuracy": 0.5016000270843506, "eval_mae": 0.594, "eval_runtime": 17.4198, "eval_samples_per_second": 287.03}