{"eval_loss": 1.34238862991333, "eval_accuracy": 0.4772000014781952, "eval_mae": 0.6914, "eval_runtime": 16.3563, "eval_samples_per_second": 305.692}