{"eval_loss": 1.367186188697815, "eval_accuracy": 0.45820000767707825, "eval_mae": 0.7316, "eval_runtime": 17.5884, "eval_samples_per_second": 284.278}