{"eval_loss": 1.2359721660614014, "eval_accuracy": 0.4968000054359436, "eval_mae": 0.608, "eval_runtime": 18.364, "eval_samples_per_second": 272.272}