{"eval_loss": 0.9489636421203613, "eval_accuracy": 0.6074000000953674, "eval_mae": 0.4488, "eval_runtime": 20.3597, "eval_samples_per_second": 245.583}