{"eval_loss": 0.9602757692337036, "eval_accuracy": 0.5920000076293945, "eval_mae": 0.4844, "eval_runtime": 17.376, "eval_samples_per_second": 287.752}