{"eval_loss": 1.019629955291748, "eval_accuracy": 0.5806000232696533, "eval_mae": 0.4808, "eval_runtime": 17.4924, "eval_samples_per_second": 285.838}