{"eval_loss": 1.2381142377853394, "eval_accuracy": 0.4973999857902527, "eval_mae": 0.6472, "eval_runtime": 26.0038, "eval_samples_per_second": 192.28}