{"eval_loss": 1.156144380569458, "eval_accuracy": 0.5019999742507935, "eval_mae": 0.5894, "eval_runtime": 16.6566, "eval_samples_per_second": 300.181}