{"eval_loss": 1.0801491737365723, "eval_accuracy": 0.5562000274658203, "eval_mae": 0.565, "eval_runtime": 34.4324, "eval_samples_per_second": 145.212}