{"eval_loss": 1.017182469367981, "eval_accuracy": 0.5691999793052673, "eval_mae": 0.507, "eval_runtime": 16.1619, "eval_samples_per_second": 309.37}