{"eval_loss": 1.0300570726394653, "eval_accuracy": 0.5464000105857849, "eval_mae": 0.5386, "eval_runtime": 17.532, "eval_samples_per_second": 285.194}