{"eval_loss": 1.0622713565826416, "eval_accuracy": 0.5612000226974487, "eval_mae": 0.5178, "eval_runtime": 18.8067, "eval_samples_per_second": 265.863}