{"eval_loss": 1.0054705142974854, "eval_accuracy": 0.576200008392334, "eval_mae": 0.4958, "eval_runtime": 17.1991, "eval_samples_per_second": 290.712}