{"eval_loss": 1.0299317836761475, "eval_accuracy": 0.5455999970436096, "eval_mae": 0.5394, "eval_runtime": 16.5389, "eval_samples_per_second": 302.317}