{"eval_loss": 0.9342321157455444, "eval_accuracy": 0.6014000177383423, "eval_mae": 0.4536, "eval_runtime": 17.0618, "eval_samples_per_second": 293.052}