{"eval_loss": 1.299964427947998, "eval_accuracy": 0.4650000035762787, "eval_mae": 0.6838, "eval_runtime": 18.6861, "eval_samples_per_second": 267.578}