{"eval_loss": 1.3434232473373413, "eval_accuracy": 0.47540000081062317, "eval_mae": 0.6936, "eval_runtime": 16.9085, "eval_samples_per_second": 295.709}