{"eval_loss": 1.354169487953186, "eval_accuracy": 0.4830000102519989, "eval_mae": 0.6728, "eval_runtime": 18.4796, "eval_samples_per_second": 270.569}