{"eval_loss": 1.0177005529403687, "eval_accuracy": 0.5825999975204468, "eval_mae": 0.4926, "eval_runtime": 37.1188, "eval_samples_per_second": 134.703}