{"eval_loss": 1.3548593521118164, "eval_accuracy": 0.4830000102519989, "eval_mae": 0.6746, "eval_runtime": 18.5241, "eval_samples_per_second": 269.918}