{"eval_loss": 1.0769445896148682, "eval_accuracy": 0.5580000281333923, "eval_mae": 0.5314, "eval_runtime": 18.7656, "eval_samples_per_second": 266.446}