{"eval_loss": 0.9489837884902954, "eval_accuracy": 0.5896000266075134, "eval_mae": 0.464, "eval_runtime": 16.4947, "eval_samples_per_second": 303.128}