{"eval_loss": 0.9426892399787903, "eval_accuracy": 0.6065999865531921, "eval_mae": 0.4534, "eval_runtime": 17.1845, "eval_samples_per_second": 290.96}