{"eval_loss": 1.0146182775497437, "eval_accuracy": 0.5649999976158142, "eval_mae": 0.5072, "eval_runtime": 17.17, "eval_samples_per_second": 291.205}