{"eval_loss": 1.078540563583374, "eval_accuracy": 0.5582000017166138, "eval_mae": 0.531, "eval_runtime": 20.0479, "eval_samples_per_second": 249.402}