{"eval_loss": 1.0784302949905396, "eval_accuracy": 0.5582000017166138, "eval_mae": 0.531, "eval_runtime": 28.1095, "eval_samples_per_second": 177.876}