{"eval_loss": 1.342964768409729, "eval_accuracy": 0.4749999940395355, "eval_mae": 0.6954, "eval_runtime": 17.4597, "eval_samples_per_second": 286.374}