{"eval_loss": 1.0063198804855347, "eval_accuracy": 0.592199981212616, "eval_mae": 0.467, "eval_runtime": 17.3354, "eval_samples_per_second": 288.427}