{"eval_loss": 0.8886950016021729, "eval_accuracy": 0.6373999714851379, "eval_mae": 0.4134, "eval_runtime": 17.7811, "eval_samples_per_second": 281.198}