{"eval_loss": 1.3348593711853027, "eval_accuracy": 0.46959999203681946, "eval_mae": 0.6864, "eval_runtime": 19.9319, "eval_samples_per_second": 250.854}