{"eval_loss": 0.9477751851081848, "eval_accuracy": 0.5928000211715698, "eval_mae": 0.4702, "eval_runtime": 33.7039, "eval_samples_per_second": 148.351}