{"eval_loss": 1.2289037704467773, "eval_accuracy": 0.506600022315979, "eval_mae": 0.6208, "eval_runtime": 20.405, "eval_samples_per_second": 245.038}