{"eval_loss": 0.8892170190811157, "eval_accuracy": 0.6359999775886536, "eval_mae": 0.4152, "eval_runtime": 17.9892, "eval_samples_per_second": 277.945}