{"eval_loss": 1.1561862230300903, "eval_accuracy": 0.49900001287460327, "eval_mae": 0.591, "eval_runtime": 17.2663, "eval_samples_per_second": 289.581}