{"eval_loss": 1.0300798416137695, "eval_accuracy": 0.5472000241279602, "eval_mae": 0.5376, "eval_runtime": 17.397, "eval_samples_per_second": 287.407}