{"eval_loss": 1.147924542427063, "eval_accuracy": 0.5493999719619751, "eval_mae": 0.5812, "eval_runtime": 17.4393, "eval_samples_per_second": 286.708}