{"eval_loss": 0.9358716607093811, "eval_accuracy": 0.6014000177383423, "eval_mae": 0.4552, "eval_runtime": 16.3296, "eval_samples_per_second": 306.192}