{"eval_loss": 1.0176488161087036, "eval_accuracy": 0.5789999961853027, "eval_mae": 0.483, "eval_runtime": 17.4606, "eval_samples_per_second": 286.359}