{"eval_loss": 1.0176335573196411, "eval_accuracy": 0.579800009727478, "eval_mae": 0.4822, "eval_runtime": 17.6117, "eval_samples_per_second": 283.902}