{"eval_loss": 1.011501669883728, "eval_accuracy": 0.5789999961853027, "eval_mae": 0.4832, "eval_runtime": 17.5412, "eval_samples_per_second": 285.043}