{"eval_loss": 1.080474853515625, "eval_accuracy": 0.5555999875068665, "eval_mae": 0.5662, "eval_runtime": 23.2729, "eval_samples_per_second": 214.842}