{"eval_loss": 1.2324931621551514, "eval_accuracy": 0.5016000270843506, "eval_mae": 0.6276, "eval_runtime": 19.7423, "eval_samples_per_second": 253.263}