{"eval_loss": 1.366612434387207, "eval_accuracy": 0.45879998803138733, "eval_mae": 0.7304, "eval_runtime": 17.3231, "eval_samples_per_second": 288.632}