{"eval_loss": 1.3965855836868286, "eval_accuracy": 0.4787999987602234, "eval_mae": 0.6814, "eval_runtime": 20.0872, "eval_samples_per_second": 248.915}