{"eval_loss": 1.2302277088165283, "eval_accuracy": 0.5012000203132629, "eval_mae": 0.6008, "eval_runtime": 18.3225, "eval_samples_per_second": 272.889}