{"eval_loss": 0.9525022506713867, "eval_accuracy": 0.6208000183105469, "eval_mae": 0.431, "eval_runtime": 17.1079, "eval_samples_per_second": 292.263}