{"eval_loss": 0.9593609571456909, "eval_accuracy": 0.5943999886512756, "eval_mae": 0.4806, "eval_runtime": 17.3457, "eval_samples_per_second": 288.255}