{"eval_loss": 1.062188982963562, "eval_accuracy": 0.5576000213623047, "eval_mae": 0.5204, "eval_runtime": 18.392, "eval_samples_per_second": 271.857}