{"eval_loss": 1.030267596244812, "eval_accuracy": 0.545199990272522, "eval_mae": 0.5398, "eval_runtime": 16.6539, "eval_samples_per_second": 300.23}