{"eval_loss": 1.1472609043121338, "eval_accuracy": 0.5497999787330627, "eval_mae": 0.581, "eval_runtime": 17.3271, "eval_samples_per_second": 288.566}