{"eval_loss": 0.9491680860519409, "eval_accuracy": 0.5907999873161316, "eval_mae": 0.4616, "eval_runtime": 16.1871, "eval_samples_per_second": 308.888}