{"eval_loss": 1.0209901332855225, "eval_accuracy": 0.5694000124931335, "eval_mae": 0.5088, "eval_runtime": 17.4184, "eval_samples_per_second": 287.053}