{"eval_loss": 0.9790781140327454, "eval_accuracy": 0.5820000171661377, "eval_mae": 0.489, "eval_runtime": 17.4718, "eval_samples_per_second": 286.175}