{"eval_loss": 1.2419543266296387, "eval_accuracy": 0.5001999735832214, "eval_mae": 0.5952, "eval_runtime": 34.5267, "eval_samples_per_second": 144.815}