{"eval_loss": 0.8895878195762634, "eval_accuracy": 0.6366000175476074, "eval_mae": 0.4144, "eval_runtime": 32.0667, "eval_samples_per_second": 155.925}