{"eval_loss": 1.3396538496017456, "eval_accuracy": 0.4675999879837036, "eval_mae": 0.6896, "eval_runtime": 18.4815, "eval_samples_per_second": 270.541}