{"eval_loss": 1.0457611083984375, "eval_accuracy": 0.5608000159263611, "eval_mae": 0.509, "eval_runtime": 18.8044, "eval_samples_per_second": 265.895}