{"eval_loss": 1.2967920303344727, "eval_accuracy": 0.46860000491142273, "eval_mae": 0.6812, "eval_runtime": 30.6565, "eval_samples_per_second": 163.097}