{"eval_loss": 1.0792629718780518, "eval_accuracy": 0.5550000071525574, "eval_mae": 0.5668, "eval_runtime": 18.1871, "eval_samples_per_second": 274.92}