{"eval_loss": 0.9352883100509644, "eval_accuracy": 0.6001999974250793, "eval_mae": 0.455, "eval_runtime": 17.0775, "eval_samples_per_second": 292.783}