{"eval_loss": 0.9602574110031128, "eval_accuracy": 0.5925999879837036, "eval_mae": 0.4824, "eval_runtime": 17.5512, "eval_samples_per_second": 284.881}