{"eval_loss": 1.3534698486328125, "eval_accuracy": 0.4830000102519989, "eval_mae": 0.6708, "eval_runtime": 18.3564, "eval_samples_per_second": 272.385}