{"eval_loss": 1.0299785137176514, "eval_accuracy": 0.545199990272522, "eval_mae": 0.5406, "eval_runtime": 17.2822, "eval_samples_per_second": 289.315}