{"eval_loss": 1.3453474044799805, "eval_accuracy": 0.47519999742507935, "eval_mae": 0.6964, "eval_runtime": 16.4433, "eval_samples_per_second": 304.075}