{"eval_loss": 1.351523518562317, "eval_accuracy": 0.4837999939918518, "eval_mae": 0.6706, "eval_runtime": 18.3409, "eval_samples_per_second": 272.615}