{"eval_loss": 1.059364914894104, "eval_accuracy": 0.5564000010490417, "eval_mae": 0.5222, "eval_runtime": 18.9376, "eval_samples_per_second": 264.026}