{"eval_loss": 1.0632683038711548, "eval_accuracy": 0.5565999746322632, "eval_mae": 0.5224, "eval_runtime": 18.3846, "eval_samples_per_second": 271.967}