{"eval_loss": 1.0802398920059204, "eval_accuracy": 0.5559999942779541, "eval_mae": 0.5654, "eval_runtime": 27.3932, "eval_samples_per_second": 182.527}