{"eval_loss": 1.2282166481018066, "eval_accuracy": 0.5005999803543091, "eval_mae": 0.6004, "eval_runtime": 18.4206, "eval_samples_per_second": 271.435}