{"eval_loss": 0.9909550547599792, "eval_accuracy": 0.5716000199317932, "eval_mae": 0.5056, "eval_runtime": 16.1987, "eval_samples_per_second": 308.668}