{"eval_loss": 1.0173985958099365, "eval_accuracy": 0.5784000158309937, "eval_mae": 0.4842, "eval_runtime": 17.6023, "eval_samples_per_second": 284.054}