{"eval_loss": 1.045401930809021, "eval_accuracy": 0.5609999895095825, "eval_mae": 0.509, "eval_runtime": 18.1638, "eval_samples_per_second": 275.273}