{"eval_loss": 0.9913588166236877, "eval_accuracy": 0.569599986076355, "eval_mae": 0.5072, "eval_runtime": 17.1332, "eval_samples_per_second": 291.831}