{"eval_loss": 1.0177295207977295, "eval_accuracy": 0.5788000226020813, "eval_mae": 0.4842, "eval_runtime": 17.7284, "eval_samples_per_second": 282.033}