{"eval_loss": 1.003784418106079, "eval_accuracy": 0.5932000279426575, "eval_mae": 0.469, "eval_runtime": 17.2734, "eval_samples_per_second": 289.463}