{"eval_loss": 1.0210691690444946, "eval_accuracy": 0.5703999996185303, "eval_mae": 0.5076, "eval_runtime": 16.4456, "eval_samples_per_second": 304.033}