{"eval_loss": 1.0618013143539429, "eval_accuracy": 0.5573999881744385, "eval_mae": 0.5214, "eval_runtime": 18.3593, "eval_samples_per_second": 272.341}