{"eval_loss": 0.9472013711929321, "eval_accuracy": 0.6046000123023987, "eval_mae": 0.457, "eval_runtime": 17.4123, "eval_samples_per_second": 287.154}