{"eval_loss": 1.2968640327453613, "eval_accuracy": 0.46779999136924744, "eval_mae": 0.682, "eval_runtime": 19.8303, "eval_samples_per_second": 252.14}