{"eval_loss": 1.0208138227462769, "eval_accuracy": 0.5702000260353088, "eval_mae": 0.5072, "eval_runtime": 16.5442, "eval_samples_per_second": 302.222}