{"eval_loss": 1.0064390897750854, "eval_accuracy": 0.5932000279426575, "eval_mae": 0.4682, "eval_runtime": 17.1527, "eval_samples_per_second": 291.5}