{"eval_loss": 1.34269118309021, "eval_accuracy": 0.4749999940395355, "eval_mae": 0.6944, "eval_runtime": 16.9052, "eval_samples_per_second": 295.766}