{"eval_loss": 0.9507629871368408, "eval_accuracy": 0.607200026512146, "eval_mae": 0.449, "eval_runtime": 19.0743, "eval_samples_per_second": 262.133}