{"eval_loss": 0.9905361533164978, "eval_accuracy": 0.5698000192642212, "eval_mae": 0.508, "eval_runtime": 17.0433, "eval_samples_per_second": 293.371}