{"eval_loss": 1.2308422327041626, "eval_accuracy": 0.5055999755859375, "eval_mae": 0.6244, "eval_runtime": 28.463, "eval_samples_per_second": 175.667}