{"eval_loss": 0.9600744247436523, "eval_accuracy": 0.5928000211715698, "eval_mae": 0.4836, "eval_runtime": 17.4057, "eval_samples_per_second": 287.263}