{"eval_loss": 1.014326810836792, "eval_accuracy": 0.5641999840736389, "eval_mae": 0.5076, "eval_runtime": 18.1664, "eval_samples_per_second": 275.234}