{"eval_loss": 1.0060886144638062, "eval_accuracy": 0.5767999887466431, "eval_mae": 0.4954, "eval_runtime": 16.4939, "eval_samples_per_second": 303.143}