{"eval_loss": 1.2288187742233276, "eval_accuracy": 0.5063999891281128, "eval_mae": 0.6212, "eval_runtime": 32.2965, "eval_samples_per_second": 154.816}