{"eval_loss": 1.0145014524459839, "eval_accuracy": 0.5659999847412109, "eval_mae": 0.5062, "eval_runtime": 17.263, "eval_samples_per_second": 289.636}