{"eval_loss": 1.3390306234359741, "eval_accuracy": 0.4681999981403351, "eval_mae": 0.6884, "eval_runtime": 26.5542, "eval_samples_per_second": 188.294}