{"eval_loss": 1.0107827186584473, "eval_accuracy": 0.5794000029563904, "eval_mae": 0.4826, "eval_runtime": 17.4066, "eval_samples_per_second": 287.247}