{"eval_loss": 0.9789003729820251, "eval_accuracy": 0.5817999839782715, "eval_mae": 0.488, "eval_runtime": 17.4256, "eval_samples_per_second": 286.934}