{"eval_loss": 0.9792959094047546, "eval_accuracy": 0.5813999772071838, "eval_mae": 0.4884, "eval_runtime": 17.3487, "eval_samples_per_second": 288.206}