{"eval_loss": 1.147748589515686, "eval_accuracy": 0.548799991607666, "eval_mae": 0.5818, "eval_runtime": 17.5448, "eval_samples_per_second": 284.985}