{"eval_loss": 1.156006097793579, "eval_accuracy": 0.5005999803543091, "eval_mae": 0.59, "eval_runtime": 17.2101, "eval_samples_per_second": 290.527}