{"eval_loss": 1.1493315696716309, "eval_accuracy": 0.5486000180244446, "eval_mae": 0.5814, "eval_runtime": 16.8224, "eval_samples_per_second": 297.223}