{"eval_loss": 0.9605047106742859, "eval_accuracy": 0.5942000150680542, "eval_mae": 0.4802, "eval_runtime": 16.6191, "eval_samples_per_second": 300.858}