{"eval_loss": 1.3515706062316895, "eval_accuracy": 0.48339998722076416, "eval_mae": 0.672, "eval_runtime": 18.3678, "eval_samples_per_second": 272.215}