{"eval_loss": 1.0809409618377686, "eval_accuracy": 0.5580000281333923, "eval_mae": 0.5636, "eval_runtime": 18.4742, "eval_samples_per_second": 270.648}