{"eval_loss": 0.9488014578819275, "eval_accuracy": 0.5928000211715698, "eval_mae": 0.4608, "eval_runtime": 16.5246, "eval_samples_per_second": 302.579}