{"eval_loss": 0.9908849596977234, "eval_accuracy": 0.5716000199317932, "eval_mae": 0.5056, "eval_runtime": 17.1208, "eval_samples_per_second": 292.043}