{"eval_loss": 0.9793635010719299, "eval_accuracy": 0.5831999778747559, "eval_mae": 0.4864, "eval_runtime": 17.3389, "eval_samples_per_second": 288.368}