{"eval_loss": 0.8893276453018188, "eval_accuracy": 0.6355999708175659, "eval_mae": 0.4156, "eval_runtime": 34.2738, "eval_samples_per_second": 145.884}