{"eval_loss": 1.0147510766983032, "eval_accuracy": 0.5636000037193298, "eval_mae": 0.5088, "eval_runtime": 16.4645, "eval_samples_per_second": 303.683}