{"eval_loss": 1.0058125257492065, "eval_accuracy": 0.5928000211715698, "eval_mae": 0.4686, "eval_runtime": 17.3705, "eval_samples_per_second": 287.844}