{"eval_loss": 0.9608156085014343, "eval_accuracy": 0.5934000015258789, "eval_mae": 0.4826, "eval_runtime": 17.3655, "eval_samples_per_second": 287.927}