{"eval_loss": 0.9513798952102661, "eval_accuracy": 0.621399998664856, "eval_mae": 0.4278, "eval_runtime": 17.3593, "eval_samples_per_second": 288.03}