{"eval_loss": 0.9921258687973022, "eval_accuracy": 0.5726000070571899, "eval_mae": 0.5074, "eval_runtime": 16.9416, "eval_samples_per_second": 295.131}