{"eval_loss": 1.3391196727752686, "eval_accuracy": 0.46779999136924744, "eval_mae": 0.6888, "eval_runtime": 29.1973, "eval_samples_per_second": 171.248}