{"eval_loss": 1.3487496376037598, "eval_accuracy": 0.4726000130176544, "eval_mae": 0.6894, "eval_runtime": 16.5348, "eval_samples_per_second": 302.392}