{"eval_loss": 1.0860657691955566, "eval_accuracy": 0.5478000044822693, "eval_mae": 0.541, "eval_runtime": 22.4869, "eval_samples_per_second": 222.352}