{"eval_loss": 1.347560167312622, "eval_accuracy": 0.47279998660087585, "eval_mae": 0.6878, "eval_runtime": 17.5876, "eval_samples_per_second": 284.291}