{"eval_loss": 1.0635560750961304, "eval_accuracy": 0.5591999888420105, "eval_mae": 0.5204, "eval_runtime": 17.9106, "eval_samples_per_second": 279.164}