{"eval_loss": 0.9608250856399536, "eval_accuracy": 0.5929999947547913, "eval_mae": 0.4828, "eval_runtime": 17.508, "eval_samples_per_second": 285.583}