{"eval_loss": 1.0898017883300781, "eval_accuracy": 0.5508000254631042, "eval_mae": 0.5362, "eval_runtime": 23.4143, "eval_samples_per_second": 213.545}