{"eval_loss": 1.2282408475875854, "eval_accuracy": 0.4997999966144562, "eval_mae": 0.603, "eval_runtime": 18.368, "eval_samples_per_second": 272.212}