{"eval_loss": 1.0632812976837158, "eval_accuracy": 0.5583999752998352, "eval_mae": 0.5206, "eval_runtime": 18.0473, "eval_samples_per_second": 277.05}