{"eval_loss": 1.0152103900909424, "eval_accuracy": 0.5645999908447266, "eval_mae": 0.5082, "eval_runtime": 16.2867, "eval_samples_per_second": 307.0}