{"eval_loss": 0.9346250295639038, "eval_accuracy": 0.6003999710083008, "eval_mae": 0.4544, "eval_runtime": 16.0565, "eval_samples_per_second": 311.401}