{"eval_loss": 1.2298306226730347, "eval_accuracy": 0.498199999332428, "eval_mae": 0.6036, "eval_runtime": 33.0078, "eval_samples_per_second": 151.479}