{"eval_loss": 1.0058045387268066, "eval_accuracy": 0.5756000280380249, "eval_mae": 0.4964, "eval_runtime": 17.1536, "eval_samples_per_second": 291.483}