{"eval_loss": 0.9458130598068237, "eval_accuracy": 0.6057999730110168, "eval_mae": 0.4558, "eval_runtime": 17.1296, "eval_samples_per_second": 291.892}