{"eval_loss": 1.2288368940353394, "eval_accuracy": 0.49939998984336853, "eval_mae": 0.604, "eval_runtime": 18.3968, "eval_samples_per_second": 271.786}