{"eval_loss": 1.148637056350708, "eval_accuracy": 0.5490000247955322, "eval_mae": 0.5826, "eval_runtime": 17.4316, "eval_samples_per_second": 286.836}