{"eval_loss": 1.2306580543518066, "eval_accuracy": 0.5073999762535095, "eval_mae": 0.6218, "eval_runtime": 21.0559, "eval_samples_per_second": 237.463}