{"eval_loss": 1.0289649963378906, "eval_accuracy": 0.5460000038146973, "eval_mae": 0.5382, "eval_runtime": 17.3312, "eval_samples_per_second": 288.497}