{"eval_loss": 0.9359091520309448, "eval_accuracy": 0.6019999980926514, "eval_mae": 0.454, "eval_runtime": 17.1862, "eval_samples_per_second": 290.931}