{"eval_loss": 0.9611813426017761, "eval_accuracy": 0.5932000279426575, "eval_mae": 0.483, "eval_runtime": 17.3295, "eval_samples_per_second": 288.525}