{"eval_loss": 1.0215121507644653, "eval_accuracy": 0.5690000057220459, "eval_mae": 0.5092, "eval_runtime": 17.2397, "eval_samples_per_second": 290.028}