{"eval_loss": 0.9493998289108276, "eval_accuracy": 0.620199978351593, "eval_mae": 0.4286, "eval_runtime": 16.884, "eval_samples_per_second": 296.138}