{"eval_loss": 1.021243691444397, "eval_accuracy": 0.5705999732017517, "eval_mae": 0.5078, "eval_runtime": 16.558, "eval_samples_per_second": 301.969}