{"eval_loss": 1.0592947006225586, "eval_accuracy": 0.5559999942779541, "eval_mae": 0.5218, "eval_runtime": 18.3279, "eval_samples_per_second": 272.809}