{"eval_loss": 1.242849349975586, "eval_accuracy": 0.5001999735832214, "eval_mae": 0.5954, "eval_runtime": 33.9377, "eval_samples_per_second": 147.329}