{"eval_loss": 1.1474504470825195, "eval_accuracy": 0.5490000247955322, "eval_mae": 0.5826, "eval_runtime": 16.8073, "eval_samples_per_second": 297.49}