{"eval_loss": 1.017601728439331, "eval_accuracy": 0.5785999894142151, "eval_mae": 0.4832, "eval_runtime": 17.5397, "eval_samples_per_second": 285.067}