{"eval_loss": 1.2297143936157227, "eval_accuracy": 0.4997999966144562, "eval_mae": 0.6032, "eval_runtime": 18.3828, "eval_samples_per_second": 271.993}