{"eval_loss": 1.012107253074646, "eval_accuracy": 0.5802000164985657, "eval_mae": 0.4824, "eval_runtime": 17.4067, "eval_samples_per_second": 287.245}