{"eval_loss": 1.0861319303512573, "eval_accuracy": 0.5483999848365784, "eval_mae": 0.5402, "eval_runtime": 26.3505, "eval_samples_per_second": 189.749}