{"eval_loss": 1.2967031002044678, "eval_accuracy": 0.4675999879837036, "eval_mae": 0.682, "eval_runtime": 28.5777, "eval_samples_per_second": 174.961}