{"eval_loss": 1.079253077507019, "eval_accuracy": 0.5580000281333923, "eval_mae": 0.5322, "eval_runtime": 32.9443, "eval_samples_per_second": 151.771}