{"eval_loss": 1.0210129022598267, "eval_accuracy": 0.569599986076355, "eval_mae": 0.5084, "eval_runtime": 16.4948, "eval_samples_per_second": 303.126}