{"eval_loss": 1.0243165493011475, "eval_accuracy": 0.5541999936103821, "eval_mae": 0.537, "eval_runtime": 17.2932, "eval_samples_per_second": 289.131}