{"eval_loss": 1.2087641954421997, "eval_accuracy": 0.5054000020027161, "eval_mae": 0.629, "eval_runtime": 18.2496, "eval_samples_per_second": 273.979}