{"eval_loss": 0.9928891658782959, "eval_accuracy": 0.5673999786376953, "eval_mae": 0.5114, "eval_runtime": 16.2111, "eval_samples_per_second": 308.431}