{"eval_loss": 1.2961722612380981, "eval_accuracy": 0.46799999475479126, "eval_mae": 0.6816, "eval_runtime": 18.6401, "eval_samples_per_second": 268.238}