{"eval_loss": 1.0877217054367065, "eval_accuracy": 0.5482000112533569, "eval_mae": 0.5406, "eval_runtime": 18.0652, "eval_samples_per_second": 276.776}