{"eval_loss": 0.9507881999015808, "eval_accuracy": 0.6051999926567078, "eval_mae": 0.4516, "eval_runtime": 21.5915, "eval_samples_per_second": 231.573}