{"eval_loss": 1.15330171585083, "eval_accuracy": 0.5008000135421753, "eval_mae": 0.5902, "eval_runtime": 17.3915, "eval_samples_per_second": 287.497}