{"eval_loss": 0.9767041206359863, "eval_accuracy": 0.5825999975204468, "eval_mae": 0.4852, "eval_runtime": 17.3048, "eval_samples_per_second": 288.937}