{"eval_loss": 1.1566460132598877, "eval_accuracy": 0.49959999322891235, "eval_mae": 0.591, "eval_runtime": 17.2814, "eval_samples_per_second": 289.329}