{"eval_loss": 1.3533377647399902, "eval_accuracy": 0.48399999737739563, "eval_mae": 0.6702, "eval_runtime": 20.2589, "eval_samples_per_second": 246.806}