{"eval_loss": 1.0229074954986572, "eval_accuracy": 0.5698000192642212, "eval_mae": 0.5078, "eval_runtime": 17.368, "eval_samples_per_second": 287.885}