{"eval_loss": 1.0529066324234009, "eval_accuracy": 0.5293999910354614, "eval_mae": 0.5678, "eval_runtime": 16.8687, "eval_samples_per_second": 296.406}