{"eval_loss": 0.9353801012039185, "eval_accuracy": 0.6019999980926514, "eval_mae": 0.4538, "eval_runtime": 16.3363, "eval_samples_per_second": 306.068}