{"eval_loss": 1.016907811164856, "eval_accuracy": 0.5824000239372253, "eval_mae": 0.4794, "eval_runtime": 16.8087, "eval_samples_per_second": 297.464}