{"eval_loss": 1.0147199630737305, "eval_accuracy": 0.5641999840736389, "eval_mae": 0.5086, "eval_runtime": 16.4372, "eval_samples_per_second": 304.188}