{"eval_loss": 1.3051069974899292, "eval_accuracy": 0.46560001373291016, "eval_mae": 0.6862, "eval_runtime": 35.4084, "eval_samples_per_second": 141.21}