{"eval_loss": 1.1779534816741943, "eval_accuracy": 0.5023999810218811, "eval_mae": 0.5934, "eval_runtime": 17.2743, "eval_samples_per_second": 289.447}