{"eval_loss": 1.0866308212280273, "eval_accuracy": 0.5497999787330627, "eval_mae": 0.5378, "eval_runtime": 18.5921, "eval_samples_per_second": 268.932}