{"eval_loss": 1.3521898984909058, "eval_accuracy": 0.48240000009536743, "eval_mae": 0.6718, "eval_runtime": 17.7607, "eval_samples_per_second": 281.521}