{"eval_loss": 1.0625275373458862, "eval_accuracy": 0.5564000010490417, "eval_mae": 0.5234, "eval_runtime": 18.2707, "eval_samples_per_second": 273.662}