{"eval_loss": 0.8896337747573853, "eval_accuracy": 0.6366000175476074, "eval_mae": 0.4144, "eval_runtime": 18.8921, "eval_samples_per_second": 264.662}