{"eval_loss": 1.238243579864502, "eval_accuracy": 0.4970000088214874, "eval_mae": 0.6476, "eval_runtime": 19.5666, "eval_samples_per_second": 255.538}