{"eval_loss": 1.2422131299972534, "eval_accuracy": 0.5045999884605408, "eval_mae": 0.591, "eval_runtime": 29.816, "eval_samples_per_second": 167.695}