{"eval_loss": 1.080273985862732, "eval_accuracy": 0.5559999942779541, "eval_mae": 0.5656, "eval_runtime": 32.3028, "eval_samples_per_second": 154.785}