{"eval_loss": 1.367792010307312, "eval_accuracy": 0.45879998803138733, "eval_mae": 0.7312, "eval_runtime": 17.3275, "eval_samples_per_second": 288.558}