{"eval_loss": 0.9477572441101074, "eval_accuracy": 0.5934000015258789, "eval_mae": 0.469, "eval_runtime": 18.5783, "eval_samples_per_second": 269.131}