{"eval_loss": 1.078992486000061, "eval_accuracy": 0.5583999752998352, "eval_mae": 0.531, "eval_runtime": 22.7024, "eval_samples_per_second": 220.241}