{"eval_loss": 1.006592869758606, "eval_accuracy": 0.5928000211715698, "eval_mae": 0.4684, "eval_runtime": 17.2557, "eval_samples_per_second": 289.76}