{"eval_loss": 1.177291989326477, "eval_accuracy": 0.5031999945640564, "eval_mae": 0.5922, "eval_runtime": 17.4398, "eval_samples_per_second": 286.701}