{"eval_loss": 1.0071619749069214, "eval_accuracy": 0.5763999819755554, "eval_mae": 0.4962, "eval_runtime": 16.3688, "eval_samples_per_second": 305.459}