{"eval_loss": 0.9365038871765137, "eval_accuracy": 0.6033999919891357, "eval_mae": 0.4522, "eval_runtime": 17.0244, "eval_samples_per_second": 293.697}