{"eval_loss": 1.2426255941390991, "eval_accuracy": 0.5012000203132629, "eval_mae": 0.5932, "eval_runtime": 28.1747, "eval_samples_per_second": 177.464}