{"eval_loss": 1.3492746353149414, "eval_accuracy": 0.47119998931884766, "eval_mae": 0.6922, "eval_runtime": 17.0044, "eval_samples_per_second": 294.042}