{"eval_loss": 0.99115389585495, "eval_accuracy": 0.5694000124931335, "eval_mae": 0.5078, "eval_runtime": 16.9374, "eval_samples_per_second": 295.204}