{"eval_loss": 1.0844519138336182, "eval_accuracy": 0.574999988079071, "eval_mae": 0.5108, "eval_runtime": 16.086, "eval_samples_per_second": 310.829}