{"eval_loss": 1.2235465049743652, "eval_accuracy": 0.5077999830245972, "eval_mae": 0.6192, "eval_runtime": 19.1029, "eval_samples_per_second": 261.741}