{"eval_loss": 1.338719367980957, "eval_accuracy": 0.4675999879837036, "eval_mae": 0.689, "eval_runtime": 24.66, "eval_samples_per_second": 202.757}