{"eval_loss": 0.8883902430534363, "eval_accuracy": 0.6355999708175659, "eval_mae": 0.4148, "eval_runtime": 28.1156, "eval_samples_per_second": 177.837}