{"eval_loss": 0.9783502817153931, "eval_accuracy": 0.5820000171661377, "eval_mae": 0.4876, "eval_runtime": 17.3013, "eval_samples_per_second": 288.996}