{"eval_loss": 0.9489034414291382, "eval_accuracy": 0.5898000001907349, "eval_mae": 0.4642, "eval_runtime": 16.5125, "eval_samples_per_second": 302.801}