{"eval_loss": 0.9513527154922485, "eval_accuracy": 0.620199978351593, "eval_mae": 0.4294, "eval_runtime": 17.414, "eval_samples_per_second": 287.126}