{"eval_loss": 1.227736473083496, "eval_accuracy": 0.5058000087738037, "eval_mae": 0.621, "eval_runtime": 23.65, "eval_samples_per_second": 211.416}