{"eval_loss": 0.9554806351661682, "eval_accuracy": 0.600600004196167, "eval_mae": 0.4622, "eval_runtime": 17.2091, "eval_samples_per_second": 290.544}