{"eval_loss": 1.0295056104660034, "eval_accuracy": 0.545799970626831, "eval_mae": 0.5388, "eval_runtime": 16.998, "eval_samples_per_second": 294.152}