{"eval_loss": 1.0195311307907104, "eval_accuracy": 0.5767999887466431, "eval_mae": 0.4858, "eval_runtime": 16.8751, "eval_samples_per_second": 296.294}