{"eval_loss": 1.3681447505950928, "eval_accuracy": 0.4578000009059906, "eval_mae": 0.7324, "eval_runtime": 16.727, "eval_samples_per_second": 298.918}