{"eval_loss": 1.024592638015747, "eval_accuracy": 0.5540000200271606, "eval_mae": 0.5366, "eval_runtime": 17.2774, "eval_samples_per_second": 289.396}