{"eval_loss": 1.0298861265182495, "eval_accuracy": 0.545799970626831, "eval_mae": 0.5394, "eval_runtime": 17.5365, "eval_samples_per_second": 285.12}