{"eval_loss": 1.441904902458191, "eval_accuracy": 0.4399999976158142, "eval_mae": 0.7284, "eval_runtime": 31.0186, "eval_samples_per_second": 161.194}