{"eval_loss": 1.0865671634674072, "eval_accuracy": 0.5490000247955322, "eval_mae": 0.5398, "eval_runtime": 18.4953, "eval_samples_per_second": 270.339}