{"eval_loss": 1.0180789232254028, "eval_accuracy": 0.5785999894142151, "eval_mae": 0.4834, "eval_runtime": 16.5295, "eval_samples_per_second": 302.49}