{"eval_loss": 1.338691234588623, "eval_accuracy": 0.46779999136924744, "eval_mae": 0.6888, "eval_runtime": 28.9685, "eval_samples_per_second": 172.601}