{"eval_loss": 1.229347825050354, "eval_accuracy": 0.5001999735832214, "eval_mae": 0.6026, "eval_runtime": 18.4798, "eval_samples_per_second": 270.565}