{"eval_loss": 0.9567923545837402, "eval_accuracy": 0.597599983215332, "eval_mae": 0.4662, "eval_runtime": 16.6463, "eval_samples_per_second": 300.368}