{"eval_loss": 1.1538455486297607, "eval_accuracy": 0.5040000081062317, "eval_mae": 0.587, "eval_runtime": 16.6394, "eval_samples_per_second": 300.492}