{"eval_loss": 1.161246657371521, "eval_accuracy": 0.5005999803543091, "eval_mae": 0.5912, "eval_runtime": 17.312, "eval_samples_per_second": 288.817}