{"eval_loss": 1.0180951356887817, "eval_accuracy": 0.5794000029563904, "eval_mae": 0.4958, "eval_runtime": 31.9594, "eval_samples_per_second": 156.449}