{"eval_loss": 1.2981743812561035, "eval_accuracy": 0.4684000015258789, "eval_mae": 0.6818, "eval_runtime": 24.1488, "eval_samples_per_second": 207.05}