{"eval_loss": 1.0184966325759888, "eval_accuracy": 0.5806000232696533, "eval_mae": 0.4942, "eval_runtime": 21.223, "eval_samples_per_second": 235.594}