{"eval_loss": 1.2458621263504028, "eval_accuracy": 0.5008000135421753, "eval_mae": 0.5966, "eval_runtime": 29.3111, "eval_samples_per_second": 170.584}