{"eval_loss": 1.0773274898529053, "eval_accuracy": 0.5616000294685364, "eval_mae": 0.5268, "eval_runtime": 17.9931, "eval_samples_per_second": 277.884}