{"eval_loss": 1.1553617715835571, "eval_accuracy": 0.5012000203132629, "eval_mae": 0.59, "eval_runtime": 17.3795, "eval_samples_per_second": 287.695}