{"eval_loss": 1.0118600130081177, "eval_accuracy": 0.579200029373169, "eval_mae": 0.4832, "eval_runtime": 17.4651, "eval_samples_per_second": 286.285}