{"eval_loss": 1.0174566507339478, "eval_accuracy": 0.5789999961853027, "eval_mae": 0.4832, "eval_runtime": 17.4124, "eval_samples_per_second": 287.152}