{"eval_loss": 1.0276437997817993, "eval_accuracy": 0.5437999963760376, "eval_mae": 0.5396, "eval_runtime": 16.4039, "eval_samples_per_second": 304.805}