{"eval_loss": 1.0056443214416504, "eval_accuracy": 0.5756000280380249, "eval_mae": 0.496, "eval_runtime": 17.4391, "eval_samples_per_second": 286.712}