{"eval_loss": 1.031917691230774, "eval_accuracy": 0.5482000112533569, "eval_mae": 0.538, "eval_runtime": 16.6743, "eval_samples_per_second": 299.863}