{"eval_loss": 1.0186039209365845, "eval_accuracy": 0.5812000036239624, "eval_mae": 0.4938, "eval_runtime": 25.6979, "eval_samples_per_second": 194.569}