{"eval_loss": 1.0249148607254028, "eval_accuracy": 0.5537999868392944, "eval_mae": 0.5374, "eval_runtime": 17.2708, "eval_samples_per_second": 289.506}