{"eval_loss": 1.0314708948135376, "eval_accuracy": 0.5450000166893005, "eval_mae": 0.54, "eval_runtime": 17.5126, "eval_samples_per_second": 285.508}