{"eval_loss": 1.4429131746292114, "eval_accuracy": 0.4397999942302704, "eval_mae": 0.7292, "eval_runtime": 20.6579, "eval_samples_per_second": 242.038}