{"eval_loss": 0.9979381561279297, "eval_accuracy": 0.5758000016212463, "eval_mae": 0.4938, "eval_runtime": 17.2586, "eval_samples_per_second": 289.711}