{"eval_loss": 0.9355935454368591, "eval_accuracy": 0.6014000177383423, "eval_mae": 0.4548, "eval_runtime": 17.3687, "eval_samples_per_second": 287.874}