{"eval_loss": 1.3473496437072754, "eval_accuracy": 0.4733999967575073, "eval_mae": 0.6876, "eval_runtime": 17.4737, "eval_samples_per_second": 286.144}