{"eval_loss": 0.9603322148323059, "eval_accuracy": 0.5932000279426575, "eval_mae": 0.4828, "eval_runtime": 17.3691, "eval_samples_per_second": 287.868}