{"eval_loss": 0.9355052709579468, "eval_accuracy": 0.6011999845504761, "eval_mae": 0.4546, "eval_runtime": 16.3286, "eval_samples_per_second": 306.212}