{"eval_loss": 0.8898098468780518, "eval_accuracy": 0.6367999911308289, "eval_mae": 0.4142, "eval_runtime": 18.6757, "eval_samples_per_second": 267.728}