{"eval_loss": 1.0043326616287231, "eval_accuracy": 0.5916000008583069, "eval_mae": 0.4704, "eval_runtime": 17.3037, "eval_samples_per_second": 288.956}