{"eval_loss": 1.0184906721115112, "eval_accuracy": 0.5806000232696533, "eval_mae": 0.4942, "eval_runtime": 18.609, "eval_samples_per_second": 268.687}