{"eval_loss": 1.0061393976211548, "eval_accuracy": 0.5925999879837036, "eval_mae": 0.4686, "eval_runtime": 17.1871, "eval_samples_per_second": 290.916}