{"eval_loss": 1.0248738527297974, "eval_accuracy": 0.5555999875068665, "eval_mae": 0.5364, "eval_runtime": 17.2661, "eval_samples_per_second": 289.585}