{"eval_loss": 1.3423320055007935, "eval_accuracy": 0.47519999742507935, "eval_mae": 0.694, "eval_runtime": 16.2875, "eval_samples_per_second": 306.985}