{"eval_loss": 1.0116013288497925, "eval_accuracy": 0.5799999833106995, "eval_mae": 0.4822, "eval_runtime": 17.4493, "eval_samples_per_second": 286.545}