{"eval_loss": 0.945835530757904, "eval_accuracy": 0.6055999994277954, "eval_mae": 0.4556, "eval_runtime": 17.1817, "eval_samples_per_second": 291.007}