{"eval_loss": 1.0855164527893066, "eval_accuracy": 0.574400007724762, "eval_mae": 0.511, "eval_runtime": 16.0455, "eval_samples_per_second": 311.614}