{"eval_loss": 1.0155925750732422, "eval_accuracy": 0.579200029373169, "eval_mae": 0.4954, "eval_runtime": 26.2496, "eval_samples_per_second": 190.479}