{"eval_loss": 1.0457570552825928, "eval_accuracy": 0.5591999888420105, "eval_mae": 0.51, "eval_runtime": 21.255, "eval_samples_per_second": 235.239}