{"eval_loss": 1.085784912109375, "eval_accuracy": 0.5479999780654907, "eval_mae": 0.5402, "eval_runtime": 36.4877, "eval_samples_per_second": 137.033}