{"eval_loss": 1.4442631006240845, "eval_accuracy": 0.4406000077724457, "eval_mae": 0.7286, "eval_runtime": 33.7651, "eval_samples_per_second": 148.082}