{"eval_loss": 1.0177228450775146, "eval_accuracy": 0.5795999765396118, "eval_mae": 0.4836, "eval_runtime": 17.4471, "eval_samples_per_second": 286.581}