{"eval_loss": 0.955569326877594, "eval_accuracy": 0.6007999777793884, "eval_mae": 0.4626, "eval_runtime": 17.3186, "eval_samples_per_second": 288.707}