{"eval_loss": 0.9918038845062256, "eval_accuracy": 0.5702000260353088, "eval_mae": 0.506, "eval_runtime": 16.945, "eval_samples_per_second": 295.073}