{"eval_loss": 0.9509986042976379, "eval_accuracy": 0.6057999730110168, "eval_mae": 0.4504, "eval_runtime": 18.5599, "eval_samples_per_second": 269.398}