{"eval_loss": 0.9604960083961487, "eval_accuracy": 0.5917999744415283, "eval_mae": 0.4844, "eval_runtime": 16.743, "eval_samples_per_second": 298.632}