{"eval_loss": 1.0309418439865112, "eval_accuracy": 0.54339998960495, "eval_mae": 0.5416, "eval_runtime": 17.2406, "eval_samples_per_second": 290.013}