{"eval_loss": 1.297574758529663, "eval_accuracy": 0.4652000069618225, "eval_mae": 0.6816, "eval_runtime": 17.8551, "eval_samples_per_second": 280.032}