{"eval_loss": 1.062512993812561, "eval_accuracy": 0.557200014591217, "eval_mae": 0.5224, "eval_runtime": 18.393, "eval_samples_per_second": 271.843}