{"eval_loss": 1.3920382261276245, "eval_accuracy": 0.4805999994277954, "eval_mae": 0.6738, "eval_runtime": 31.3026, "eval_samples_per_second": 159.731}