{"eval_loss": 0.9502991437911987, "eval_accuracy": 0.6069999933242798, "eval_mae": 0.4492, "eval_runtime": 20.5887, "eval_samples_per_second": 242.852}