{"eval_loss": 0.9471982717514038, "eval_accuracy": 0.6060000061988831, "eval_mae": 0.4568, "eval_runtime": 17.477, "eval_samples_per_second": 286.09}