{"eval_loss": 1.3923382759094238, "eval_accuracy": 0.4812000095844269, "eval_mae": 0.6734, "eval_runtime": 19.7295, "eval_samples_per_second": 253.428}