{"eval_loss": 1.0247063636779785, "eval_accuracy": 0.5546000003814697, "eval_mae": 0.536, "eval_runtime": 17.2889, "eval_samples_per_second": 289.203}