{"eval_loss": 0.8882602453231812, "eval_accuracy": 0.6367999911308289, "eval_mae": 0.4144, "eval_runtime": 23.4822, "eval_samples_per_second": 212.927}