{"eval_loss": 0.9462023377418518, "eval_accuracy": 0.6043999791145325, "eval_mae": 0.4572, "eval_runtime": 17.29, "eval_samples_per_second": 289.184}