{"eval_loss": 0.9552888870239258, "eval_accuracy": 0.598800003528595, "eval_mae": 0.4648, "eval_runtime": 16.6367, "eval_samples_per_second": 300.541}