{"eval_loss": 1.0218735933303833, "eval_accuracy": 0.5685999989509583, "eval_mae": 0.5098, "eval_runtime": 18.2837, "eval_samples_per_second": 273.467}