{"eval_loss": 1.011529564857483, "eval_accuracy": 0.5809999704360962, "eval_mae": 0.4814, "eval_runtime": 17.3938, "eval_samples_per_second": 287.458}