{"eval_loss": 1.0860188007354736, "eval_accuracy": 0.5479999780654907, "eval_mae": 0.5408, "eval_runtime": 33.1961, "eval_samples_per_second": 150.62}