{"eval_loss": 1.0197945833206177, "eval_accuracy": 0.5812000036239624, "eval_mae": 0.4944, "eval_runtime": 18.4694, "eval_samples_per_second": 270.718}