{"eval_loss": 1.0206576585769653, "eval_accuracy": 0.5687999725341797, "eval_mae": 0.5086, "eval_runtime": 16.7073, "eval_samples_per_second": 299.27}