{"eval_loss": 1.3407435417175293, "eval_accuracy": 0.4758000075817108, "eval_mae": 0.694, "eval_runtime": 17.1663, "eval_samples_per_second": 291.269}