{"eval_loss": 1.0845879316329956, "eval_accuracy": 0.574999988079071, "eval_mae": 0.5098, "eval_runtime": 16.127, "eval_samples_per_second": 310.039}