{"eval_loss": 1.3458197116851807, "eval_accuracy": 0.4697999954223633, "eval_mae": 0.693, "eval_runtime": 17.2921, "eval_samples_per_second": 289.149}