{"eval_loss": 0.9475420713424683, "eval_accuracy": 0.5932000279426575, "eval_mae": 0.4688, "eval_runtime": 26.6405, "eval_samples_per_second": 187.684}