{"eval_loss": 1.3923218250274658, "eval_accuracy": 0.4812000095844269, "eval_mae": 0.6734, "eval_runtime": 24.3085, "eval_samples_per_second": 205.689}