{"eval_loss": 0.9897980690002441, "eval_accuracy": 0.571399986743927, "eval_mae": 0.5056, "eval_runtime": 16.1645, "eval_samples_per_second": 309.319}