{"eval_loss": 1.0175025463104248, "eval_accuracy": 0.5690000057220459, "eval_mae": 0.5104, "eval_runtime": 17.2793, "eval_samples_per_second": 289.363}