{"eval_loss": 1.0241773128509521, "eval_accuracy": 0.5550000071525574, "eval_mae": 0.5344, "eval_runtime": 17.2278, "eval_samples_per_second": 290.229}