{"eval_loss": 1.0256931781768799, "eval_accuracy": 0.5546000003814697, "eval_mae": 0.5352, "eval_runtime": 17.2651, "eval_samples_per_second": 289.602}