{"eval_loss": 1.2388719320297241, "eval_accuracy": 0.4970000088214874, "eval_mae": 0.6476, "eval_runtime": 27.5388, "eval_samples_per_second": 181.562}