{"eval_loss": 1.22695791721344, "eval_accuracy": 0.4997999966144562, "eval_mae": 0.6024, "eval_runtime": 18.4879, "eval_samples_per_second": 270.447}