{"eval_loss": 1.082774043083191, "eval_accuracy": 0.5465999841690063, "eval_mae": 0.5398, "eval_runtime": 18.5389, "eval_samples_per_second": 269.703}