{"eval_loss": 1.0059515237808228, "eval_accuracy": 0.5767999887466431, "eval_mae": 0.495, "eval_runtime": 17.2136, "eval_samples_per_second": 290.468}