{"eval_loss": 0.8895228505134583, "eval_accuracy": 0.6363999843597412, "eval_mae": 0.4146, "eval_runtime": 19.1978, "eval_samples_per_second": 260.446}