{"eval_loss": 0.9474438428878784, "eval_accuracy": 0.592199981212616, "eval_mae": 0.4702, "eval_runtime": 18.4638, "eval_samples_per_second": 270.8}