{"eval_loss": 1.0785788297653198, "eval_accuracy": 0.5582000017166138, "eval_mae": 0.5316, "eval_runtime": 18.5817, "eval_samples_per_second": 269.082}