{"eval_loss": 1.0846556425094604, "eval_accuracy": 0.5478000044822693, "eval_mae": 0.5406, "eval_runtime": 19.5452, "eval_samples_per_second": 255.818}