{"eval_loss": 1.0071133375167847, "eval_accuracy": 0.5934000015258789, "eval_mae": 0.468, "eval_runtime": 17.3196, "eval_samples_per_second": 288.691}