{"eval_loss": 1.4430816173553467, "eval_accuracy": 0.4392000138759613, "eval_mae": 0.7296, "eval_runtime": 27.5499, "eval_samples_per_second": 181.489}