{"eval_loss": 1.3430193662643433, "eval_accuracy": 0.4758000075817108, "eval_mae": 0.6946, "eval_runtime": 16.3152, "eval_samples_per_second": 306.462}