{"eval_loss": 1.442441463470459, "eval_accuracy": 0.43939998745918274, "eval_mae": 0.73, "eval_runtime": 22.8371, "eval_samples_per_second": 218.942}