{"eval_loss": 1.3354099988937378, "eval_accuracy": 0.4722000062465668, "eval_mae": 0.6882, "eval_runtime": 17.2304, "eval_samples_per_second": 290.185}