{"eval_loss": 1.3029892444610596, "eval_accuracy": 0.46619999408721924, "eval_mae": 0.6842, "eval_runtime": 19.8614, "eval_samples_per_second": 251.745}