{"eval_loss": 1.296584963798523, "eval_accuracy": 0.4675999879837036, "eval_mae": 0.6818, "eval_runtime": 19.1847, "eval_samples_per_second": 260.624}