{"eval_loss": 1.2966886758804321, "eval_accuracy": 0.46779999136924744, "eval_mae": 0.6818, "eval_runtime": 34.4159, "eval_samples_per_second": 145.282}