{"eval_loss": 0.9487947225570679, "eval_accuracy": 0.5906000137329102, "eval_mae": 0.4632, "eval_runtime": 17.4018, "eval_samples_per_second": 287.327}