{"eval_loss": 1.080226182937622, "eval_accuracy": 0.5565999746322632, "eval_mae": 0.5648, "eval_runtime": 22.1691, "eval_samples_per_second": 225.539}