{"eval_loss": 1.0116170644760132, "eval_accuracy": 0.5794000029563904, "eval_mae": 0.483, "eval_runtime": 17.6314, "eval_samples_per_second": 283.584}