{"eval_loss": 1.0213242769241333, "eval_accuracy": 0.5681999921798706, "eval_mae": 0.5098, "eval_runtime": 16.3132, "eval_samples_per_second": 306.501}