{"eval_loss": 1.0849812030792236, "eval_accuracy": 0.5756000280380249, "eval_mae": 0.51, "eval_runtime": 17.1019, "eval_samples_per_second": 292.365}