{"eval_loss": 1.0294712781906128, "eval_accuracy": 0.5425999760627747, "eval_mae": 0.5416, "eval_runtime": 16.7698, "eval_samples_per_second": 298.156}