{"eval_loss": 1.179024577140808, "eval_accuracy": 0.5005999803543091, "eval_mae": 0.5944, "eval_runtime": 17.4176, "eval_samples_per_second": 287.066}