{"eval_loss": 0.9608267545700073, "eval_accuracy": 0.592199981212616, "eval_mae": 0.484, "eval_runtime": 17.7013, "eval_samples_per_second": 282.466}