{"eval_loss": 1.0534802675247192, "eval_accuracy": 0.5270000100135803, "eval_mae": 0.5694, "eval_runtime": 16.9868, "eval_samples_per_second": 294.346}