{"eval_loss": 1.0803025960922241, "eval_accuracy": 0.5565999746322632, "eval_mae": 0.5648, "eval_runtime": 26.6013, "eval_samples_per_second": 187.961}