{"eval_loss": 1.0147583484649658, "eval_accuracy": 0.5649999976158142, "eval_mae": 0.5076, "eval_runtime": 16.3598, "eval_samples_per_second": 305.627}