{"eval_loss": 0.950168251991272, "eval_accuracy": 0.5907999873161316, "eval_mae": 0.4626, "eval_runtime": 17.0987, "eval_samples_per_second": 292.42}