{"eval_loss": 1.3507511615753174, "eval_accuracy": 0.4830000102519989, "eval_mae": 0.6716, "eval_runtime": 18.0833, "eval_samples_per_second": 276.498}