{"eval_loss": 0.9618785381317139, "eval_accuracy": 0.593999981880188, "eval_mae": 0.4834, "eval_runtime": 17.3261, "eval_samples_per_second": 288.582}