{"eval_loss": 1.086045503616333, "eval_accuracy": 0.5479999780654907, "eval_mae": 0.5408, "eval_runtime": 24.1279, "eval_samples_per_second": 207.229}