{"eval_loss": 1.1773390769958496, "eval_accuracy": 0.503000020980835, "eval_mae": 0.5912, "eval_runtime": 16.3815, "eval_samples_per_second": 305.223}