{"eval_loss": 1.443018913269043, "eval_accuracy": 0.43959999084472656, "eval_mae": 0.7294, "eval_runtime": 20.5696, "eval_samples_per_second": 243.077}