{"eval_loss": 1.3519409894943237, "eval_accuracy": 0.4706000089645386, "eval_mae": 0.6884, "eval_runtime": 17.3211, "eval_samples_per_second": 288.665}