{"eval_loss": 1.2971135377883911, "eval_accuracy": 0.4675999879837036, "eval_mae": 0.682, "eval_runtime": 21.4825, "eval_samples_per_second": 232.747}