{"eval_loss": 1.2302162647247314, "eval_accuracy": 0.5077999830245972, "eval_mae": 0.6202, "eval_runtime": 32.6637, "eval_samples_per_second": 153.075}