{"eval_loss": 1.353253722190857, "eval_accuracy": 0.4830000102519989, "eval_mae": 0.6712, "eval_runtime": 18.4485, "eval_samples_per_second": 271.024}