{"eval_loss": 1.0456647872924805, "eval_accuracy": 0.5601999759674072, "eval_mae": 0.5094, "eval_runtime": 23.3708, "eval_samples_per_second": 213.942}