{"eval_loss": 1.1749638319015503, "eval_accuracy": 0.5016000270843506, "eval_mae": 0.5938, "eval_runtime": 17.4034, "eval_samples_per_second": 287.301}