{"eval_loss": 1.0602574348449707, "eval_accuracy": 0.5540000200271606, "eval_mae": 0.5246, "eval_runtime": 18.2951, "eval_samples_per_second": 273.298}