{"eval_loss": 1.0424591302871704, "eval_accuracy": 0.5612000226974487, "eval_mae": 0.5084, "eval_runtime": 18.1107, "eval_samples_per_second": 276.08}