{"eval_loss": 0.9356570243835449, "eval_accuracy": 0.6028000116348267, "eval_mae": 0.453, "eval_runtime": 16.4269, "eval_samples_per_second": 304.379}