{"eval_loss": 1.0125524997711182, "eval_accuracy": 0.579800009727478, "eval_mae": 0.4822, "eval_runtime": 17.4948, "eval_samples_per_second": 285.799}