{"eval_loss": 1.0055789947509766, "eval_accuracy": 0.5753999948501587, "eval_mae": 0.4964, "eval_runtime": 17.2023, "eval_samples_per_second": 290.658}