{"eval_loss": 1.1471679210662842, "eval_accuracy": 0.550000011920929, "eval_mae": 0.5818, "eval_runtime": 16.4427, "eval_samples_per_second": 304.086}