{"eval_loss": 1.0798193216323853, "eval_accuracy": 0.5587999820709229, "eval_mae": 0.5314, "eval_runtime": 25.2924, "eval_samples_per_second": 197.688}