{"eval_loss": 1.029386281967163, "eval_accuracy": 0.5454000234603882, "eval_mae": 0.5398, "eval_runtime": 16.7128, "eval_samples_per_second": 299.171}