{"eval_loss": 1.228905439376831, "eval_accuracy": 0.5059999823570251, "eval_mae": 0.6216, "eval_runtime": 31.2666, "eval_samples_per_second": 159.915}