{"eval_loss": 1.1463121175765991, "eval_accuracy": 0.550599992275238, "eval_mae": 0.58, "eval_runtime": 17.3132, "eval_samples_per_second": 288.797}