{"eval_loss": 1.1567991971969604, "eval_accuracy": 0.5009999871253967, "eval_mae": 0.5888, "eval_runtime": 17.5932, "eval_samples_per_second": 284.2}