{"eval_loss": 1.0177967548370361, "eval_accuracy": 0.579800009727478, "eval_mae": 0.4828, "eval_runtime": 17.3811, "eval_samples_per_second": 287.668}