{"eval_loss": 1.1770894527435303, "eval_accuracy": 0.5026000142097473, "eval_mae": 0.5926, "eval_runtime": 17.5647, "eval_samples_per_second": 284.661}