{"eval_loss": 1.062457799911499, "eval_accuracy": 0.5582000017166138, "eval_mae": 0.5208, "eval_runtime": 18.3336, "eval_samples_per_second": 272.724}