{"eval_loss": 0.9489879012107849, "eval_accuracy": 0.5914000272750854, "eval_mae": 0.4624, "eval_runtime": 17.2764, "eval_samples_per_second": 289.413}