{"eval_loss": 1.0164008140563965, "eval_accuracy": 0.5809999704360962, "eval_mae": 0.4948, "eval_runtime": 30.1515, "eval_samples_per_second": 165.829}