{"eval_loss": 1.2283952236175537, "eval_accuracy": 0.5067999958992004, "eval_mae": 0.6206, "eval_runtime": 19.0513, "eval_samples_per_second": 262.449}