{"eval_loss": 1.4378113746643066, "eval_accuracy": 0.44040000438690186, "eval_mae": 0.7268, "eval_runtime": 18.3618, "eval_samples_per_second": 272.304}