{"eval_loss": 0.9560049772262573, "eval_accuracy": 0.5983999967575073, "eval_mae": 0.4654, "eval_runtime": 16.7339, "eval_samples_per_second": 298.794}