{"eval_loss": 1.0784294605255127, "eval_accuracy": 0.5582000017166138, "eval_mae": 0.5312, "eval_runtime": 18.2485, "eval_samples_per_second": 273.995}