{"eval_loss": 1.0241576433181763, "eval_accuracy": 0.5551999807357788, "eval_mae": 0.5366, "eval_runtime": 17.2959, "eval_samples_per_second": 289.085}