{"eval_loss": 1.2420789003372192, "eval_accuracy": 0.5001999735832214, "eval_mae": 0.5954, "eval_runtime": 21.0768, "eval_samples_per_second": 237.227}