{"eval_loss": 1.2961403131484985, "eval_accuracy": 0.4668000042438507, "eval_mae": 0.6832, "eval_runtime": 24.0609, "eval_samples_per_second": 207.806}