{"eval_loss": 1.0057525634765625, "eval_accuracy": 0.5756000280380249, "eval_mae": 0.4968, "eval_runtime": 17.1675, "eval_samples_per_second": 291.248}