{"eval_loss": 0.9792094826698303, "eval_accuracy": 0.5799999833106995, "eval_mae": 0.4902, "eval_runtime": 17.3485, "eval_samples_per_second": 288.21}