{"eval_loss": 1.3444011211395264, "eval_accuracy": 0.47380000352859497, "eval_mae": 0.685, "eval_runtime": 17.2917, "eval_samples_per_second": 289.157}