{"eval_loss": 1.176932454109192, "eval_accuracy": 0.501800000667572, "eval_mae": 0.5926, "eval_runtime": 17.4271, "eval_samples_per_second": 286.91}