{"eval_loss": 1.2283738851547241, "eval_accuracy": 0.5072000026702881, "eval_mae": 0.6196, "eval_runtime": 33.5959, "eval_samples_per_second": 148.827}