{"eval_loss": 1.0146443843841553, "eval_accuracy": 0.5649999976158142, "eval_mae": 0.5074, "eval_runtime": 16.9525, "eval_samples_per_second": 294.941}