{"eval_loss": 1.0298271179199219, "eval_accuracy": 0.5455999970436096, "eval_mae": 0.5398, "eval_runtime": 16.659, "eval_samples_per_second": 300.138}