{"eval_loss": 1.0290545225143433, "eval_accuracy": 0.5455999970436096, "eval_mae": 0.5394, "eval_runtime": 17.3769, "eval_samples_per_second": 287.739}