{"eval_loss": 0.9913146495819092, "eval_accuracy": 0.5694000124931335, "eval_mae": 0.5084, "eval_runtime": 17.2002, "eval_samples_per_second": 290.694}