{"eval_loss": 1.073824167251587, "eval_accuracy": 0.5608000159263611, "eval_mae": 0.559, "eval_runtime": 20.2238, "eval_samples_per_second": 247.233}