{"eval_loss": 1.2289652824401855, "eval_accuracy": 0.5076000094413757, "eval_mae": 0.62, "eval_runtime": 18.9369, "eval_samples_per_second": 264.035}