{"eval_loss": 1.0243228673934937, "eval_accuracy": 0.5573999881744385, "eval_mae": 0.5336, "eval_runtime": 17.4072, "eval_samples_per_second": 287.238}