{"eval_loss": 0.9475433826446533, "eval_accuracy": 0.5946000218391418, "eval_mae": 0.4684, "eval_runtime": 20.4388, "eval_samples_per_second": 244.633}