{"eval_loss": 0.9500250220298767, "eval_accuracy": 0.6204000115394592, "eval_mae": 0.429, "eval_runtime": 17.3925, "eval_samples_per_second": 287.481}