{"eval_loss": 1.0236073732376099, "eval_accuracy": 0.5544000267982483, "eval_mae": 0.5358, "eval_runtime": 17.3221, "eval_samples_per_second": 288.648}