{"eval_loss": 1.2387250661849976, "eval_accuracy": 0.4968000054359436, "eval_mae": 0.6476, "eval_runtime": 26.3054, "eval_samples_per_second": 190.075}