{"eval_loss": 1.176653504371643, "eval_accuracy": 0.5023999810218811, "eval_mae": 0.5928, "eval_runtime": 17.0087, "eval_samples_per_second": 293.967}