{"eval_loss": 0.9492173790931702, "eval_accuracy": 0.6079999804496765, "eval_mae": 0.4484, "eval_runtime": 19.8821, "eval_samples_per_second": 251.482}