{"eval_loss": 1.1784467697143555, "eval_accuracy": 0.4997999966144562, "eval_mae": 0.5948, "eval_runtime": 17.3102, "eval_samples_per_second": 288.846}