{"eval_loss": 0.9784759879112244, "eval_accuracy": 0.58160001039505, "eval_mae": 0.4886, "eval_runtime": 16.7967, "eval_samples_per_second": 297.678}