{"eval_loss": 1.0612925291061401, "eval_accuracy": 0.5573999881744385, "eval_mae": 0.5216, "eval_runtime": 27.9533, "eval_samples_per_second": 178.87}