{"eval_loss": 1.0533297061920166, "eval_accuracy": 0.5270000100135803, "eval_mae": 0.5702, "eval_runtime": 17.136, "eval_samples_per_second": 291.784}