{"eval_loss": 1.1763664484024048, "eval_accuracy": 0.5023999810218811, "eval_mae": 0.5922, "eval_runtime": 17.5417, "eval_samples_per_second": 285.035}