{"eval_loss": 1.3502978086471558, "eval_accuracy": 0.46959999203681946, "eval_mae": 0.6928, "eval_runtime": 17.5255, "eval_samples_per_second": 285.299}