{"eval_loss": 0.9471409320831299, "eval_accuracy": 0.6039999723434448, "eval_mae": 0.4574, "eval_runtime": 17.2127, "eval_samples_per_second": 290.483}