{"eval_loss": 1.0524017810821533, "eval_accuracy": 0.5275999903678894, "eval_mae": 0.5688, "eval_runtime": 16.3343, "eval_samples_per_second": 306.104}