{"eval_loss": 1.342760682106018, "eval_accuracy": 0.477400004863739, "eval_mae": 0.6954, "eval_runtime": 16.9886, "eval_samples_per_second": 294.314}