{"eval_loss": 1.0846706628799438, "eval_accuracy": 0.5748000144958496, "eval_mae": 0.5118, "eval_runtime": 16.9953, "eval_samples_per_second": 294.198}