{"eval_loss": 1.029814600944519, "eval_accuracy": 0.5454000234603882, "eval_mae": 0.54, "eval_runtime": 17.3578, "eval_samples_per_second": 288.055}