{"eval_loss": 0.989516019821167, "eval_accuracy": 0.5716000199317932, "eval_mae": 0.5076, "eval_runtime": 16.146, "eval_samples_per_second": 309.675}