{"eval_loss": 1.0784239768981934, "eval_accuracy": 0.5586000084877014, "eval_mae": 0.5306, "eval_runtime": 17.9591, "eval_samples_per_second": 278.411}