{"eval_loss": 1.0868752002716064, "eval_accuracy": 0.5752000212669373, "eval_mae": 0.5102, "eval_runtime": 17.0649, "eval_samples_per_second": 293.0}