{"eval_loss": 0.889761745929718, "eval_accuracy": 0.6362000107765198, "eval_mae": 0.4148, "eval_runtime": 24.12, "eval_samples_per_second": 207.296}