{"eval_loss": 0.949758768081665, "eval_accuracy": 0.6068000197410583, "eval_mae": 0.4488, "eval_runtime": 20.7395, "eval_samples_per_second": 241.085}