{"eval_loss": 0.9529929757118225, "eval_accuracy": 0.5875999927520752, "eval_mae": 0.4674, "eval_runtime": 16.6452, "eval_samples_per_second": 300.386}