{"eval_loss": 1.0466142892837524, "eval_accuracy": 0.5605999827384949, "eval_mae": 0.5104, "eval_runtime": 19.3202, "eval_samples_per_second": 258.796}