{"eval_loss": 0.9488892555236816, "eval_accuracy": 0.5899999737739563, "eval_mae": 0.464, "eval_runtime": 16.1413, "eval_samples_per_second": 309.764}