{"eval_loss": 1.148620843887329, "eval_accuracy": 0.5460000038146973, "eval_mae": 0.5816, "eval_runtime": 16.7739, "eval_samples_per_second": 298.082}