{"eval_loss": 0.9600396752357483, "eval_accuracy": 0.5932000279426575, "eval_mae": 0.4826, "eval_runtime": 17.2713, "eval_samples_per_second": 289.497}