{"eval_loss": 1.0186283588409424, "eval_accuracy": 0.5812000036239624, "eval_mae": 0.4938, "eval_runtime": 35.1748, "eval_samples_per_second": 142.147}