{"eval_loss": 1.0185765027999878, "eval_accuracy": 0.58160001039505, "eval_mae": 0.4932, "eval_runtime": 27.7872, "eval_samples_per_second": 179.939}