{"eval_loss": 1.0253684520721436, "eval_accuracy": 0.5558000206947327, "eval_mae": 0.5354, "eval_runtime": 17.4376, "eval_samples_per_second": 286.737}