{"eval_loss": 1.2382243871688843, "eval_accuracy": 0.49639999866485596, "eval_mae": 0.6484, "eval_runtime": 26.8653, "eval_samples_per_second": 186.114}