{"eval_loss": 1.0591102838516235, "eval_accuracy": 0.5594000220298767, "eval_mae": 0.519, "eval_runtime": 18.4396, "eval_samples_per_second": 271.155}