{"eval_loss": 0.8894933462142944, "eval_accuracy": 0.6363999843597412, "eval_mae": 0.4146, "eval_runtime": 21.0272, "eval_samples_per_second": 237.787}