{"eval_loss": 0.9511855244636536, "eval_accuracy": 0.6195999979972839, "eval_mae": 0.4304, "eval_runtime": 17.4184, "eval_samples_per_second": 287.052}