{"eval_loss": 1.3393778800964355, "eval_accuracy": 0.4681999981403351, "eval_mae": 0.6886, "eval_runtime": 31.8611, "eval_samples_per_second": 156.931}