{"eval_loss": 0.888563871383667, "eval_accuracy": 0.6358000040054321, "eval_mae": 0.4164, "eval_runtime": 23.3661, "eval_samples_per_second": 213.985}