{"eval_loss": 1.2290958166122437, "eval_accuracy": 0.49959999322891235, "eval_mae": 0.6036, "eval_runtime": 18.35, "eval_samples_per_second": 272.48}