{"eval_loss": 1.1555445194244385, "eval_accuracy": 0.5004000067710876, "eval_mae": 0.5914, "eval_runtime": 17.1702, "eval_samples_per_second": 291.202}