{"eval_loss": 1.443835735321045, "eval_accuracy": 0.43939998745918274, "eval_mae": 0.7296, "eval_runtime": 18.3221, "eval_samples_per_second": 272.895}