{"eval_loss": 1.2269479036331177, "eval_accuracy": 0.5076000094413757, "eval_mae": 0.6194, "eval_runtime": 19.7501, "eval_samples_per_second": 253.164}