{"eval_loss": 1.005396842956543, "eval_accuracy": 0.5758000016212463, "eval_mae": 0.496, "eval_runtime": 16.7481, "eval_samples_per_second": 298.541}