{"eval_loss": 1.0851491689682007, "eval_accuracy": 0.5756000280380249, "eval_mae": 0.51, "eval_runtime": 17.0346, "eval_samples_per_second": 293.52}