{"eval_loss": 1.0627530813217163, "eval_accuracy": 0.5569999814033508, "eval_mae": 0.5218, "eval_runtime": 18.3054, "eval_samples_per_second": 273.144}