{"eval_loss": 1.0048840045928955, "eval_accuracy": 0.5934000015258789, "eval_mae": 0.4684, "eval_runtime": 16.9958, "eval_samples_per_second": 294.19}