{"eval_loss": 1.0164921283721924, "eval_accuracy": 0.5806000232696533, "eval_mae": 0.4948, "eval_runtime": 20.0424, "eval_samples_per_second": 249.471}