{"eval_loss": 0.8910424113273621, "eval_accuracy": 0.6353999972343445, "eval_mae": 0.4164, "eval_runtime": 19.0641, "eval_samples_per_second": 262.272}