{"eval_loss": 1.0247400999069214, "eval_accuracy": 0.5546000003814697, "eval_mae": 0.536, "eval_runtime": 17.2979, "eval_samples_per_second": 289.053}