{"eval_loss": 0.9477613568305969, "eval_accuracy": 0.5935999751091003, "eval_mae": 0.4686, "eval_runtime": 25.7421, "eval_samples_per_second": 194.234}