{"eval_loss": 1.0303655862808228, "eval_accuracy": 0.5450000166893005, "eval_mae": 0.5412, "eval_runtime": 16.4214, "eval_samples_per_second": 304.481}