{"eval_loss": 0.9464853405952454, "eval_accuracy": 0.6039999723434448, "eval_mae": 0.4584, "eval_runtime": 17.3758, "eval_samples_per_second": 287.756}