{"eval_loss": 1.0186569690704346, "eval_accuracy": 0.5812000036239624, "eval_mae": 0.4938, "eval_runtime": 18.7945, "eval_samples_per_second": 266.035}