{"eval_loss": 1.0067206621170044, "eval_accuracy": 0.5935999751091003, "eval_mae": 0.4678, "eval_runtime": 17.1831, "eval_samples_per_second": 290.984}