{"eval_loss": 1.0834459066390991, "eval_accuracy": 0.5479999780654907, "eval_mae": 0.541, "eval_runtime": 25.258, "eval_samples_per_second": 197.957}