{"eval_loss": 1.0186957120895386, "eval_accuracy": 0.5813999772071838, "eval_mae": 0.4934, "eval_runtime": 22.6353, "eval_samples_per_second": 220.894}