{"eval_loss": 0.8896318078041077, "eval_accuracy": 0.6363999843597412, "eval_mae": 0.4144, "eval_runtime": 17.8092, "eval_samples_per_second": 280.754}