{"eval_loss": 1.0192755460739136, "eval_accuracy": 0.5799999833106995, "eval_mae": 0.4826, "eval_runtime": 17.4707, "eval_samples_per_second": 286.194}