{"eval_loss": 1.0213958024978638, "eval_accuracy": 0.5703999996185303, "eval_mae": 0.5072, "eval_runtime": 16.475, "eval_samples_per_second": 303.49}