{"eval_loss": 1.0306439399719238, "eval_accuracy": 0.5425999760627747, "eval_mae": 0.5432, "eval_runtime": 16.473, "eval_samples_per_second": 303.526}