{"eval_loss": 0.9464054703712463, "eval_accuracy": 0.6043999791145325, "eval_mae": 0.4576, "eval_runtime": 16.4296, "eval_samples_per_second": 304.328}