{"eval_loss": 1.0462228059768677, "eval_accuracy": 0.5619999766349792, "eval_mae": 0.5078, "eval_runtime": 18.1066, "eval_samples_per_second": 276.142}