{"eval_loss": 1.010038137435913, "eval_accuracy": 0.5803999900817871, "eval_mae": 0.4812, "eval_runtime": 16.8887, "eval_samples_per_second": 296.057}