{"eval_loss": 1.395019292831421, "eval_accuracy": 0.48240000009536743, "eval_mae": 0.6722, "eval_runtime": 20.314, "eval_samples_per_second": 246.136}