{"eval_loss": 1.0187302827835083, "eval_accuracy": 0.5681999921798706, "eval_mae": 0.51, "eval_runtime": 17.4608, "eval_samples_per_second": 286.356}