{"eval_loss": 1.2911218404769897, "eval_accuracy": 0.4697999954223633, "eval_mae": 0.6784, "eval_runtime": 19.6314, "eval_samples_per_second": 254.694}