{"eval_loss": 0.8883323073387146, "eval_accuracy": 0.6363999843597412, "eval_mae": 0.4146, "eval_runtime": 23.5349, "eval_samples_per_second": 212.451}