{"eval_loss": 1.2445573806762695, "eval_accuracy": 0.49639999866485596, "eval_mae": 0.598, "eval_runtime": 25.39, "eval_samples_per_second": 196.928}