{"eval_loss": 1.3444756269454956, "eval_accuracy": 0.4763999879360199, "eval_mae": 0.6928, "eval_runtime": 16.3602, "eval_samples_per_second": 305.619}