{"eval_loss": 0.9491251707077026, "eval_accuracy": 0.590399980545044, "eval_mae": 0.463, "eval_runtime": 16.5509, "eval_samples_per_second": 302.099}