{"eval_loss": 0.9600013494491577, "eval_accuracy": 0.5925999879837036, "eval_mae": 0.4838, "eval_runtime": 17.3657, "eval_samples_per_second": 287.923}