{"eval_loss": 1.0802809000015259, "eval_accuracy": 0.5562000274658203, "eval_mae": 0.565, "eval_runtime": 18.583, "eval_samples_per_second": 269.063}