{"eval_loss": 1.0144100189208984, "eval_accuracy": 0.5633999705314636, "eval_mae": 0.5086, "eval_runtime": 17.8191, "eval_samples_per_second": 280.597}