{"eval_loss": 1.3760579824447632, "eval_accuracy": 0.45399999618530273, "eval_mae": 0.7376, "eval_runtime": 17.3685, "eval_samples_per_second": 287.878}