{"eval_loss": 1.2385648488998413, "eval_accuracy": 0.4973999857902527, "eval_mae": 0.6468, "eval_runtime": 20.2987, "eval_samples_per_second": 246.321}