{"eval_loss": 1.3627780675888062, "eval_accuracy": 0.45899999141693115, "eval_mae": 0.728, "eval_runtime": 16.3133, "eval_samples_per_second": 306.498}