{"eval_loss": 1.0299192667007446, "eval_accuracy": 0.5454000234603882, "eval_mae": 0.54, "eval_runtime": 17.4133, "eval_samples_per_second": 287.137}