{"eval_loss": 1.2385369539260864, "eval_accuracy": 0.4973999857902527, "eval_mae": 0.6468, "eval_runtime": 24.4362, "eval_samples_per_second": 204.615}