{"eval_loss": 1.3672035932540894, "eval_accuracy": 0.4578000009059906, "eval_mae": 0.732, "eval_runtime": 16.7537, "eval_samples_per_second": 298.442}