{"eval_loss": 1.2288366556167603, "eval_accuracy": 0.5058000087738037, "eval_mae": 0.622, "eval_runtime": 31.6351, "eval_samples_per_second": 158.052}