{"eval_loss": 1.085935354232788, "eval_accuracy": 0.5479999780654907, "eval_mae": 0.5404, "eval_runtime": 22.4379, "eval_samples_per_second": 222.838}