{"eval_loss": 0.9488564729690552, "eval_accuracy": 0.5907999873161316, "eval_mae": 0.4624, "eval_runtime": 17.2196, "eval_samples_per_second": 290.367}