{"eval_loss": 0.9900078177452087, "eval_accuracy": 0.5703999996185303, "eval_mae": 0.5068, "eval_runtime": 17.2232, "eval_samples_per_second": 290.306}