{"eval_loss": 0.9905353784561157, "eval_accuracy": 0.5708000063896179, "eval_mae": 0.5064, "eval_runtime": 16.936, "eval_samples_per_second": 295.229}