{"eval_loss": 0.9504880905151367, "eval_accuracy": 0.590399980545044, "eval_mae": 0.464, "eval_runtime": 16.1875, "eval_samples_per_second": 308.88}