{"eval_loss": 1.3247226476669312, "eval_accuracy": 0.47760000824928284, "eval_mae": 0.6914, "eval_runtime": 17.0273, "eval_samples_per_second": 293.647}