{"eval_loss": 1.0860748291015625, "eval_accuracy": 0.5482000112533569, "eval_mae": 0.5404, "eval_runtime": 35.2285, "eval_samples_per_second": 141.931}