{"eval_loss": 1.3924617767333984, "eval_accuracy": 0.48100000619888306, "eval_mae": 0.6736, "eval_runtime": 36.2116, "eval_samples_per_second": 138.077}