{"eval_loss": 1.0778692960739136, "eval_accuracy": 0.5580000281333923, "eval_mae": 0.5314, "eval_runtime": 18.387, "eval_samples_per_second": 271.931}