{"eval_loss": 1.080414891242981, "eval_accuracy": 0.5568000078201294, "eval_mae": 0.5646, "eval_runtime": 31.2875, "eval_samples_per_second": 159.808}