{"eval_loss": 1.3676234483718872, "eval_accuracy": 0.4575999975204468, "eval_mae": 0.7314, "eval_runtime": 16.5036, "eval_samples_per_second": 302.965}