{"eval_loss": 1.3521113395690918, "eval_accuracy": 0.4787999987602234, "eval_mae": 0.6766, "eval_runtime": 18.0599, "eval_samples_per_second": 276.857}