{"eval_loss": 1.0807771682739258, "eval_accuracy": 0.5568000078201294, "eval_mae": 0.5648, "eval_runtime": 22.6877, "eval_samples_per_second": 220.384}