{"eval_loss": 0.9508530497550964, "eval_accuracy": 0.6191999912261963, "eval_mae": 0.4302, "eval_runtime": 17.4454, "eval_samples_per_second": 286.608}