{"eval_loss": 0.8870945572853088, "eval_accuracy": 0.6341999769210815, "eval_mae": 0.416, "eval_runtime": 20.3065, "eval_samples_per_second": 246.226}