{"eval_loss": 1.1762897968292236, "eval_accuracy": 0.503600001335144, "eval_mae": 0.5906, "eval_runtime": 17.294, "eval_samples_per_second": 289.117}