{"eval_loss": 0.9559641480445862, "eval_accuracy": 0.5997999906539917, "eval_mae": 0.4634, "eval_runtime": 17.2904, "eval_samples_per_second": 289.178}