{"eval_loss": 0.9484884738922119, "eval_accuracy": 0.5898000001907349, "eval_mae": 0.4632, "eval_runtime": 17.2359, "eval_samples_per_second": 290.092}