{"eval_loss": 1.061545968055725, "eval_accuracy": 0.5587999820709229, "eval_mae": 0.5202, "eval_runtime": 18.2911, "eval_samples_per_second": 273.358}