{"eval_loss": 1.0800011157989502, "eval_accuracy": 0.5559999942779541, "eval_mae": 0.5656, "eval_runtime": 24.476, "eval_samples_per_second": 204.281}