{"eval_loss": 1.3674901723861694, "eval_accuracy": 0.45840001106262207, "eval_mae": 0.7302, "eval_runtime": 16.7099, "eval_samples_per_second": 299.225}