{"eval_loss": 1.3523119688034058, "eval_accuracy": 0.4837999939918518, "eval_mae": 0.6704, "eval_runtime": 20.3373, "eval_samples_per_second": 245.854}