{"eval_loss": 0.8900207281112671, "eval_accuracy": 0.6348000168800354, "eval_mae": 0.4164, "eval_runtime": 18.6684, "eval_samples_per_second": 267.832}