{"eval_loss": 1.0849697589874268, "eval_accuracy": 0.5740000009536743, "eval_mae": 0.5128, "eval_runtime": 16.4069, "eval_samples_per_second": 304.75}