{"eval_loss": 1.0151832103729248, "eval_accuracy": 0.5640000104904175, "eval_mae": 0.5082, "eval_runtime": 16.2877, "eval_samples_per_second": 306.98}