{"eval_loss": 1.0116854906082153, "eval_accuracy": 0.5807999968528748, "eval_mae": 0.4812, "eval_runtime": 16.469, "eval_samples_per_second": 303.602}