{"eval_loss": 1.007016658782959, "eval_accuracy": 0.5935999751091003, "eval_mae": 0.4684, "eval_runtime": 17.2158, "eval_samples_per_second": 290.432}