{"eval_loss": 1.2959896326065063, "eval_accuracy": 0.46880000829696655, "eval_mae": 0.6814, "eval_runtime": 33.6199, "eval_samples_per_second": 148.721}