{"eval_loss": 1.0193862915039062, "eval_accuracy": 0.5809999704360962, "eval_mae": 0.4956, "eval_runtime": 26.448, "eval_samples_per_second": 189.05}