{"eval_loss": 0.9606882929801941, "eval_accuracy": 0.5938000082969666, "eval_mae": 0.4828, "eval_runtime": 17.3273, "eval_samples_per_second": 288.562}