{"eval_loss": 0.9478504061698914, "eval_accuracy": 0.5928000211715698, "eval_mae": 0.4696, "eval_runtime": 23.004, "eval_samples_per_second": 217.353}