{"eval_loss": 0.9792425632476807, "eval_accuracy": 0.5817999839782715, "eval_mae": 0.4874, "eval_runtime": 16.6884, "eval_samples_per_second": 299.61}