{"eval_loss": 1.0907717943191528, "eval_accuracy": 0.5473999977111816, "eval_mae": 0.5426, "eval_runtime": 21.1258, "eval_samples_per_second": 236.678}