{"eval_loss": 1.0536409616470337, "eval_accuracy": 0.525600016117096, "eval_mae": 0.571, "eval_runtime": 16.2825, "eval_samples_per_second": 307.078}