{"eval_loss": 1.0785692930221558, "eval_accuracy": 0.5582000017166138, "eval_mae": 0.531, "eval_runtime": 29.3426, "eval_samples_per_second": 170.401}