{"eval_loss": 1.0450271368026733, "eval_accuracy": 0.5595999956130981, "eval_mae": 0.5112, "eval_runtime": 18.8721, "eval_samples_per_second": 264.941}