{"eval_loss": 0.9481286406517029, "eval_accuracy": 0.5924000144004822, "eval_mae": 0.46, "eval_runtime": 16.5288, "eval_samples_per_second": 302.502}