{"eval_loss": 1.004801869392395, "eval_accuracy": 0.571399986743927, "eval_mae": 0.501, "eval_runtime": 16.7109, "eval_samples_per_second": 299.206}