{"eval_loss": 0.947108805179596, "eval_accuracy": 0.592199981212616, "eval_mae": 0.4704, "eval_runtime": 21.8665, "eval_samples_per_second": 228.661}