{"eval_loss": 1.3343108892440796, "eval_accuracy": 0.4706000089645386, "eval_mae": 0.6858, "eval_runtime": 18.2526, "eval_samples_per_second": 273.933}