{"eval_loss": 1.0178312063217163, "eval_accuracy": 0.5806000232696533, "eval_mae": 0.4822, "eval_runtime": 16.4782, "eval_samples_per_second": 303.432}