{"eval_loss": 1.0117141008377075, "eval_accuracy": 0.5799999833106995, "eval_mae": 0.4816, "eval_runtime": 17.4887, "eval_samples_per_second": 285.9}