{"eval_loss": 1.3441390991210938, "eval_accuracy": 0.4787999987602234, "eval_mae": 0.6924, "eval_runtime": 16.2562, "eval_samples_per_second": 307.575}