{"eval_loss": 1.0049289464950562, "eval_accuracy": 0.576200008392334, "eval_mae": 0.4944, "eval_runtime": 17.3608, "eval_samples_per_second": 288.006}