{"eval_loss": 1.3493223190307617, "eval_accuracy": 0.4713999927043915, "eval_mae": 0.6892, "eval_runtime": 16.6874, "eval_samples_per_second": 299.627}