{"eval_loss": 1.2269160747528076, "eval_accuracy": 0.4975999891757965, "eval_mae": 0.6048, "eval_runtime": 32.0169, "eval_samples_per_second": 156.167}