{"eval_loss": 0.9492359161376953, "eval_accuracy": 0.6068000197410583, "eval_mae": 0.45, "eval_runtime": 19.9707, "eval_samples_per_second": 250.367}