{"eval_loss": 1.0188958644866943, "eval_accuracy": 0.5807999968528748, "eval_mae": 0.494, "eval_runtime": 18.8066, "eval_samples_per_second": 265.864}