{"eval_loss": 1.367020845413208, "eval_accuracy": 0.4569999873638153, "eval_mae": 0.7318, "eval_runtime": 17.4551, "eval_samples_per_second": 286.449}