{"eval_loss": 0.9921376705169678, "eval_accuracy": 0.571399986743927, "eval_mae": 0.507, "eval_runtime": 16.9841, "eval_samples_per_second": 294.393}