{"eval_loss": 1.017042636871338, "eval_accuracy": 0.5785999894142151, "eval_mae": 0.4954, "eval_runtime": 20.154, "eval_samples_per_second": 248.09}