{"eval_loss": 1.07761812210083, "eval_accuracy": 0.5582000017166138, "eval_mae": 0.532, "eval_runtime": 19.234, "eval_samples_per_second": 259.957}