{"eval_loss": 0.9349431395530701, "eval_accuracy": 0.6018000245094299, "eval_mae": 0.4544, "eval_runtime": 17.3186, "eval_samples_per_second": 288.707}