{"eval_loss": 1.0135550498962402, "eval_accuracy": 0.5651999711990356, "eval_mae": 0.5064, "eval_runtime": 17.0445, "eval_samples_per_second": 293.35}