{"eval_loss": 1.2283111810684204, "eval_accuracy": 0.5012000203132629, "eval_mae": 0.5998, "eval_runtime": 18.3658, "eval_samples_per_second": 272.245}