{"eval_loss": 1.0784224271774292, "eval_accuracy": 0.5580000281333923, "eval_mae": 0.5314, "eval_runtime": 19.515, "eval_samples_per_second": 256.214}