{"eval_loss": 1.2289124727249146, "eval_accuracy": 0.49959999322891235, "eval_mae": 0.6034, "eval_runtime": 18.3477, "eval_samples_per_second": 272.513}