{"eval_loss": 0.9507531523704529, "eval_accuracy": 0.6208000183105469, "eval_mae": 0.4288, "eval_runtime": 17.3706, "eval_samples_per_second": 287.842}