{"eval_loss": 1.0862281322479248, "eval_accuracy": 0.546999990940094, "eval_mae": 0.5416, "eval_runtime": 23.3189, "eval_samples_per_second": 214.419}