{"eval_loss": 1.1477130651474, "eval_accuracy": 0.5496000051498413, "eval_mae": 0.5818, "eval_runtime": 17.4667, "eval_samples_per_second": 286.259}