{"eval_loss": 0.9778084754943848, "eval_accuracy": 0.5812000036239624, "eval_mae": 0.4894, "eval_runtime": 16.7598, "eval_samples_per_second": 298.332}