{"eval_loss": 1.338768720626831, "eval_accuracy": 0.4681999981403351, "eval_mae": 0.6886, "eval_runtime": 25.2322, "eval_samples_per_second": 198.159}