{"eval_loss": 1.4428874254226685, "eval_accuracy": 0.4399999976158142, "eval_mae": 0.7288, "eval_runtime": 18.5321, "eval_samples_per_second": 269.802}