{"eval_loss": 1.2520183324813843, "eval_accuracy": 0.4950000047683716, "eval_mae": 0.651, "eval_runtime": 25.5116, "eval_samples_per_second": 195.989}