{"eval_loss": 0.9559400677680969, "eval_accuracy": 0.5985999703407288, "eval_mae": 0.4646, "eval_runtime": 17.3139, "eval_samples_per_second": 288.786}