{"eval_loss": 1.0116400718688965, "eval_accuracy": 0.5803999900817871, "eval_mae": 0.4812, "eval_runtime": 16.9543, "eval_samples_per_second": 294.911}