{"eval_loss": 1.3442472219467163, "eval_accuracy": 0.4742000102996826, "eval_mae": 0.6956, "eval_runtime": 17.1508, "eval_samples_per_second": 291.531}