{"eval_loss": 1.0200225114822388, "eval_accuracy": 0.5690000057220459, "eval_mae": 0.5096, "eval_runtime": 16.2384, "eval_samples_per_second": 307.912}