{"eval_loss": 1.3523072004318237, "eval_accuracy": 0.48260000348091125, "eval_mae": 0.6716, "eval_runtime": 17.7535, "eval_samples_per_second": 281.635}