{"eval_loss": 0.9787302613258362, "eval_accuracy": 0.5809999704360962, "eval_mae": 0.4894, "eval_runtime": 17.3639, "eval_samples_per_second": 287.954}