{"eval_loss": 0.950645387172699, "eval_accuracy": 0.621399998664856, "eval_mae": 0.4284, "eval_runtime": 17.5116, "eval_samples_per_second": 285.524}