{"eval_loss": 0.9570363163948059, "eval_accuracy": 0.5996000170707703, "eval_mae": 0.4654, "eval_runtime": 17.3593, "eval_samples_per_second": 288.031}