{"eval_loss": 1.138351559638977, "eval_accuracy": 0.5490000247955322, "eval_mae": 0.5794, "eval_runtime": 16.8991, "eval_samples_per_second": 295.874}