{"eval_loss": 1.0250359773635864, "eval_accuracy": 0.5550000071525574, "eval_mae": 0.5358, "eval_runtime": 17.3479, "eval_samples_per_second": 288.22}