{"eval_loss": 1.045328140258789, "eval_accuracy": 0.5613999962806702, "eval_mae": 0.508, "eval_runtime": 18.1442, "eval_samples_per_second": 275.569}