{"eval_loss": 1.146957278251648, "eval_accuracy": 0.5501999855041504, "eval_mae": 0.5792, "eval_runtime": 17.4724, "eval_samples_per_second": 286.165}