{"eval_loss": 1.2436223030090332, "eval_accuracy": 0.5004000067710876, "eval_mae": 0.595, "eval_runtime": 18.6221, "eval_samples_per_second": 268.498}