{"eval_loss": 1.2395247220993042, "eval_accuracy": 0.4966000020503998, "eval_mae": 0.6482, "eval_runtime": 20.3355, "eval_samples_per_second": 245.875}