{"eval_loss": 1.0824555158615112, "eval_accuracy": 0.5491999983787537, "eval_mae": 0.5398, "eval_runtime": 18.3928, "eval_samples_per_second": 271.845}