{"eval_loss": 0.95541912317276, "eval_accuracy": 0.5992000102996826, "eval_mae": 0.4632, "eval_runtime": 17.3888, "eval_samples_per_second": 287.541}