{"eval_loss": 1.0538008213043213, "eval_accuracy": 0.5270000100135803, "eval_mae": 0.5694, "eval_runtime": 16.2682, "eval_samples_per_second": 307.348}