{"eval_loss": 1.155739426612854, "eval_accuracy": 0.5027999877929688, "eval_mae": 0.5872, "eval_runtime": 17.2555, "eval_samples_per_second": 289.762}