{"eval_loss": 1.3086483478546143, "eval_accuracy": 0.4652000069618225, "eval_mae": 0.6888, "eval_runtime": 19.0448, "eval_samples_per_second": 262.539}