{"eval_loss": 0.9784132838249207, "eval_accuracy": 0.5821999907493591, "eval_mae": 0.4878, "eval_runtime": 17.3182, "eval_samples_per_second": 288.713}