{"eval_loss": 0.9425531029701233, "eval_accuracy": 0.5956000089645386, "eval_mae": 0.4658, "eval_runtime": 18.0407, "eval_samples_per_second": 277.15}