{"eval_loss": 0.9611214995384216, "eval_accuracy": 0.5920000076293945, "eval_mae": 0.4844, "eval_runtime": 17.3364, "eval_samples_per_second": 288.41}