{"eval_loss": 1.1481308937072754, "eval_accuracy": 0.5479999780654907, "eval_mae": 0.5814, "eval_runtime": 17.5004, "eval_samples_per_second": 285.708}