{"eval_loss": 1.3664391040802002, "eval_accuracy": 0.4578000009059906, "eval_mae": 0.7324, "eval_runtime": 17.5189, "eval_samples_per_second": 285.406}