{"eval_loss": 1.0457020998001099, "eval_accuracy": 0.5613999962806702, "eval_mae": 0.508, "eval_runtime": 18.989, "eval_samples_per_second": 263.311}