{"eval_loss": 0.9610822200775146, "eval_accuracy": 0.5920000076293945, "eval_mae": 0.484, "eval_runtime": 17.3694, "eval_samples_per_second": 287.862}