{"eval_loss": 1.17634117603302, "eval_accuracy": 0.5013999938964844, "eval_mae": 0.5924, "eval_runtime": 17.3077, "eval_samples_per_second": 288.889}