{"eval_loss": 1.0246915817260742, "eval_accuracy": 0.557200014591217, "eval_mae": 0.5338, "eval_runtime": 17.2641, "eval_samples_per_second": 289.619}