{"eval_loss": 0.9460654258728027, "eval_accuracy": 0.6043999791145325, "eval_mae": 0.4574, "eval_runtime": 17.2458, "eval_samples_per_second": 289.925}