{"eval_loss": 0.9609517455101013, "eval_accuracy": 0.5925999879837036, "eval_mae": 0.4832, "eval_runtime": 17.387, "eval_samples_per_second": 287.571}