{"eval_loss": 0.9499898552894592, "eval_accuracy": 0.621399998664856, "eval_mae": 0.428, "eval_runtime": 17.4605, "eval_samples_per_second": 286.36}