{"eval_loss": 1.2256721258163452, "eval_accuracy": 0.5013999938964844, "eval_mae": 0.6022, "eval_runtime": 18.4111, "eval_samples_per_second": 271.576}