{"eval_loss": 1.0174163579940796, "eval_accuracy": 0.5803999900817871, "eval_mae": 0.4972, "eval_runtime": 35.4266, "eval_samples_per_second": 141.137}