{"eval_loss": 0.9358580112457275, "eval_accuracy": 0.6018000245094299, "eval_mae": 0.4544, "eval_runtime": 17.0794, "eval_samples_per_second": 292.75}