{"eval_loss": 1.0450150966644287, "eval_accuracy": 0.5591999888420105, "eval_mae": 0.5102, "eval_runtime": 20.577, "eval_samples_per_second": 242.99}