{"eval_loss": 1.3435899019241333, "eval_accuracy": 0.47519999742507935, "eval_mae": 0.6946, "eval_runtime": 17.0173, "eval_samples_per_second": 293.819}