{"eval_loss": 1.0061068534851074, "eval_accuracy": 0.5759999752044678, "eval_mae": 0.496, "eval_runtime": 17.2132, "eval_samples_per_second": 290.475}