{"eval_loss": 1.0056456327438354, "eval_accuracy": 0.5752000212669373, "eval_mae": 0.4966, "eval_runtime": 16.4904, "eval_samples_per_second": 303.206}