{"eval_loss": 1.2281686067581177, "eval_accuracy": 0.5063999891281128, "eval_mae": 0.6208, "eval_runtime": 24.2475, "eval_samples_per_second": 206.207}