{"eval_loss": 0.9556432366371155, "eval_accuracy": 0.5989999771118164, "eval_mae": 0.463, "eval_runtime": 16.6188, "eval_samples_per_second": 300.865}