{"eval_loss": 1.0144696235656738, "eval_accuracy": 0.5649999976158142, "eval_mae": 0.5074, "eval_runtime": 17.0367, "eval_samples_per_second": 293.483}