{"eval_loss": 1.0787303447723389, "eval_accuracy": 0.5582000017166138, "eval_mae": 0.5312, "eval_runtime": 25.9281, "eval_samples_per_second": 192.841}