{"eval_loss": 1.238067626953125, "eval_accuracy": 0.49720001220703125, "eval_mae": 0.6468, "eval_runtime": 17.7631, "eval_samples_per_second": 281.482}