{"eval_loss": 1.0149630308151245, "eval_accuracy": 0.5681999921798706, "eval_mae": 0.5064, "eval_runtime": 16.9218, "eval_samples_per_second": 295.477}