{"eval_loss": 1.2967450618743896, "eval_accuracy": 0.46779999136924744, "eval_mae": 0.6816, "eval_runtime": 19.7012, "eval_samples_per_second": 253.791}