{"eval_loss": 1.1775360107421875, "eval_accuracy": 0.5016000270843506, "eval_mae": 0.593, "eval_runtime": 17.3791, "eval_samples_per_second": 287.702}