{"eval_loss": 1.3533941507339478, "eval_accuracy": 0.48339998722076416, "eval_mae": 0.67, "eval_runtime": 20.0775, "eval_samples_per_second": 249.035}