{"eval_loss": 1.0849412679672241, "eval_accuracy": 0.5759999752044678, "eval_mae": 0.51, "eval_runtime": 16.3648, "eval_samples_per_second": 305.534}