{"eval_loss": 1.0146368741989136, "eval_accuracy": 0.5644000172615051, "eval_mae": 0.5074, "eval_runtime": 16.8121, "eval_samples_per_second": 297.405}