{"eval_loss": 1.0457637310028076, "eval_accuracy": 0.5613999962806702, "eval_mae": 0.5082, "eval_runtime": 18.9026, "eval_samples_per_second": 264.514}