{"eval_loss": 1.0146552324295044, "eval_accuracy": 0.5645999908447266, "eval_mae": 0.508, "eval_runtime": 17.0618, "eval_samples_per_second": 293.053}