{"eval_loss": 1.239179253578186, "eval_accuracy": 0.49639999866485596, "eval_mae": 0.648, "eval_runtime": 18.143, "eval_samples_per_second": 275.589}