{"eval_loss": 0.9787582755088806, "eval_accuracy": 0.5820000171661377, "eval_mae": 0.488, "eval_runtime": 17.324, "eval_samples_per_second": 288.617}