{"eval_loss": 1.0456897020339966, "eval_accuracy": 0.5609999895095825, "eval_mae": 0.5084, "eval_runtime": 18.5195, "eval_samples_per_second": 269.986}