{"eval_loss": 1.045702338218689, "eval_accuracy": 0.5601999759674072, "eval_mae": 0.5092, "eval_runtime": 23.4866, "eval_samples_per_second": 212.887}