{"eval_loss": 0.9511142373085022, "eval_accuracy": 0.6061999797821045, "eval_mae": 0.4514, "eval_runtime": 18.2408, "eval_samples_per_second": 274.111}