{"eval_loss": 1.2975273132324219, "eval_accuracy": 0.4675999879837036, "eval_mae": 0.6824, "eval_runtime": 25.4888, "eval_samples_per_second": 196.164}