{"eval_loss": 0.9790714979171753, "eval_accuracy": 0.5807999968528748, "eval_mae": 0.4898, "eval_runtime": 17.3712, "eval_samples_per_second": 287.833}