{"eval_loss": 1.0191314220428467, "eval_accuracy": 0.5817999839782715, "eval_mae": 0.4932, "eval_runtime": 22.2694, "eval_samples_per_second": 224.523}