{"eval_loss": 1.1555474996566772, "eval_accuracy": 0.49880000948905945, "eval_mae": 0.5918, "eval_runtime": 17.3294, "eval_samples_per_second": 288.527}