{"eval_loss": 0.949016809463501, "eval_accuracy": 0.5893999934196472, "eval_mae": 0.4636, "eval_runtime": 16.2158, "eval_samples_per_second": 308.341}