{"eval_loss": 1.0800211429595947, "eval_accuracy": 0.5559999942779541, "eval_mae": 0.5656, "eval_runtime": 22.8941, "eval_samples_per_second": 218.397}