{"eval_loss": 0.889618456363678, "eval_accuracy": 0.6385999917984009, "eval_mae": 0.4118, "eval_runtime": 18.7661, "eval_samples_per_second": 266.438}