{"eval_loss": 0.8892234563827515, "eval_accuracy": 0.6371999979019165, "eval_mae": 0.4136, "eval_runtime": 19.0384, "eval_samples_per_second": 262.627}