{"eval_loss": 1.1469005346298218, "eval_accuracy": 0.5501999855041504, "eval_mae": 0.5794, "eval_runtime": 17.2804, "eval_samples_per_second": 289.345}