{"eval_loss": 1.352430820465088, "eval_accuracy": 0.4837999939918518, "eval_mae": 0.6706, "eval_runtime": 18.4202, "eval_samples_per_second": 271.441}