{"eval_loss": 1.1536122560501099, "eval_accuracy": 0.5001999735832214, "eval_mae": 0.5906, "eval_runtime": 17.3093, "eval_samples_per_second": 288.862}