{"eval_loss": 1.2421398162841797, "eval_accuracy": 0.5001999735832214, "eval_mae": 0.5952, "eval_runtime": 18.5998, "eval_samples_per_second": 268.82}