{"eval_loss": 1.2953728437423706, "eval_accuracy": 0.4690000116825104, "eval_mae": 0.6774, "eval_runtime": 17.9958, "eval_samples_per_second": 277.843}