{"eval_loss": 1.0132497549057007, "eval_accuracy": 0.5820000171661377, "eval_mae": 0.481, "eval_runtime": 16.7969, "eval_samples_per_second": 297.674}