{"eval_loss": 0.9904817342758179, "eval_accuracy": 0.5684000253677368, "eval_mae": 0.5112, "eval_runtime": 16.1937, "eval_samples_per_second": 308.762}