{"eval_loss": 1.2474486827850342, "eval_accuracy": 0.4997999966144562, "eval_mae": 0.5916, "eval_runtime": 25.1371, "eval_samples_per_second": 198.909}