{"eval_loss": 1.3390650749206543, "eval_accuracy": 0.46799999475479126, "eval_mae": 0.6884, "eval_runtime": 22.4982, "eval_samples_per_second": 222.24}