{"eval_loss": 1.0242578983306885, "eval_accuracy": 0.5555999875068665, "eval_mae": 0.5356, "eval_runtime": 17.1131, "eval_samples_per_second": 292.174}