{"eval_loss": 1.085054636001587, "eval_accuracy": 0.5753999948501587, "eval_mae": 0.5102, "eval_runtime": 17.3228, "eval_samples_per_second": 288.637}