{"eval_loss": 1.367355465888977, "eval_accuracy": 0.45820000767707825, "eval_mae": 0.7316, "eval_runtime": 16.7169, "eval_samples_per_second": 299.098}