{"eval_loss": 1.3389426469802856, "eval_accuracy": 0.46799999475479126, "eval_mae": 0.6888, "eval_runtime": 20.4585, "eval_samples_per_second": 244.397}