{"eval_loss": 1.045450210571289, "eval_accuracy": 0.5609999895095825, "eval_mae": 0.5082, "eval_runtime": 18.4959, "eval_samples_per_second": 270.331}