{"eval_loss": 1.0187265872955322, "eval_accuracy": 0.5708000063896179, "eval_mae": 0.5056, "eval_runtime": 17.3158, "eval_samples_per_second": 288.754}