{"eval_loss": 1.3383104801177979, "eval_accuracy": 0.46860000491142273, "eval_mae": 0.688, "eval_runtime": 29.6008, "eval_samples_per_second": 168.915}