{"eval_loss": 1.2385203838348389, "eval_accuracy": 0.4968000054359436, "eval_mae": 0.6478, "eval_runtime": 25.391, "eval_samples_per_second": 196.92}