{"eval_loss": 0.9497582316398621, "eval_accuracy": 0.605400025844574, "eval_mae": 0.4506, "eval_runtime": 17.954, "eval_samples_per_second": 278.49}