{"eval_loss": 1.337602972984314, "eval_accuracy": 0.4684000015258789, "eval_mae": 0.6876, "eval_runtime": 24.7424, "eval_samples_per_second": 202.082}