{"eval_loss": 0.889080286026001, "eval_accuracy": 0.6359999775886536, "eval_mae": 0.415, "eval_runtime": 23.4644, "eval_samples_per_second": 213.089}