{"eval_loss": 1.0464818477630615, "eval_accuracy": 0.5605999827384949, "eval_mae": 0.509, "eval_runtime": 18.5661, "eval_samples_per_second": 269.308}