{"eval_loss": 1.2304916381835938, "eval_accuracy": 0.5076000094413757, "eval_mae": 0.6222, "eval_runtime": 19.107, "eval_samples_per_second": 261.684}