{"eval_loss": 1.443196415901184, "eval_accuracy": 0.44020000100135803, "eval_mae": 0.7288, "eval_runtime": 18.5547, "eval_samples_per_second": 269.473}