{"eval_loss": 0.9779282212257385, "eval_accuracy": 0.5834000110626221, "eval_mae": 0.4848, "eval_runtime": 16.6179, "eval_samples_per_second": 300.881}