{"eval_loss": 1.1456561088562012, "eval_accuracy": 0.550000011920929, "eval_mae": 0.5788, "eval_runtime": 16.7917, "eval_samples_per_second": 297.767}