{"eval_loss": 0.9359467625617981, "eval_accuracy": 0.600600004196167, "eval_mae": 0.455, "eval_runtime": 16.377, "eval_samples_per_second": 305.307}