{"eval_loss": 0.9468605518341064, "eval_accuracy": 0.5934000015258789, "eval_mae": 0.4684, "eval_runtime": 31.3413, "eval_samples_per_second": 159.534}