{"eval_loss": 0.9476894736289978, "eval_accuracy": 0.592199981212616, "eval_mae": 0.4706, "eval_runtime": 19.8901, "eval_samples_per_second": 251.382}