{"eval_loss": 1.0457491874694824, "eval_accuracy": 0.5613999962806702, "eval_mae": 0.508, "eval_runtime": 22.9159, "eval_samples_per_second": 218.189}