{"eval_loss": 1.1556211709976196, "eval_accuracy": 0.4986000061035156, "eval_mae": 0.5922, "eval_runtime": 17.3052, "eval_samples_per_second": 288.93}