{"eval_loss": 1.0128278732299805, "eval_accuracy": 0.571399986743927, "eval_mae": 0.5014, "eval_runtime": 16.4538, "eval_samples_per_second": 303.882}