{"eval_loss": 1.2379120588302612, "eval_accuracy": 0.49779999256134033, "eval_mae": 0.6462, "eval_runtime": 27.099, "eval_samples_per_second": 184.508}