{"eval_loss": 1.0250203609466553, "eval_accuracy": 0.5551999807357788, "eval_mae": 0.5356, "eval_runtime": 17.3115, "eval_samples_per_second": 288.825}