{"eval_loss": 1.3666492700576782, "eval_accuracy": 0.4578000009059906, "eval_mae": 0.7318, "eval_runtime": 16.8021, "eval_samples_per_second": 297.582}