{"eval_loss": 1.0185866355895996, "eval_accuracy": 0.5812000036239624, "eval_mae": 0.4936, "eval_runtime": 18.7012, "eval_samples_per_second": 267.363}