{"eval_loss": 1.0288435220718384, "eval_accuracy": 0.5428000092506409, "eval_mae": 0.5402, "eval_runtime": 16.4525, "eval_samples_per_second": 303.906}