{"eval_loss": 1.0620176792144775, "eval_accuracy": 0.5558000206947327, "eval_mae": 0.5228, "eval_runtime": 18.4259, "eval_samples_per_second": 271.358}