{"eval_loss": 1.1719313859939575, "eval_accuracy": 0.5059999823570251, "eval_mae": 0.5886, "eval_runtime": 17.3565, "eval_samples_per_second": 288.076}