{"eval_loss": 1.084985375404358, "eval_accuracy": 0.574999988079071, "eval_mae": 0.5104, "eval_runtime": 17.3172, "eval_samples_per_second": 288.73}