{"eval_loss": 1.0053528547286987, "eval_accuracy": 0.5756000280380249, "eval_mae": 0.4956, "eval_runtime": 17.4088, "eval_samples_per_second": 287.212}