{"eval_loss": 0.9909330010414124, "eval_accuracy": 0.5716000199317932, "eval_mae": 0.5072, "eval_runtime": 16.9993, "eval_samples_per_second": 294.13}