{"eval_loss": 1.260069489479065, "eval_accuracy": 0.47540000081062317, "eval_mae": 0.6624, "eval_runtime": 17.7752, "eval_samples_per_second": 281.292}