{"eval_loss": 1.444972276687622, "eval_accuracy": 0.4397999942302704, "eval_mae": 0.7292, "eval_runtime": 19.0784, "eval_samples_per_second": 262.076}