{"eval_loss": 1.3872311115264893, "eval_accuracy": 0.4803999960422516, "eval_mae": 0.674, "eval_runtime": 30.3167, "eval_samples_per_second": 164.926}