{"eval_loss": 0.9357927441596985, "eval_accuracy": 0.6010000109672546, "eval_mae": 0.455, "eval_runtime": 17.104, "eval_samples_per_second": 292.329}