{"eval_loss": 1.006773591041565, "eval_accuracy": 0.593999981880188, "eval_mae": 0.4674, "eval_runtime": 17.1884, "eval_samples_per_second": 290.894}