{"eval_loss": 1.005235195159912, "eval_accuracy": 0.5770000219345093, "eval_mae": 0.4942, "eval_runtime": 16.3283, "eval_samples_per_second": 306.216}