{"eval_loss": 1.2974207401275635, "eval_accuracy": 0.4681999981403351, "eval_mae": 0.6816, "eval_runtime": 27.6329, "eval_samples_per_second": 180.944}