{"eval_loss": 1.2283339500427246, "eval_accuracy": 0.5055999755859375, "eval_mae": 0.6222, "eval_runtime": 19.6538, "eval_samples_per_second": 254.403}