{"eval_loss": 0.8903049826622009, "eval_accuracy": 0.6381999850273132, "eval_mae": 0.413, "eval_runtime": 18.0188, "eval_samples_per_second": 277.488}