{"eval_loss": 0.9506191611289978, "eval_accuracy": 0.6212000250816345, "eval_mae": 0.428, "eval_runtime": 17.6817, "eval_samples_per_second": 282.779}