{"eval_loss": 1.2420743703842163, "eval_accuracy": 0.5004000067710876, "eval_mae": 0.5952, "eval_runtime": 21.7795, "eval_samples_per_second": 229.574}