{"eval_loss": 1.2931865453720093, "eval_accuracy": 0.46560001373291016, "eval_mae": 0.6842, "eval_runtime": 17.8667, "eval_samples_per_second": 279.85}