{"eval_loss": 0.9907892346382141, "eval_accuracy": 0.5708000063896179, "eval_mae": 0.5074, "eval_runtime": 17.0946, "eval_samples_per_second": 292.491}