{"eval_loss": 1.3421778678894043, "eval_accuracy": 0.47380000352859497, "eval_mae": 0.6964, "eval_runtime": 17.1369, "eval_samples_per_second": 291.767}