{"eval_loss": 1.443011999130249, "eval_accuracy": 0.4397999942302704, "eval_mae": 0.729, "eval_runtime": 28.8567, "eval_samples_per_second": 173.27}