{"eval_loss": 1.0146211385726929, "eval_accuracy": 0.5645999908447266, "eval_mae": 0.5072, "eval_runtime": 16.9555, "eval_samples_per_second": 294.889}