{"eval_loss": 1.0116150379180908, "eval_accuracy": 0.5803999900817871, "eval_mae": 0.4818, "eval_runtime": 17.5787, "eval_samples_per_second": 284.434}