{"eval_loss": 1.0071721076965332, "eval_accuracy": 0.5759999752044678, "eval_mae": 0.495, "eval_runtime": 16.5109, "eval_samples_per_second": 302.83}