{"eval_loss": 1.2421128749847412, "eval_accuracy": 0.4997999966144562, "eval_mae": 0.5956, "eval_runtime": 24.846, "eval_samples_per_second": 201.239}