{"eval_loss": 1.0639262199401855, "eval_accuracy": 0.5564000010490417, "eval_mae": 0.5226, "eval_runtime": 18.3494, "eval_samples_per_second": 272.489}