{"eval_loss": 1.2986173629760742, "eval_accuracy": 0.4675999879837036, "eval_mae": 0.6818, "eval_runtime": 24.4161, "eval_samples_per_second": 204.783}