{"eval_loss": 0.9467175602912903, "eval_accuracy": 0.6037999987602234, "eval_mae": 0.4584, "eval_runtime": 17.309, "eval_samples_per_second": 288.867}