{"eval_loss": 1.2283393144607544, "eval_accuracy": 0.49900001287460327, "eval_mae": 0.6034, "eval_runtime": 18.0608, "eval_samples_per_second": 276.843}