{"eval_loss": 1.0052027702331543, "eval_accuracy": 0.5753999948501587, "eval_mae": 0.4952, "eval_runtime": 17.2191, "eval_samples_per_second": 290.375}