{"eval_loss": 1.0520445108413696, "eval_accuracy": 0.5299999713897705, "eval_mae": 0.5662, "eval_runtime": 16.9295, "eval_samples_per_second": 295.343}