{"eval_loss": 0.9357706308364868, "eval_accuracy": 0.602400004863739, "eval_mae": 0.4534, "eval_runtime": 15.9852, "eval_samples_per_second": 312.789}