{"eval_loss": 1.0147548913955688, "eval_accuracy": 0.5649999976158142, "eval_mae": 0.507, "eval_runtime": 17.105, "eval_samples_per_second": 292.313}