{"eval_loss": 1.0062264204025269, "eval_accuracy": 0.5763999819755554, "eval_mae": 0.495, "eval_runtime": 17.3755, "eval_samples_per_second": 287.761}