{"eval_loss": 1.0482828617095947, "eval_accuracy": 0.5608000159263611, "eval_mae": 0.5096, "eval_runtime": 18.6223, "eval_samples_per_second": 268.495}