{"eval_loss": 1.3392515182495117, "eval_accuracy": 0.475600004196167, "eval_mae": 0.6926, "eval_runtime": 16.9414, "eval_samples_per_second": 295.136}