{"eval_loss": 1.0246392488479614, "eval_accuracy": 0.5562000274658203, "eval_mae": 0.5342, "eval_runtime": 17.3327, "eval_samples_per_second": 288.472}