{"eval_loss": 1.0634560585021973, "eval_accuracy": 0.5582000017166138, "eval_mae": 0.5216, "eval_runtime": 34.4363, "eval_samples_per_second": 145.196}