{"eval_loss": 1.0127384662628174, "eval_accuracy": 0.5795999765396118, "eval_mae": 0.4828, "eval_runtime": 17.3531, "eval_samples_per_second": 288.133}