{"eval_loss": 1.3919306993484497, "eval_accuracy": 0.48100000619888306, "eval_mae": 0.6736, "eval_runtime": 20.9217, "eval_samples_per_second": 238.986}