{"eval_loss": 1.0272235870361328, "eval_accuracy": 0.5806000232696533, "eval_mae": 0.4832, "eval_runtime": 17.501, "eval_samples_per_second": 285.697}