{"eval_loss": 0.9906195402145386, "eval_accuracy": 0.5722000002861023, "eval_mae": 0.506, "eval_runtime": 17.0024, "eval_samples_per_second": 294.075}