{"eval_loss": 1.2412258386611938, "eval_accuracy": 0.5004000067710876, "eval_mae": 0.5952, "eval_runtime": 21.5027, "eval_samples_per_second": 232.529}