{"eval_loss": 0.9900670051574707, "eval_accuracy": 0.5705999732017517, "eval_mae": 0.5074, "eval_runtime": 16.8637, "eval_samples_per_second": 296.494}