{"eval_loss": 1.0802664756774902, "eval_accuracy": 0.5559999942779541, "eval_mae": 0.5654, "eval_runtime": 25.9007, "eval_samples_per_second": 193.045}