{"eval_loss": 0.9502753615379333, "eval_accuracy": 0.620199978351593, "eval_mae": 0.4292, "eval_runtime": 17.8495, "eval_samples_per_second": 280.12}