{"eval_loss": 1.0057247877120972, "eval_accuracy": 0.5932000279426575, "eval_mae": 0.4678, "eval_runtime": 17.2079, "eval_samples_per_second": 290.563}