{"eval_loss": 0.9470197558403015, "eval_accuracy": 0.592199981212616, "eval_mae": 0.4706, "eval_runtime": 19.0495, "eval_samples_per_second": 262.474}