{"eval_loss": 1.079902172088623, "eval_accuracy": 0.5562000274658203, "eval_mae": 0.565, "eval_runtime": 21.4084, "eval_samples_per_second": 233.553}