{"eval_loss": 1.0593611001968384, "eval_accuracy": 0.5559999942779541, "eval_mae": 0.5236, "eval_runtime": 18.3189, "eval_samples_per_second": 272.942}