{"eval_loss": 1.3506122827529907, "eval_accuracy": 0.4708000123500824, "eval_mae": 0.6928, "eval_runtime": 17.2883, "eval_samples_per_second": 289.213}