{"eval_loss": 1.345765233039856, "eval_accuracy": 0.47699999809265137, "eval_mae": 0.698, "eval_runtime": 16.4484, "eval_samples_per_second": 303.981}