{"eval_loss": 0.9473110437393188, "eval_accuracy": 0.5946000218391418, "eval_mae": 0.4688, "eval_runtime": 18.7783, "eval_samples_per_second": 266.265}