{"eval_loss": 1.0628390312194824, "eval_accuracy": 0.5573999881744385, "eval_mae": 0.5208, "eval_runtime": 18.3329, "eval_samples_per_second": 272.733}