{"eval_loss": 1.0034226179122925, "eval_accuracy": 0.5752000212669373, "eval_mae": 0.4964, "eval_runtime": 17.3251, "eval_samples_per_second": 288.598}