{"eval_loss": 1.0621130466461182, "eval_accuracy": 0.5559999942779541, "eval_mae": 0.5222, "eval_runtime": 18.3659, "eval_samples_per_second": 272.243}