{"eval_loss": 1.2277154922485352, "eval_accuracy": 0.4984000027179718, "eval_mae": 0.6038, "eval_runtime": 17.6824, "eval_samples_per_second": 282.767}