{"eval_loss": 1.0260400772094727, "eval_accuracy": 0.5685999989509583, "eval_mae": 0.51, "eval_runtime": 17.2149, "eval_samples_per_second": 290.446}