{"eval_loss": 1.1763068437576294, "eval_accuracy": 0.503000020980835, "eval_mae": 0.5914, "eval_runtime": 16.7482, "eval_samples_per_second": 298.539}