{"eval_loss": 1.2955979108810425, "eval_accuracy": 0.46799999475479126, "eval_mae": 0.6808, "eval_runtime": 21.9011, "eval_samples_per_second": 228.299}