{"eval_loss": 1.0838152170181274, "eval_accuracy": 0.5752000212669373, "eval_mae": 0.5106, "eval_runtime": 16.5576, "eval_samples_per_second": 301.976}