{"eval_loss": 0.9461665153503418, "eval_accuracy": 0.6061999797821045, "eval_mae": 0.4544, "eval_runtime": 17.2852, "eval_samples_per_second": 289.265}