{"eval_loss": 1.0292341709136963, "eval_accuracy": 0.5440000295639038, "eval_mae": 0.5414, "eval_runtime": 16.8915, "eval_samples_per_second": 296.007}