{"eval_loss": 1.0849894285202026, "eval_accuracy": 0.5745999813079834, "eval_mae": 0.5108, "eval_runtime": 16.3869, "eval_samples_per_second": 305.122}