{"eval_loss": 1.029863953590393, "eval_accuracy": 0.5468000173568726, "eval_mae": 0.5388, "eval_runtime": 17.3082, "eval_samples_per_second": 288.881}