{"eval_loss": 1.0859264135360718, "eval_accuracy": 0.5708000063896179, "eval_mae": 0.513, "eval_runtime": 16.4304, "eval_samples_per_second": 304.314}