{"eval_loss": 1.3451509475708008, "eval_accuracy": 0.47600001096725464, "eval_mae": 0.6948, "eval_runtime": 17.021, "eval_samples_per_second": 293.756}