{"eval_loss": 0.9487237334251404, "eval_accuracy": 0.6065999865531921, "eval_mae": 0.4498, "eval_runtime": 18.7029, "eval_samples_per_second": 267.338}