{"eval_loss": 0.9474148154258728, "eval_accuracy": 0.5934000015258789, "eval_mae": 0.4694, "eval_runtime": 18.7605, "eval_samples_per_second": 266.517}