{"eval_loss": 1.443109393119812, "eval_accuracy": 0.43959999084472656, "eval_mae": 0.729, "eval_runtime": 32.7068, "eval_samples_per_second": 152.873}