{"eval_loss": 0.9520394802093506, "eval_accuracy": 0.6212000250816345, "eval_mae": 0.4298, "eval_runtime": 17.5735, "eval_samples_per_second": 284.519}