{"eval_loss": 1.0193066596984863, "eval_accuracy": 0.5802000164985657, "eval_mae": 0.494, "eval_runtime": 18.4875, "eval_samples_per_second": 270.454}