{"eval_loss": 1.3467787504196167, "eval_accuracy": 0.4726000130176544, "eval_mae": 0.689, "eval_runtime": 17.2538, "eval_samples_per_second": 289.791}