{"eval_loss": 1.2281588315963745, "eval_accuracy": 0.5004000067710876, "eval_mae": 0.6022, "eval_runtime": 18.3763, "eval_samples_per_second": 272.089}