{"eval_loss": 1.0787136554718018, "eval_accuracy": 0.5587999820709229, "eval_mae": 0.5296, "eval_runtime": 18.8333, "eval_samples_per_second": 265.487}