{"eval_loss": 1.0859458446502686, "eval_accuracy": 0.5482000112533569, "eval_mae": 0.5408, "eval_runtime": 18.048, "eval_samples_per_second": 277.039}