{"eval_loss": 1.0219523906707764, "eval_accuracy": 0.5687999725341797, "eval_mae": 0.5076, "eval_runtime": 17.1408, "eval_samples_per_second": 291.702}