{"eval_loss": 1.014218807220459, "eval_accuracy": 0.5645999908447266, "eval_mae": 0.5068, "eval_runtime": 16.9772, "eval_samples_per_second": 294.513}