{"eval_loss": 1.055232048034668, "eval_accuracy": 0.5271999835968018, "eval_mae": 0.5716, "eval_runtime": 16.9706, "eval_samples_per_second": 294.628}