{"eval_loss": 1.1787025928497314, "eval_accuracy": 0.5023999810218811, "eval_mae": 0.5924, "eval_runtime": 16.7508, "eval_samples_per_second": 298.493}