{"eval_loss": 1.085991382598877, "eval_accuracy": 0.5478000044822693, "eval_mae": 0.541, "eval_runtime": 33.3876, "eval_samples_per_second": 149.756}