{"eval_loss": 1.0063058137893677, "eval_accuracy": 0.5934000015258789, "eval_mae": 0.4682, "eval_runtime": 17.1704, "eval_samples_per_second": 291.2}