{"eval_loss": 1.086712121963501, "eval_accuracy": 0.546999990940094, "eval_mae": 0.5418, "eval_runtime": 18.5345, "eval_samples_per_second": 269.767}