{"eval_loss": 1.350278377532959, "eval_accuracy": 0.4715999960899353, "eval_mae": 0.6904, "eval_runtime": 17.3843, "eval_samples_per_second": 287.615}