{"eval_loss": 0.8894760608673096, "eval_accuracy": 0.6367999911308289, "eval_mae": 0.4142, "eval_runtime": 23.6803, "eval_samples_per_second": 211.146}