{"eval_loss": 1.339017629623413, "eval_accuracy": 0.4681999981403351, "eval_mae": 0.6884, "eval_runtime": 30.47, "eval_samples_per_second": 164.096}