{"eval_loss": 0.8892898559570312, "eval_accuracy": 0.6373999714851379, "eval_mae": 0.4134, "eval_runtime": 18.6293, "eval_samples_per_second": 268.395}