{"eval_loss": 1.0062175989151, "eval_accuracy": 0.5928000211715698, "eval_mae": 0.4688, "eval_runtime": 17.317, "eval_samples_per_second": 288.734}