{"eval_loss": 1.348994493484497, "eval_accuracy": 0.4724000096321106, "eval_mae": 0.69, "eval_runtime": 17.4726, "eval_samples_per_second": 286.162}