{"eval_loss": 0.9358685612678528, "eval_accuracy": 0.6014000177383423, "eval_mae": 0.4548, "eval_runtime": 16.9899, "eval_samples_per_second": 294.292}