{"eval_loss": 1.0855742692947388, "eval_accuracy": 0.5763999819755554, "eval_mae": 0.5082, "eval_runtime": 17.0393, "eval_samples_per_second": 293.44}