{"eval_loss": 1.3439466953277588, "eval_accuracy": 0.47380000352859497, "eval_mae": 0.696, "eval_runtime": 16.943, "eval_samples_per_second": 295.106}