{"eval_loss": 1.019404649734497, "eval_accuracy": 0.5809999704360962, "eval_mae": 0.4936, "eval_runtime": 18.5682, "eval_samples_per_second": 269.278}