{"eval_loss": 1.224215030670166, "eval_accuracy": 0.5095999836921692, "eval_mae": 0.6152, "eval_runtime": 19.5089, "eval_samples_per_second": 256.293}