{"eval_loss": 0.9895516633987427, "eval_accuracy": 0.5702000260353088, "eval_mae": 0.5082, "eval_runtime": 16.9958, "eval_samples_per_second": 294.19}