{"eval_loss": 1.0803656578063965, "eval_accuracy": 0.5565999746322632, "eval_mae": 0.5648, "eval_runtime": 18.6602, "eval_samples_per_second": 267.949}