{"eval_loss": 1.2421486377716064, "eval_accuracy": 0.5004000067710876, "eval_mae": 0.595, "eval_runtime": 20.5568, "eval_samples_per_second": 243.229}