{"eval_loss": 1.1600619554519653, "eval_accuracy": 0.5008000135421753, "eval_mae": 0.5884, "eval_runtime": 17.4987, "eval_samples_per_second": 285.736}