{"eval_loss": 1.3391505479812622, "eval_accuracy": 0.4681999981403351, "eval_mae": 0.6884, "eval_runtime": 27.8668, "eval_samples_per_second": 179.425}