{"eval_loss": 1.011372447013855, "eval_accuracy": 0.5649999976158142, "eval_mae": 0.5084, "eval_runtime": 16.3401, "eval_samples_per_second": 305.995}