{"eval_loss": 1.0782923698425293, "eval_accuracy": 0.5735999941825867, "eval_mae": 0.5108, "eval_runtime": 16.3659, "eval_samples_per_second": 305.512}