{"eval_loss": 1.3668369054794312, "eval_accuracy": 0.45820000767707825, "eval_mae": 0.7308, "eval_runtime": 17.341, "eval_samples_per_second": 288.334}