{"eval_loss": 1.3517961502075195, "eval_accuracy": 0.48399999737739563, "eval_mae": 0.6704, "eval_runtime": 17.8788, "eval_samples_per_second": 279.66}