{"eval_loss": 0.9785800576210022, "eval_accuracy": 0.5802000164985657, "eval_mae": 0.4868, "eval_runtime": 17.3128, "eval_samples_per_second": 288.803}