{"eval_loss": 1.0212059020996094, "eval_accuracy": 0.5698000192642212, "eval_mae": 0.5084, "eval_runtime": 17.4046, "eval_samples_per_second": 287.281}