{"eval_loss": 0.9501805901527405, "eval_accuracy": 0.6078000068664551, "eval_mae": 0.4488, "eval_runtime": 20.5882, "eval_samples_per_second": 242.858}