{"eval_loss": 1.0764681100845337, "eval_accuracy": 0.5582000017166138, "eval_mae": 0.5306, "eval_runtime": 18.2749, "eval_samples_per_second": 273.6}