{"eval_loss": 1.079493522644043, "eval_accuracy": 0.5608000159263611, "eval_mae": 0.5294, "eval_runtime": 20.0864, "eval_samples_per_second": 248.924}