{"eval_loss": 1.2298709154129028, "eval_accuracy": 0.5063999891281128, "eval_mae": 0.6218, "eval_runtime": 24.3605, "eval_samples_per_second": 205.25}