{"eval_loss": 1.079058051109314, "eval_accuracy": 0.5583999752998352, "eval_mae": 0.531, "eval_runtime": 28.1062, "eval_samples_per_second": 177.897}