{"eval_loss": 1.3516384363174438, "eval_accuracy": 0.47200000286102295, "eval_mae": 0.6904, "eval_runtime": 17.3119, "eval_samples_per_second": 288.819}