{"eval_loss": 1.347206711769104, "eval_accuracy": 0.4733999967575073, "eval_mae": 0.6892, "eval_runtime": 17.3611, "eval_samples_per_second": 288.001}