{"eval_loss": 1.3670449256896973, "eval_accuracy": 0.4586000144481659, "eval_mae": 0.7308, "eval_runtime": 17.3243, "eval_samples_per_second": 288.611}