{"eval_loss": 1.0459246635437012, "eval_accuracy": 0.5601999759674072, "eval_mae": 0.5092, "eval_runtime": 24.6779, "eval_samples_per_second": 202.611}