{"eval_loss": 0.9906277060508728, "eval_accuracy": 0.5702000260353088, "eval_mae": 0.5088, "eval_runtime": 16.0738, "eval_samples_per_second": 311.065}