{"eval_loss": 1.1474052667617798, "eval_accuracy": 0.5490000247955322, "eval_mae": 0.5814, "eval_runtime": 16.7228, "eval_samples_per_second": 298.993}