{"eval_loss": 1.0152119398117065, "eval_accuracy": 0.5636000037193298, "eval_mae": 0.508, "eval_runtime": 16.9718, "eval_samples_per_second": 294.607}