{"eval_loss": 0.9607464671134949, "eval_accuracy": 0.5916000008583069, "eval_mae": 0.4844, "eval_runtime": 17.362, "eval_samples_per_second": 287.986}