{"eval_loss": 1.0865812301635742, "eval_accuracy": 0.546999990940094, "eval_mae": 0.5414, "eval_runtime": 19.5516, "eval_samples_per_second": 255.734}