{"eval_loss": 0.9489553570747375, "eval_accuracy": 0.6057999730110168, "eval_mae": 0.4514, "eval_runtime": 17.9355, "eval_samples_per_second": 278.776}