{"eval_loss": 1.3537006378173828, "eval_accuracy": 0.48179998993873596, "eval_mae": 0.6726, "eval_runtime": 18.1316, "eval_samples_per_second": 275.762}