{"eval_loss": 1.3482500314712524, "eval_accuracy": 0.47040000557899475, "eval_mae": 0.6908, "eval_runtime": 16.3677, "eval_samples_per_second": 305.479}