{"eval_loss": 1.3925095796585083, "eval_accuracy": 0.4812000095844269, "eval_mae": 0.6734, "eval_runtime": 34.0589, "eval_samples_per_second": 146.805}