{"eval_loss": 0.960389256477356, "eval_accuracy": 0.593999981880188, "eval_mae": 0.4818, "eval_runtime": 17.4107, "eval_samples_per_second": 287.18}