{"eval_loss": 0.9478783011436462, "eval_accuracy": 0.5929999947547913, "eval_mae": 0.4698, "eval_runtime": 27.176, "eval_samples_per_second": 183.986}