{"eval_loss": 1.3662128448486328, "eval_accuracy": 0.45739999413490295, "eval_mae": 0.7312, "eval_runtime": 16.8116, "eval_samples_per_second": 297.413}