{"eval_loss": 1.3645881414413452, "eval_accuracy": 0.4586000144481659, "eval_mae": 0.7316, "eval_runtime": 16.3747, "eval_samples_per_second": 305.35}