{"eval_loss": 1.0615143775939941, "eval_accuracy": 0.5562000274658203, "eval_mae": 0.5222, "eval_runtime": 18.3272, "eval_samples_per_second": 272.819}