{"eval_loss": 1.0050437450408936, "eval_accuracy": 0.5766000151634216, "eval_mae": 0.4948, "eval_runtime": 17.2491, "eval_samples_per_second": 289.87}