{"eval_loss": 0.948013961315155, "eval_accuracy": 0.5946000218391418, "eval_mae": 0.4682, "eval_runtime": 18.8595, "eval_samples_per_second": 265.118}