{"eval_loss": 1.0528312921524048, "eval_accuracy": 0.5257999897003174, "eval_mae": 0.5708, "eval_runtime": 16.2954, "eval_samples_per_second": 306.835}