{"eval_loss": 0.9480707049369812, "eval_accuracy": 0.5914000272750854, "eval_mae": 0.4626, "eval_runtime": 16.3331, "eval_samples_per_second": 306.127}