{"eval_loss": 0.9791114330291748, "eval_accuracy": 0.5809999704360962, "eval_mae": 0.4894, "eval_runtime": 17.295, "eval_samples_per_second": 289.101}