{"eval_loss": 1.0211607217788696, "eval_accuracy": 0.569599986076355, "eval_mae": 0.5086, "eval_runtime": 17.2804, "eval_samples_per_second": 289.345}