{"eval_loss": 1.234342336654663, "eval_accuracy": 0.5062000155448914, "eval_mae": 0.6236, "eval_runtime": 18.7706, "eval_samples_per_second": 266.375}