{"eval_loss": 1.021615982055664, "eval_accuracy": 0.5694000124931335, "eval_mae": 0.5098, "eval_runtime": 16.5204, "eval_samples_per_second": 302.656}