{"eval_loss": 1.2285279035568237, "eval_accuracy": 0.5070000290870667, "eval_mae": 0.62, "eval_runtime": 25.8999, "eval_samples_per_second": 193.051}