{"eval_loss": 1.0859566926956177, "eval_accuracy": 0.5473999977111816, "eval_mae": 0.5414, "eval_runtime": 18.7751, "eval_samples_per_second": 266.31}