{"eval_loss": 1.2275303602218628, "eval_accuracy": 0.4986000061035156, "eval_mae": 0.6046, "eval_runtime": 18.4844, "eval_samples_per_second": 270.499}