{"eval_loss": 1.3421601057052612, "eval_accuracy": 0.4765999913215637, "eval_mae": 0.6942, "eval_runtime": 16.9355, "eval_samples_per_second": 295.238}