{"eval_loss": 1.3651963472366333, "eval_accuracy": 0.4593999981880188, "eval_mae": 0.7302, "eval_runtime": 17.2834, "eval_samples_per_second": 289.295}