{"eval_loss": 1.0244678258895874, "eval_accuracy": 0.5558000206947327, "eval_mae": 0.5348, "eval_runtime": 17.2805, "eval_samples_per_second": 289.343}