{"eval_loss": 1.0524084568023682, "eval_accuracy": 0.5564000010490417, "eval_mae": 0.5244, "eval_runtime": 18.3813, "eval_samples_per_second": 272.016}