{"eval_loss": 1.3674031496047974, "eval_accuracy": 0.4586000144481659, "eval_mae": 0.7304, "eval_runtime": 16.495, "eval_samples_per_second": 303.123}