{"eval_loss": 1.018691062927246, "eval_accuracy": 0.5812000036239624, "eval_mae": 0.4936, "eval_runtime": 19.9607, "eval_samples_per_second": 250.492}