{"eval_loss": 1.0459942817687988, "eval_accuracy": 0.5609999895095825, "eval_mae": 0.5082, "eval_runtime": 18.7226, "eval_samples_per_second": 267.057}