{"eval_loss": 0.9492294788360596, "eval_accuracy": 0.590399980545044, "eval_mae": 0.464, "eval_runtime": 17.0913, "eval_samples_per_second": 292.547}