{"eval_loss": 1.0051548480987549, "eval_accuracy": 0.5766000151634216, "eval_mae": 0.4946, "eval_runtime": 16.383, "eval_samples_per_second": 305.195}