{"eval_loss": 0.9610808491706848, "eval_accuracy": 0.5911999940872192, "eval_mae": 0.4858, "eval_runtime": 17.5704, "eval_samples_per_second": 284.57}