{"eval_loss": 1.3921525478363037, "eval_accuracy": 0.4814000129699707, "eval_mae": 0.6734, "eval_runtime": 24.608, "eval_samples_per_second": 203.186}