{"eval_loss": 0.9357971549034119, "eval_accuracy": 0.6015999913215637, "eval_mae": 0.4542, "eval_runtime": 17.1206, "eval_samples_per_second": 292.047}