{"eval_loss": 1.3708924055099487, "eval_accuracy": 0.45719999074935913, "eval_mae": 0.7328, "eval_runtime": 17.2779, "eval_samples_per_second": 289.387}