{"eval_loss": 1.0256003141403198, "eval_accuracy": 0.5532000064849854, "eval_mae": 0.5378, "eval_runtime": 17.3124, "eval_samples_per_second": 288.81}