{"eval_loss": 0.9492504000663757, "eval_accuracy": 0.6069999933242798, "eval_mae": 0.4494, "eval_runtime": 18.852, "eval_samples_per_second": 265.224}