{"eval_loss": 1.1576766967773438, "eval_accuracy": 0.5005999803543091, "eval_mae": 0.589, "eval_runtime": 16.7313, "eval_samples_per_second": 298.84}