{"eval_loss": 0.9483226537704468, "eval_accuracy": 0.6033999919891357, "eval_mae": 0.4532, "eval_runtime": 18.6764, "eval_samples_per_second": 267.717}