{"eval_loss": 1.1473969221115112, "eval_accuracy": 0.5486000180244446, "eval_mae": 0.581, "eval_runtime": 16.9002, "eval_samples_per_second": 295.855}