{"eval_loss": 1.045643925666809, "eval_accuracy": 0.5605999827384949, "eval_mae": 0.509, "eval_runtime": 18.1062, "eval_samples_per_second": 276.149}