{"eval_loss": 1.085028886795044, "eval_accuracy": 0.5759999752044678, "eval_mae": 0.5102, "eval_runtime": 16.0144, "eval_samples_per_second": 312.219}