{"eval_loss": 1.08473539352417, "eval_accuracy": 0.574999988079071, "eval_mae": 0.5112, "eval_runtime": 17.0098, "eval_samples_per_second": 293.948}