{"eval_loss": 1.3532617092132568, "eval_accuracy": 0.4846000075340271, "eval_mae": 0.672, "eval_runtime": 17.9412, "eval_samples_per_second": 278.688}