{"eval_loss": 1.0849891901016235, "eval_accuracy": 0.5748000144958496, "eval_mae": 0.5108, "eval_runtime": 17.0037, "eval_samples_per_second": 294.054}