{"eval_loss": 0.9475714564323425, "eval_accuracy": 0.6079999804496765, "eval_mae": 0.4502, "eval_runtime": 18.5929, "eval_samples_per_second": 268.92}