{"eval_loss": 1.2373839616775513, "eval_accuracy": 0.4966000020503998, "eval_mae": 0.6478, "eval_runtime": 19.1489, "eval_samples_per_second": 261.111}