{"eval_loss": 1.0860635042190552, "eval_accuracy": 0.5475999712944031, "eval_mae": 0.5412, "eval_runtime": 29.9652, "eval_samples_per_second": 166.86}