{"eval_loss": 0.9483275413513184, "eval_accuracy": 0.5961999893188477, "eval_mae": 0.4668, "eval_runtime": 19.9569, "eval_samples_per_second": 250.54}