{"eval_loss": 1.4429320096969604, "eval_accuracy": 0.43939998745918274, "eval_mae": 0.729, "eval_runtime": 18.5354, "eval_samples_per_second": 269.754}