{"eval_loss": 1.0802677869796753, "eval_accuracy": 0.5559999942779541, "eval_mae": 0.5654, "eval_runtime": 33.4635, "eval_samples_per_second": 149.416}