{"eval_loss": 1.0553762912750244, "eval_accuracy": 0.5253999829292297, "eval_mae": 0.5742, "eval_runtime": 16.3139, "eval_samples_per_second": 306.488}