{"eval_loss": 0.9456121325492859, "eval_accuracy": 0.6051999926567078, "eval_mae": 0.4562, "eval_runtime": 17.4337, "eval_samples_per_second": 286.801}