{"eval_loss": 1.2420943975448608, "eval_accuracy": 0.5001999735832214, "eval_mae": 0.5952, "eval_runtime": 18.9928, "eval_samples_per_second": 263.258}