{"eval_loss": 1.2295984029769897, "eval_accuracy": 0.5052000284194946, "eval_mae": 0.623, "eval_runtime": 32.5347, "eval_samples_per_second": 153.682}