{"eval_loss": 1.2387702465057373, "eval_accuracy": 0.4966000020503998, "eval_mae": 0.6478, "eval_runtime": 18.4976, "eval_samples_per_second": 270.306}