{"eval_loss": 1.3395614624023438, "eval_accuracy": 0.4674000144004822, "eval_mae": 0.6898, "eval_runtime": 21.4375, "eval_samples_per_second": 233.236}