{"eval_loss": 1.1474863290786743, "eval_accuracy": 0.5482000112533569, "eval_mae": 0.5824, "eval_runtime": 17.5028, "eval_samples_per_second": 285.669}