{"eval_loss": 1.3694347143173218, "eval_accuracy": 0.4575999975204468, "eval_mae": 0.7332, "eval_runtime": 16.7103, "eval_samples_per_second": 299.217}