{"eval_loss": 1.3928310871124268, "eval_accuracy": 0.4779999852180481, "eval_mae": 0.6774, "eval_runtime": 23.8092, "eval_samples_per_second": 210.003}