{"eval_loss": 1.0295881032943726, "eval_accuracy": 0.5460000038146973, "eval_mae": 0.5396, "eval_runtime": 17.1612, "eval_samples_per_second": 291.355}