{"eval_loss": 0.9609968662261963, "eval_accuracy": 0.5928000211715698, "eval_mae": 0.4834, "eval_runtime": 17.2306, "eval_samples_per_second": 290.181}