{"eval_loss": 1.3435776233673096, "eval_accuracy": 0.47519999742507935, "eval_mae": 0.6948, "eval_runtime": 16.9461, "eval_samples_per_second": 295.054}