{"eval_loss": 1.1722607612609863, "eval_accuracy": 0.5049999952316284, "eval_mae": 0.5918, "eval_runtime": 17.7047, "eval_samples_per_second": 282.412}