{"eval_loss": 1.0053699016571045, "eval_accuracy": 0.5784000158309937, "eval_mae": 0.493, "eval_runtime": 17.2295, "eval_samples_per_second": 290.199}