{"eval_loss": 1.005444884300232, "eval_accuracy": 0.5759999752044678, "eval_mae": 0.496, "eval_runtime": 17.3233, "eval_samples_per_second": 288.629}