{"eval_loss": 0.9357636570930481, "eval_accuracy": 0.6007999777793884, "eval_mae": 0.4546, "eval_runtime": 16.4471, "eval_samples_per_second": 304.004}