{"eval_loss": 1.021712303161621, "eval_accuracy": 0.5699999928474426, "eval_mae": 0.509, "eval_runtime": 16.6679, "eval_samples_per_second": 299.978}