{"eval_loss": 1.0458261966705322, "eval_accuracy": 0.5608000159263611, "eval_mae": 0.5086, "eval_runtime": 18.4054, "eval_samples_per_second": 271.659}