{"eval_loss": 0.8894193172454834, "eval_accuracy": 0.6371999979019165, "eval_mae": 0.414, "eval_runtime": 20.5418, "eval_samples_per_second": 243.406}