{"eval_loss": 0.9477840065956116, "eval_accuracy": 0.5924000144004822, "eval_mae": 0.4698, "eval_runtime": 18.3343, "eval_samples_per_second": 272.713}