{"eval_loss": 1.1547620296478271, "eval_accuracy": 0.5001999735832214, "eval_mae": 0.591, "eval_runtime": 17.2721, "eval_samples_per_second": 289.484}