{"eval_loss": 1.017390251159668, "eval_accuracy": 0.579200029373169, "eval_mae": 0.4828, "eval_runtime": 17.4354, "eval_samples_per_second": 286.772}