{"eval_loss": 1.3916300535202026, "eval_accuracy": 0.48019999265670776, "eval_mae": 0.6744, "eval_runtime": 27.0635, "eval_samples_per_second": 184.75}