{"eval_loss": 1.0056301355361938, "eval_accuracy": 0.5766000151634216, "eval_mae": 0.4954, "eval_runtime": 16.4473, "eval_samples_per_second": 304.001}