{"eval_loss": 0.9358786940574646, "eval_accuracy": 0.6007999777793884, "eval_mae": 0.4554, "eval_runtime": 17.0448, "eval_samples_per_second": 293.345}