{"eval_loss": 1.2376824617385864, "eval_accuracy": 0.5009999871253967, "eval_mae": 0.5926, "eval_runtime": 24.5783, "eval_samples_per_second": 203.431}