{"eval_loss": 1.1471329927444458, "eval_accuracy": 0.5491999983787537, "eval_mae": 0.581, "eval_runtime": 16.815, "eval_samples_per_second": 297.354}