{"eval_loss": 1.0078327655792236, "eval_accuracy": 0.5925999879837036, "eval_mae": 0.469, "eval_runtime": 17.1605, "eval_samples_per_second": 291.367}