{"eval_loss": 0.889182984828949, "eval_accuracy": 0.6367999911308289, "eval_mae": 0.4142, "eval_runtime": 23.4992, "eval_samples_per_second": 212.773}