{"eval_loss": 1.0858821868896484, "eval_accuracy": 0.5475999712944031, "eval_mae": 0.5408, "eval_runtime": 22.8453, "eval_samples_per_second": 218.864}