{"eval_loss": 1.0142711400985718, "eval_accuracy": 0.5655999779701233, "eval_mae": 0.5076, "eval_runtime": 16.9961, "eval_samples_per_second": 294.184}