{"eval_loss": 1.1475560665130615, "eval_accuracy": 0.5493999719619751, "eval_mae": 0.5798, "eval_runtime": 17.3916, "eval_samples_per_second": 287.495}