{"eval_loss": 1.2387503385543823, "eval_accuracy": 0.4970000088214874, "eval_mae": 0.6472, "eval_runtime": 26.8294, "eval_samples_per_second": 186.362}