{"eval_loss": 1.0186214447021484, "eval_accuracy": 0.5807999968528748, "eval_mae": 0.4942, "eval_runtime": 23.7132, "eval_samples_per_second": 210.853}