{"eval_loss": 1.0057381391525269, "eval_accuracy": 0.576200008392334, "eval_mae": 0.4954, "eval_runtime": 16.3924, "eval_samples_per_second": 305.02}