{"eval_loss": 0.8895881772041321, "eval_accuracy": 0.6367999911308289, "eval_mae": 0.4142, "eval_runtime": 20.9907, "eval_samples_per_second": 238.201}