{"eval_loss": 1.0116839408874512, "eval_accuracy": 0.5799999833106995, "eval_mae": 0.4798, "eval_runtime": 17.3974, "eval_samples_per_second": 287.399}