{"eval_loss": 1.0069873332977295, "eval_accuracy": 0.5932000279426575, "eval_mae": 0.4688, "eval_runtime": 17.2716, "eval_samples_per_second": 289.493}