{"eval_loss": 1.3960562944412231, "eval_accuracy": 0.48159998655319214, "eval_mae": 0.673, "eval_runtime": 35.3616, "eval_samples_per_second": 141.396}