{"eval_loss": 1.0108623504638672, "eval_accuracy": 0.5799999833106995, "eval_mae": 0.482, "eval_runtime": 17.4595, "eval_samples_per_second": 286.376}