{"eval_loss": 1.228823184967041, "eval_accuracy": 0.5070000290870667, "eval_mae": 0.6204, "eval_runtime": 18.917, "eval_samples_per_second": 264.313}