{"eval_loss": 1.0803157091140747, "eval_accuracy": 0.5562000274658203, "eval_mae": 0.5652, "eval_runtime": 19.1989, "eval_samples_per_second": 260.432}