{"eval_loss": 1.1558970212936401, "eval_accuracy": 0.49900001287460327, "eval_mae": 0.5916, "eval_runtime": 17.2583, "eval_samples_per_second": 289.715}