{"eval_loss": 1.175117015838623, "eval_accuracy": 0.5013999938964844, "eval_mae": 0.5922, "eval_runtime": 17.3088, "eval_samples_per_second": 288.87}