{"eval_loss": 1.3524748086929321, "eval_accuracy": 0.4699999988079071, "eval_mae": 0.6936, "eval_runtime": 17.3219, "eval_samples_per_second": 288.652}