{"eval_loss": 0.9496704936027527, "eval_accuracy": 0.6069999933242798, "eval_mae": 0.4494, "eval_runtime": 18.4125, "eval_samples_per_second": 271.555}