{"eval_loss": 1.0538381338119507, "eval_accuracy": 0.526199996471405, "eval_mae": 0.5694, "eval_runtime": 15.7457, "eval_samples_per_second": 317.546}