{"eval_loss": 0.8815061450004578, "eval_accuracy": 0.6304000020027161, "eval_mae": 0.4194, "eval_runtime": 25.1314, "eval_samples_per_second": 198.954}