{"eval_loss": 1.0237618684768677, "eval_accuracy": 0.5709999799728394, "eval_mae": 0.5076, "eval_runtime": 17.3266, "eval_samples_per_second": 288.573}