{"eval_loss": 1.0756115913391113, "eval_accuracy": 0.5576000213623047, "eval_mae": 0.532, "eval_runtime": 18.2723, "eval_samples_per_second": 273.638}