{"eval_loss": 1.0859943628311157, "eval_accuracy": 0.5475999712944031, "eval_mae": 0.5414, "eval_runtime": 27.5946, "eval_samples_per_second": 181.195}