{"eval_loss": 1.0186525583267212, "eval_accuracy": 0.5809999704360962, "eval_mae": 0.4938, "eval_runtime": 24.0038, "eval_samples_per_second": 208.3}