{"eval_loss": 0.9760175943374634, "eval_accuracy": 0.5813999772071838, "eval_mae": 0.4868, "eval_runtime": 17.3254, "eval_samples_per_second": 288.594}