{"eval_loss": 1.030333161354065, "eval_accuracy": 0.5447999835014343, "eval_mae": 0.5402, "eval_runtime": 16.8491, "eval_samples_per_second": 296.752}