{"eval_loss": 1.3366637229919434, "eval_accuracy": 0.4684000015258789, "eval_mae": 0.6878, "eval_runtime": 24.1883, "eval_samples_per_second": 206.712}