{"eval_loss": 0.9507591724395752, "eval_accuracy": 0.6204000115394592, "eval_mae": 0.4294, "eval_runtime": 17.4395, "eval_samples_per_second": 286.705}