{"eval_loss": 1.0544486045837402, "eval_accuracy": 0.526199996471405, "eval_mae": 0.5722, "eval_runtime": 16.8898, "eval_samples_per_second": 296.037}