{"eval_loss": 1.0301456451416016, "eval_accuracy": 0.545199990272522, "eval_mae": 0.5402, "eval_runtime": 16.8256, "eval_samples_per_second": 297.166}