{"eval_loss": 1.0232126712799072, "eval_accuracy": 0.5676000118255615, "eval_mae": 0.5106, "eval_runtime": 16.4928, "eval_samples_per_second": 303.163}