{"eval_loss": 0.9798767566680908, "eval_accuracy": 0.5817999839782715, "eval_mae": 0.4878, "eval_runtime": 17.4302, "eval_samples_per_second": 286.858}