{"eval_loss": 1.0176759958267212, "eval_accuracy": 0.5788000226020813, "eval_mae": 0.4836, "eval_runtime": 17.5387, "eval_samples_per_second": 285.084}