{"eval_loss": 1.0636638402938843, "eval_accuracy": 0.5577999949455261, "eval_mae": 0.521, "eval_runtime": 18.3174, "eval_samples_per_second": 272.965}