{"eval_loss": 1.3337528705596924, "eval_accuracy": 0.4772000014781952, "eval_mae": 0.6912, "eval_runtime": 16.9767, "eval_samples_per_second": 294.522}