{"eval_loss": 1.1557565927505493, "eval_accuracy": 0.4991999864578247, "eval_mae": 0.5908, "eval_runtime": 17.2766, "eval_samples_per_second": 289.409}