{"eval_loss": 1.2382121086120605, "eval_accuracy": 0.4957999885082245, "eval_mae": 0.6492, "eval_runtime": 26.2138, "eval_samples_per_second": 190.739}