{"eval_loss": 1.0469297170639038, "eval_accuracy": 0.5600000023841858, "eval_mae": 0.5104, "eval_runtime": 18.1305, "eval_samples_per_second": 275.778}