{"eval_loss": 1.0827624797821045, "eval_accuracy": 0.574999988079071, "eval_mae": 0.5112, "eval_runtime": 16.654, "eval_samples_per_second": 300.228}