{"eval_loss": 1.1550647020339966, "eval_accuracy": 0.5008000135421753, "eval_mae": 0.5888, "eval_runtime": 17.28, "eval_samples_per_second": 289.353}