{"eval_loss": 1.082002878189087, "eval_accuracy": 0.5738000273704529, "eval_mae": 0.5106, "eval_runtime": 16.4153, "eval_samples_per_second": 304.593}