{"eval_loss": 0.889543354511261, "eval_accuracy": 0.6362000107765198, "eval_mae": 0.4148, "eval_runtime": 19.8239, "eval_samples_per_second": 252.221}