{"eval_loss": 0.9555902481079102, "eval_accuracy": 0.598800003528595, "eval_mae": 0.4636, "eval_runtime": 17.4326, "eval_samples_per_second": 286.818}