{"eval_loss": 1.0564693212509155, "eval_accuracy": 0.5248000025749207, "eval_mae": 0.5742, "eval_runtime": 16.6951, "eval_samples_per_second": 299.488}