{"eval_loss": 0.9598598480224609, "eval_accuracy": 0.5932000279426575, "eval_mae": 0.4828, "eval_runtime": 17.4551, "eval_samples_per_second": 286.448}