{"eval_loss": 1.228872299194336, "eval_accuracy": 0.506600022315979, "eval_mae": 0.6206, "eval_runtime": 18.9732, "eval_samples_per_second": 263.53}