{"eval_loss": 1.0800386667251587, "eval_accuracy": 0.5564000010490417, "eval_mae": 0.5634, "eval_runtime": 27.2168, "eval_samples_per_second": 183.71}