{"eval_loss": 0.9609396457672119, "eval_accuracy": 0.5934000015258789, "eval_mae": 0.4826, "eval_runtime": 17.5933, "eval_samples_per_second": 284.199}