{"eval_loss": 1.3526959419250488, "eval_accuracy": 0.4862000048160553, "eval_mae": 0.6682, "eval_runtime": 18.1166, "eval_samples_per_second": 275.99}