{"eval_loss": 1.0190718173980713, "eval_accuracy": 0.5799999833106995, "eval_mae": 0.4946, "eval_runtime": 21.946, "eval_samples_per_second": 227.832}