{"eval_loss": 0.950217604637146, "eval_accuracy": 0.5902000069618225, "eval_mae": 0.4644, "eval_runtime": 16.1884, "eval_samples_per_second": 308.864}