{"eval_loss": 1.0852196216583252, "eval_accuracy": 0.5771999955177307, "eval_mae": 0.5076, "eval_runtime": 16.5608, "eval_samples_per_second": 301.919}