{"eval_loss": 1.2310832738876343, "eval_accuracy": 0.5073999762535095, "eval_mae": 0.6202, "eval_runtime": 18.8897, "eval_samples_per_second": 264.694}