{"eval_loss": 1.147475004196167, "eval_accuracy": 0.550000011920929, "eval_mae": 0.5812, "eval_runtime": 17.3924, "eval_samples_per_second": 287.482}