{"eval_loss": 1.3535029888153076, "eval_accuracy": 0.4830000102519989, "eval_mae": 0.6718, "eval_runtime": 24.2552, "eval_samples_per_second": 206.142}