{"eval_loss": 1.3391309976577759, "eval_accuracy": 0.46799999475479126, "eval_mae": 0.6886, "eval_runtime": 34.8986, "eval_samples_per_second": 143.272}