{"eval_loss": 1.0176852941513062, "eval_accuracy": 0.5809999704360962, "eval_mae": 0.4936, "eval_runtime": 33.1172, "eval_samples_per_second": 150.979}