{"eval_loss": 1.072782039642334, "eval_accuracy": 0.5546000003814697, "eval_mae": 0.5312, "eval_runtime": 19.2592, "eval_samples_per_second": 259.616}