{"eval_loss": 1.3666545152664185, "eval_accuracy": 0.4586000144481659, "eval_mae": 0.7308, "eval_runtime": 16.3946, "eval_samples_per_second": 304.979}