{"eval_loss": 1.0053598880767822, "eval_accuracy": 0.574999988079071, "eval_mae": 0.496, "eval_runtime": 17.2704, "eval_samples_per_second": 289.512}