{"eval_loss": 1.3934439420700073, "eval_accuracy": 0.47920000553131104, "eval_mae": 0.677, "eval_runtime": 18.6783, "eval_samples_per_second": 267.691}