{"eval_loss": 1.0517820119857788, "eval_accuracy": 0.5284000039100647, "eval_mae": 0.5664, "eval_runtime": 16.933, "eval_samples_per_second": 295.281}