{"eval_loss": 1.0604807138442993, "eval_accuracy": 0.5623999834060669, "eval_mae": 0.508, "eval_runtime": 20.8463, "eval_samples_per_second": 239.851}