{"eval_loss": 0.9488431811332703, "eval_accuracy": 0.5896000266075134, "eval_mae": 0.464, "eval_runtime": 17.2464, "eval_samples_per_second": 289.915}