{"eval_loss": 0.9491556882858276, "eval_accuracy": 0.5899999737739563, "eval_mae": 0.464, "eval_runtime": 16.3094, "eval_samples_per_second": 306.572}