{"eval_loss": 1.2276655435562134, "eval_accuracy": 0.49900001287460327, "eval_mae": 0.603, "eval_runtime": 18.3475, "eval_samples_per_second": 272.516}