{"eval_loss": 1.1553590297698975, "eval_accuracy": 0.49939998984336853, "eval_mae": 0.591, "eval_runtime": 17.6316, "eval_samples_per_second": 283.583}