{"eval_loss": 1.2388254404067993, "eval_accuracy": 0.4968000054359436, "eval_mae": 0.6478, "eval_runtime": 18.7731, "eval_samples_per_second": 266.339}