{"eval_loss": 1.0055886507034302, "eval_accuracy": 0.5759999752044678, "eval_mae": 0.4956, "eval_runtime": 17.3577, "eval_samples_per_second": 288.057}