{"eval_loss": 0.9459254145622253, "eval_accuracy": 0.605400025844574, "eval_mae": 0.457, "eval_runtime": 16.5162, "eval_samples_per_second": 302.734}