{"eval_loss": 1.018981695175171, "eval_accuracy": 0.5795999765396118, "eval_mae": 0.498, "eval_runtime": 25.3119, "eval_samples_per_second": 197.535}