{"eval_loss": 1.1475578546524048, "eval_accuracy": 0.5491999983787537, "eval_mae": 0.582, "eval_runtime": 17.4594, "eval_samples_per_second": 286.378}