{"eval_loss": 1.339110016822815, "eval_accuracy": 0.46799999475479126, "eval_mae": 0.6886, "eval_runtime": 35.7933, "eval_samples_per_second": 139.691}