{"eval_loss": 1.2419943809509277, "eval_accuracy": 0.4997999966144562, "eval_mae": 0.5958, "eval_runtime": 23.7233, "eval_samples_per_second": 210.763}