{"eval_loss": 1.0853238105773926, "eval_accuracy": 0.546999990940094, "eval_mae": 0.5422, "eval_runtime": 32.5852, "eval_samples_per_second": 153.444}