{"eval_loss": 1.0148895978927612, "eval_accuracy": 0.5641999840736389, "eval_mae": 0.5078, "eval_runtime": 16.9498, "eval_samples_per_second": 294.989}