{"eval_loss": 1.3437459468841553, "eval_accuracy": 0.4747999906539917, "eval_mae": 0.6944, "eval_runtime": 16.423, "eval_samples_per_second": 304.45}