{"eval_loss": 1.2190734148025513, "eval_accuracy": 0.5080000162124634, "eval_mae": 0.6172, "eval_runtime": 21.2104, "eval_samples_per_second": 235.734}