{"eval_loss": 1.0848110914230347, "eval_accuracy": 0.5741999745368958, "eval_mae": 0.511, "eval_runtime": 16.9845, "eval_samples_per_second": 294.387}