{"eval_loss": 0.961227536201477, "eval_accuracy": 0.5925999879837036, "eval_mae": 0.4838, "eval_runtime": 17.4235, "eval_samples_per_second": 286.969}