{"eval_loss": 1.0860860347747803, "eval_accuracy": 0.5482000112533569, "eval_mae": 0.5406, "eval_runtime": 32.7666, "eval_samples_per_second": 152.594}