{"eval_loss": 1.156350016593933, "eval_accuracy": 0.5013999938964844, "eval_mae": 0.589, "eval_runtime": 17.535, "eval_samples_per_second": 285.143}