{"eval_loss": 0.9556442499160767, "eval_accuracy": 0.6001999974250793, "eval_mae": 0.463, "eval_runtime": 17.2564, "eval_samples_per_second": 289.747}