{"eval_loss": 1.2386142015457153, "eval_accuracy": 0.4970000088214874, "eval_mae": 0.6474, "eval_runtime": 21.0746, "eval_samples_per_second": 237.253}