{"eval_loss": 1.392245888710022, "eval_accuracy": 0.48100000619888306, "eval_mae": 0.6736, "eval_runtime": 28.0954, "eval_samples_per_second": 177.965}