{"eval_loss": 1.0114156007766724, "eval_accuracy": 0.579200029373169, "eval_mae": 0.4826, "eval_runtime": 16.8169, "eval_samples_per_second": 297.32}