{"eval_loss": 1.0099213123321533, "eval_accuracy": 0.5809999704360962, "eval_mae": 0.4808, "eval_runtime": 17.3981, "eval_samples_per_second": 287.387}