{"eval_loss": 1.2422425746917725, "eval_accuracy": 0.5001999735832214, "eval_mae": 0.5952, "eval_runtime": 19.0411, "eval_samples_per_second": 262.59}