{"eval_loss": 1.0851739645004272, "eval_accuracy": 0.5745999813079834, "eval_mae": 0.5112, "eval_runtime": 16.0516, "eval_samples_per_second": 311.496}