{"eval_loss": 0.9491370320320129, "eval_accuracy": 0.5902000069618225, "eval_mae": 0.4632, "eval_runtime": 17.2544, "eval_samples_per_second": 289.78}