{"eval_loss": 1.240355134010315, "eval_accuracy": 0.5012000203132629, "eval_mae": 0.6014, "eval_runtime": 18.9234, "eval_samples_per_second": 264.223}