{"eval_loss": 1.053941249847412, "eval_accuracy": 0.5260000228881836, "eval_mae": 0.5714, "eval_runtime": 16.316, "eval_samples_per_second": 306.447}