{"eval_loss": 1.4429707527160645, "eval_accuracy": 0.4397999942302704, "eval_mae": 0.7292, "eval_runtime": 26.1354, "eval_samples_per_second": 191.311}