{"eval_loss": 0.8902862071990967, "eval_accuracy": 0.6358000040054321, "eval_mae": 0.4152, "eval_runtime": 20.9861, "eval_samples_per_second": 238.253}