{"eval_loss": 1.01475191116333, "eval_accuracy": 0.5645999908447266, "eval_mae": 0.5082, "eval_runtime": 17.1438, "eval_samples_per_second": 291.65}