{"eval_loss": 1.2271281480789185, "eval_accuracy": 0.49880000948905945, "eval_mae": 0.6044, "eval_runtime": 18.3841, "eval_samples_per_second": 271.975}