{"eval_loss": 1.3387943506240845, "eval_accuracy": 0.4674000144004822, "eval_mae": 0.6872, "eval_runtime": 18.3059, "eval_samples_per_second": 273.136}