{"eval_loss": 1.0537102222442627, "eval_accuracy": 0.5266000032424927, "eval_mae": 0.5714, "eval_runtime": 16.351, "eval_samples_per_second": 305.793}