{"eval_loss": 0.9459491968154907, "eval_accuracy": 0.605400025844574, "eval_mae": 0.4556, "eval_runtime": 16.9223, "eval_samples_per_second": 295.467}