{"eval_loss": 1.0186693668365479, "eval_accuracy": 0.5812000036239624, "eval_mae": 0.4938, "eval_runtime": 24.432, "eval_samples_per_second": 204.65}