{"eval_loss": 1.082277774810791, "eval_accuracy": 0.5491999983787537, "eval_mae": 0.5408, "eval_runtime": 21.7248, "eval_samples_per_second": 230.151}