{"eval_loss": 1.147722601890564, "eval_accuracy": 0.5491999983787537, "eval_mae": 0.5816, "eval_runtime": 17.4385, "eval_samples_per_second": 286.723}