{"eval_loss": 1.025633454322815, "eval_accuracy": 0.5533999800682068, "eval_mae": 0.5394, "eval_runtime": 17.4019, "eval_samples_per_second": 287.325}