{"eval_loss": 1.3640886545181274, "eval_accuracy": 0.4593999981880188, "eval_mae": 0.7318, "eval_runtime": 16.5151, "eval_samples_per_second": 302.753}