{"eval_loss": 1.0879994630813599, "eval_accuracy": 0.5475999712944031, "eval_mae": 0.5412, "eval_runtime": 20.9684, "eval_samples_per_second": 238.454}