{"eval_loss": 0.9498101472854614, "eval_accuracy": 0.590399980545044, "eval_mae": 0.463, "eval_runtime": 16.2684, "eval_samples_per_second": 307.345}