{"eval_loss": 1.025221347808838, "eval_accuracy": 0.5580000281333923, "eval_mae": 0.5348, "eval_runtime": 17.3299, "eval_samples_per_second": 288.519}