{"eval_loss": 0.9362548589706421, "eval_accuracy": 0.5997999906539917, "eval_mae": 0.4564, "eval_runtime": 15.9251, "eval_samples_per_second": 313.97}