{"eval_loss": 1.0210484266281128, "eval_accuracy": 0.5708000063896179, "eval_mae": 0.507, "eval_runtime": 16.5783, "eval_samples_per_second": 301.6}