{"eval_loss": 1.018306016921997, "eval_accuracy": 0.5799999833106995, "eval_mae": 0.4948, "eval_runtime": 24.0656, "eval_samples_per_second": 207.766}