{"eval_loss": 0.9490004777908325, "eval_accuracy": 0.5893999934196472, "eval_mae": 0.4648, "eval_runtime": 16.5658, "eval_samples_per_second": 301.828}