{"eval_loss": 1.0078668594360352, "eval_accuracy": 0.5723999738693237, "eval_mae": 0.5004, "eval_runtime": 17.1796, "eval_samples_per_second": 291.042}