{"eval_loss": 1.0187281370162964, "eval_accuracy": 0.5809999704360962, "eval_mae": 0.4938, "eval_runtime": 18.7401, "eval_samples_per_second": 266.807}