{"eval_loss": 1.4435807466506958, "eval_accuracy": 0.4392000138759613, "eval_mae": 0.7302, "eval_runtime": 26.7526, "eval_samples_per_second": 186.898}