{"eval_loss": 1.0861111879348755, "eval_accuracy": 0.5473999977111816, "eval_mae": 0.5412, "eval_runtime": 25.6767, "eval_samples_per_second": 194.729}