{"eval_loss": 1.3923227787017822, "eval_accuracy": 0.48100000619888306, "eval_mae": 0.6736, "eval_runtime": 18.6624, "eval_samples_per_second": 267.918}