{"eval_loss": 1.0623475313186646, "eval_accuracy": 0.5537999868392944, "eval_mae": 0.5268, "eval_runtime": 18.3, "eval_samples_per_second": 273.225}