{"eval_loss": 1.0785750150680542, "eval_accuracy": 0.5583999752998352, "eval_mae": 0.5308, "eval_runtime": 19.2609, "eval_samples_per_second": 259.593}