{"eval_loss": 1.0785545110702515, "eval_accuracy": 0.5580000281333923, "eval_mae": 0.5312, "eval_runtime": 20.6896, "eval_samples_per_second": 241.667}