{"eval_loss": 1.364427089691162, "eval_accuracy": 0.4580000042915344, "eval_mae": 0.7298, "eval_runtime": 17.2953, "eval_samples_per_second": 289.096}