{"eval_loss": 1.0306822061538696, "eval_accuracy": 0.545199990272522, "eval_mae": 0.539, "eval_runtime": 17.3599, "eval_samples_per_second": 288.02}