{"eval_loss": 1.0697150230407715, "eval_accuracy": 0.5565999746322632, "eval_mae": 0.5642, "eval_runtime": 19.593, "eval_samples_per_second": 255.193}