{"eval_loss": 1.3461604118347168, "eval_accuracy": 0.47360000014305115, "eval_mae": 0.6874, "eval_runtime": 17.3201, "eval_samples_per_second": 288.682}