{"eval_loss": 1.1570442914962769, "eval_accuracy": 0.5022000074386597, "eval_mae": 0.588, "eval_runtime": 17.2384, "eval_samples_per_second": 290.049}