{"eval_loss": 1.2380520105361938, "eval_accuracy": 0.4984000027179718, "eval_mae": 0.6054, "eval_runtime": 18.0473, "eval_samples_per_second": 277.05}