{"eval_loss": 1.2451488971710205, "eval_accuracy": 0.5027999877929688, "eval_mae": 0.5928, "eval_runtime": 22.8105, "eval_samples_per_second": 219.198}