{"eval_loss": 0.9609607458114624, "eval_accuracy": 0.5942000150680542, "eval_mae": 0.4816, "eval_runtime": 17.4061, "eval_samples_per_second": 287.256}