{"eval_loss": 1.4464054107666016, "eval_accuracy": 0.4392000138759613, "eval_mae": 0.7282, "eval_runtime": 32.5039, "eval_samples_per_second": 153.828}