{"eval_loss": 1.0117998123168945, "eval_accuracy": 0.5789999961853027, "eval_mae": 0.4826, "eval_runtime": 16.7531, "eval_samples_per_second": 298.453}