{"eval_loss": 0.8885051012039185, "eval_accuracy": 0.6377999782562256, "eval_mae": 0.4136, "eval_runtime": 23.1769, "eval_samples_per_second": 215.732}