{"eval_loss": 1.077776312828064, "eval_accuracy": 0.5582000017166138, "eval_mae": 0.531, "eval_runtime": 34.2544, "eval_samples_per_second": 145.967}