{"eval_loss": 1.0459822416305542, "eval_accuracy": 0.5600000023841858, "eval_mae": 0.509, "eval_runtime": 23.0377, "eval_samples_per_second": 217.036}