{"eval_loss": 0.9509403109550476, "eval_accuracy": 0.621399998664856, "eval_mae": 0.4274, "eval_runtime": 17.3703, "eval_samples_per_second": 287.848}