{"eval_loss": 1.3656824827194214, "eval_accuracy": 0.4578000009059906, "eval_mae": 0.7322, "eval_runtime": 16.6737, "eval_samples_per_second": 299.873}