{"eval_loss": 0.9609084129333496, "eval_accuracy": 0.593999981880188, "eval_mae": 0.4828, "eval_runtime": 17.373, "eval_samples_per_second": 287.804}