{"eval_loss": 0.9907982349395752, "eval_accuracy": 0.5691999793052673, "eval_mae": 0.5088, "eval_runtime": 16.8706, "eval_samples_per_second": 296.373}