{"eval_loss": 0.9496317505836487, "eval_accuracy": 0.6064000129699707, "eval_mae": 0.45, "eval_runtime": 22.1649, "eval_samples_per_second": 225.582}