{"eval_loss": 0.9577812552452087, "eval_accuracy": 0.600600004196167, "eval_mae": 0.4636, "eval_runtime": 17.2484, "eval_samples_per_second": 289.882}