{"eval_loss": 0.8899175524711609, "eval_accuracy": 0.6370000243186951, "eval_mae": 0.414, "eval_runtime": 22.8122, "eval_samples_per_second": 219.181}