{"eval_loss": 1.3934965133666992, "eval_accuracy": 0.47519999742507935, "eval_mae": 0.6808, "eval_runtime": 20.1891, "eval_samples_per_second": 247.658}