{"eval_loss": 1.1794732809066772, "eval_accuracy": 0.5026000142097473, "eval_mae": 0.5934, "eval_runtime": 17.3689, "eval_samples_per_second": 287.871}