{"eval_loss": 1.0145982503890991, "eval_accuracy": 0.5648000240325928, "eval_mae": 0.508, "eval_runtime": 16.5898, "eval_samples_per_second": 301.389}