{"eval_loss": 1.155305027961731, "eval_accuracy": 0.5022000074386597, "eval_mae": 0.5878, "eval_runtime": 16.2838, "eval_samples_per_second": 307.053}