{"eval_loss": 1.0302505493164062, "eval_accuracy": 0.5461999773979187, "eval_mae": 0.5394, "eval_runtime": 16.4071, "eval_samples_per_second": 304.747}