{"eval_loss": 1.3487772941589355, "eval_accuracy": 0.4717999994754791, "eval_mae": 0.6902, "eval_runtime": 16.6183, "eval_samples_per_second": 300.873}