{"eval_loss": 1.0123509168624878, "eval_accuracy": 0.5685999989509583, "eval_mae": 0.5022, "eval_runtime": 16.5224, "eval_samples_per_second": 302.62}