{"eval_loss": 1.3438665866851807, "eval_accuracy": 0.47440001368522644, "eval_mae": 0.6952, "eval_runtime": 17.0336, "eval_samples_per_second": 293.537}