{"eval_loss": 1.0786758661270142, "eval_accuracy": 0.5583999752998352, "eval_mae": 0.5308, "eval_runtime": 34.5249, "eval_samples_per_second": 144.823}