{"eval_loss": 1.006953477859497, "eval_accuracy": 0.593999981880188, "eval_mae": 0.4674, "eval_runtime": 17.2052, "eval_samples_per_second": 290.61}