{"eval_loss": 1.3918756246566772, "eval_accuracy": 0.47999998927116394, "eval_mae": 0.6742, "eval_runtime": 34.0247, "eval_samples_per_second": 146.952}