{"eval_loss": 0.9455511569976807, "eval_accuracy": 0.6057999730110168, "eval_mae": 0.4572, "eval_runtime": 16.3582, "eval_samples_per_second": 305.657}