{"eval_loss": 0.9466181397438049, "eval_accuracy": 0.6037999987602234, "eval_mae": 0.4586, "eval_runtime": 16.6522, "eval_samples_per_second": 300.26}