{"eval_loss": 1.0190706253051758, "eval_accuracy": 0.5708000063896179, "eval_mae": 0.507, "eval_runtime": 17.3931, "eval_samples_per_second": 287.47}