{"eval_loss": 0.946479856967926, "eval_accuracy": 0.605400025844574, "eval_mae": 0.4564, "eval_runtime": 17.3621, "eval_samples_per_second": 287.984}