{"eval_loss": 1.0184258222579956, "eval_accuracy": 0.5784000158309937, "eval_mae": 0.4834, "eval_runtime": 17.3765, "eval_samples_per_second": 287.746}