{"eval_loss": 1.2269457578659058, "eval_accuracy": 0.5001999735832214, "eval_mae": 0.6032, "eval_runtime": 18.3622, "eval_samples_per_second": 272.298}