{"eval_loss": 1.1503218412399292, "eval_accuracy": 0.501800000667572, "eval_mae": 0.5866, "eval_runtime": 17.4798, "eval_samples_per_second": 286.045}