{"eval_loss": 1.0788277387619019, "eval_accuracy": 0.5583999752998352, "eval_mae": 0.5308, "eval_runtime": 22.2844, "eval_samples_per_second": 224.372}