{"eval_loss": 1.011394739151001, "eval_accuracy": 0.5807999968528748, "eval_mae": 0.4818, "eval_runtime": 17.4507, "eval_samples_per_second": 286.521}