{"eval_loss": 1.3657277822494507, "eval_accuracy": 0.4578000009059906, "eval_mae": 0.7306, "eval_runtime": 16.7558, "eval_samples_per_second": 298.403}