{"eval_loss": 1.2292988300323486, "eval_accuracy": 0.49939998984336853, "eval_mae": 0.6026, "eval_runtime": 17.9394, "eval_samples_per_second": 278.716}