{"eval_loss": 1.3545111417770386, "eval_accuracy": 0.48339998722076416, "eval_mae": 0.6722, "eval_runtime": 18.0892, "eval_samples_per_second": 276.407}