{"eval_loss": 1.0617929697036743, "eval_accuracy": 0.5582000017166138, "eval_mae": 0.5226, "eval_runtime": 18.7569, "eval_samples_per_second": 266.569}