{"eval_loss": 1.0060251951217651, "eval_accuracy": 0.5947999954223633, "eval_mae": 0.4668, "eval_runtime": 17.2673, "eval_samples_per_second": 289.565}