{"eval_loss": 1.1475489139556885, "eval_accuracy": 0.5479999780654907, "eval_mae": 0.5828, "eval_runtime": 17.4077, "eval_samples_per_second": 287.23}