{"eval_loss": 1.257996678352356, "eval_accuracy": 0.48899999260902405, "eval_mae": 0.661, "eval_runtime": 20.722, "eval_samples_per_second": 241.29}