{"eval_loss": 0.9488407373428345, "eval_accuracy": 0.5888000130653381, "eval_mae": 0.4652, "eval_runtime": 16.2748, "eval_samples_per_second": 307.224}