{"eval_loss": 1.045538306236267, "eval_accuracy": 0.5619999766349792, "eval_mae": 0.5074, "eval_runtime": 18.1108, "eval_samples_per_second": 276.079}