{"eval_loss": 1.0148769617080688, "eval_accuracy": 0.5641999840736389, "eval_mae": 0.5078, "eval_runtime": 17.0006, "eval_samples_per_second": 294.107}