{"eval_loss": 1.0193816423416138, "eval_accuracy": 0.5812000036239624, "eval_mae": 0.4938, "eval_runtime": 20.4438, "eval_samples_per_second": 244.572}