{"eval_loss": 1.1546722650527954, "eval_accuracy": 0.5008000135421753, "eval_mae": 0.5904, "eval_runtime": 17.2326, "eval_samples_per_second": 290.147}