{"eval_loss": 1.0881743431091309, "eval_accuracy": 0.5473999977111816, "eval_mae": 0.5426, "eval_runtime": 34.3039, "eval_samples_per_second": 145.756}