{"eval_loss": 0.946316123008728, "eval_accuracy": 0.6051999926567078, "eval_mae": 0.4572, "eval_runtime": 17.1916, "eval_samples_per_second": 290.84}