{"eval_loss": 1.005312442779541, "eval_accuracy": 0.5752000212669373, "eval_mae": 0.496, "eval_runtime": 17.7074, "eval_samples_per_second": 282.367}