{"eval_loss": 1.0148285627365112, "eval_accuracy": 0.5651999711990356, "eval_mae": 0.5076, "eval_runtime": 17.0621, "eval_samples_per_second": 293.048}