{"eval_loss": 0.9606670141220093, "eval_accuracy": 0.5935999751091003, "eval_mae": 0.4826, "eval_runtime": 17.4, "eval_samples_per_second": 287.356}