{"eval_loss": 1.1477326154708862, "eval_accuracy": 0.5491999983787537, "eval_mae": 0.5818, "eval_runtime": 17.5527, "eval_samples_per_second": 284.857}