{"eval_loss": 1.0172148942947388, "eval_accuracy": 0.5788000226020813, "eval_mae": 0.4826, "eval_runtime": 17.4409, "eval_samples_per_second": 286.683}