{"eval_loss": 1.4436885118484497, "eval_accuracy": 0.4399999976158142, "eval_mae": 0.7292, "eval_runtime": 19.885, "eval_samples_per_second": 251.446}