{"eval_loss": 0.9578384757041931, "eval_accuracy": 0.621399998664856, "eval_mae": 0.4284, "eval_runtime": 17.3116, "eval_samples_per_second": 288.823}