{"eval_loss": 1.0116509199142456, "eval_accuracy": 0.579200029373169, "eval_mae": 0.4828, "eval_runtime": 17.5706, "eval_samples_per_second": 284.566}