{"eval_loss": 1.0633958578109741, "eval_accuracy": 0.5580000281333923, "eval_mae": 0.5216, "eval_runtime": 18.3987, "eval_samples_per_second": 271.758}