{"eval_loss": 1.0254194736480713, "eval_accuracy": 0.5562000274658203, "eval_mae": 0.5364, "eval_runtime": 17.3343, "eval_samples_per_second": 288.445}