{"eval_loss": 1.3520336151123047, "eval_accuracy": 0.48240000009536743, "eval_mae": 0.6724, "eval_runtime": 17.7734, "eval_samples_per_second": 281.319}