{"eval_loss": 1.080548644065857, "eval_accuracy": 0.5564000010490417, "eval_mae": 0.5648, "eval_runtime": 27.7244, "eval_samples_per_second": 180.347}