{"eval_loss": 1.0538586378097534, "eval_accuracy": 0.527400016784668, "eval_mae": 0.5698, "eval_runtime": 17.7787, "eval_samples_per_second": 281.236}