{"eval_loss": 1.0078624486923218, "eval_accuracy": 0.5916000008583069, "eval_mae": 0.47, "eval_runtime": 17.306, "eval_samples_per_second": 288.917}