{"eval_loss": 1.2285147905349731, "eval_accuracy": 0.5070000290870667, "eval_mae": 0.6206, "eval_runtime": 19.4943, "eval_samples_per_second": 256.486}