{"eval_loss": 0.9785550832748413, "eval_accuracy": 0.5803999900817871, "eval_mae": 0.49, "eval_runtime": 17.3422, "eval_samples_per_second": 288.313}