{"eval_loss": 1.3685294389724731, "eval_accuracy": 0.45719999074935913, "eval_mae": 0.733, "eval_runtime": 17.3428, "eval_samples_per_second": 288.304}