{"eval_loss": 0.944481611251831, "eval_accuracy": 0.6057999730110168, "eval_mae": 0.4542, "eval_runtime": 16.5016, "eval_samples_per_second": 303.002}