{"eval_loss": 1.0246737003326416, "eval_accuracy": 0.5559999942779541, "eval_mae": 0.5356, "eval_runtime": 17.3309, "eval_samples_per_second": 288.502}