{"eval_loss": 0.9497689604759216, "eval_accuracy": 0.6194000244140625, "eval_mae": 0.4302, "eval_runtime": 17.4798, "eval_samples_per_second": 286.044}