{"eval_loss": 0.9905630946159363, "eval_accuracy": 0.569599986076355, "eval_mae": 0.5092, "eval_runtime": 16.2499, "eval_samples_per_second": 307.694}