{"eval_loss": 1.0855826139450073, "eval_accuracy": 0.5479999780654907, "eval_mae": 0.5408, "eval_runtime": 20.5876, "eval_samples_per_second": 242.864}