{"eval_loss": 1.3673936128616333, "eval_accuracy": 0.4586000144481659, "eval_mae": 0.7306, "eval_runtime": 16.7222, "eval_samples_per_second": 299.003}