{"eval_loss": 1.0803171396255493, "eval_accuracy": 0.5555999875068665, "eval_mae": 0.5656, "eval_runtime": 23.0224, "eval_samples_per_second": 217.18}