{"eval_loss": 0.9477081894874573, "eval_accuracy": 0.5968000292778015, "eval_mae": 0.467, "eval_runtime": 19.1519, "eval_samples_per_second": 261.071}