{"eval_loss": 1.0180060863494873, "eval_accuracy": 0.5776000022888184, "eval_mae": 0.4848, "eval_runtime": 17.7073, "eval_samples_per_second": 282.37}