{"eval_loss": 1.0860093832015991, "eval_accuracy": 0.5479999780654907, "eval_mae": 0.5408, "eval_runtime": 21.0482, "eval_samples_per_second": 237.55}