{"eval_loss": 0.9557088613510132, "eval_accuracy": 0.5985999703407288, "eval_mae": 0.4634, "eval_runtime": 17.5099, "eval_samples_per_second": 285.553}