{"eval_loss": 1.0298010110855103, "eval_accuracy": 0.5454000234603882, "eval_mae": 0.5398, "eval_runtime": 16.8993, "eval_samples_per_second": 295.87}