{"eval_loss": 1.0454822778701782, "eval_accuracy": 0.5608000159263611, "eval_mae": 0.5086, "eval_runtime": 21.5432, "eval_samples_per_second": 232.091}