{"eval_loss": 1.0053874254226685, "eval_accuracy": 0.576200008392334, "eval_mae": 0.4958, "eval_runtime": 17.5088, "eval_samples_per_second": 285.571}