{"eval_loss": 0.9355181455612183, "eval_accuracy": 0.602400004863739, "eval_mae": 0.453, "eval_runtime": 16.3829, "eval_samples_per_second": 305.196}