{"eval_loss": 1.0536243915557861, "eval_accuracy": 0.5288000106811523, "eval_mae": 0.5668, "eval_runtime": 16.9135, "eval_samples_per_second": 295.622}