{"eval_loss": 0.9489568471908569, "eval_accuracy": 0.6061999797821045, "eval_mae": 0.449, "eval_runtime": 18.3614, "eval_samples_per_second": 272.31}