{"eval_loss": 0.9466570019721985, "eval_accuracy": 0.6055999994277954, "eval_mae": 0.4558, "eval_runtime": 16.8387, "eval_samples_per_second": 296.935}