{"eval_loss": 0.9501203298568726, "eval_accuracy": 0.621399998664856, "eval_mae": 0.4278, "eval_runtime": 17.5904, "eval_samples_per_second": 284.246}