{"eval_loss": 1.2283234596252441, "eval_accuracy": 0.5005999803543091, "eval_mae": 0.6032, "eval_runtime": 18.3773, "eval_samples_per_second": 272.074}