{"eval_loss": 0.9911543130874634, "eval_accuracy": 0.5699999928474426, "eval_mae": 0.5066, "eval_runtime": 16.8996, "eval_samples_per_second": 295.866}