{"eval_loss": 0.9499788880348206, "eval_accuracy": 0.6061999797821045, "eval_mae": 0.4508, "eval_runtime": 18.6437, "eval_samples_per_second": 268.187}