{"eval_loss": 0.9355730414390564, "eval_accuracy": 0.6019999980926514, "eval_mae": 0.4544, "eval_runtime": 16.45, "eval_samples_per_second": 303.952}