{"eval_loss": 0.9610352516174316, "eval_accuracy": 0.5925999879837036, "eval_mae": 0.4834, "eval_runtime": 17.2936, "eval_samples_per_second": 289.125}