{"eval_loss": 1.3942011594772339, "eval_accuracy": 0.4819999933242798, "eval_mae": 0.6724, "eval_runtime": 20.0569, "eval_samples_per_second": 249.29}