{"eval_loss": 1.0799838304519653, "eval_accuracy": 0.5564000010490417, "eval_mae": 0.5648, "eval_runtime": 19.2045, "eval_samples_per_second": 260.355}