{"eval_loss": 1.3444507122039795, "eval_accuracy": 0.48399999737739563, "eval_mae": 0.6696, "eval_runtime": 17.8512, "eval_samples_per_second": 280.093}