{"eval_loss": 1.0540927648544312, "eval_accuracy": 0.5284000039100647, "eval_mae": 0.5694, "eval_runtime": 16.2983, "eval_samples_per_second": 306.781}