{"eval_loss": 0.9551795125007629, "eval_accuracy": 0.599399983882904, "eval_mae": 0.4634, "eval_runtime": 17.3887, "eval_samples_per_second": 287.542}