{"eval_loss": 1.0064820051193237, "eval_accuracy": 0.5911999940872192, "eval_mae": 0.4708, "eval_runtime": 17.3756, "eval_samples_per_second": 287.761}