{"eval_loss": 1.0786001682281494, "eval_accuracy": 0.5590000152587891, "eval_mae": 0.5302, "eval_runtime": 18.275, "eval_samples_per_second": 273.597}