{"eval_loss": 1.2274961471557617, "eval_accuracy": 0.5072000026702881, "eval_mae": 0.6204, "eval_runtime": 22.4274, "eval_samples_per_second": 222.942}