{"eval_loss": 0.9786591529846191, "eval_accuracy": 0.5820000171661377, "eval_mae": 0.4886, "eval_runtime": 17.4129, "eval_samples_per_second": 287.144}