{"eval_loss": 1.442594289779663, "eval_accuracy": 0.4397999942302704, "eval_mae": 0.7294, "eval_runtime": 18.9231, "eval_samples_per_second": 264.227}