{"eval_loss": 1.0793899297714233, "eval_accuracy": 0.5580000281333923, "eval_mae": 0.563, "eval_runtime": 19.6192, "eval_samples_per_second": 254.852}