{"eval_loss": 1.1574872732162476, "eval_accuracy": 0.49799999594688416, "eval_mae": 0.5924, "eval_runtime": 17.2835, "eval_samples_per_second": 289.293}