{"eval_loss": 1.0862531661987305, "eval_accuracy": 0.5482000112533569, "eval_mae": 0.5404, "eval_runtime": 32.328, "eval_samples_per_second": 154.665}