{"eval_loss": 0.9485313296318054, "eval_accuracy": 0.5879999995231628, "eval_mae": 0.4652, "eval_runtime": 16.2616, "eval_samples_per_second": 307.473}