{"eval_loss": 1.087453842163086, "eval_accuracy": 0.5490000247955322, "eval_mae": 0.5408, "eval_runtime": 20.2026, "eval_samples_per_second": 247.493}