{"eval_loss": 0.9463273286819458, "eval_accuracy": 0.6060000061988831, "eval_mae": 0.4534, "eval_runtime": 17.2111, "eval_samples_per_second": 290.51}