{"eval_loss": 1.011901617050171, "eval_accuracy": 0.579200029373169, "eval_mae": 0.483, "eval_runtime": 17.4695, "eval_samples_per_second": 286.213}