{"eval_loss": 1.3531004190444946, "eval_accuracy": 0.46480000019073486, "eval_mae": 0.6938, "eval_runtime": 20.6878, "eval_samples_per_second": 241.688}