{"eval_loss": 1.0071154832839966, "eval_accuracy": 0.5946000218391418, "eval_mae": 0.4672, "eval_runtime": 17.1287, "eval_samples_per_second": 291.908}