{"eval_loss": 1.2059869766235352, "eval_accuracy": 0.506600022315979, "eval_mae": 0.5944, "eval_runtime": 18.0213, "eval_samples_per_second": 277.45}