{"eval_loss": 0.9509009718894958, "eval_accuracy": 0.6195999979972839, "eval_mae": 0.4296, "eval_runtime": 17.4148, "eval_samples_per_second": 287.112}