{"eval_loss": 0.9356468915939331, "eval_accuracy": 0.6019999980926514, "eval_mae": 0.454, "eval_runtime": 17.0668, "eval_samples_per_second": 292.967}