{"eval_loss": 0.9500523209571838, "eval_accuracy": 0.6226000189781189, "eval_mae": 0.4278, "eval_runtime": 17.3921, "eval_samples_per_second": 287.487}