{"eval_loss": 0.8895832896232605, "eval_accuracy": 0.6353999972343445, "eval_mae": 0.416, "eval_runtime": 20.3143, "eval_samples_per_second": 246.131}