{"eval_loss": 1.0299415588378906, "eval_accuracy": 0.5455999970436096, "eval_mae": 0.54, "eval_runtime": 16.6767, "eval_samples_per_second": 299.82}