{"eval_loss": 0.9358500838279724, "eval_accuracy": 0.6007999777793884, "eval_mae": 0.455, "eval_runtime": 17.0948, "eval_samples_per_second": 292.486}