{"eval_loss": 1.298839807510376, "eval_accuracy": 0.4674000144004822, "eval_mae": 0.6824, "eval_runtime": 32.4895, "eval_samples_per_second": 153.896}