{"eval_loss": 0.9471447467803955, "eval_accuracy": 0.5928000211715698, "eval_mae": 0.4692, "eval_runtime": 19.8269, "eval_samples_per_second": 252.183}