{"eval_loss": 1.0310978889465332, "eval_accuracy": 0.5461999773979187, "eval_mae": 0.5396, "eval_runtime": 16.6707, "eval_samples_per_second": 299.927}