{"eval_loss": 0.9471853375434875, "eval_accuracy": 0.6051999926567078, "eval_mae": 0.457, "eval_runtime": 16.3883, "eval_samples_per_second": 305.095}