{"eval_loss": 1.0651487112045288, "eval_accuracy": 0.5565999746322632, "eval_mae": 0.5224, "eval_runtime": 18.3512, "eval_samples_per_second": 272.462}