{"eval_loss": 1.0639939308166504, "eval_accuracy": 0.5576000213623047, "eval_mae": 0.5214, "eval_runtime": 18.3877, "eval_samples_per_second": 271.921}