{"eval_loss": 1.0254747867584229, "eval_accuracy": 0.5551999807357788, "eval_mae": 0.5372, "eval_runtime": 17.3129, "eval_samples_per_second": 288.802}