{"eval_loss": 0.9356563687324524, "eval_accuracy": 0.6019999980926514, "eval_mae": 0.4534, "eval_runtime": 16.3456, "eval_samples_per_second": 305.892}