{"eval_loss": 1.173805832862854, "eval_accuracy": 0.5019999742507935, "eval_mae": 0.5916, "eval_runtime": 17.3042, "eval_samples_per_second": 288.947}