{"eval_loss": 1.2275917530059814, "eval_accuracy": 0.49959999322891235, "eval_mae": 0.6036, "eval_runtime": 18.3787, "eval_samples_per_second": 272.054}