{"eval_loss": 1.2956738471984863, "eval_accuracy": 0.46880000829696655, "eval_mae": 0.68, "eval_runtime": 20.5645, "eval_samples_per_second": 243.137}