{"eval_loss": 1.0834039449691772, "eval_accuracy": 0.5758000016212463, "eval_mae": 0.5096, "eval_runtime": 16.4503, "eval_samples_per_second": 303.946}