{"eval_loss": 0.9497047066688538, "eval_accuracy": 0.6068000197410583, "eval_mae": 0.4494, "eval_runtime": 18.3288, "eval_samples_per_second": 272.795}