{"eval_loss": 1.0297809839248657, "eval_accuracy": 0.5455999970436096, "eval_mae": 0.5398, "eval_runtime": 16.9104, "eval_samples_per_second": 295.675}