{"eval_loss": 1.0532047748565674, "eval_accuracy": 0.5281999707221985, "eval_mae": 0.5692, "eval_runtime": 16.3191, "eval_samples_per_second": 306.389}