{"eval_loss": 1.2288901805877686, "eval_accuracy": 0.49900001287460327, "eval_mae": 0.6036, "eval_runtime": 18.3606, "eval_samples_per_second": 272.322}