{"eval_loss": 1.0454245805740356, "eval_accuracy": 0.5613999962806702, "eval_mae": 0.5076, "eval_runtime": 21.8257, "eval_samples_per_second": 229.088}