{"eval_loss": 1.011374831199646, "eval_accuracy": 0.5795999765396118, "eval_mae": 0.4824, "eval_runtime": 17.5053, "eval_samples_per_second": 285.628}