{"eval_loss": 0.9798861145973206, "eval_accuracy": 0.5820000171661377, "eval_mae": 0.4878, "eval_runtime": 17.319, "eval_samples_per_second": 288.701}