{"eval_loss": 1.0119057893753052, "eval_accuracy": 0.5795999765396118, "eval_mae": 0.482, "eval_runtime": 16.8015, "eval_samples_per_second": 297.592}