{"eval_loss": 1.1476420164108276, "eval_accuracy": 0.5491999983787537, "eval_mae": 0.5818, "eval_runtime": 17.4226, "eval_samples_per_second": 286.983}