{"eval_loss": 0.9353058338165283, "eval_accuracy": 0.6010000109672546, "eval_mae": 0.4562, "eval_runtime": 17.0634, "eval_samples_per_second": 293.025}