{"eval_loss": 1.3407894372940063, "eval_accuracy": 0.48339998722076416, "eval_mae": 0.6698, "eval_runtime": 19.4507, "eval_samples_per_second": 257.06}