{"eval_loss": 1.0786066055297852, "eval_accuracy": 0.5583999752998352, "eval_mae": 0.5308, "eval_runtime": 28.6706, "eval_samples_per_second": 174.395}