{"eval_loss": 1.3005930185317993, "eval_accuracy": 0.4702000021934509, "eval_mae": 0.6798, "eval_runtime": 17.8285, "eval_samples_per_second": 280.45}