{"eval_loss": 1.0248644351959229, "eval_accuracy": 0.5562000274658203, "eval_mae": 0.5356, "eval_runtime": 17.303, "eval_samples_per_second": 288.968}