{"eval_loss": 1.2981581687927246, "eval_accuracy": 0.4675999879837036, "eval_mae": 0.6812, "eval_runtime": 17.7775, "eval_samples_per_second": 281.254}