{"eval_loss": 1.1589083671569824, "eval_accuracy": 0.49900001287460327, "eval_mae": 0.5914, "eval_runtime": 17.4141, "eval_samples_per_second": 287.124}