{"eval_loss": 0.8897152543067932, "eval_accuracy": 0.6362000107765198, "eval_mae": 0.4148, "eval_runtime": 18.5691, "eval_samples_per_second": 269.264}