{"eval_loss": 1.1562035083770752, "eval_accuracy": 0.5001999735832214, "eval_mae": 0.5906, "eval_runtime": 17.3686, "eval_samples_per_second": 287.876}