{"eval_loss": 1.1567752361297607, "eval_accuracy": 0.4991999864578247, "eval_mae": 0.5914, "eval_runtime": 16.6735, "eval_samples_per_second": 299.877}