{"eval_loss": 1.0850982666015625, "eval_accuracy": 0.5752000212669373, "eval_mae": 0.5106, "eval_runtime": 17.0613, "eval_samples_per_second": 293.061}