{"eval_loss": 1.3390309810638428, "eval_accuracy": 0.46799999475479126, "eval_mae": 0.6888, "eval_runtime": 35.5697, "eval_samples_per_second": 140.569}