{"eval_loss": 0.948926568031311, "eval_accuracy": 0.5898000001907349, "eval_mae": 0.4638, "eval_runtime": 17.2286, "eval_samples_per_second": 290.215}