{"eval_loss": 1.0178228616714478, "eval_accuracy": 0.579800009727478, "eval_mae": 0.4806, "eval_runtime": 16.8166, "eval_samples_per_second": 297.325}