{"eval_loss": 1.3923877477645874, "eval_accuracy": 0.48080000281333923, "eval_mae": 0.6738, "eval_runtime": 27.5455, "eval_samples_per_second": 181.518}