{"eval_loss": 1.365053653717041, "eval_accuracy": 0.45739999413490295, "eval_mae": 0.7324, "eval_runtime": 16.8404, "eval_samples_per_second": 296.905}