{"eval_loss": 0.955544114112854, "eval_accuracy": 0.5992000102996826, "eval_mae": 0.4642, "eval_runtime": 17.2998, "eval_samples_per_second": 289.02}