{"eval_loss": 0.935975193977356, "eval_accuracy": 0.6014000177383423, "eval_mae": 0.4544, "eval_runtime": 16.4041, "eval_samples_per_second": 304.802}