{"eval_loss": 1.0851051807403564, "eval_accuracy": 0.574999988079071, "eval_mae": 0.511, "eval_runtime": 16.1223, "eval_samples_per_second": 310.129}