{"eval_loss": 1.0433242321014404, "eval_accuracy": 0.5612000226974487, "eval_mae": 0.5074, "eval_runtime": 19.9015, "eval_samples_per_second": 251.237}