{"eval_loss": 1.0630762577056885, "eval_accuracy": 0.557200014591217, "eval_mae": 0.5216, "eval_runtime": 18.3476, "eval_samples_per_second": 272.515}