{"eval_loss": 0.9762064218521118, "eval_accuracy": 0.5803999900817871, "eval_mae": 0.4888, "eval_runtime": 16.8629, "eval_samples_per_second": 296.509}