{"eval_loss": 0.9486036896705627, "eval_accuracy": 0.6047999858856201, "eval_mae": 0.4514, "eval_runtime": 23.5328, "eval_samples_per_second": 212.469}