{"eval_loss": 1.3950097560882568, "eval_accuracy": 0.47839999198913574, "eval_mae": 0.6744, "eval_runtime": 18.4906, "eval_samples_per_second": 270.407}