{"eval_loss": 1.0849804878234863, "eval_accuracy": 0.5759999752044678, "eval_mae": 0.5102, "eval_runtime": 16.3654, "eval_samples_per_second": 305.523}