{"eval_loss": 1.1461055278778076, "eval_accuracy": 0.5497999787330627, "eval_mae": 0.578, "eval_runtime": 17.3418, "eval_samples_per_second": 288.321}