{"eval_loss": 1.085405945777893, "eval_accuracy": 0.548799991607666, "eval_mae": 0.5392, "eval_runtime": 30.5364, "eval_samples_per_second": 163.739}