{"eval_loss": 1.024609923362732, "eval_accuracy": 0.5562000274658203, "eval_mae": 0.5354, "eval_runtime": 18.1935, "eval_samples_per_second": 274.823}