{"eval_loss": 1.1793591976165771, "eval_accuracy": 0.5023999810218811, "eval_mae": 0.5932, "eval_runtime": 16.922, "eval_samples_per_second": 295.474}