{"eval_loss": 1.0455588102340698, "eval_accuracy": 0.5604000091552734, "eval_mae": 0.5088, "eval_runtime": 18.0828, "eval_samples_per_second": 276.505}