{"eval_loss": 0.9485299587249756, "eval_accuracy": 0.5917999744415283, "eval_mae": 0.4616, "eval_runtime": 17.1139, "eval_samples_per_second": 292.16}