{"eval_loss": 1.0053683519363403, "eval_accuracy": 0.5756000280380249, "eval_mae": 0.496, "eval_runtime": 17.2689, "eval_samples_per_second": 289.538}