{"eval_loss": 0.9771956205368042, "eval_accuracy": 0.5825999975204468, "eval_mae": 0.4866, "eval_runtime": 16.6339, "eval_samples_per_second": 300.591}