{"eval_loss": 1.2346464395523071, "eval_accuracy": 0.5013999938964844, "eval_mae": 0.6006, "eval_runtime": 18.0825, "eval_samples_per_second": 276.511}