{"eval_loss": 0.9500932693481445, "eval_accuracy": 0.6230000257492065, "eval_mae": 0.4264, "eval_runtime": 17.4074, "eval_samples_per_second": 287.234}