{"eval_loss": 0.9506133794784546, "eval_accuracy": 0.621399998664856, "eval_mae": 0.428, "eval_runtime": 17.4611, "eval_samples_per_second": 286.35}