{"eval_loss": 1.3394383192062378, "eval_accuracy": 0.4706000089645386, "eval_mae": 0.6866, "eval_runtime": 18.1166, "eval_samples_per_second": 275.99}