{"eval_loss": 0.9353997111320496, "eval_accuracy": 0.6007999777793884, "eval_mae": 0.4548, "eval_runtime": 17.0782, "eval_samples_per_second": 292.771}