{"eval_loss": 1.3399602174758911, "eval_accuracy": 0.475600004196167, "eval_mae": 0.6934, "eval_runtime": 16.9006, "eval_samples_per_second": 295.847}