{"eval_loss": 1.2966939210891724, "eval_accuracy": 0.46799999475479126, "eval_mae": 0.6814, "eval_runtime": 19.8588, "eval_samples_per_second": 251.777}