{"eval_loss": 1.0054799318313599, "eval_accuracy": 0.574999988079071, "eval_mae": 0.4972, "eval_runtime": 17.0922, "eval_samples_per_second": 292.531}