{"eval_loss": 1.367260456085205, "eval_accuracy": 0.4580000042915344, "eval_mae": 0.7316, "eval_runtime": 17.3153, "eval_samples_per_second": 288.762}