{"eval_loss": 1.175557255744934, "eval_accuracy": 0.5026000142097473, "eval_mae": 0.5904, "eval_runtime": 17.2086, "eval_samples_per_second": 290.552}