{"eval_loss": 1.2971547842025757, "eval_accuracy": 0.46799999475479126, "eval_mae": 0.6814, "eval_runtime": 32.3745, "eval_samples_per_second": 154.443}