{"eval_loss": 0.978650689125061, "eval_accuracy": 0.5813999772071838, "eval_mae": 0.4886, "eval_runtime": 17.2977, "eval_samples_per_second": 289.056}