{"eval_loss": 0.9478455781936646, "eval_accuracy": 0.5917999744415283, "eval_mae": 0.4704, "eval_runtime": 32.8037, "eval_samples_per_second": 152.422}