{"eval_loss": 1.391979455947876, "eval_accuracy": 0.48100000619888306, "eval_mae": 0.6732, "eval_runtime": 18.723, "eval_samples_per_second": 267.051}