{"eval_loss": 1.0851223468780518, "eval_accuracy": 0.5753999948501587, "eval_mae": 0.5104, "eval_runtime": 16.9478, "eval_samples_per_second": 295.024}