{"eval_loss": 0.9611577987670898, "eval_accuracy": 0.5925999879837036, "eval_mae": 0.484, "eval_runtime": 17.5367, "eval_samples_per_second": 285.116}