{"eval_loss": 0.9904062747955322, "eval_accuracy": 0.5702000260353088, "eval_mae": 0.5082, "eval_runtime": 17.0321, "eval_samples_per_second": 293.564}