{"eval_loss": 1.3388184309005737, "eval_accuracy": 0.46959999203681946, "eval_mae": 0.6868, "eval_runtime": 21.1535, "eval_samples_per_second": 236.368}