{"eval_loss": 1.0145189762115479, "eval_accuracy": 0.5633999705314636, "eval_mae": 0.5088, "eval_runtime": 16.4699, "eval_samples_per_second": 303.584}