{"eval_loss": 0.9467617273330688, "eval_accuracy": 0.5946000218391418, "eval_mae": 0.4682, "eval_runtime": 21.3378, "eval_samples_per_second": 234.326}