{"eval_loss": 1.0786157846450806, "eval_accuracy": 0.5582000017166138, "eval_mae": 0.531, "eval_runtime": 32.116, "eval_samples_per_second": 155.686}