{"eval_loss": 1.3466601371765137, "eval_accuracy": 0.4722000062465668, "eval_mae": 0.6898, "eval_runtime": 16.4159, "eval_samples_per_second": 304.582}