{"eval_loss": 0.9507074356079102, "eval_accuracy": 0.6209999918937683, "eval_mae": 0.428, "eval_runtime": 17.5, "eval_samples_per_second": 285.715}