{"eval_loss": 0.935186505317688, "eval_accuracy": 0.6010000109672546, "eval_mae": 0.4564, "eval_runtime": 16.0886, "eval_samples_per_second": 310.779}