{"eval_loss": 0.947004497051239, "eval_accuracy": 0.5920000076293945, "eval_mae": 0.47, "eval_runtime": 18.7588, "eval_samples_per_second": 266.542}