{"eval_loss": 0.9511143565177917, "eval_accuracy": 0.6208000183105469, "eval_mae": 0.4288, "eval_runtime": 17.4098, "eval_samples_per_second": 287.194}