{"eval_loss": 1.2382546663284302, "eval_accuracy": 0.4966000020503998, "eval_mae": 0.6472, "eval_runtime": 19.359, "eval_samples_per_second": 258.277}