{"eval_loss": 0.9361993074417114, "eval_accuracy": 0.6014000177383423, "eval_mae": 0.4544, "eval_runtime": 16.3383, "eval_samples_per_second": 306.029}