{"eval_loss": 1.3432344198226929, "eval_accuracy": 0.47519999742507935, "eval_mae": 0.694, "eval_runtime": 16.3806, "eval_samples_per_second": 305.239}