{"eval_loss": 1.0210720300674438, "eval_accuracy": 0.5705999732017517, "eval_mae": 0.5082, "eval_runtime": 17.3289, "eval_samples_per_second": 288.536}