{"eval_loss": 1.0176523923873901, "eval_accuracy": 0.5803999900817871, "eval_mae": 0.4824, "eval_runtime": 17.4341, "eval_samples_per_second": 286.794}