{"eval_loss": 1.4430044889450073, "eval_accuracy": 0.4406000077724457, "eval_mae": 0.7286, "eval_runtime": 20.3699, "eval_samples_per_second": 245.46}