{"eval_loss": 1.0235904455184937, "eval_accuracy": 0.5702000260353088, "eval_mae": 0.5082, "eval_runtime": 17.2456, "eval_samples_per_second": 289.928}