{"eval_loss": 1.0297644138336182, "eval_accuracy": 0.5428000092506409, "eval_mae": 0.5422, "eval_runtime": 17.037, "eval_samples_per_second": 293.479}