{"eval_loss": 1.4434814453125, "eval_accuracy": 0.4392000138759613, "eval_mae": 0.7288, "eval_runtime": 20.3011, "eval_samples_per_second": 246.292}