{"eval_loss": 1.0216948986053467, "eval_accuracy": 0.5712000131607056, "eval_mae": 0.505, "eval_runtime": 17.3677, "eval_samples_per_second": 287.891}