{"eval_loss": 1.0780341625213623, "eval_accuracy": 0.5590000152587891, "eval_mae": 0.5306, "eval_runtime": 29.3477, "eval_samples_per_second": 170.371}