{"eval_loss": 1.0244669914245605, "eval_accuracy": 0.5559999942779541, "eval_mae": 0.5348, "eval_runtime": 17.3294, "eval_samples_per_second": 288.527}