{"eval_loss": 0.9490128755569458, "eval_accuracy": 0.5906000137329102, "eval_mae": 0.463, "eval_runtime": 17.2621, "eval_samples_per_second": 289.652}