{"eval_loss": 1.0844806432724, "eval_accuracy": 0.5684000253677368, "eval_mae": 0.514, "eval_runtime": 16.4444, "eval_samples_per_second": 304.054}