{"eval_loss": 1.0168532133102417, "eval_accuracy": 0.5781999826431274, "eval_mae": 0.484, "eval_runtime": 17.4809, "eval_samples_per_second": 286.027}