{"eval_loss": 1.1478782892227173, "eval_accuracy": 0.5475999712944031, "eval_mae": 0.5826, "eval_runtime": 16.8142, "eval_samples_per_second": 297.368}