{"eval_loss": 1.0452207326889038, "eval_accuracy": 0.5616000294685364, "eval_mae": 0.5078, "eval_runtime": 18.5708, "eval_samples_per_second": 269.239}