{"eval_loss": 0.9557034969329834, "eval_accuracy": 0.5997999906539917, "eval_mae": 0.4638, "eval_runtime": 17.4063, "eval_samples_per_second": 287.252}