{"eval_loss": 0.9785489439964294, "eval_accuracy": 0.5806000232696533, "eval_mae": 0.4894, "eval_runtime": 16.7138, "eval_samples_per_second": 299.155}