{"eval_loss": 1.0849844217300415, "eval_accuracy": 0.5758000016212463, "eval_mae": 0.5102, "eval_runtime": 16.1402, "eval_samples_per_second": 309.786}