{"eval_loss": 1.0150792598724365, "eval_accuracy": 0.5648000240325928, "eval_mae": 0.508, "eval_runtime": 16.3406, "eval_samples_per_second": 305.987}