{"eval_loss": 0.891964852809906, "eval_accuracy": 0.6331999897956848, "eval_mae": 0.4178, "eval_runtime": 26.697, "eval_samples_per_second": 187.287}