{"eval_loss": 1.442986249923706, "eval_accuracy": 0.43959999084472656, "eval_mae": 0.7294, "eval_runtime": 31.2009, "eval_samples_per_second": 160.252}