{"eval_loss": 1.226205825805664, "eval_accuracy": 0.5001999735832214, "eval_mae": 0.6034, "eval_runtime": 17.7909, "eval_samples_per_second": 281.042}