{"eval_loss": 0.9476420879364014, "eval_accuracy": 0.592199981212616, "eval_mae": 0.4702, "eval_runtime": 18.8852, "eval_samples_per_second": 264.758}