{"eval_loss": 0.9611712098121643, "eval_accuracy": 0.5942000150680542, "eval_mae": 0.4812, "eval_runtime": 17.413, "eval_samples_per_second": 287.142}