{"eval_loss": 1.2389472723007202, "eval_accuracy": 0.4973999857902527, "eval_mae": 0.6472, "eval_runtime": 32.4914, "eval_samples_per_second": 153.887}