{"eval_loss": 1.0238723754882812, "eval_accuracy": 0.5839999914169312, "eval_mae": 0.4924, "eval_runtime": 18.0715, "eval_samples_per_second": 276.679}