{"eval_loss": 1.3428881168365479, "eval_accuracy": 0.47440001368522644, "eval_mae": 0.6952, "eval_runtime": 16.9783, "eval_samples_per_second": 294.494}