{"eval_loss": 0.9489591717720032, "eval_accuracy": 0.5896000266075134, "eval_mae": 0.4642, "eval_runtime": 17.3169, "eval_samples_per_second": 288.735}