{"eval_loss": 1.0251597166061401, "eval_accuracy": 0.5551999807357788, "eval_mae": 0.5366, "eval_runtime": 17.3504, "eval_samples_per_second": 288.178}