{"eval_loss": 1.0860702991485596, "eval_accuracy": 0.5478000044822693, "eval_mae": 0.541, "eval_runtime": 25.0354, "eval_samples_per_second": 199.717}