{"eval_loss": 1.011777400970459, "eval_accuracy": 0.5795999765396118, "eval_mae": 0.4818, "eval_runtime": 17.4638, "eval_samples_per_second": 286.306}