{"eval_loss": 1.0802918672561646, "eval_accuracy": 0.5562000274658203, "eval_mae": 0.565, "eval_runtime": 23.3151, "eval_samples_per_second": 214.453}