{"eval_loss": 1.3365041017532349, "eval_accuracy": 0.4702000021934509, "eval_mae": 0.6858, "eval_runtime": 29.4907, "eval_samples_per_second": 169.545}