{"eval_loss": 1.2280993461608887, "eval_accuracy": 0.5008000135421753, "eval_mae": 0.6014, "eval_runtime": 18.4401, "eval_samples_per_second": 271.148}