{"eval_loss": 1.0219054222106934, "eval_accuracy": 0.5702000260353088, "eval_mae": 0.5082, "eval_runtime": 16.5051, "eval_samples_per_second": 302.936}