{"eval_loss": 1.086821436882019, "eval_accuracy": 0.5482000112533569, "eval_mae": 0.5404, "eval_runtime": 19.5057, "eval_samples_per_second": 256.336}