{"eval_loss": 0.9561462998390198, "eval_accuracy": 0.6000000238418579, "eval_mae": 0.4628, "eval_runtime": 17.3223, "eval_samples_per_second": 288.645}