{"eval_loss": 1.3670592308044434, "eval_accuracy": 0.459199994802475, "eval_mae": 0.7308, "eval_runtime": 17.3543, "eval_samples_per_second": 288.113}