{"eval_loss": 1.0149145126342773, "eval_accuracy": 0.5644000172615051, "eval_mae": 0.508, "eval_runtime": 16.3624, "eval_samples_per_second": 305.579}