{"eval_loss": 1.005651593208313, "eval_accuracy": 0.5745999813079834, "eval_mae": 0.4982, "eval_runtime": 16.5355, "eval_samples_per_second": 302.38}