{"eval_loss": 1.085252046585083, "eval_accuracy": 0.5483999848365784, "eval_mae": 0.5404, "eval_runtime": 21.0291, "eval_samples_per_second": 237.766}