{"eval_loss": 1.2421166896820068, "eval_accuracy": 0.5001999735832214, "eval_mae": 0.5954, "eval_runtime": 31.8884, "eval_samples_per_second": 156.797}