{"eval_loss": 1.2289808988571167, "eval_accuracy": 0.5063999891281128, "eval_mae": 0.6212, "eval_runtime": 34.4441, "eval_samples_per_second": 145.163}