{"eval_loss": 1.0457439422607422, "eval_accuracy": 0.5608000159263611, "eval_mae": 0.5082, "eval_runtime": 18.6314, "eval_samples_per_second": 268.364}