{"eval_loss": 1.0068362951278687, "eval_accuracy": 0.5935999751091003, "eval_mae": 0.468, "eval_runtime": 17.1711, "eval_samples_per_second": 291.187}