{"eval_loss": 1.0857502222061157, "eval_accuracy": 0.5735999941825867, "eval_mae": 0.5116, "eval_runtime": 16.2329, "eval_samples_per_second": 308.016}