{"eval_loss": 1.0845491886138916, "eval_accuracy": 0.574999988079071, "eval_mae": 0.511, "eval_runtime": 16.0944, "eval_samples_per_second": 310.668}