{"eval_loss": 1.3537702560424805, "eval_accuracy": 0.4828000068664551, "eval_mae": 0.6712, "eval_runtime": 19.3917, "eval_samples_per_second": 257.842}