{"eval_loss": 1.341748833656311, "eval_accuracy": 0.4758000075817108, "eval_mae": 0.695, "eval_runtime": 17.0125, "eval_samples_per_second": 293.901}