{"eval_loss": 1.0248665809631348, "eval_accuracy": 0.5562000274658203, "eval_mae": 0.5348, "eval_runtime": 17.3397, "eval_samples_per_second": 288.356}