{"eval_loss": 0.9477943181991577, "eval_accuracy": 0.5917999744415283, "eval_mae": 0.4708, "eval_runtime": 31.6356, "eval_samples_per_second": 158.05}