{"eval_loss": 1.3496015071868896, "eval_accuracy": 0.4821999967098236, "eval_mae": 0.6712, "eval_runtime": 18.3654, "eval_samples_per_second": 272.251}