{"eval_loss": 1.4431602954864502, "eval_accuracy": 0.43959999084472656, "eval_mae": 0.729, "eval_runtime": 34.1885, "eval_samples_per_second": 146.248}