{"eval_loss": 1.3651680946350098, "eval_accuracy": 0.45719999074935913, "eval_mae": 0.7334, "eval_runtime": 17.4185, "eval_samples_per_second": 287.051}