{"eval_loss": 1.0549453496932983, "eval_accuracy": 0.5288000106811523, "eval_mae": 0.568, "eval_runtime": 16.9465, "eval_samples_per_second": 295.046}