{"eval_loss": 1.147850751876831, "eval_accuracy": 0.5493999719619751, "eval_mae": 0.5824, "eval_runtime": 17.4446, "eval_samples_per_second": 286.621}