{"eval_loss": 1.0173331499099731, "eval_accuracy": 0.5788000226020813, "eval_mae": 0.4838, "eval_runtime": 17.3793, "eval_samples_per_second": 287.698}