{"eval_loss": 1.1792091131210327, "eval_accuracy": 0.5049999952316284, "eval_mae": 0.5926, "eval_runtime": 17.3341, "eval_samples_per_second": 288.448}