{"eval_loss": 1.3424078226089478, "eval_accuracy": 0.4742000102996826, "eval_mae": 0.6954, "eval_runtime": 17.2442, "eval_samples_per_second": 289.952}