{"eval_loss": 1.23866868019104, "eval_accuracy": 0.49720001220703125, "eval_mae": 0.6472, "eval_runtime": 29.4154, "eval_samples_per_second": 169.979}