{"eval_loss": 1.0051296949386597, "eval_accuracy": 0.5807999968528748, "eval_mae": 0.4804, "eval_runtime": 17.4223, "eval_samples_per_second": 286.989}