{"eval_loss": 1.0845391750335693, "eval_accuracy": 0.574999988079071, "eval_mae": 0.5118, "eval_runtime": 16.6323, "eval_samples_per_second": 300.62}