{"eval_loss": 1.0175011157989502, "eval_accuracy": 0.578000009059906, "eval_mae": 0.4844, "eval_runtime": 17.6488, "eval_samples_per_second": 283.305}