{"eval_loss": 0.9610776305198669, "eval_accuracy": 0.5914000272750854, "eval_mae": 0.4848, "eval_runtime": 17.2243, "eval_samples_per_second": 290.288}