{"eval_loss": 1.0534495115280151, "eval_accuracy": 0.5267999768257141, "eval_mae": 0.5704, "eval_runtime": 16.8844, "eval_samples_per_second": 296.131}