{"eval_loss": 1.292555332183838, "eval_accuracy": 0.4690000116825104, "eval_mae": 0.6784, "eval_runtime": 34.1946, "eval_samples_per_second": 146.222}