{"eval_loss": 0.9501255750656128, "eval_accuracy": 0.6205999851226807, "eval_mae": 0.4294, "eval_runtime": 17.379, "eval_samples_per_second": 287.704}