{"eval_loss": 1.3512312173843384, "eval_accuracy": 0.47119998931884766, "eval_mae": 0.691, "eval_runtime": 16.3654, "eval_samples_per_second": 305.523}