{"eval_loss": 1.2284430265426636, "eval_accuracy": 0.4991999864578247, "eval_mae": 0.604, "eval_runtime": 18.3672, "eval_samples_per_second": 272.224}