{"eval_loss": 1.3524892330169678, "eval_accuracy": 0.48399999737739563, "eval_mae": 0.6706, "eval_runtime": 19.7451, "eval_samples_per_second": 253.227}