{"eval_loss": 1.227524995803833, "eval_accuracy": 0.5004000067710876, "eval_mae": 0.6022, "eval_runtime": 19.5038, "eval_samples_per_second": 256.36}