{"eval_loss": 1.4425878524780273, "eval_accuracy": 0.4399999976158142, "eval_mae": 0.7274, "eval_runtime": 18.8977, "eval_samples_per_second": 264.582}