{"eval_loss": 0.9471579790115356, "eval_accuracy": 0.5956000089645386, "eval_mae": 0.4664, "eval_runtime": 18.2549, "eval_samples_per_second": 273.899}