{"eval_loss": 1.029313325881958, "eval_accuracy": 0.5468000173568726, "eval_mae": 0.537, "eval_runtime": 17.3458, "eval_samples_per_second": 288.254}