{"eval_loss": 0.9496443271636963, "eval_accuracy": 0.6074000000953674, "eval_mae": 0.4488, "eval_runtime": 19.4542, "eval_samples_per_second": 257.014}