{"eval_loss": 1.369373083114624, "eval_accuracy": 0.4560000002384186, "eval_mae": 0.7368, "eval_runtime": 17.3525, "eval_samples_per_second": 288.143}