{"eval_loss": 1.343578577041626, "eval_accuracy": 0.4745999872684479, "eval_mae": 0.6962, "eval_runtime": 16.4498, "eval_samples_per_second": 303.956}