{"eval_loss": 0.9501957893371582, "eval_accuracy": 0.6218000054359436, "eval_mae": 0.4274, "eval_runtime": 17.4592, "eval_samples_per_second": 286.382}