{"eval_loss": 0.9477552771568298, "eval_accuracy": 0.592199981212616, "eval_mae": 0.4706, "eval_runtime": 19.676, "eval_samples_per_second": 254.116}