{"eval_loss": 0.9820804595947266, "eval_accuracy": 0.5821999907493591, "eval_mae": 0.488, "eval_runtime": 17.2959, "eval_samples_per_second": 289.086}