{"eval_loss": 1.1545798778533936, "eval_accuracy": 0.4991999864578247, "eval_mae": 0.5918, "eval_runtime": 17.2471, "eval_samples_per_second": 289.905}