{"eval_loss": 0.8894316554069519, "eval_accuracy": 0.6362000107765198, "eval_mae": 0.4148, "eval_runtime": 18.5927, "eval_samples_per_second": 268.923}