{"eval_loss": 0.9488323926925659, "eval_accuracy": 0.5898000001907349, "eval_mae": 0.4638, "eval_runtime": 17.1768, "eval_samples_per_second": 291.09}