{"eval_loss": 1.006929874420166, "eval_accuracy": 0.5934000015258789, "eval_mae": 0.4684, "eval_runtime": 17.1977, "eval_samples_per_second": 290.737}