{"eval_loss": 1.014896035194397, "eval_accuracy": 0.5645999908447266, "eval_mae": 0.5078, "eval_runtime": 18.3202, "eval_samples_per_second": 272.922}