{"eval_loss": 1.4430063962936401, "eval_accuracy": 0.4397999942302704, "eval_mae": 0.7292, "eval_runtime": 35.818, "eval_samples_per_second": 139.595}