{"eval_loss": 0.9356984496116638, "eval_accuracy": 0.5996000170707703, "eval_mae": 0.4566, "eval_runtime": 17.3931, "eval_samples_per_second": 287.47}