{"eval_loss": 1.17577064037323, "eval_accuracy": 0.5031999945640564, "eval_mae": 0.5912, "eval_runtime": 17.4776, "eval_samples_per_second": 286.081}