{"eval_loss": 0.9490873217582703, "eval_accuracy": 0.605400025844574, "eval_mae": 0.4564, "eval_runtime": 17.313, "eval_samples_per_second": 288.801}