{"eval_loss": 1.1792165040969849, "eval_accuracy": 0.5037999749183655, "eval_mae": 0.5914, "eval_runtime": 17.3741, "eval_samples_per_second": 287.784}