{"eval_loss": 1.176023006439209, "eval_accuracy": 0.5026000142097473, "eval_mae": 0.5918, "eval_runtime": 17.3716, "eval_samples_per_second": 287.826}