{"eval_loss": 1.333194375038147, "eval_accuracy": 0.4706000089645386, "eval_mae": 0.6844, "eval_runtime": 19.5067, "eval_samples_per_second": 256.323}