{"eval_loss": 1.1779191493988037, "eval_accuracy": 0.501800000667572, "eval_mae": 0.5922, "eval_runtime": 17.3349, "eval_samples_per_second": 288.436}