{"eval_loss": 1.080043911933899, "eval_accuracy": 0.5562000274658203, "eval_mae": 0.565, "eval_runtime": 26.1493, "eval_samples_per_second": 191.209}