{"eval_loss": 0.9565258622169495, "eval_accuracy": 0.5996000170707703, "eval_mae": 0.4632, "eval_runtime": 17.2797, "eval_samples_per_second": 289.357}