{"eval_loss": 1.440651297569275, "eval_accuracy": 0.4397999942302704, "eval_mae": 0.7288, "eval_runtime": 18.6708, "eval_samples_per_second": 267.797}