{"eval_loss": 1.0116519927978516, "eval_accuracy": 0.5806000232696533, "eval_mae": 0.4812, "eval_runtime": 17.5249, "eval_samples_per_second": 285.308}