{"eval_loss": 1.3584699630737305, "eval_accuracy": 0.4848000109195709, "eval_mae": 0.6702, "eval_runtime": 18.4866, "eval_samples_per_second": 270.466}