{"eval_loss": 1.0172498226165771, "eval_accuracy": 0.579200029373169, "eval_mae": 0.4824, "eval_runtime": 17.4937, "eval_samples_per_second": 285.817}