{"eval_loss": 1.0626012086868286, "eval_accuracy": 0.5573999881744385, "eval_mae": 0.5212, "eval_runtime": 18.3468, "eval_samples_per_second": 272.527}