{"eval_loss": 1.017048954963684, "eval_accuracy": 0.5789999961853027, "eval_mae": 0.4836, "eval_runtime": 17.4138, "eval_samples_per_second": 287.129}