{"eval_loss": 1.0630056858062744, "eval_accuracy": 0.5564000010490417, "eval_mae": 0.5222, "eval_runtime": 18.3855, "eval_samples_per_second": 271.954}