{"eval_loss": 1.0214723348617554, "eval_accuracy": 0.5703999996185303, "eval_mae": 0.5078, "eval_runtime": 17.2679, "eval_samples_per_second": 289.555}