{"eval_loss": 1.0168719291687012, "eval_accuracy": 0.5806000232696533, "eval_mae": 0.4816, "eval_runtime": 16.8333, "eval_samples_per_second": 297.031}