{"eval_loss": 1.0631705522537231, "eval_accuracy": 0.5565999746322632, "eval_mae": 0.523, "eval_runtime": 18.2991, "eval_samples_per_second": 273.237}