{"eval_loss": 1.227207064628601, "eval_accuracy": 0.5072000026702881, "eval_mae": 0.6216, "eval_runtime": 32.2197, "eval_samples_per_second": 155.184}