{"eval_loss": 1.0803189277648926, "eval_accuracy": 0.5562000274658203, "eval_mae": 0.565, "eval_runtime": 17.8712, "eval_samples_per_second": 279.779}