{"eval_loss": 0.8887978792190552, "eval_accuracy": 0.6358000040054321, "eval_mae": 0.4152, "eval_runtime": 19.5009, "eval_samples_per_second": 256.398}