{"eval_loss": 1.238011360168457, "eval_accuracy": 0.4984000027179718, "eval_mae": 0.6428, "eval_runtime": 19.0121, "eval_samples_per_second": 262.99}