{"eval_loss": 0.9417058825492859, "eval_accuracy": 0.5971999764442444, "eval_mae": 0.4558, "eval_runtime": 16.2019, "eval_samples_per_second": 308.605}