{"eval_loss": 1.0532232522964478, "eval_accuracy": 0.527999997138977, "eval_mae": 0.5682, "eval_runtime": 16.3039, "eval_samples_per_second": 306.675}