{"eval_loss": 1.3516545295715332, "eval_accuracy": 0.483599990606308, "eval_mae": 0.6704, "eval_runtime": 18.5138, "eval_samples_per_second": 270.069}