{"eval_loss": 1.053847074508667, "eval_accuracy": 0.5271999835968018, "eval_mae": 0.5708, "eval_runtime": 16.3747, "eval_samples_per_second": 305.349}