{"eval_loss": 1.2289458513259888, "eval_accuracy": 0.49939998984336853, "eval_mae": 0.6034, "eval_runtime": 18.3868, "eval_samples_per_second": 271.934}