{"eval_loss": 1.0183396339416504, "eval_accuracy": 0.5813999772071838, "eval_mae": 0.4942, "eval_runtime": 18.5678, "eval_samples_per_second": 269.284}