{"eval_loss": 1.0860627889633179, "eval_accuracy": 0.5491999983787537, "eval_mae": 0.5398, "eval_runtime": 20.8365, "eval_samples_per_second": 239.964}