{"eval_loss": 1.0865994691848755, "eval_accuracy": 0.5465999841690063, "eval_mae": 0.5402, "eval_runtime": 18.2719, "eval_samples_per_second": 273.645}