{"eval_loss": 1.0043418407440186, "eval_accuracy": 0.5756000280380249, "eval_mae": 0.4966, "eval_runtime": 16.37, "eval_samples_per_second": 305.436}