{"eval_loss": 1.3432599306106567, "eval_accuracy": 0.47440001368522644, "eval_mae": 0.695, "eval_runtime": 16.256, "eval_samples_per_second": 307.579}