{"eval_loss": 1.0044305324554443, "eval_accuracy": 0.5756000280380249, "eval_mae": 0.4962, "eval_runtime": 16.3977, "eval_samples_per_second": 304.922}