{"eval_loss": 0.8893868923187256, "eval_accuracy": 0.6366000175476074, "eval_mae": 0.4144, "eval_runtime": 18.6326, "eval_samples_per_second": 268.346}