{"eval_loss": 1.4425712823867798, "eval_accuracy": 0.43959999084472656, "eval_mae": 0.7284, "eval_runtime": 18.8168, "eval_samples_per_second": 265.72}