{"eval_loss": 1.176642656326294, "eval_accuracy": 0.5022000074386597, "eval_mae": 0.5922, "eval_runtime": 16.4034, "eval_samples_per_second": 304.815}