{"eval_loss": 0.9454726576805115, "eval_accuracy": 0.6051999926567078, "eval_mae": 0.4554, "eval_runtime": 17.5581, "eval_samples_per_second": 284.769}