{"eval_loss": 1.3399202823638916, "eval_accuracy": 0.46700000762939453, "eval_mae": 0.6902, "eval_runtime": 26.7215, "eval_samples_per_second": 187.115}