{"eval_loss": 1.259056806564331, "eval_accuracy": 0.5013999938964844, "eval_mae": 0.5946, "eval_runtime": 18.5487, "eval_samples_per_second": 269.56}