{"eval_loss": 1.1482051610946655, "eval_accuracy": 0.5465999841690063, "eval_mae": 0.5838, "eval_runtime": 17.4254, "eval_samples_per_second": 286.937}