{"eval_loss": 1.0809087753295898, "eval_accuracy": 0.5559999942779541, "eval_mae": 0.5658, "eval_runtime": 24.3982, "eval_samples_per_second": 204.933}