{"eval_loss": 0.947152316570282, "eval_accuracy": 0.5953999757766724, "eval_mae": 0.4656, "eval_runtime": 20.554, "eval_samples_per_second": 243.261}