{"eval_loss": 1.0215258598327637, "eval_accuracy": 0.5691999793052673, "eval_mae": 0.5092, "eval_runtime": 17.3156, "eval_samples_per_second": 288.757}