{"eval_loss": 1.3479318618774414, "eval_accuracy": 0.47119998931884766, "eval_mae": 0.6918, "eval_runtime": 17.3591, "eval_samples_per_second": 288.033}