{"eval_loss": 1.1759566068649292, "eval_accuracy": 0.5026000142097473, "eval_mae": 0.592, "eval_runtime": 17.4313, "eval_samples_per_second": 286.841}