{"eval_loss": 0.9783347845077515, "eval_accuracy": 0.5827999711036682, "eval_mae": 0.487, "eval_runtime": 17.3721, "eval_samples_per_second": 287.817}