{"eval_loss": 1.025162696838379, "eval_accuracy": 0.5544000267982483, "eval_mae": 0.5382, "eval_runtime": 17.1559, "eval_samples_per_second": 291.446}