{"eval_loss": 1.086226224899292, "eval_accuracy": 0.5501999855041504, "eval_mae": 0.5386, "eval_runtime": 24.2594, "eval_samples_per_second": 206.106}