{"eval_loss": 0.8895584940910339, "eval_accuracy": 0.6366000175476074, "eval_mae": 0.4144, "eval_runtime": 22.9016, "eval_samples_per_second": 218.326}