{"eval_loss": 1.1567256450653076, "eval_accuracy": 0.5001999735832214, "eval_mae": 0.5908, "eval_runtime": 17.3628, "eval_samples_per_second": 287.972}