{"eval_loss": 1.0457977056503296, "eval_accuracy": 0.5598000288009644, "eval_mae": 0.5094, "eval_runtime": 22.9807, "eval_samples_per_second": 217.573}