{"eval_loss": 0.9906440377235413, "eval_accuracy": 0.5703999996185303, "eval_mae": 0.5078, "eval_runtime": 16.172, "eval_samples_per_second": 309.176}