{"eval_loss": 1.2302204370498657, "eval_accuracy": 0.5009999871253967, "eval_mae": 0.6396, "eval_runtime": 18.7177, "eval_samples_per_second": 267.127}