{"eval_loss": 1.0067020654678345, "eval_accuracy": 0.5928000211715698, "eval_mae": 0.4688, "eval_runtime": 17.2719, "eval_samples_per_second": 289.487}