{"eval_loss": 1.3736566305160522, "eval_accuracy": 0.4560000002384186, "eval_mae": 0.7358, "eval_runtime": 17.324, "eval_samples_per_second": 288.618}