{"eval_loss": 1.4518533945083618, "eval_accuracy": 0.43479999899864197, "eval_mae": 0.7352, "eval_runtime": 19.1819, "eval_samples_per_second": 260.662}