{"eval_loss": 0.9462733268737793, "eval_accuracy": 0.6039999723434448, "eval_mae": 0.4584, "eval_runtime": 17.2557, "eval_samples_per_second": 289.76}