{"eval_loss": 0.9908297061920166, "eval_accuracy": 0.5712000131607056, "eval_mae": 0.507, "eval_runtime": 16.9172, "eval_samples_per_second": 295.557}