{"eval_loss": 0.9607887864112854, "eval_accuracy": 0.5920000076293945, "eval_mae": 0.4844, "eval_runtime": 17.6637, "eval_samples_per_second": 283.066}