{"eval_loss": 0.9910225868225098, "eval_accuracy": 0.5691999793052673, "eval_mae": 0.51, "eval_runtime": 16.9004, "eval_samples_per_second": 295.852}