{"eval_loss": 1.0065783262252808, "eval_accuracy": 0.593999981880188, "eval_mae": 0.4674, "eval_runtime": 17.2486, "eval_samples_per_second": 289.878}