{"eval_loss": 1.0810024738311768, "eval_accuracy": 0.5550000071525574, "eval_mae": 0.5666, "eval_runtime": 19.1961, "eval_samples_per_second": 260.47}