{"eval_loss": 1.2960647344589233, "eval_accuracy": 0.4674000144004822, "eval_mae": 0.682, "eval_runtime": 23.0988, "eval_samples_per_second": 216.461}