{"eval_loss": 1.0183796882629395, "eval_accuracy": 0.5809999704360962, "eval_mae": 0.494, "eval_runtime": 17.9513, "eval_samples_per_second": 278.531}