{"eval_loss": 1.0205451250076294, "eval_accuracy": 0.5681999921798706, "eval_mae": 0.5094, "eval_runtime": 17.3126, "eval_samples_per_second": 288.808}