{"eval_loss": 0.9608232378959656, "eval_accuracy": 0.5928000211715698, "eval_mae": 0.4832, "eval_runtime": 17.4468, "eval_samples_per_second": 286.586}