{"eval_loss": 1.0060334205627441, "eval_accuracy": 0.576200008392334, "eval_mae": 0.4956, "eval_runtime": 17.1915, "eval_samples_per_second": 290.842}