{"eval_loss": 1.0537948608398438, "eval_accuracy": 0.5266000032424927, "eval_mae": 0.5728, "eval_runtime": 16.1926, "eval_samples_per_second": 308.782}