{"eval_loss": 1.2422893047332764, "eval_accuracy": 0.5004000067710876, "eval_mae": 0.5952, "eval_runtime": 31.3475, "eval_samples_per_second": 159.502}