{"eval_loss": 0.9508026242256165, "eval_accuracy": 0.6205999851226807, "eval_mae": 0.429, "eval_runtime": 17.4889, "eval_samples_per_second": 285.895}