{"eval_loss": 1.343417763710022, "eval_accuracy": 0.47600001096725464, "eval_mae": 0.693, "eval_runtime": 16.384, "eval_samples_per_second": 305.176}