{"eval_loss": 1.2419689893722534, "eval_accuracy": 0.5005999803543091, "eval_mae": 0.5948, "eval_runtime": 24.4961, "eval_samples_per_second": 204.114}