{"eval_loss": 1.0196057558059692, "eval_accuracy": 0.5785999894142151, "eval_mae": 0.4996, "eval_runtime": 22.4824, "eval_samples_per_second": 222.396}