{"eval_loss": 0.9488831758499146, "eval_accuracy": 0.5906000137329102, "eval_mae": 0.463, "eval_runtime": 16.5828, "eval_samples_per_second": 301.518}