{"eval_loss": 1.080151915550232, "eval_accuracy": 0.5562000274658203, "eval_mae": 0.5654, "eval_runtime": 22.434, "eval_samples_per_second": 222.876}