{"eval_loss": 0.9612351655960083, "eval_accuracy": 0.5932000279426575, "eval_mae": 0.4832, "eval_runtime": 17.3244, "eval_samples_per_second": 288.61}