{"eval_loss": 1.220443606376648, "eval_accuracy": 0.5045999884605408, "eval_mae": 0.5886, "eval_runtime": 18.6729, "eval_samples_per_second": 267.767}