{"eval_loss": 1.228835105895996, "eval_accuracy": 0.506600022315979, "eval_mae": 0.6208, "eval_runtime": 31.3786, "eval_samples_per_second": 159.344}