{"eval_loss": 0.9487159252166748, "eval_accuracy": 0.5896000266075134, "eval_mae": 0.464, "eval_runtime": 17.2869, "eval_samples_per_second": 289.236}