{"eval_loss": 1.207044005393982, "eval_accuracy": 0.5108000040054321, "eval_mae": 0.616, "eval_runtime": 22.4548, "eval_samples_per_second": 222.669}