{"eval_loss": 0.9917367100715637, "eval_accuracy": 0.5716000199317932, "eval_mae": 0.5064, "eval_runtime": 16.8673, "eval_samples_per_second": 296.431}