{"eval_loss": 1.2954860925674438, "eval_accuracy": 0.46799999475479126, "eval_mae": 0.6816, "eval_runtime": 20.9259, "eval_samples_per_second": 238.938}