{"eval_loss": 0.9490013718605042, "eval_accuracy": 0.5902000069618225, "eval_mae": 0.4636, "eval_runtime": 17.5256, "eval_samples_per_second": 285.298}