{"eval_loss": 1.083296537399292, "eval_accuracy": 0.5491999983787537, "eval_mae": 0.5398, "eval_runtime": 19.9714, "eval_samples_per_second": 250.358}