{"eval_loss": 0.9484276175498962, "eval_accuracy": 0.5932000279426575, "eval_mae": 0.4688, "eval_runtime": 18.7287, "eval_samples_per_second": 266.969}