{"eval_loss": 1.0258920192718506, "eval_accuracy": 0.5703999996185303, "eval_mae": 0.5082, "eval_runtime": 16.5438, "eval_samples_per_second": 302.229}