{"eval_loss": 1.014835000038147, "eval_accuracy": 0.5655999779701233, "eval_mae": 0.5066, "eval_runtime": 16.9834, "eval_samples_per_second": 294.406}