{"eval_loss": 1.0627453327178955, "eval_accuracy": 0.557200014591217, "eval_mae": 0.5216, "eval_runtime": 18.3603, "eval_samples_per_second": 272.327}