{"eval_loss": 0.8895868062973022, "eval_accuracy": 0.6366000175476074, "eval_mae": 0.4144, "eval_runtime": 19.2557, "eval_samples_per_second": 259.664}