{"eval_loss": 0.9463098645210266, "eval_accuracy": 0.6060000061988831, "eval_mae": 0.4562, "eval_runtime": 17.3254, "eval_samples_per_second": 288.593}