{"eval_loss": 0.9484092593193054, "eval_accuracy": 0.6079999804496765, "eval_mae": 0.448, "eval_runtime": 18.6308, "eval_samples_per_second": 268.372}