{"eval_loss": 1.0540263652801514, "eval_accuracy": 0.5275999903678894, "eval_mae": 0.5694, "eval_runtime": 16.3423, "eval_samples_per_second": 305.955}