{"eval_loss": 1.053484559059143, "eval_accuracy": 0.5257999897003174, "eval_mae": 0.5718, "eval_runtime": 16.8988, "eval_samples_per_second": 295.879}