{"eval_loss": 1.0185027122497559, "eval_accuracy": 0.5812000036239624, "eval_mae": 0.4936, "eval_runtime": 26.2163, "eval_samples_per_second": 190.721}