{"eval_loss": 1.349585771560669, "eval_accuracy": 0.47279998660087585, "eval_mae": 0.6898, "eval_runtime": 17.3187, "eval_samples_per_second": 288.705}