{"eval_loss": 1.0174925327301025, "eval_accuracy": 0.5809999704360962, "eval_mae": 0.4938, "eval_runtime": 19.6305, "eval_samples_per_second": 254.705}