{"eval_loss": 0.9482229351997375, "eval_accuracy": 0.5910000205039978, "eval_mae": 0.462, "eval_runtime": 16.5491, "eval_samples_per_second": 302.131}