{"eval_loss": 0.8891538977622986, "eval_accuracy": 0.6363999843597412, "eval_mae": 0.4144, "eval_runtime": 22.6385, "eval_samples_per_second": 220.863}