{"eval_loss": 0.9552384614944458, "eval_accuracy": 0.599399983882904, "eval_mae": 0.4638, "eval_runtime": 17.374, "eval_samples_per_second": 287.786}