{"eval_loss": 1.01762855052948, "eval_accuracy": 0.5784000158309937, "eval_mae": 0.484, "eval_runtime": 17.5289, "eval_samples_per_second": 285.243}