{"eval_loss": 1.229533314704895, "eval_accuracy": 0.506600022315979, "eval_mae": 0.6212, "eval_runtime": 24.812, "eval_samples_per_second": 201.516}