{"eval_loss": 0.9502615928649902, "eval_accuracy": 0.6068000197410583, "eval_mae": 0.45, "eval_runtime": 19.3572, "eval_samples_per_second": 258.302}