{"eval_loss": 0.9462133049964905, "eval_accuracy": 0.6051999926567078, "eval_mae": 0.4564, "eval_runtime": 17.3336, "eval_samples_per_second": 288.457}