{"eval_loss": 1.2454453706741333, "eval_accuracy": 0.5004000067710876, "eval_mae": 0.5952, "eval_runtime": 23.7358, "eval_samples_per_second": 210.652}