{"eval_loss": 1.2967263460159302, "eval_accuracy": 0.46799999475479126, "eval_mae": 0.6816, "eval_runtime": 26.8558, "eval_samples_per_second": 186.179}