{"eval_loss": 1.0114113092422485, "eval_accuracy": 0.5794000029563904, "eval_mae": 0.4824, "eval_runtime": 17.4246, "eval_samples_per_second": 286.951}