{"eval_loss": 1.4425675868988037, "eval_accuracy": 0.44040000438690186, "eval_mae": 0.7272, "eval_runtime": 24.5857, "eval_samples_per_second": 203.371}