{"eval_loss": 1.008242130279541, "eval_accuracy": 0.5929999947547913, "eval_mae": 0.468, "eval_runtime": 16.3695, "eval_samples_per_second": 305.447}