{"eval_loss": 1.3555749654769897, "eval_accuracy": 0.45840001106262207, "eval_mae": 0.728, "eval_runtime": 17.0097, "eval_samples_per_second": 293.95}