{"eval_loss": 1.0249123573303223, "eval_accuracy": 0.5562000274658203, "eval_mae": 0.535, "eval_runtime": 17.6551, "eval_samples_per_second": 283.205}