{"eval_loss": 1.3405271768569946, "eval_accuracy": 0.46880000829696655, "eval_mae": 0.689, "eval_runtime": 18.6656, "eval_samples_per_second": 267.873}