{"eval_loss": 1.0066603422164917, "eval_accuracy": 0.5925999879837036, "eval_mae": 0.4688, "eval_runtime": 17.2036, "eval_samples_per_second": 290.637}