{"eval_loss": 1.0444267988204956, "eval_accuracy": 0.5608000159263611, "eval_mae": 0.5084, "eval_runtime": 19.0218, "eval_samples_per_second": 262.856}