{"eval_loss": 0.9555665254592896, "eval_accuracy": 0.5997999906539917, "eval_mae": 0.4632, "eval_runtime": 17.2602, "eval_samples_per_second": 289.684}