{"eval_loss": 0.8894945383071899, "eval_accuracy": 0.6366000175476074, "eval_mae": 0.4144, "eval_runtime": 21.0521, "eval_samples_per_second": 237.506}