{"eval_loss": 1.0178622007369995, "eval_accuracy": 0.5789999961853027, "eval_mae": 0.4832, "eval_runtime": 17.5906, "eval_samples_per_second": 284.243}