{"eval_loss": 1.1551830768585205, "eval_accuracy": 0.5023999810218811, "eval_mae": 0.5886, "eval_runtime": 16.5385, "eval_samples_per_second": 302.324}