{"eval_loss": 1.17958664894104, "eval_accuracy": 0.5009999871253967, "eval_mae": 0.593, "eval_runtime": 17.5483, "eval_samples_per_second": 284.927}