{"eval_loss": 1.0454890727996826, "eval_accuracy": 0.5618000030517578, "eval_mae": 0.508, "eval_runtime": 18.2231, "eval_samples_per_second": 274.377}