{"eval_loss": 1.3518604040145874, "eval_accuracy": 0.48339998722076416, "eval_mae": 0.671, "eval_runtime": 17.7977, "eval_samples_per_second": 280.935}