{"eval_loss": 1.176667332649231, "eval_accuracy": 0.5023999810218811, "eval_mae": 0.5912, "eval_runtime": 17.3822, "eval_samples_per_second": 287.65}