{"eval_loss": 1.0148589611053467, "eval_accuracy": 0.5636000037193298, "eval_mae": 0.5082, "eval_runtime": 16.9887, "eval_samples_per_second": 294.314}