{"eval_loss": 1.2290974855422974, "eval_accuracy": 0.506600022315979, "eval_mae": 0.6208, "eval_runtime": 36.6778, "eval_samples_per_second": 136.322}