{"eval_loss": 0.9355979561805725, "eval_accuracy": 0.6018000245094299, "eval_mae": 0.4546, "eval_runtime": 17.6106, "eval_samples_per_second": 283.92}