{"eval_loss": 1.0173218250274658, "eval_accuracy": 0.5794000029563904, "eval_mae": 0.4828, "eval_runtime": 16.7786, "eval_samples_per_second": 297.999}