{"eval_loss": 1.2421815395355225, "eval_accuracy": 0.4968000054359436, "eval_mae": 0.648, "eval_runtime": 24.5518, "eval_samples_per_second": 203.651}