{"eval_loss": 0.9569665193557739, "eval_accuracy": 0.5983999967575073, "eval_mae": 0.4652, "eval_runtime": 17.2894, "eval_samples_per_second": 289.195}