{"eval_loss": 1.045648217201233, "eval_accuracy": 0.5608000159263611, "eval_mae": 0.5082, "eval_runtime": 20.9966, "eval_samples_per_second": 238.134}