{"eval_loss": 1.020310401916504, "eval_accuracy": 0.5831999778747559, "eval_mae": 0.494, "eval_runtime": 26.2193, "eval_samples_per_second": 190.7}