{"eval_loss": 1.0859915018081665, "eval_accuracy": 0.5483999848365784, "eval_mae": 0.5404, "eval_runtime": 31.8833, "eval_samples_per_second": 156.822}