{"eval_loss": 1.0454353094100952, "eval_accuracy": 0.5601999759674072, "eval_mae": 0.51, "eval_runtime": 18.5282, "eval_samples_per_second": 269.86}