{"eval_loss": 1.2972023487091064, "eval_accuracy": 0.46799999475479126, "eval_mae": 0.6814, "eval_runtime": 24.5714, "eval_samples_per_second": 203.488}