{"eval_loss": 1.0805538892745972, "eval_accuracy": 0.5546000003814697, "eval_mae": 0.567, "eval_runtime": 18.6771, "eval_samples_per_second": 267.708}