{"eval_loss": 1.3120555877685547, "eval_accuracy": 0.46459999680519104, "eval_mae": 0.693, "eval_runtime": 18.3606, "eval_samples_per_second": 272.322}