{"eval_loss": 1.3430066108703613, "eval_accuracy": 0.47600001096725464, "eval_mae": 0.693, "eval_runtime": 16.2738, "eval_samples_per_second": 307.243}