{"eval_loss": 1.147292137145996, "eval_accuracy": 0.5493999719619751, "eval_mae": 0.5808, "eval_runtime": 17.3816, "eval_samples_per_second": 287.661}