{"eval_loss": 1.0066519975662231, "eval_accuracy": 0.5942000150680542, "eval_mae": 0.467, "eval_runtime": 17.2256, "eval_samples_per_second": 290.265}