{"eval_loss": 1.3477150201797485, "eval_accuracy": 0.47279998660087585, "eval_mae": 0.689, "eval_runtime": 16.7989, "eval_samples_per_second": 297.638}