{"eval_loss": 1.3531160354614258, "eval_accuracy": 0.483599990606308, "eval_mae": 0.6704, "eval_runtime": 19.2929, "eval_samples_per_second": 259.162}