{"eval_loss": 1.0249910354614258, "eval_accuracy": 0.5541999936103821, "eval_mae": 0.5368, "eval_runtime": 16.6337, "eval_samples_per_second": 300.595}