{"eval_loss": 1.0631941556930542, "eval_accuracy": 0.5565999746322632, "eval_mae": 0.5226, "eval_runtime": 18.3874, "eval_samples_per_second": 271.926}