{"eval_loss": 1.0536839962005615, "eval_accuracy": 0.5260000228881836, "eval_mae": 0.572, "eval_runtime": 16.8284, "eval_samples_per_second": 297.117}