{"eval_loss": 1.025431752204895, "eval_accuracy": 0.553600013256073, "eval_mae": 0.538, "eval_runtime": 17.3151, "eval_samples_per_second": 288.765}