{"eval_loss": 0.9789392352104187, "eval_accuracy": 0.5806000232696533, "eval_mae": 0.489, "eval_runtime": 17.5919, "eval_samples_per_second": 284.221}