{"eval_loss": 1.086781620979309, "eval_accuracy": 0.5479999780654907, "eval_mae": 0.5406, "eval_runtime": 18.5172, "eval_samples_per_second": 270.02}