{"eval_loss": 1.0300687551498413, "eval_accuracy": 0.5443999767303467, "eval_mae": 0.5412, "eval_runtime": 16.8207, "eval_samples_per_second": 297.253}