{"eval_loss": 1.0805561542510986, "eval_accuracy": 0.5564000010490417, "eval_mae": 0.5652, "eval_runtime": 30.0498, "eval_samples_per_second": 166.391}