{"eval_loss": 1.2281192541122437, "eval_accuracy": 0.4986000061035156, "eval_mae": 0.6044, "eval_runtime": 18.3539, "eval_samples_per_second": 272.422}