{"eval_loss": 1.228487491607666, "eval_accuracy": 0.5063999891281128, "eval_mae": 0.6212, "eval_runtime": 18.9311, "eval_samples_per_second": 264.116}