{"eval_loss": 1.0246587991714478, "eval_accuracy": 0.5568000078201294, "eval_mae": 0.5344, "eval_runtime": 17.1826, "eval_samples_per_second": 290.992}