{"eval_loss": 1.3416720628738403, "eval_accuracy": 0.47440001368522644, "eval_mae": 0.6936, "eval_runtime": 16.3155, "eval_samples_per_second": 306.457}