{"eval_loss": 1.014891266822815, "eval_accuracy": 0.5641999840736389, "eval_mae": 0.5078, "eval_runtime": 16.2762, "eval_samples_per_second": 307.197}