{"eval_loss": 0.9553253054618835, "eval_accuracy": 0.6000000238418579, "eval_mae": 0.4624, "eval_runtime": 17.3072, "eval_samples_per_second": 288.896}