{"eval_loss": 1.228904366493225, "eval_accuracy": 0.5012000203132629, "eval_mae": 0.602, "eval_runtime": 18.4034, "eval_samples_per_second": 271.689}