{"eval_loss": 1.0454919338226318, "eval_accuracy": 0.5609999895095825, "eval_mae": 0.5078, "eval_runtime": 18.0869, "eval_samples_per_second": 276.443}