{"eval_loss": 1.0213472843170166, "eval_accuracy": 0.5708000063896179, "eval_mae": 0.5076, "eval_runtime": 16.6695, "eval_samples_per_second": 299.95}