{"eval_loss": 1.3389959335327148, "eval_accuracy": 0.4681999981403351, "eval_mae": 0.6886, "eval_runtime": 20.2978, "eval_samples_per_second": 246.332}