{"eval_loss": 1.337838888168335, "eval_accuracy": 0.4681999981403351, "eval_mae": 0.6886, "eval_runtime": 19.9986, "eval_samples_per_second": 250.017}