{"eval_loss": 1.074222207069397, "eval_accuracy": 0.5595999956130981, "eval_mae": 0.5314, "eval_runtime": 18.2666, "eval_samples_per_second": 273.724}