{"eval_loss": 1.0802916288375854, "eval_accuracy": 0.5587999820709229, "eval_mae": 0.5306, "eval_runtime": 19.4222, "eval_samples_per_second": 257.437}