{"eval_loss": 1.005373477935791, "eval_accuracy": 0.5956000089645386, "eval_mae": 0.467, "eval_runtime": 17.2061, "eval_samples_per_second": 290.594}