{"eval_loss": 1.0787394046783447, "eval_accuracy": 0.5580000281333923, "eval_mae": 0.5314, "eval_runtime": 18.251, "eval_samples_per_second": 273.957}