{"eval_loss": 1.2386906147003174, "eval_accuracy": 0.4970000088214874, "eval_mae": 0.6474, "eval_runtime": 28.3446, "eval_samples_per_second": 176.401}