{"eval_loss": 1.1555604934692383, "eval_accuracy": 0.5031999945640564, "eval_mae": 0.5876, "eval_runtime": 17.2662, "eval_samples_per_second": 289.583}