{"eval_loss": 1.2985966205596924, "eval_accuracy": 0.46700000762939453, "eval_mae": 0.6838, "eval_runtime": 21.5148, "eval_samples_per_second": 232.399}