{"eval_loss": 1.0806444883346558, "eval_accuracy": 0.5562000274658203, "eval_mae": 0.5652, "eval_runtime": 20.5151, "eval_samples_per_second": 243.723}