{"eval_loss": 1.3919199705123901, "eval_accuracy": 0.48080000281333923, "eval_mae": 0.674, "eval_runtime": 32.4347, "eval_samples_per_second": 154.156}