{"eval_loss": 0.9458140730857849, "eval_accuracy": 0.6050000190734863, "eval_mae": 0.4564, "eval_runtime": 17.2972, "eval_samples_per_second": 289.064}