{"eval_loss": 1.3495266437530518, "eval_accuracy": 0.4708000123500824, "eval_mae": 0.691, "eval_runtime": 17.5487, "eval_samples_per_second": 284.922}