{"eval_loss": 1.2429991960525513, "eval_accuracy": 0.5009999871253967, "eval_mae": 0.5944, "eval_runtime": 19.8648, "eval_samples_per_second": 251.701}