{"eval_loss": 1.3666316270828247, "eval_accuracy": 0.4569999873638153, "eval_mae": 0.7332, "eval_runtime": 17.77, "eval_samples_per_second": 281.373}