{"eval_loss": 1.0778884887695312, "eval_accuracy": 0.5583999752998352, "eval_mae": 0.5306, "eval_runtime": 33.0786, "eval_samples_per_second": 151.155}