{"eval_loss": 1.2421681880950928, "eval_accuracy": 0.49459999799728394, "eval_mae": 0.6506, "eval_runtime": 35.4597, "eval_samples_per_second": 141.005}