{"eval_loss": 0.947642982006073, "eval_accuracy": 0.5898000001907349, "eval_mae": 0.4638, "eval_runtime": 16.8888, "eval_samples_per_second": 296.054}