{"eval_loss": 0.9490030407905579, "eval_accuracy": 0.5899999737739563, "eval_mae": 0.4636, "eval_runtime": 17.2492, "eval_samples_per_second": 289.869}