{"eval_loss": 1.1781913042068481, "eval_accuracy": 0.5023999810218811, "eval_mae": 0.5922, "eval_runtime": 16.7077, "eval_samples_per_second": 299.263}