{"eval_loss": 1.0533493757247925, "eval_accuracy": 0.5271999835968018, "eval_mae": 0.5696, "eval_runtime": 16.2919, "eval_samples_per_second": 306.901}