{"eval_loss": 1.0455409288406372, "eval_accuracy": 0.5613999962806702, "eval_mae": 0.508, "eval_runtime": 22.2769, "eval_samples_per_second": 224.448}