{"eval_loss": 1.1481207609176636, "eval_accuracy": 0.5490000247955322, "eval_mae": 0.5814, "eval_runtime": 16.7008, "eval_samples_per_second": 299.387}