{"eval_loss": 1.3917564153671265, "eval_accuracy": 0.48100000619888306, "eval_mae": 0.673, "eval_runtime": 19.3695, "eval_samples_per_second": 258.138}