{"eval_loss": 1.0075184106826782, "eval_accuracy": 0.5717999935150146, "eval_mae": 0.4984, "eval_runtime": 16.701, "eval_samples_per_second": 299.382}