{"eval_loss": 0.9460271596908569, "eval_accuracy": 0.6039999723434448, "eval_mae": 0.4582, "eval_runtime": 16.5693, "eval_samples_per_second": 301.763}