{"eval_loss": 1.0214711427688599, "eval_accuracy": 0.5649999976158142, "eval_mae": 0.5084, "eval_runtime": 16.9797, "eval_samples_per_second": 294.469}