{"eval_loss": 1.3482142686843872, "eval_accuracy": 0.4726000130176544, "eval_mae": 0.6886, "eval_runtime": 17.5521, "eval_samples_per_second": 284.867}