{"eval_loss": 1.1572297811508179, "eval_accuracy": 0.4997999966144562, "eval_mae": 0.5906, "eval_runtime": 17.4653, "eval_samples_per_second": 286.281}