{"eval_loss": 1.0797152519226074, "eval_accuracy": 0.5550000071525574, "eval_mae": 0.5342, "eval_runtime": 31.3116, "eval_samples_per_second": 159.685}