{"eval_loss": 1.2373321056365967, "eval_accuracy": 0.49799999594688416, "eval_mae": 0.6028, "eval_runtime": 18.1235, "eval_samples_per_second": 275.885}