{"eval_loss": 0.9610378742218018, "eval_accuracy": 0.5929999947547913, "eval_mae": 0.4832, "eval_runtime": 17.5965, "eval_samples_per_second": 284.148}