{"eval_loss": 1.4056062698364258, "eval_accuracy": 0.477400004863739, "eval_mae": 0.6802, "eval_runtime": 19.0187, "eval_samples_per_second": 262.899}