{"eval_loss": 1.0199518203735352, "eval_accuracy": 0.5709999799728394, "eval_mae": 0.5062, "eval_runtime": 16.4507, "eval_samples_per_second": 303.938}