{"eval_loss": 1.1430197954177856, "eval_accuracy": 0.5514000058174133, "eval_mae": 0.5778, "eval_runtime": 17.3613, "eval_samples_per_second": 287.996}