{"eval_loss": 1.0176212787628174, "eval_accuracy": 0.5789999961853027, "eval_mae": 0.4834, "eval_runtime": 18.4848, "eval_samples_per_second": 270.492}