{"eval_loss": 1.0849360227584839, "eval_accuracy": 0.5758000016212463, "eval_mae": 0.5098, "eval_runtime": 18.6379, "eval_samples_per_second": 268.271}