{"eval_loss": 1.2423876523971558, "eval_accuracy": 0.4991999864578247, "eval_mae": 0.5962, "eval_runtime": 21.226, "eval_samples_per_second": 235.56}