{"eval_loss": 1.3921782970428467, "eval_accuracy": 0.48080000281333923, "eval_mae": 0.6738, "eval_runtime": 19.0982, "eval_samples_per_second": 261.804}