{"eval_loss": 0.8895756006240845, "eval_accuracy": 0.6363999843597412, "eval_mae": 0.4144, "eval_runtime": 20.2133, "eval_samples_per_second": 247.362}