{"eval_loss": 0.99251389503479, "eval_accuracy": 0.5680000185966492, "eval_mae": 0.5122, "eval_runtime": 15.9244, "eval_samples_per_second": 313.983}