{"eval_loss": 1.2281490564346313, "eval_accuracy": 0.5085999965667725, "eval_mae": 0.6188, "eval_runtime": 23.3238, "eval_samples_per_second": 214.374}