{"eval_loss": 1.0060778856277466, "eval_accuracy": 0.5925999879837036, "eval_mae": 0.469, "eval_runtime": 17.1978, "eval_samples_per_second": 290.734}