{"eval_loss": 1.016343593597412, "eval_accuracy": 0.579200029373169, "eval_mae": 0.4824, "eval_runtime": 17.5042, "eval_samples_per_second": 285.646}