{"eval_loss": 1.3401776552200317, "eval_accuracy": 0.4675999879837036, "eval_mae": 0.6908, "eval_runtime": 17.9371, "eval_samples_per_second": 278.752}