{"eval_loss": 1.3429772853851318, "eval_accuracy": 0.4747999906539917, "eval_mae": 0.6946, "eval_runtime": 17.0071, "eval_samples_per_second": 293.995}