{"eval_loss": 0.9493570327758789, "eval_accuracy": 0.6057999730110168, "eval_mae": 0.451, "eval_runtime": 26.2786, "eval_samples_per_second": 190.269}