{"eval_loss": 1.0063326358795166, "eval_accuracy": 0.5740000009536743, "eval_mae": 0.4978, "eval_runtime": 16.2106, "eval_samples_per_second": 308.441}