{"eval_loss": 1.0054726600646973, "eval_accuracy": 0.5756000280380249, "eval_mae": 0.4964, "eval_runtime": 17.2631, "eval_samples_per_second": 289.635}