{"eval_loss": 0.9460256099700928, "eval_accuracy": 0.6061999797821045, "eval_mae": 0.4552, "eval_runtime": 17.1691, "eval_samples_per_second": 291.22}