{"eval_loss": 1.0537221431732178, "eval_accuracy": 0.5270000100135803, "eval_mae": 0.5704, "eval_runtime": 16.3593, "eval_samples_per_second": 305.637}