{"eval_loss": 1.010582685470581, "eval_accuracy": 0.5795999765396118, "eval_mae": 0.4826, "eval_runtime": 16.8958, "eval_samples_per_second": 295.932}