{"eval_loss": 1.1608599424362183, "eval_accuracy": 0.4950000047683716, "eval_mae": 0.5962, "eval_runtime": 17.2305, "eval_samples_per_second": 290.183}