{"eval_loss": 1.01885986328125, "eval_accuracy": 0.5809999704360962, "eval_mae": 0.4938, "eval_runtime": 23.5849, "eval_samples_per_second": 212.0}