{"eval_loss": 1.0187808275222778, "eval_accuracy": 0.5806000232696533, "eval_mae": 0.4944, "eval_runtime": 25.525, "eval_samples_per_second": 195.886}