{"eval_loss": 1.3907850980758667, "eval_accuracy": 0.47859999537467957, "eval_mae": 0.676, "eval_runtime": 20.8869, "eval_samples_per_second": 239.384}