{"eval_loss": 0.9780570268630981, "eval_accuracy": 0.5817999839782715, "eval_mae": 0.4884, "eval_runtime": 16.6829, "eval_samples_per_second": 299.708}