{"eval_loss": 0.948946475982666, "eval_accuracy": 0.5898000001907349, "eval_mae": 0.4638, "eval_runtime": 16.6058, "eval_samples_per_second": 301.1}