{"eval_loss": 1.3572793006896973, "eval_accuracy": 0.487199991941452, "eval_mae": 0.669, "eval_runtime": 18.3888, "eval_samples_per_second": 271.905}