{"eval_loss": 0.9494460821151733, "eval_accuracy": 0.6068000197410583, "eval_mae": 0.4496, "eval_runtime": 18.5325, "eval_samples_per_second": 269.796}