{"eval_loss": 0.9564089775085449, "eval_accuracy": 0.598800003528595, "eval_mae": 0.4654, "eval_runtime": 17.3438, "eval_samples_per_second": 288.288}