{"eval_loss": 1.3446972370147705, "eval_accuracy": 0.4742000102996826, "eval_mae": 0.6966, "eval_runtime": 17.0361, "eval_samples_per_second": 293.495}