{"eval_loss": 1.0860860347747803, "eval_accuracy": 0.5472000241279602, "eval_mae": 0.5416, "eval_runtime": 24.0065, "eval_samples_per_second": 208.277}