{"eval_loss": 1.006911277770996, "eval_accuracy": 0.5932000279426575, "eval_mae": 0.4684, "eval_runtime": 17.2184, "eval_samples_per_second": 290.387}