{"eval_loss": 1.017024040222168, "eval_accuracy": 0.5781999826431274, "eval_mae": 0.484, "eval_runtime": 17.5211, "eval_samples_per_second": 285.371}