{"eval_loss": 1.0798988342285156, "eval_accuracy": 0.5558000206947327, "eval_mae": 0.5652, "eval_runtime": 18.8012, "eval_samples_per_second": 265.941}