{"eval_loss": 1.4425928592681885, "eval_accuracy": 0.44020000100135803, "eval_mae": 0.7284, "eval_runtime": 22.9175, "eval_samples_per_second": 218.174}