{"eval_loss": 1.0212910175323486, "eval_accuracy": 0.5703999996185303, "eval_mae": 0.5076, "eval_runtime": 17.2468, "eval_samples_per_second": 289.91}