{"eval_loss": 1.2384107112884521, "eval_accuracy": 0.4968000054359436, "eval_mae": 0.6478, "eval_runtime": 28.0167, "eval_samples_per_second": 178.465}