{"eval_loss": 0.9907822012901306, "eval_accuracy": 0.5716000199317932, "eval_mae": 0.5078, "eval_runtime": 17.1886, "eval_samples_per_second": 290.89}