{"eval_loss": 1.020566701889038, "eval_accuracy": 0.5708000063896179, "eval_mae": 0.5076, "eval_runtime": 17.2652, "eval_samples_per_second": 289.601}