{"eval_loss": 0.9538220763206482, "eval_accuracy": 0.6223999857902527, "eval_mae": 0.4282, "eval_runtime": 17.3823, "eval_samples_per_second": 287.649}