{"eval_loss": 1.2271347045898438, "eval_accuracy": 0.5063999891281128, "eval_mae": 0.6208, "eval_runtime": 18.9423, "eval_samples_per_second": 263.959}