{"eval_loss": 1.3395181894302368, "eval_accuracy": 0.4681999981403351, "eval_mae": 0.6884, "eval_runtime": 19.7097, "eval_samples_per_second": 253.682}