{"eval_loss": 1.3572787046432495, "eval_accuracy": 0.4787999987602234, "eval_mae": 0.6784, "eval_runtime": 17.8601, "eval_samples_per_second": 279.954}