{"eval_loss": 1.029564380645752, "eval_accuracy": 0.5446000099182129, "eval_mae": 0.5394, "eval_runtime": 17.4098, "eval_samples_per_second": 287.195}