{"eval_loss": 1.0111162662506104, "eval_accuracy": 0.5794000029563904, "eval_mae": 0.482, "eval_runtime": 17.6226, "eval_samples_per_second": 283.727}