{"eval_loss": 1.2385554313659668, "eval_accuracy": 0.4970000088214874, "eval_mae": 0.6478, "eval_runtime": 27.1848, "eval_samples_per_second": 183.927}