{"eval_loss": 1.366359829902649, "eval_accuracy": 0.45680001378059387, "eval_mae": 0.7326, "eval_runtime": 17.4111, "eval_samples_per_second": 287.172}