{"eval_loss": 1.024773120880127, "eval_accuracy": 0.5546000003814697, "eval_mae": 0.5364, "eval_runtime": 17.3286, "eval_samples_per_second": 288.541}