{"eval_loss": 1.0187287330627441, "eval_accuracy": 0.5812000036239624, "eval_mae": 0.4938, "eval_runtime": 20.0655, "eval_samples_per_second": 249.184}