{"eval_loss": 1.3529280424118042, "eval_accuracy": 0.4828000068664551, "eval_mae": 0.671, "eval_runtime": 18.5763, "eval_samples_per_second": 269.16}