{"eval_loss": 1.0214322805404663, "eval_accuracy": 0.5708000063896179, "eval_mae": 0.506, "eval_runtime": 16.5473, "eval_samples_per_second": 302.163}