{"eval_loss": 1.3383220434188843, "eval_accuracy": 0.4675999879837036, "eval_mae": 0.689, "eval_runtime": 19.7787, "eval_samples_per_second": 252.797}