{"eval_loss": 1.0784804821014404, "eval_accuracy": 0.5583999752998352, "eval_mae": 0.531, "eval_runtime": 18.2977, "eval_samples_per_second": 273.259}