{"eval_loss": 1.0112371444702148, "eval_accuracy": 0.5824000239372253, "eval_mae": 0.4798, "eval_runtime": 17.1249, "eval_samples_per_second": 291.972}