{"eval_loss": 1.3426804542541504, "eval_accuracy": 0.47540000081062317, "eval_mae": 0.6932, "eval_runtime": 17.1074, "eval_samples_per_second": 292.271}