{"eval_loss": 1.3479105234146118, "eval_accuracy": 0.47099998593330383, "eval_mae": 0.6918, "eval_runtime": 17.4488, "eval_samples_per_second": 286.552}