{"eval_loss": 1.3485722541809082, "eval_accuracy": 0.4717999994754791, "eval_mae": 0.6902, "eval_runtime": 17.294, "eval_samples_per_second": 289.118}