{"eval_loss": 1.0172313451766968, "eval_accuracy": 0.5794000029563904, "eval_mae": 0.4836, "eval_runtime": 17.4527, "eval_samples_per_second": 286.488}