{"eval_loss": 0.9355204105377197, "eval_accuracy": 0.600600004196167, "eval_mae": 0.4552, "eval_runtime": 17.0324, "eval_samples_per_second": 293.557}