{"eval_loss": 0.9562992453575134, "eval_accuracy": 0.5924000144004822, "eval_mae": 0.4722, "eval_runtime": 18.4298, "eval_samples_per_second": 271.3}