{"eval_loss": 0.9348796010017395, "eval_accuracy": 0.6018000245094299, "eval_mae": 0.4536, "eval_runtime": 17.0015, "eval_samples_per_second": 294.092}