{"eval_loss": 1.0778682231903076, "eval_accuracy": 0.5577999949455261, "eval_mae": 0.5314, "eval_runtime": 31.9025, "eval_samples_per_second": 156.728}