{"eval_loss": 1.0638182163238525, "eval_accuracy": 0.5551999807357788, "eval_mae": 0.5238, "eval_runtime": 18.3297, "eval_samples_per_second": 272.781}