{"eval_loss": 1.3485933542251587, "eval_accuracy": 0.4715999960899353, "eval_mae": 0.6896, "eval_runtime": 17.3447, "eval_samples_per_second": 288.273}