{"eval_loss": 0.9508839845657349, "eval_accuracy": 0.6057999730110168, "eval_mae": 0.4508, "eval_runtime": 18.4098, "eval_samples_per_second": 271.595}