{"eval_loss": 1.0626236200332642, "eval_accuracy": 0.5586000084877014, "eval_mae": 0.5208, "eval_runtime": 18.4057, "eval_samples_per_second": 271.655}