{"eval_loss": 1.0860509872436523, "eval_accuracy": 0.5478000044822693, "eval_mae": 0.541, "eval_runtime": 20.9845, "eval_samples_per_second": 238.271}