{"eval_loss": 0.9789791107177734, "eval_accuracy": 0.5812000036239624, "eval_mae": 0.4888, "eval_runtime": 17.4381, "eval_samples_per_second": 286.728}