{"eval_loss": 1.2241829633712769, "eval_accuracy": 0.5013999938964844, "eval_mae": 0.601, "eval_runtime": 18.4031, "eval_samples_per_second": 271.693}