{"eval_loss": 1.0210299491882324, "eval_accuracy": 0.5709999799728394, "eval_mae": 0.5068, "eval_runtime": 17.5312, "eval_samples_per_second": 285.206}