{"eval_loss": 0.9606234431266785, "eval_accuracy": 0.5929999947547913, "eval_mae": 0.4828, "eval_runtime": 17.4209, "eval_samples_per_second": 287.011}