{"eval_loss": 1.018460750579834, "eval_accuracy": 0.5813999772071838, "eval_mae": 0.4932, "eval_runtime": 20.4595, "eval_samples_per_second": 244.386}