{"eval_loss": 1.3497589826583862, "eval_accuracy": 0.47279998660087585, "eval_mae": 0.6896, "eval_runtime": 17.3251, "eval_samples_per_second": 288.599}