{"eval_loss": 0.9480751752853394, "eval_accuracy": 0.5920000076293945, "eval_mae": 0.471, "eval_runtime": 19.5715, "eval_samples_per_second": 255.473}