{"eval_loss": 0.9482138752937317, "eval_accuracy": 0.5916000008583069, "eval_mae": 0.4624, "eval_runtime": 16.1864, "eval_samples_per_second": 308.901}