{"eval_loss": 1.3678796291351318, "eval_accuracy": 0.4578000009059906, "eval_mae": 0.7318, "eval_runtime": 16.4451, "eval_samples_per_second": 304.042}