{"eval_loss": 1.147904872894287, "eval_accuracy": 0.5479999780654907, "eval_mae": 0.5818, "eval_runtime": 17.4884, "eval_samples_per_second": 285.904}