{"eval_loss": 1.0574662685394287, "eval_accuracy": 0.5604000091552734, "eval_mae": 0.5184, "eval_runtime": 18.3031, "eval_samples_per_second": 273.178}