{"eval_loss": 1.0194820165634155, "eval_accuracy": 0.5802000164985657, "eval_mae": 0.482, "eval_runtime": 17.4566, "eval_samples_per_second": 286.425}