{"eval_loss": 1.3379569053649902, "eval_accuracy": 0.4763999879360199, "eval_mae": 0.693, "eval_runtime": 16.2835, "eval_samples_per_second": 307.059}