{"eval_loss": 1.1580928564071655, "eval_accuracy": 0.5012000203132629, "eval_mae": 0.5884, "eval_runtime": 16.5835, "eval_samples_per_second": 301.504}