{"eval_loss": 1.0065433979034424, "eval_accuracy": 0.5774000287055969, "eval_mae": 0.4944, "eval_runtime": 16.1999, "eval_samples_per_second": 308.644}