{"eval_loss": 0.9472358226776123, "eval_accuracy": 0.5942000150680542, "eval_mae": 0.4676, "eval_runtime": 18.4142, "eval_samples_per_second": 271.529}