{"eval_loss": 1.2386492490768433, "eval_accuracy": 0.4973999857902527, "eval_mae": 0.6472, "eval_runtime": 18.1362, "eval_samples_per_second": 275.692}