{"eval_loss": 1.0212088823318481, "eval_accuracy": 0.5712000131607056, "eval_mae": 0.5068, "eval_runtime": 16.4986, "eval_samples_per_second": 303.055}