{"eval_loss": 1.228840947151184, "eval_accuracy": 0.506600022315979, "eval_mae": 0.6206, "eval_runtime": 34.2891, "eval_samples_per_second": 145.819}