{"eval_loss": 1.3735523223876953, "eval_accuracy": 0.45559999346733093, "eval_mae": 0.7348, "eval_runtime": 17.2764, "eval_samples_per_second": 289.412}