{"eval_loss": 1.3499804735183716, "eval_accuracy": 0.4726000130176544, "eval_mae": 0.6902, "eval_runtime": 16.5797, "eval_samples_per_second": 301.573}