{"eval_loss": 1.0069019794464111, "eval_accuracy": 0.5938000082969666, "eval_mae": 0.4676, "eval_runtime": 17.3901, "eval_samples_per_second": 287.52}