{"eval_loss": 1.147555947303772, "eval_accuracy": 0.5493999719619751, "eval_mae": 0.5814, "eval_runtime": 16.8608, "eval_samples_per_second": 296.546}