{"eval_loss": 1.4424657821655273, "eval_accuracy": 0.4397999942302704, "eval_mae": 0.7292, "eval_runtime": 18.5524, "eval_samples_per_second": 269.506}