{"eval_loss": 1.0162723064422607, "eval_accuracy": 0.5789999961853027, "eval_mae": 0.4828, "eval_runtime": 17.429, "eval_samples_per_second": 286.878}