{"eval_loss": 1.2270888090133667, "eval_accuracy": 0.49939998984336853, "eval_mae": 0.604, "eval_runtime": 18.4537, "eval_samples_per_second": 270.948}