{"eval_loss": 1.0219676494598389, "eval_accuracy": 0.5709999799728394, "eval_mae": 0.507, "eval_runtime": 16.5883, "eval_samples_per_second": 301.416}