{"eval_loss": 0.9490194320678711, "eval_accuracy": 0.5893999934196472, "eval_mae": 0.4644, "eval_runtime": 17.1074, "eval_samples_per_second": 292.271}