{"eval_loss": 1.0061097145080566, "eval_accuracy": 0.5942000150680542, "eval_mae": 0.467, "eval_runtime": 17.2549, "eval_samples_per_second": 289.773}