{"eval_loss": 1.3393685817718506, "eval_accuracy": 0.46799999475479126, "eval_mae": 0.6886, "eval_runtime": 25.3601, "eval_samples_per_second": 197.16}