{"eval_loss": 1.2281209230422974, "eval_accuracy": 0.49959999322891235, "eval_mae": 0.6028, "eval_runtime": 18.4677, "eval_samples_per_second": 270.743}