{"eval_loss": 1.0862396955490112, "eval_accuracy": 0.5464000105857849, "eval_mae": 0.5438, "eval_runtime": 18.5159, "eval_samples_per_second": 270.039}