{"eval_loss": 1.3920128345489502, "eval_accuracy": 0.4819999933242798, "eval_mae": 0.6728, "eval_runtime": 37.6318, "eval_samples_per_second": 132.866}