{"eval_loss": 0.9500031471252441, "eval_accuracy": 0.5906000137329102, "eval_mae": 0.464, "eval_runtime": 16.6525, "eval_samples_per_second": 300.256}