{"eval_loss": 1.0851808786392212, "eval_accuracy": 0.574400007724762, "eval_mae": 0.512, "eval_runtime": 16.5623, "eval_samples_per_second": 301.891}