{"eval_loss": 1.0044342279434204, "eval_accuracy": 0.5920000076293945, "eval_mae": 0.4684, "eval_runtime": 17.1483, "eval_samples_per_second": 291.575}