{"eval_loss": 0.9486887454986572, "eval_accuracy": 0.5914000272750854, "eval_mae": 0.4622, "eval_runtime": 16.6593, "eval_samples_per_second": 300.132}