{"eval_loss": 0.9489703178405762, "eval_accuracy": 0.5898000001907349, "eval_mae": 0.464, "eval_runtime": 17.1629, "eval_samples_per_second": 291.327}