{"eval_loss": 1.0069317817687988, "eval_accuracy": 0.5753999948501587, "eval_mae": 0.4962, "eval_runtime": 16.5527, "eval_samples_per_second": 302.066}