{"eval_loss": 1.22705078125, "eval_accuracy": 0.49900001287460327, "eval_mae": 0.6032, "eval_runtime": 18.4801, "eval_samples_per_second": 270.562}