{"eval_loss": 1.1553367376327515, "eval_accuracy": 0.5004000067710876, "eval_mae": 0.5896, "eval_runtime": 16.654, "eval_samples_per_second": 300.228}