{"eval_loss": 1.2382339239120483, "eval_accuracy": 0.4973999857902527, "eval_mae": 0.6474, "eval_runtime": 19.0682, "eval_samples_per_second": 262.217}