{"eval_loss": 1.0603687763214111, "eval_accuracy": 0.5568000078201294, "eval_mae": 0.5222, "eval_runtime": 18.3307, "eval_samples_per_second": 272.767}