{"eval_loss": 0.9557263851165771, "eval_accuracy": 0.598800003528595, "eval_mae": 0.4648, "eval_runtime": 17.3252, "eval_samples_per_second": 288.596}