{"eval_loss": 1.079433798789978, "eval_accuracy": 0.5558000206947327, "eval_mae": 0.5662, "eval_runtime": 28.7795, "eval_samples_per_second": 173.735}