{"eval_loss": 0.9461297988891602, "eval_accuracy": 0.6047999858856201, "eval_mae": 0.4572, "eval_runtime": 17.1845, "eval_samples_per_second": 290.96}