{"eval_loss": 1.2384032011032104, "eval_accuracy": 0.5031999945640564, "eval_mae": 0.6274, "eval_runtime": 28.1594, "eval_samples_per_second": 177.56}