{"eval_loss": 0.889639675617218, "eval_accuracy": 0.6367999911308289, "eval_mae": 0.4142, "eval_runtime": 23.6028, "eval_samples_per_second": 211.839}