{"eval_loss": 1.2269842624664307, "eval_accuracy": 0.5013999938964844, "eval_mae": 0.6006, "eval_runtime": 18.4119, "eval_samples_per_second": 271.563}