{"eval_loss": 1.2290009260177612, "eval_accuracy": 0.5070000290870667, "eval_mae": 0.6206, "eval_runtime": 29.7287, "eval_samples_per_second": 168.188}