{"eval_loss": 1.146235704421997, "eval_accuracy": 0.5496000051498413, "eval_mae": 0.5802, "eval_runtime": 16.7885, "eval_samples_per_second": 297.823}