{"eval_loss": 0.9494497776031494, "eval_accuracy": 0.5910000205039978, "eval_mae": 0.4622, "eval_runtime": 17.3453, "eval_samples_per_second": 288.263}