{"eval_loss": 1.2362236976623535, "eval_accuracy": 0.4973999857902527, "eval_mae": 0.6456, "eval_runtime": 29.3936, "eval_samples_per_second": 170.105}