{"eval_loss": 1.0243020057678223, "eval_accuracy": 0.5568000078201294, "eval_mae": 0.5358, "eval_runtime": 17.4364, "eval_samples_per_second": 286.757}