{"eval_loss": 0.9561804533004761, "eval_accuracy": 0.5992000102996826, "eval_mae": 0.4638, "eval_runtime": 17.3357, "eval_samples_per_second": 288.422}