{"eval_loss": 1.2415798902511597, "eval_accuracy": 0.4959999918937683, "eval_mae": 0.6504, "eval_runtime": 19.9334, "eval_samples_per_second": 250.836}