{"eval_loss": 1.0555331707000732, "eval_accuracy": 0.5270000100135803, "eval_mae": 0.5708, "eval_runtime": 15.9391, "eval_samples_per_second": 313.695}