{"eval_loss": 0.9492197036743164, "eval_accuracy": 0.5925999879837036, "eval_mae": 0.4606, "eval_runtime": 16.3607, "eval_samples_per_second": 305.611}