{"eval_loss": 0.949373722076416, "eval_accuracy": 0.6068000197410583, "eval_mae": 0.4496, "eval_runtime": 18.5752, "eval_samples_per_second": 269.177}