{"eval_loss": 0.9493301510810852, "eval_accuracy": 0.605400025844574, "eval_mae": 0.4506, "eval_runtime": 19.1686, "eval_samples_per_second": 260.843}