{"eval_loss": 0.9491119384765625, "eval_accuracy": 0.6064000129699707, "eval_mae": 0.4504, "eval_runtime": 19.1453, "eval_samples_per_second": 261.16}