{"eval_loss": 1.062925100326538, "eval_accuracy": 0.5565999746322632, "eval_mae": 0.5222, "eval_runtime": 18.3329, "eval_samples_per_second": 272.734}