{"eval_loss": 1.3468831777572632, "eval_accuracy": 0.4722000062465668, "eval_mae": 0.6904, "eval_runtime": 17.2508, "eval_samples_per_second": 289.842}