{"eval_loss": 1.3958019018173218, "eval_accuracy": 0.4819999933242798, "eval_mae": 0.6726, "eval_runtime": 24.3513, "eval_samples_per_second": 205.328}