{"eval_loss": 0.94919353723526, "eval_accuracy": 0.5911999940872192, "eval_mae": 0.4626, "eval_runtime": 17.2063, "eval_samples_per_second": 290.592}