{"eval_loss": 0.9492260813713074, "eval_accuracy": 0.590399980545044, "eval_mae": 0.463, "eval_runtime": 17.4258, "eval_samples_per_second": 286.931}