{"eval_loss": 1.1780592203140259, "eval_accuracy": 0.5005999803543091, "eval_mae": 0.5936, "eval_runtime": 17.3913, "eval_samples_per_second": 287.5}