{"eval_loss": 0.9467566609382629, "eval_accuracy": 0.6060000061988831, "eval_mae": 0.4492, "eval_runtime": 18.4403, "eval_samples_per_second": 271.145}