{"eval_loss": 1.3388609886169434, "eval_accuracy": 0.4681999981403351, "eval_mae": 0.6886, "eval_runtime": 28.297, "eval_samples_per_second": 176.697}