{"eval_loss": 0.9903520345687866, "eval_accuracy": 0.5698000192642212, "eval_mae": 0.5082, "eval_runtime": 16.9126, "eval_samples_per_second": 295.637}