{"eval_loss": 1.3391250371932983, "eval_accuracy": 0.4674000144004822, "eval_mae": 0.6892, "eval_runtime": 31.7437, "eval_samples_per_second": 157.512}