{"eval_loss": 0.9791046977043152, "eval_accuracy": 0.5848000049591064, "eval_mae": 0.4858, "eval_runtime": 17.2952, "eval_samples_per_second": 289.097}