{"eval_loss": 0.9492945075035095, "eval_accuracy": 0.5902000069618225, "eval_mae": 0.4636, "eval_runtime": 16.5647, "eval_samples_per_second": 301.847}