{"eval_loss": 0.9500806927680969, "eval_accuracy": 0.5917999744415283, "eval_mae": 0.4724, "eval_runtime": 24.6086, "eval_samples_per_second": 203.181}