{"eval_loss": 0.951341986656189, "eval_accuracy": 0.621399998664856, "eval_mae": 0.4282, "eval_runtime": 17.1933, "eval_samples_per_second": 290.811}