{"eval_loss": 1.3950414657592773, "eval_accuracy": 0.47679999470710754, "eval_mae": 0.6802, "eval_runtime": 18.8767, "eval_samples_per_second": 264.876}