{"eval_loss": 1.36838960647583, "eval_accuracy": 0.45840001106262207, "eval_mae": 0.7312, "eval_runtime": 17.5059, "eval_samples_per_second": 285.618}