{"eval_loss": 0.9609857201576233, "eval_accuracy": 0.5924000144004822, "eval_mae": 0.4836, "eval_runtime": 17.4593, "eval_samples_per_second": 286.38}