{"eval_loss": 0.8885970711708069, "eval_accuracy": 0.6355999708175659, "eval_mae": 0.4142, "eval_runtime": 18.5886, "eval_samples_per_second": 268.982}