{"eval_loss": 1.3674604892730713, "eval_accuracy": 0.4578000009059906, "eval_mae": 0.7322, "eval_runtime": 16.6853, "eval_samples_per_second": 299.664}