{"eval_loss": 1.3513779640197754, "eval_accuracy": 0.483599990606308, "eval_mae": 0.6712, "eval_runtime": 19.899, "eval_samples_per_second": 251.269}