{"eval_loss": 0.8895549774169922, "eval_accuracy": 0.6366000175476074, "eval_mae": 0.4144, "eval_runtime": 29.4614, "eval_samples_per_second": 169.714}