{"eval_loss": 1.3547062873840332, "eval_accuracy": 0.48240000009536743, "eval_mae": 0.6722, "eval_runtime": 18.4481, "eval_samples_per_second": 271.031}