{"eval_loss": 0.9487853646278381, "eval_accuracy": 0.5896000266075134, "eval_mae": 0.4642, "eval_runtime": 17.4451, "eval_samples_per_second": 286.614}