{"eval_loss": 1.0630463361740112, "eval_accuracy": 0.557200014591217, "eval_mae": 0.5222, "eval_runtime": 18.3453, "eval_samples_per_second": 272.549}