{"eval_loss": 1.1553490161895752, "eval_accuracy": 0.49959999322891235, "eval_mae": 0.5912, "eval_runtime": 17.2845, "eval_samples_per_second": 289.276}