{"eval_loss": 1.3387506008148193, "eval_accuracy": 0.46779999136924744, "eval_mae": 0.6888, "eval_runtime": 20.0193, "eval_samples_per_second": 249.759}