{"eval_loss": 0.9907255172729492, "eval_accuracy": 0.5712000131607056, "eval_mae": 0.5058, "eval_runtime": 16.9392, "eval_samples_per_second": 295.173}