{"eval_loss": 1.2248927354812622, "eval_accuracy": 0.49959999322891235, "eval_mae": 0.6024, "eval_runtime": 18.0698, "eval_samples_per_second": 276.704}