{"eval_loss": 1.0842351913452148, "eval_accuracy": 0.5753999948501587, "eval_mae": 0.5104, "eval_runtime": 16.9574, "eval_samples_per_second": 294.857}