{"eval_loss": 0.9457042217254639, "eval_accuracy": 0.6050000190734863, "eval_mae": 0.4574, "eval_runtime": 17.2296, "eval_samples_per_second": 290.198}