{"eval_loss": 0.9780123829841614, "eval_accuracy": 0.5817999839782715, "eval_mae": 0.4882, "eval_runtime": 17.4932, "eval_samples_per_second": 285.826}