{"eval_loss": 1.2419568300247192, "eval_accuracy": 0.5031999945640564, "eval_mae": 0.591, "eval_runtime": 19.0133, "eval_samples_per_second": 262.973}