{"eval_loss": 1.018592357635498, "eval_accuracy": 0.5806000232696533, "eval_mae": 0.4944, "eval_runtime": 19.8336, "eval_samples_per_second": 252.098}