{"eval_loss": 1.0114647150039673, "eval_accuracy": 0.579200029373169, "eval_mae": 0.4826, "eval_runtime": 17.7202, "eval_samples_per_second": 282.163}