{"eval_loss": 1.2327848672866821, "eval_accuracy": 0.5022000074386597, "eval_mae": 0.6024, "eval_runtime": 18.4626, "eval_samples_per_second": 270.817}