{"eval_loss": 1.297134280204773, "eval_accuracy": 0.46779999136924744, "eval_mae": 0.682, "eval_runtime": 34.1331, "eval_samples_per_second": 146.485}