{"eval_loss": 0.948563277721405, "eval_accuracy": 0.5898000001907349, "eval_mae": 0.4638, "eval_runtime": 16.2465, "eval_samples_per_second": 307.759}