{"eval_loss": 1.0190788507461548, "eval_accuracy": 0.5809999704360962, "eval_mae": 0.4938, "eval_runtime": 21.3274, "eval_samples_per_second": 234.44}