{"eval_loss": 1.0065027475357056, "eval_accuracy": 0.5942000150680542, "eval_mae": 0.4672, "eval_runtime": 17.4597, "eval_samples_per_second": 286.374}