{"eval_loss": 0.9482859373092651, "eval_accuracy": 0.6187999844551086, "eval_mae": 0.4312, "eval_runtime": 17.551, "eval_samples_per_second": 284.884}