{"eval_loss": 1.1477316617965698, "eval_accuracy": 0.5504000186920166, "eval_mae": 0.5802, "eval_runtime": 16.8434, "eval_samples_per_second": 296.853}