{"eval_loss": 0.9558873176574707, "eval_accuracy": 0.5979999899864197, "eval_mae": 0.4656, "eval_runtime": 16.3411, "eval_samples_per_second": 305.977}