{"eval_loss": 1.0532866716384888, "eval_accuracy": 0.5297999978065491, "eval_mae": 0.5676, "eval_runtime": 16.0109, "eval_samples_per_second": 312.287}