{"eval_loss": 1.0176284313201904, "eval_accuracy": 0.5807999968528748, "eval_mae": 0.4808, "eval_runtime": 17.5044, "eval_samples_per_second": 285.642}