{"eval_loss": 1.0211306810379028, "eval_accuracy": 0.5685999989509583, "eval_mae": 0.5104, "eval_runtime": 17.4904, "eval_samples_per_second": 285.871}