{"eval_loss": 1.23868727684021, "eval_accuracy": 0.4970000088214874, "eval_mae": 0.6476, "eval_runtime": 18.733, "eval_samples_per_second": 266.909}