{"eval_loss": 1.3671993017196655, "eval_accuracy": 0.45820000767707825, "eval_mae": 0.7314, "eval_runtime": 17.394, "eval_samples_per_second": 287.456}