{"eval_loss": 1.0109943151474, "eval_accuracy": 0.5812000036239624, "eval_mae": 0.4804, "eval_runtime": 17.4678, "eval_samples_per_second": 286.24}