{"eval_loss": 1.3921806812286377, "eval_accuracy": 0.4814000129699707, "eval_mae": 0.6732, "eval_runtime": 20.5643, "eval_samples_per_second": 243.14}