{"eval_loss": 1.3431099653244019, "eval_accuracy": 0.4758000075817108, "eval_mae": 0.6934, "eval_runtime": 16.4012, "eval_samples_per_second": 304.855}