{"eval_loss": 1.3449980020523071, "eval_accuracy": 0.47600001096725464, "eval_mae": 0.6954, "eval_runtime": 16.3168, "eval_samples_per_second": 306.433}