{"eval_loss": 1.0066092014312744, "eval_accuracy": 0.592199981212616, "eval_mae": 0.469, "eval_runtime": 17.2525, "eval_samples_per_second": 289.812}