{"eval_loss": 0.9789124727249146, "eval_accuracy": 0.5817999839782715, "eval_mae": 0.4886, "eval_runtime": 17.4028, "eval_samples_per_second": 287.31}