{"eval_loss": 0.9335845708847046, "eval_accuracy": 0.604200005531311, "eval_mae": 0.4502, "eval_runtime": 16.0774, "eval_samples_per_second": 310.996}