{"eval_loss": 1.0603941679000854, "eval_accuracy": 0.5594000220298767, "eval_mae": 0.5212, "eval_runtime": 18.3778, "eval_samples_per_second": 272.067}