{"eval_loss": 1.0532957315444946, "eval_accuracy": 0.5281999707221985, "eval_mae": 0.5688, "eval_runtime": 16.3684, "eval_samples_per_second": 305.466}