{"eval_loss": 1.2386072874069214, "eval_accuracy": 0.4957999885082245, "eval_mae": 0.6478, "eval_runtime": 18.7536, "eval_samples_per_second": 266.615}