{"eval_loss": 1.1554964780807495, "eval_accuracy": 0.4997999966144562, "eval_mae": 0.5908, "eval_runtime": 17.2572, "eval_samples_per_second": 289.734}