{"eval_loss": 0.9355777502059937, "eval_accuracy": 0.6043999791145325, "eval_mae": 0.4508, "eval_runtime": 17.158, "eval_samples_per_second": 291.408}