{"eval_loss": 1.0132962465286255, "eval_accuracy": 0.5781999826431274, "eval_mae": 0.4844, "eval_runtime": 17.393, "eval_samples_per_second": 287.471}