{"eval_loss": 0.9556068181991577, "eval_accuracy": 0.5997999906539917, "eval_mae": 0.4636, "eval_runtime": 17.2997, "eval_samples_per_second": 289.022}