{"eval_loss": 1.018559217453003, "eval_accuracy": 0.5813999772071838, "eval_mae": 0.4934, "eval_runtime": 23.0213, "eval_samples_per_second": 217.19}