{"eval_loss": 0.9487821459770203, "eval_accuracy": 0.5902000069618225, "eval_mae": 0.4632, "eval_runtime": 16.5466, "eval_samples_per_second": 302.176}