{"eval_loss": 1.4421237707138062, "eval_accuracy": 0.43959999084472656, "eval_mae": 0.7284, "eval_runtime": 21.5237, "eval_samples_per_second": 232.302}