{"eval_loss": 1.3939731121063232, "eval_accuracy": 0.48100000619888306, "eval_mae": 0.6744, "eval_runtime": 19.4561, "eval_samples_per_second": 256.989}