{"eval_loss": 1.342809796333313, "eval_accuracy": 0.4758000075817108, "eval_mae": 0.6932, "eval_runtime": 17.1242, "eval_samples_per_second": 291.984}