{"eval_loss": 1.296323299407959, "eval_accuracy": 0.4675999879837036, "eval_mae": 0.6818, "eval_runtime": 27.6746, "eval_samples_per_second": 180.671}