{"eval_loss": 1.0119377374649048, "eval_accuracy": 0.579800009727478, "eval_mae": 0.4824, "eval_runtime": 16.6944, "eval_samples_per_second": 299.501}