{"eval_loss": 1.0059266090393066, "eval_accuracy": 0.5748000144958496, "eval_mae": 0.4968, "eval_runtime": 16.5909, "eval_samples_per_second": 301.37}