{"eval_loss": 1.0081266164779663, "eval_accuracy": 0.5934000015258789, "eval_mae": 0.468, "eval_runtime": 17.1636, "eval_samples_per_second": 291.314}