{"eval_loss": 1.3929316997528076, "eval_accuracy": 0.4787999987602234, "eval_mae": 0.6748, "eval_runtime": 19.5772, "eval_samples_per_second": 255.399}