{"eval_loss": 1.0666210651397705, "eval_accuracy": 0.5555999875068665, "eval_mae": 0.5256, "eval_runtime": 18.8786, "eval_samples_per_second": 264.85}