{"eval_loss": 1.0213912725448608, "eval_accuracy": 0.5702000260353088, "eval_mae": 0.5074, "eval_runtime": 17.2841, "eval_samples_per_second": 289.283}