{"eval_loss": 0.9511216878890991, "eval_accuracy": 0.6212000250816345, "eval_mae": 0.4284, "eval_runtime": 17.0196, "eval_samples_per_second": 293.778}