{"eval_loss": 0.9608601331710815, "eval_accuracy": 0.5925999879837036, "eval_mae": 0.4836, "eval_runtime": 17.4827, "eval_samples_per_second": 285.996}