{"eval_loss": 1.0617033243179321, "eval_accuracy": 0.5564000010490417, "eval_mae": 0.5228, "eval_runtime": 18.2942, "eval_samples_per_second": 273.311}