{"eval_loss": 1.0070228576660156, "eval_accuracy": 0.5784000158309937, "eval_mae": 0.4846, "eval_runtime": 17.0491, "eval_samples_per_second": 293.27}