{"eval_loss": 0.9906156063079834, "eval_accuracy": 0.571399986743927, "eval_mae": 0.507, "eval_runtime": 16.146, "eval_samples_per_second": 309.674}