{"eval_loss": 1.0066187381744385, "eval_accuracy": 0.5935999751091003, "eval_mae": 0.4678, "eval_runtime": 17.1063, "eval_samples_per_second": 292.29}