{"eval_loss": 0.950076162815094, "eval_accuracy": 0.6068000197410583, "eval_mae": 0.4496, "eval_runtime": 18.6801, "eval_samples_per_second": 267.664}