{"eval_loss": 1.0061230659484863, "eval_accuracy": 0.5752000212669373, "eval_mae": 0.4962, "eval_runtime": 17.1177, "eval_samples_per_second": 292.095}