{"eval_loss": 1.1558732986450195, "eval_accuracy": 0.4986000061035156, "eval_mae": 0.5922, "eval_runtime": 17.3184, "eval_samples_per_second": 288.71}