{"eval_loss": 0.9934132695198059, "eval_accuracy": 0.5723999738693237, "eval_mae": 0.5074, "eval_runtime": 17.3835, "eval_samples_per_second": 287.628}