{"eval_loss": 1.2419352531433105, "eval_accuracy": 0.5001999735832214, "eval_mae": 0.5954, "eval_runtime": 18.7462, "eval_samples_per_second": 266.72}