{"eval_loss": 1.0064806938171387, "eval_accuracy": 0.5928000211715698, "eval_mae": 0.4686, "eval_runtime": 17.1458, "eval_samples_per_second": 291.617}