{"eval_loss": 1.0117183923721313, "eval_accuracy": 0.5795999765396118, "eval_mae": 0.4818, "eval_runtime": 16.8072, "eval_samples_per_second": 297.492}