{"eval_loss": 1.231856107711792, "eval_accuracy": 0.49900001287460327, "eval_mae": 0.6042, "eval_runtime": 18.3561, "eval_samples_per_second": 272.388}