{"eval_loss": 0.9462278485298157, "eval_accuracy": 0.6050000190734863, "eval_mae": 0.4572, "eval_runtime": 17.1405, "eval_samples_per_second": 291.708}