{"eval_loss": 0.8896293044090271, "eval_accuracy": 0.6363999843597412, "eval_mae": 0.4146, "eval_runtime": 31.2959, "eval_samples_per_second": 159.766}