{"eval_loss": 1.0216186046600342, "eval_accuracy": 0.5703999996185303, "eval_mae": 0.507, "eval_runtime": 16.6034, "eval_samples_per_second": 301.143}