{"eval_loss": 1.085843801498413, "eval_accuracy": 0.5756000280380249, "eval_mae": 0.51, "eval_runtime": 16.0234, "eval_samples_per_second": 312.044}