{"eval_loss": 1.3527365922927856, "eval_accuracy": 0.4819999933242798, "eval_mae": 0.673, "eval_runtime": 21.2859, "eval_samples_per_second": 234.898}