{"eval_loss": 1.0153652429580688, "eval_accuracy": 0.5649999976158142, "eval_mae": 0.5078, "eval_runtime": 16.2326, "eval_samples_per_second": 308.022}