{"eval_loss": 1.2281378507614136, "eval_accuracy": 0.5080000162124634, "eval_mae": 0.6196, "eval_runtime": 20.504, "eval_samples_per_second": 243.855}