{"eval_loss": 0.9497697949409485, "eval_accuracy": 0.6061999797821045, "eval_mae": 0.45, "eval_runtime": 22.099, "eval_samples_per_second": 226.254}