{"eval_loss": 1.011586308479309, "eval_accuracy": 0.5802000164985657, "eval_mae": 0.4812, "eval_runtime": 16.8212, "eval_samples_per_second": 297.244}