{"eval_loss": 1.3486281633377075, "eval_accuracy": 0.4702000021934509, "eval_mae": 0.693, "eval_runtime": 17.2924, "eval_samples_per_second": 289.145}