{"eval_loss": 1.3442023992538452, "eval_accuracy": 0.4733999967575073, "eval_mae": 0.6968, "eval_runtime": 16.3663, "eval_samples_per_second": 305.506}