{"eval_loss": 0.9785988330841064, "eval_accuracy": 0.5807999968528748, "eval_mae": 0.4886, "eval_runtime": 16.6837, "eval_samples_per_second": 299.694}