{"eval_loss": 0.9449673891067505, "eval_accuracy": 0.6061999797821045, "eval_mae": 0.4554, "eval_runtime": 17.4653, "eval_samples_per_second": 286.282}