{"eval_loss": 1.2405905723571777, "eval_accuracy": 0.5023999810218811, "eval_mae": 0.5928, "eval_runtime": 18.0171, "eval_samples_per_second": 277.514}