{"eval_loss": 1.0246124267578125, "eval_accuracy": 0.5555999875068665, "eval_mae": 0.5356, "eval_runtime": 17.3418, "eval_samples_per_second": 288.321}