{"eval_loss": 1.1457786560058594, "eval_accuracy": 0.5486000180244446, "eval_mae": 0.5826, "eval_runtime": 17.4332, "eval_samples_per_second": 286.809}