{"eval_loss": 1.005778193473816, "eval_accuracy": 0.5766000151634216, "eval_mae": 0.495, "eval_runtime": 17.1711, "eval_samples_per_second": 291.187}