{"eval_loss": 1.0059881210327148, "eval_accuracy": 0.5758000016212463, "eval_mae": 0.4958, "eval_runtime": 16.549, "eval_samples_per_second": 302.133}