{"eval_loss": 1.018426537513733, "eval_accuracy": 0.5799999833106995, "eval_mae": 0.4828, "eval_runtime": 17.4071, "eval_samples_per_second": 287.239}