{"eval_loss": 0.9366618990898132, "eval_accuracy": 0.5938000082969666, "eval_mae": 0.464, "eval_runtime": 19.4242, "eval_samples_per_second": 257.411}