{"eval_loss": 1.3468425273895264, "eval_accuracy": 0.4722000062465668, "eval_mae": 0.6882, "eval_runtime": 17.3067, "eval_samples_per_second": 288.906}