{"eval_loss": 1.0035349130630493, "eval_accuracy": 0.5753999948501587, "eval_mae": 0.4964, "eval_runtime": 17.2413, "eval_samples_per_second": 290.001}