{"eval_loss": 1.017035722732544, "eval_accuracy": 0.5789999961853027, "eval_mae": 0.4836, "eval_runtime": 17.5582, "eval_samples_per_second": 284.768}