{"eval_loss": 1.0186378955841064, "eval_accuracy": 0.5812000036239624, "eval_mae": 0.4936, "eval_runtime": 29.3578, "eval_samples_per_second": 170.312}