{"eval_loss": 1.2965646982192993, "eval_accuracy": 0.46779999136924744, "eval_mae": 0.6818, "eval_runtime": 19.53, "eval_samples_per_second": 256.017}