{"eval_loss": 1.4433538913726807, "eval_accuracy": 0.43959999084472656, "eval_mae": 0.7292, "eval_runtime": 18.8606, "eval_samples_per_second": 265.103}