{"eval_loss": 1.0290027856826782, "eval_accuracy": 0.5429999828338623, "eval_mae": 0.5408, "eval_runtime": 16.7842, "eval_samples_per_second": 297.9}