{"eval_loss": 1.0248264074325562, "eval_accuracy": 0.5550000071525574, "eval_mae": 0.5372, "eval_runtime": 17.4221, "eval_samples_per_second": 286.991}