{"eval_loss": 1.2282698154449463, "eval_accuracy": 0.4991999864578247, "eval_mae": 0.6032, "eval_runtime": 18.4286, "eval_samples_per_second": 271.318}