{"eval_loss": 1.367355465888977, "eval_accuracy": 0.4578000009059906, "eval_mae": 0.7318, "eval_runtime": 17.3903, "eval_samples_per_second": 287.516}