{"eval_loss": 1.0299879312515259, "eval_accuracy": 0.5450000166893005, "eval_mae": 0.5402, "eval_runtime": 16.6303, "eval_samples_per_second": 300.655}