{"eval_loss": 1.239586353302002, "eval_accuracy": 0.503000020980835, "eval_mae": 0.628, "eval_runtime": 23.1743, "eval_samples_per_second": 215.756}