{"eval_loss": 1.0532236099243164, "eval_accuracy": 0.5275999903678894, "eval_mae": 0.5696, "eval_runtime": 16.2929, "eval_samples_per_second": 306.882}