{"eval_loss": 1.2719184160232544, "eval_accuracy": 0.4713999927043915, "eval_mae": 0.6742, "eval_runtime": 18.0824, "eval_samples_per_second": 276.512}