{"eval_loss": 0.961203932762146, "eval_accuracy": 0.5920000076293945, "eval_mae": 0.4842, "eval_runtime": 17.3597, "eval_samples_per_second": 288.023}