{"eval_loss": 1.1798776388168335, "eval_accuracy": 0.5009999871253967, "eval_mae": 0.5948, "eval_runtime": 17.4219, "eval_samples_per_second": 286.995}