{"eval_loss": 0.9541786909103394, "eval_accuracy": 0.6015999913215637, "eval_mae": 0.4616, "eval_runtime": 17.4232, "eval_samples_per_second": 286.973}