{"eval_loss": 0.950975775718689, "eval_accuracy": 0.6212000250816345, "eval_mae": 0.4284, "eval_runtime": 17.4333, "eval_samples_per_second": 286.807}