{"eval_loss": 1.1447148323059082, "eval_accuracy": 0.5496000051498413, "eval_mae": 0.5768, "eval_runtime": 16.7508, "eval_samples_per_second": 298.493}