{"eval_loss": 1.0173043012619019, "eval_accuracy": 0.5794000029563904, "eval_mae": 0.4828, "eval_runtime": 17.6737, "eval_samples_per_second": 282.907}