{"eval_loss": 1.2969472408294678, "eval_accuracy": 0.4681999981403351, "eval_mae": 0.6816, "eval_runtime": 19.5623, "eval_samples_per_second": 255.594}