{"eval_loss": 0.9805062413215637, "eval_accuracy": 0.5784000158309937, "eval_mae": 0.4908, "eval_runtime": 17.3127, "eval_samples_per_second": 288.806}