{"eval_loss": 1.0054097175598145, "eval_accuracy": 0.5943999886512756, "eval_mae": 0.4676, "eval_runtime": 17.1547, "eval_samples_per_second": 291.465}