{"eval_loss": 1.1474158763885498, "eval_accuracy": 0.550000011920929, "eval_mae": 0.5808, "eval_runtime": 17.5213, "eval_samples_per_second": 285.366}