{"eval_loss": 1.0301505327224731, "eval_accuracy": 0.5465999841690063, "eval_mae": 0.5376, "eval_runtime": 17.5767, "eval_samples_per_second": 284.468}