{"eval_loss": 1.0186339616775513, "eval_accuracy": 0.5812000036239624, "eval_mae": 0.4936, "eval_runtime": 34.7819, "eval_samples_per_second": 143.753}