{"eval_loss": 1.0447044372558594, "eval_accuracy": 0.5616000294685364, "eval_mae": 0.5082, "eval_runtime": 18.0586, "eval_samples_per_second": 276.876}