{"eval_loss": 1.3526015281677246, "eval_accuracy": 0.48260000348091125, "eval_mae": 0.6724, "eval_runtime": 19.8828, "eval_samples_per_second": 251.473}