{"eval_loss": 1.1566437482833862, "eval_accuracy": 0.49939998984336853, "eval_mae": 0.5902, "eval_runtime": 17.2122, "eval_samples_per_second": 290.491}