{"eval_loss": 1.3667834997177124, "eval_accuracy": 0.45680001378059387, "eval_mae": 0.7322, "eval_runtime": 16.7121, "eval_samples_per_second": 299.185}