{"eval_loss": 0.9559782147407532, "eval_accuracy": 0.5997999906539917, "eval_mae": 0.4632, "eval_runtime": 17.1571, "eval_samples_per_second": 291.425}