{"eval_loss": 1.0247561931610107, "eval_accuracy": 0.5559999942779541, "eval_mae": 0.5358, "eval_runtime": 17.2931, "eval_samples_per_second": 289.132}