{"eval_loss": 0.9457679390907288, "eval_accuracy": 0.604200005531311, "eval_mae": 0.4572, "eval_runtime": 17.3554, "eval_samples_per_second": 288.095}