{"eval_loss": 0.9607012867927551, "eval_accuracy": 0.5934000015258789, "eval_mae": 0.4826, "eval_runtime": 17.3175, "eval_samples_per_second": 288.724}