{"eval_loss": 1.226667881011963, "eval_accuracy": 0.5067999958992004, "eval_mae": 0.6212, "eval_runtime": 32.8643, "eval_samples_per_second": 152.141}