{"eval_loss": 0.8896051049232483, "eval_accuracy": 0.6363999843597412, "eval_mae": 0.4146, "eval_runtime": 21.496, "eval_samples_per_second": 232.601}