{"eval_loss": 0.9910631775856018, "eval_accuracy": 0.5708000063896179, "eval_mae": 0.5082, "eval_runtime": 16.9268, "eval_samples_per_second": 295.389}