{"eval_loss": 1.0455455780029297, "eval_accuracy": 0.5601999759674072, "eval_mae": 0.5088, "eval_runtime": 18.7235, "eval_samples_per_second": 267.044}