{"eval_loss": 1.155571699142456, "eval_accuracy": 0.5005999803543091, "eval_mae": 0.5904, "eval_runtime": 18.0689, "eval_samples_per_second": 276.719}