{"eval_loss": 1.085239291191101, "eval_accuracy": 0.5752000212669373, "eval_mae": 0.511, "eval_runtime": 16.7283, "eval_samples_per_second": 298.894}