{"eval_loss": 0.9556387662887573, "eval_accuracy": 0.5992000102996826, "eval_mae": 0.4638, "eval_runtime": 16.8803, "eval_samples_per_second": 296.204}