{"eval_loss": 0.9613083004951477, "eval_accuracy": 0.5928000211715698, "eval_mae": 0.4838, "eval_runtime": 16.634, "eval_samples_per_second": 300.59}