{"eval_loss": 1.1753801107406616, "eval_accuracy": 0.5009999871253967, "eval_mae": 0.593, "eval_runtime": 17.3858, "eval_samples_per_second": 287.591}