{"eval_loss": 1.0851346254348755, "eval_accuracy": 0.5753999948501587, "eval_mae": 0.5106, "eval_runtime": 16.4817, "eval_samples_per_second": 303.366}