{"eval_loss": 1.1475318670272827, "eval_accuracy": 0.5490000247955322, "eval_mae": 0.5818, "eval_runtime": 17.6385, "eval_samples_per_second": 283.47}