{"eval_loss": 1.2291194200515747, "eval_accuracy": 0.5070000290870667, "eval_mae": 0.6202, "eval_runtime": 26.9724, "eval_samples_per_second": 185.375}