{"eval_loss": 0.9356518387794495, "eval_accuracy": 0.6019999980926514, "eval_mae": 0.454, "eval_runtime": 16.3793, "eval_samples_per_second": 305.263}