{"eval_loss": 0.9479514360427856, "eval_accuracy": 0.5925999879837036, "eval_mae": 0.47, "eval_runtime": 19.9577, "eval_samples_per_second": 250.53}