{"eval_loss": 1.2387548685073853, "eval_accuracy": 0.4970000088214874, "eval_mae": 0.6478, "eval_runtime": 18.1013, "eval_samples_per_second": 276.224}