{"eval_loss": 1.2944895029067993, "eval_accuracy": 0.4691999852657318, "eval_mae": 0.678, "eval_runtime": 22.3363, "eval_samples_per_second": 223.851}