{"eval_loss": 1.05393648147583, "eval_accuracy": 0.5271999835968018, "eval_mae": 0.57, "eval_runtime": 16.8482, "eval_samples_per_second": 296.768}