{"eval_loss": 1.3030458688735962, "eval_accuracy": 0.4787999987602234, "eval_mae": 0.6658, "eval_runtime": 20.1137, "eval_samples_per_second": 248.587}