{"eval_loss": 1.0860135555267334, "eval_accuracy": 0.5740000009536743, "eval_mae": 0.5124, "eval_runtime": 16.9253, "eval_samples_per_second": 295.417}