{"eval_loss": 1.0069506168365479, "eval_accuracy": 0.5938000082969666, "eval_mae": 0.4676, "eval_runtime": 17.2992, "eval_samples_per_second": 289.031}