{"eval_loss": 1.296651005744934, "eval_accuracy": 0.46799999475479126, "eval_mae": 0.6816, "eval_runtime": 19.7819, "eval_samples_per_second": 252.757}