{"eval_loss": 1.3382567167282104, "eval_accuracy": 0.46799999475479126, "eval_mae": 0.6882, "eval_runtime": 22.9822, "eval_samples_per_second": 217.56}