{"eval_loss": 0.8895394802093506, "eval_accuracy": 0.6363999843597412, "eval_mae": 0.4146, "eval_runtime": 18.5336, "eval_samples_per_second": 269.78}