{"eval_loss": 0.9555038809776306, "eval_accuracy": 0.600600004196167, "eval_mae": 0.4626, "eval_runtime": 16.455, "eval_samples_per_second": 303.858}