{"eval_loss": 1.2395799160003662, "eval_accuracy": 0.49559998512268066, "eval_mae": 0.6474, "eval_runtime": 35.3296, "eval_samples_per_second": 141.524}