{"eval_loss": 1.0155977010726929, "eval_accuracy": 0.5649999976158142, "eval_mae": 0.5066, "eval_runtime": 17.1661, "eval_samples_per_second": 291.272}