{"eval_loss": 1.3431121110916138, "eval_accuracy": 0.47440001368522644, "eval_mae": 0.694, "eval_runtime": 16.9989, "eval_samples_per_second": 294.137}