{"eval_loss": 1.391558051109314, "eval_accuracy": 0.48100000619888306, "eval_mae": 0.6738, "eval_runtime": 18.7385, "eval_samples_per_second": 266.831}