{"eval_loss": 1.0295734405517578, "eval_accuracy": 0.5447999835014343, "eval_mae": 0.5396, "eval_runtime": 16.347, "eval_samples_per_second": 305.867}