{"eval_loss": 1.0186443328857422, "eval_accuracy": 0.5812000036239624, "eval_mae": 0.4936, "eval_runtime": 19.0497, "eval_samples_per_second": 262.471}