{"eval_loss": 1.297534465789795, "eval_accuracy": 0.4674000144004822, "eval_mae": 0.6822, "eval_runtime": 20.1114, "eval_samples_per_second": 248.616}