{"eval_loss": 1.2287999391555786, "eval_accuracy": 0.506600022315979, "eval_mae": 0.621, "eval_runtime": 32.8032, "eval_samples_per_second": 152.424}