{"eval_loss": 1.3387309312820435, "eval_accuracy": 0.46799999475479126, "eval_mae": 0.6886, "eval_runtime": 22.5481, "eval_samples_per_second": 221.748}