{"eval_loss": 0.8896706104278564, "eval_accuracy": 0.6371999979019165, "eval_mae": 0.4136, "eval_runtime": 17.9887, "eval_samples_per_second": 277.952}