{"eval_loss": 1.014752984046936, "eval_accuracy": 0.5651999711990356, "eval_mae": 0.5078, "eval_runtime": 16.9774, "eval_samples_per_second": 294.509}