{"eval_loss": 1.3625154495239258, "eval_accuracy": 0.45820000767707825, "eval_mae": 0.7292, "eval_runtime": 17.3642, "eval_samples_per_second": 287.949}