{"eval_loss": 0.9507521390914917, "eval_accuracy": 0.6215999722480774, "eval_mae": 0.4276, "eval_runtime": 17.44, "eval_samples_per_second": 286.697}