{"eval_loss": 1.033573865890503, "eval_accuracy": 0.5406000018119812, "eval_mae": 0.547, "eval_runtime": 17.363, "eval_samples_per_second": 287.968}