{"eval_loss": 1.1751222610473633, "eval_accuracy": 0.4997999966144562, "eval_mae": 0.5932, "eval_runtime": 16.6305, "eval_samples_per_second": 300.652}