{"eval_loss": 0.9751734137535095, "eval_accuracy": 0.5812000036239624, "eval_mae": 0.4886, "eval_runtime": 17.4699, "eval_samples_per_second": 286.207}