{"eval_loss": 1.0240808725357056, "eval_accuracy": 0.5559999942779541, "eval_mae": 0.5356, "eval_runtime": 17.4326, "eval_samples_per_second": 286.819}