{"eval_loss": 1.1554125547409058, "eval_accuracy": 0.4986000061035156, "eval_mae": 0.592, "eval_runtime": 17.5914, "eval_samples_per_second": 284.23}