{"eval_loss": 1.2289080619812012, "eval_accuracy": 0.5067999958992004, "eval_mae": 0.6202, "eval_runtime": 18.9301, "eval_samples_per_second": 264.129}