{"eval_loss": 0.9359859228134155, "eval_accuracy": 0.6014000177383423, "eval_mae": 0.4544, "eval_runtime": 16.3559, "eval_samples_per_second": 305.7}