{"eval_loss": 1.0200663805007935, "eval_accuracy": 0.5694000124931335, "eval_mae": 0.5078, "eval_runtime": 17.3422, "eval_samples_per_second": 288.314}