{"eval_loss": 1.350884199142456, "eval_accuracy": 0.4887999892234802, "eval_mae": 0.6648, "eval_runtime": 18.4208, "eval_samples_per_second": 271.432}