{"eval_loss": 1.0805342197418213, "eval_accuracy": 0.5555999875068665, "eval_mae": 0.566, "eval_runtime": 25.8718, "eval_samples_per_second": 193.261}