{"eval_loss": 1.241600751876831, "eval_accuracy": 0.5001999735832214, "eval_mae": 0.5958, "eval_runtime": 19.2804, "eval_samples_per_second": 259.33}