{"eval_loss": 0.889549970626831, "eval_accuracy": 0.6366000175476074, "eval_mae": 0.4144, "eval_runtime": 22.0278, "eval_samples_per_second": 226.985}