{"eval_loss": 1.228373408317566, "eval_accuracy": 0.5088000297546387, "eval_mae": 0.6212, "eval_runtime": 34.2738, "eval_samples_per_second": 145.884}