{"eval_loss": 1.0799095630645752, "eval_accuracy": 0.5753999948501587, "eval_mae": 0.5096, "eval_runtime": 17.2268, "eval_samples_per_second": 290.246}