{"eval_loss": 1.2966337203979492, "eval_accuracy": 0.4675999879837036, "eval_mae": 0.682, "eval_runtime": 33.2427, "eval_samples_per_second": 150.409}