{"eval_loss": 0.9791904091835022, "eval_accuracy": 0.5813999772071838, "eval_mae": 0.4882, "eval_runtime": 17.4138, "eval_samples_per_second": 287.128}