{"eval_loss": 1.0151548385620117, "eval_accuracy": 0.5640000104904175, "eval_mae": 0.5086, "eval_runtime": 17.1946, "eval_samples_per_second": 290.79}