{"eval_loss": 1.0905181169509888, "eval_accuracy": 0.5472000241279602, "eval_mae": 0.5434, "eval_runtime": 24.5008, "eval_samples_per_second": 204.075}