{"eval_loss": 0.947458803653717, "eval_accuracy": 0.5946000218391418, "eval_mae": 0.4684, "eval_runtime": 19.1676, "eval_samples_per_second": 260.856}