{"eval_loss": 1.0534093379974365, "eval_accuracy": 0.5267999768257141, "eval_mae": 0.57, "eval_runtime": 16.9724, "eval_samples_per_second": 294.596}