{"eval_loss": 1.005662441253662, "eval_accuracy": 0.5935999751091003, "eval_mae": 0.4676, "eval_runtime": 17.2322, "eval_samples_per_second": 290.154}