{"eval_loss": 1.0312554836273193, "eval_accuracy": 0.5440000295639038, "eval_mae": 0.5406, "eval_runtime": 17.595, "eval_samples_per_second": 284.172}