{"eval_loss": 0.9499068260192871, "eval_accuracy": 0.6068000197410583, "eval_mae": 0.4496, "eval_runtime": 20.2021, "eval_samples_per_second": 247.499}