{"eval_loss": 0.9455462098121643, "eval_accuracy": 0.6046000123023987, "eval_mae": 0.4566, "eval_runtime": 17.1853, "eval_samples_per_second": 290.946}