{"eval_loss": 1.4445281028747559, "eval_accuracy": 0.43939998745918274, "eval_mae": 0.73, "eval_runtime": 36.3076, "eval_samples_per_second": 137.712}