{"eval_loss": 1.0148214101791382, "eval_accuracy": 0.5649999976158142, "eval_mae": 0.5074, "eval_runtime": 16.9932, "eval_samples_per_second": 294.235}