{"eval_loss": 1.3431562185287476, "eval_accuracy": 0.4763999879360199, "eval_mae": 0.6938, "eval_runtime": 16.4199, "eval_samples_per_second": 304.509}