{"eval_loss": 0.8894971609115601, "eval_accuracy": 0.6366000175476074, "eval_mae": 0.4144, "eval_runtime": 24.1111, "eval_samples_per_second": 207.374}