{"eval_loss": 1.2280865907669067, "eval_accuracy": 0.4997999966144562, "eval_mae": 0.6026, "eval_runtime": 18.3892, "eval_samples_per_second": 271.899}