{"eval_loss": 1.0063284635543823, "eval_accuracy": 0.5756000280380249, "eval_mae": 0.495, "eval_runtime": 17.2306, "eval_samples_per_second": 290.182}