{"eval_loss": 1.1981779336929321, "eval_accuracy": 0.5109999775886536, "eval_mae": 0.6098, "eval_runtime": 19.2015, "eval_samples_per_second": 260.396}