{"eval_loss": 1.0786869525909424, "eval_accuracy": 0.5582000017166138, "eval_mae": 0.531, "eval_runtime": 27.2135, "eval_samples_per_second": 183.732}