{"eval_loss": 1.443350076675415, "eval_accuracy": 0.43959999084472656, "eval_mae": 0.7292, "eval_runtime": 30.793, "eval_samples_per_second": 162.374}