{"eval_loss": 1.1579804420471191, "eval_accuracy": 0.5040000081062317, "eval_mae": 0.586, "eval_runtime": 17.463, "eval_samples_per_second": 286.32}