{"eval_loss": 1.0869169235229492, "eval_accuracy": 0.545199990272522, "eval_mae": 0.5444, "eval_runtime": 18.3651, "eval_samples_per_second": 272.256}