{"eval_loss": 1.1801862716674805, "eval_accuracy": 0.4959999918937683, "eval_mae": 0.6068, "eval_runtime": 17.3957, "eval_samples_per_second": 287.427}