{"eval_loss": 1.0115540027618408, "eval_accuracy": 0.579200029373169, "eval_mae": 0.4826, "eval_runtime": 17.3891, "eval_samples_per_second": 287.536}