{"eval_loss": 1.3487284183502197, "eval_accuracy": 0.4706000089645386, "eval_mae": 0.6914, "eval_runtime": 17.2957, "eval_samples_per_second": 289.089}