{"eval_loss": 0.9490171074867249, "eval_accuracy": 0.590399980545044, "eval_mae": 0.4634, "eval_runtime": 17.1496, "eval_samples_per_second": 291.552}