{"eval_loss": 0.9489116072654724, "eval_accuracy": 0.5899999737739563, "eval_mae": 0.4638, "eval_runtime": 16.3371, "eval_samples_per_second": 306.052}