{"eval_loss": 0.9356813430786133, "eval_accuracy": 0.6018000245094299, "eval_mae": 0.4536, "eval_runtime": 16.3816, "eval_samples_per_second": 305.22}