{"eval_loss": 1.2287501096725464, "eval_accuracy": 0.5077999830245972, "eval_mae": 0.619, "eval_runtime": 18.99, "eval_samples_per_second": 263.296}