{"eval_loss": 1.0067158937454224, "eval_accuracy": 0.5925999879837036, "eval_mae": 0.469, "eval_runtime": 17.2505, "eval_samples_per_second": 289.847}