{"eval_loss": 0.9493076205253601, "eval_accuracy": 0.607200026512146, "eval_mae": 0.449, "eval_runtime": 19.8725, "eval_samples_per_second": 251.604}