{"eval_loss": 1.0302248001098633, "eval_accuracy": 0.5446000099182129, "eval_mae": 0.5406, "eval_runtime": 17.3583, "eval_samples_per_second": 288.047}