{"eval_loss": 1.22969388961792, "eval_accuracy": 0.5067999958992004, "eval_mae": 0.6198, "eval_runtime": 19.0132, "eval_samples_per_second": 262.975}