{"eval_loss": 0.8895948529243469, "eval_accuracy": 0.6363999843597412, "eval_mae": 0.4146, "eval_runtime": 19.234, "eval_samples_per_second": 259.957}