{"eval_loss": 0.9489359259605408, "eval_accuracy": 0.590399980545044, "eval_mae": 0.4628, "eval_runtime": 16.1612, "eval_samples_per_second": 309.383}