{"eval_loss": 0.948774516582489, "eval_accuracy": 0.5911999940872192, "eval_mae": 0.4626, "eval_runtime": 17.2569, "eval_samples_per_second": 289.738}