{"eval_loss": 1.3640986680984497, "eval_accuracy": 0.45840001106262207, "eval_mae": 0.7304, "eval_runtime": 17.695, "eval_samples_per_second": 282.566}