{"eval_loss": 1.2390894889831543, "eval_accuracy": 0.4968000054359436, "eval_mae": 0.648, "eval_runtime": 25.1638, "eval_samples_per_second": 198.698}