{"eval_loss": 0.9510691165924072, "eval_accuracy": 0.6061999797821045, "eval_mae": 0.4496, "eval_runtime": 20.5501, "eval_samples_per_second": 243.307}