{"eval_loss": 1.0212302207946777, "eval_accuracy": 0.571399986743927, "eval_mae": 0.5078, "eval_runtime": 16.5936, "eval_samples_per_second": 301.32}