{"eval_loss": 1.007111668586731, "eval_accuracy": 0.5741999745368958, "eval_mae": 0.4976, "eval_runtime": 16.1973, "eval_samples_per_second": 308.693}