{"eval_loss": 1.0256448984146118, "eval_accuracy": 0.5544000267982483, "eval_mae": 0.5372, "eval_runtime": 17.263, "eval_samples_per_second": 289.636}