{"eval_loss": 1.3509656190872192, "eval_accuracy": 0.4837999939918518, "eval_mae": 0.67, "eval_runtime": 21.7677, "eval_samples_per_second": 229.698}