{"eval_loss": 1.1472591161727905, "eval_accuracy": 0.5483999848365784, "eval_mae": 0.5814, "eval_runtime": 17.489, "eval_samples_per_second": 285.895}