{"eval_loss": 1.2955679893493652, "eval_accuracy": 0.4681999981403351, "eval_mae": 0.683, "eval_runtime": 18.9132, "eval_samples_per_second": 264.366}