{"eval_loss": 0.9460753798484802, "eval_accuracy": 0.605400025844574, "eval_mae": 0.4566, "eval_runtime": 17.2134, "eval_samples_per_second": 290.471}