{"eval_loss": 1.3922823667526245, "eval_accuracy": 0.48100000619888306, "eval_mae": 0.6736, "eval_runtime": 20.0538, "eval_samples_per_second": 249.329}