{"eval_loss": 1.3422242403030396, "eval_accuracy": 0.47540000081062317, "eval_mae": 0.6934, "eval_runtime": 16.2282, "eval_samples_per_second": 308.106}