{"eval_loss": 1.1562362909317017, "eval_accuracy": 0.4986000061035156, "eval_mae": 0.5914, "eval_runtime": 17.4233, "eval_samples_per_second": 286.973}