{"eval_loss": 0.9464218616485596, "eval_accuracy": 0.6050000190734863, "eval_mae": 0.4558, "eval_runtime": 16.5026, "eval_samples_per_second": 302.983}