{"eval_loss": 1.0209779739379883, "eval_accuracy": 0.5644000172615051, "eval_mae": 0.5088, "eval_runtime": 16.9971, "eval_samples_per_second": 294.168}