{"eval_loss": 1.1765245199203491, "eval_accuracy": 0.503600001335144, "eval_mae": 0.5906, "eval_runtime": 17.3884, "eval_samples_per_second": 287.548}