{"eval_loss": 1.084834098815918, "eval_accuracy": 0.5758000016212463, "eval_mae": 0.5102, "eval_runtime": 16.466, "eval_samples_per_second": 303.656}