{"eval_loss": 0.9541581869125366, "eval_accuracy": 0.599399983882904, "eval_mae": 0.4638, "eval_runtime": 17.4415, "eval_samples_per_second": 286.672}