{"eval_loss": 1.0289613008499146, "eval_accuracy": 0.5460000038146973, "eval_mae": 0.5392, "eval_runtime": 17.5374, "eval_samples_per_second": 285.106}