{"eval_loss": 0.9555279016494751, "eval_accuracy": 0.5997999906539917, "eval_mae": 0.4634, "eval_runtime": 16.6598, "eval_samples_per_second": 300.123}