{"eval_loss": 1.013717532157898, "eval_accuracy": 0.578000009059906, "eval_mae": 0.4842, "eval_runtime": 17.787, "eval_samples_per_second": 281.104}