{"eval_loss": 0.8896351456642151, "eval_accuracy": 0.635200023651123, "eval_mae": 0.4166, "eval_runtime": 25.6113, "eval_samples_per_second": 195.226}