{"eval_loss": 0.9783761501312256, "eval_accuracy": 0.5820000171661377, "eval_mae": 0.488, "eval_runtime": 17.4526, "eval_samples_per_second": 286.491}