{"eval_loss": 0.9499177932739258, "eval_accuracy": 0.5899999737739563, "eval_mae": 0.4636, "eval_runtime": 16.4676, "eval_samples_per_second": 303.627}