{"eval_loss": 1.0121395587921143, "eval_accuracy": 0.5795999765396118, "eval_mae": 0.483, "eval_runtime": 16.8424, "eval_samples_per_second": 296.87}