{"eval_loss": 1.0129165649414062, "eval_accuracy": 0.5802000164985657, "eval_mae": 0.4818, "eval_runtime": 17.4143, "eval_samples_per_second": 287.12}