{"eval_loss": 1.00606369972229, "eval_accuracy": 0.5920000076293945, "eval_mae": 0.4696, "eval_runtime": 17.2164, "eval_samples_per_second": 290.421}