{"eval_loss": 1.020518183708191, "eval_accuracy": 0.5691999793052673, "eval_mae": 0.5086, "eval_runtime": 16.6278, "eval_samples_per_second": 300.701}