{"eval_loss": 1.3515347242355347, "eval_accuracy": 0.4848000109195709, "eval_mae": 0.6698, "eval_runtime": 18.7279, "eval_samples_per_second": 266.981}