{"eval_loss": 1.0249160528182983, "eval_accuracy": 0.5580000281333923, "eval_mae": 0.5326, "eval_runtime": 17.3499, "eval_samples_per_second": 288.186}