{"eval_loss": 1.013502836227417, "eval_accuracy": 0.5662000179290771, "eval_mae": 0.506, "eval_runtime": 16.9619, "eval_samples_per_second": 294.779}