{"eval_loss": 0.9449368119239807, "eval_accuracy": 0.592199981212616, "eval_mae": 0.4694, "eval_runtime": 20.2068, "eval_samples_per_second": 247.442}