{"eval_loss": 1.0810513496398926, "eval_accuracy": 0.5583999752998352, "eval_mae": 0.5624, "eval_runtime": 18.4782, "eval_samples_per_second": 270.589}