{"eval_loss": 1.339111566543579, "eval_accuracy": 0.46779999136924744, "eval_mae": 0.689, "eval_runtime": 36.7602, "eval_samples_per_second": 136.017}