{"eval_loss": 0.9792534112930298, "eval_accuracy": 0.579800009727478, "eval_mae": 0.49, "eval_runtime": 17.5003, "eval_samples_per_second": 285.709}