{"eval_loss": 1.212528109550476, "eval_accuracy": 0.504800021648407, "eval_mae": 0.595, "eval_runtime": 18.4008, "eval_samples_per_second": 271.727}