{"eval_loss": 0.949638843536377, "eval_accuracy": 0.5898000001907349, "eval_mae": 0.464, "eval_runtime": 16.1781, "eval_samples_per_second": 309.06}