{"eval_loss": 1.030228853225708, "eval_accuracy": 0.5454000234603882, "eval_mae": 0.5404, "eval_runtime": 17.3868, "eval_samples_per_second": 287.574}