{"eval_loss": 1.0064743757247925, "eval_accuracy": 0.5924000144004822, "eval_mae": 0.4686, "eval_runtime": 16.5481, "eval_samples_per_second": 302.149}