{"eval_loss": 1.05388343334198, "eval_accuracy": 0.527999997138977, "eval_mae": 0.5682, "eval_runtime": 16.9346, "eval_samples_per_second": 295.253}