{"eval_loss": 0.9904318451881409, "eval_accuracy": 0.5709999799728394, "eval_mae": 0.5072, "eval_runtime": 15.9843, "eval_samples_per_second": 312.806}