{"eval_loss": 0.9607192277908325, "eval_accuracy": 0.5925999879837036, "eval_mae": 0.4828, "eval_runtime": 17.4297, "eval_samples_per_second": 286.866}