{"eval_loss": 0.987295925617218, "eval_accuracy": 0.5741999745368958, "eval_mae": 0.5028, "eval_runtime": 16.9962, "eval_samples_per_second": 294.183}