{"eval_loss": 0.960867166519165, "eval_accuracy": 0.5928000211715698, "eval_mae": 0.4838, "eval_runtime": 17.334, "eval_samples_per_second": 288.451}