{"eval_loss": 1.3534798622131348, "eval_accuracy": 0.4828000068664551, "eval_mae": 0.6714, "eval_runtime": 19.9508, "eval_samples_per_second": 250.617}