{"eval_loss": 0.9471409916877747, "eval_accuracy": 0.5928000211715698, "eval_mae": 0.4694, "eval_runtime": 18.4796, "eval_samples_per_second": 270.568}