{"eval_loss": 0.9608573317527771, "eval_accuracy": 0.5953999757766724, "eval_mae": 0.4798, "eval_runtime": 17.4898, "eval_samples_per_second": 285.882}