{"eval_loss": 0.9612013697624207, "eval_accuracy": 0.5938000082969666, "eval_mae": 0.4828, "eval_runtime": 17.2971, "eval_samples_per_second": 289.066}