{"eval_loss": 1.3530924320220947, "eval_accuracy": 0.48260000348091125, "eval_mae": 0.6716, "eval_runtime": 18.5808, "eval_samples_per_second": 269.095}