{"eval_loss": 1.2205814123153687, "eval_accuracy": 0.5034000277519226, "eval_mae": 0.598, "eval_runtime": 18.3799, "eval_samples_per_second": 272.036}