{"eval_loss": 1.228471279144287, "eval_accuracy": 0.49900001287460327, "eval_mae": 0.6022, "eval_runtime": 18.4048, "eval_samples_per_second": 271.668}