{"eval_loss": 1.0057872533798218, "eval_accuracy": 0.576200008392334, "eval_mae": 0.4952, "eval_runtime": 16.5665, "eval_samples_per_second": 301.815}