{"eval_loss": 1.242053747177124, "eval_accuracy": 0.4997999966144562, "eval_mae": 0.5958, "eval_runtime": 19.0158, "eval_samples_per_second": 262.94}