{"eval_loss": 0.9610271453857422, "eval_accuracy": 0.5928000211715698, "eval_mae": 0.4832, "eval_runtime": 17.3872, "eval_samples_per_second": 287.568}