{"eval_loss": 0.8894621133804321, "eval_accuracy": 0.6363999843597412, "eval_mae": 0.4146, "eval_runtime": 19.7128, "eval_samples_per_second": 253.643}