{"eval_loss": 0.9510962963104248, "eval_accuracy": 0.6208000183105469, "eval_mae": 0.4284, "eval_runtime": 17.4486, "eval_samples_per_second": 286.555}