{"eval_loss": 1.2952862977981567, "eval_accuracy": 0.4681999981403351, "eval_mae": 0.6812, "eval_runtime": 18.5519, "eval_samples_per_second": 269.514}