{"eval_loss": 0.9781029224395752, "eval_accuracy": 0.5827999711036682, "eval_mae": 0.4864, "eval_runtime": 17.3351, "eval_samples_per_second": 288.432}