{"eval_loss": 1.010799765586853, "eval_accuracy": 0.5803999900817871, "eval_mae": 0.4816, "eval_runtime": 17.5267, "eval_samples_per_second": 285.279}