{"eval_loss": 0.9609023332595825, "eval_accuracy": 0.5942000150680542, "eval_mae": 0.4822, "eval_runtime": 17.3899, "eval_samples_per_second": 287.524}