{"eval_loss": 0.9486861228942871, "eval_accuracy": 0.6025999784469604, "eval_mae": 0.4582, "eval_runtime": 17.2371, "eval_samples_per_second": 290.071}