{"eval_loss": 1.0177044868469238, "eval_accuracy": 0.5781999826431274, "eval_mae": 0.4836, "eval_runtime": 17.4512, "eval_samples_per_second": 286.512}