{"eval_loss": 0.9358726739883423, "eval_accuracy": 0.6007999777793884, "eval_mae": 0.4554, "eval_runtime": 17.1395, "eval_samples_per_second": 291.724}