{"eval_loss": 1.442142128944397, "eval_accuracy": 0.43880000710487366, "eval_mae": 0.7298, "eval_runtime": 20.2959, "eval_samples_per_second": 246.356}