{"eval_loss": 1.1769065856933594, "eval_accuracy": 0.503600001335144, "eval_mae": 0.5918, "eval_runtime": 16.7309, "eval_samples_per_second": 298.847}