{"eval_loss": 1.1526578664779663, "eval_accuracy": 0.5012000203132629, "eval_mae": 0.5888, "eval_runtime": 16.6368, "eval_samples_per_second": 300.539}