{"eval_loss": 0.9484066367149353, "eval_accuracy": 0.5960000157356262, "eval_mae": 0.4668, "eval_runtime": 18.5202, "eval_samples_per_second": 269.976}