{"eval_loss": 1.0535600185394287, "eval_accuracy": 0.5275999903678894, "eval_mae": 0.57, "eval_runtime": 15.8643, "eval_samples_per_second": 315.173}