{"eval_loss": 1.390883445739746, "eval_accuracy": 0.4805999994277954, "eval_mae": 0.6742, "eval_runtime": 25.7409, "eval_samples_per_second": 194.243}