{"eval_loss": 0.9544346928596497, "eval_accuracy": 0.6003999710083008, "eval_mae": 0.4622, "eval_runtime": 16.6553, "eval_samples_per_second": 300.205}