{"eval_loss": 1.3673107624053955, "eval_accuracy": 0.4580000042915344, "eval_mae": 0.7316, "eval_runtime": 16.3769, "eval_samples_per_second": 305.309}