{"eval_loss": 1.0208237171173096, "eval_accuracy": 0.5708000063896179, "eval_mae": 0.5068, "eval_runtime": 17.3431, "eval_samples_per_second": 288.299}