{"eval_loss": 1.296669840812683, "eval_accuracy": 0.46799999475479126, "eval_mae": 0.6816, "eval_runtime": 24.3463, "eval_samples_per_second": 205.37}