{"eval_loss": 1.0293681621551514, "eval_accuracy": 0.5443999767303467, "eval_mae": 0.5398, "eval_runtime": 17.4607, "eval_samples_per_second": 286.358}