{"eval_loss": 1.0069609880447388, "eval_accuracy": 0.5934000015258789, "eval_mae": 0.468, "eval_runtime": 17.2496, "eval_samples_per_second": 289.861}