{"eval_loss": 0.9789445400238037, "eval_accuracy": 0.5807999968528748, "eval_mae": 0.4902, "eval_runtime": 17.3783, "eval_samples_per_second": 287.715}