{"eval_loss": 0.9486308693885803, "eval_accuracy": 0.5902000069618225, "eval_mae": 0.4628, "eval_runtime": 16.5038, "eval_samples_per_second": 302.961}