{"eval_loss": 1.0191329717636108, "eval_accuracy": 0.5794000029563904, "eval_mae": 0.4976, "eval_runtime": 28.048, "eval_samples_per_second": 178.266}