{"eval_loss": 0.9539082050323486, "eval_accuracy": 0.6000000238418579, "eval_mae": 0.463, "eval_runtime": 17.3407, "eval_samples_per_second": 288.339}