{"eval_loss": 0.9906505942344666, "eval_accuracy": 0.5720000267028809, "eval_mae": 0.5064, "eval_runtime": 16.235, "eval_samples_per_second": 307.977}