{"eval_loss": 0.9789020419120789, "eval_accuracy": 0.58160001039505, "eval_mae": 0.4886, "eval_runtime": 17.4572, "eval_samples_per_second": 286.416}