{"eval_loss": 1.0300265550613403, "eval_accuracy": 0.545199990272522, "eval_mae": 0.5402, "eval_runtime": 17.3906, "eval_samples_per_second": 287.511}