{"eval_loss": 1.3330658674240112, "eval_accuracy": 0.4869999885559082, "eval_mae": 0.669, "eval_runtime": 19.2959, "eval_samples_per_second": 259.122}