{"eval_loss": 1.2247397899627686, "eval_accuracy": 0.49639999866485596, "eval_mae": 0.606, "eval_runtime": 18.4001, "eval_samples_per_second": 271.737}