{"eval_loss": 0.9489973783493042, "eval_accuracy": 0.5907999873161316, "eval_mae": 0.4622, "eval_runtime": 16.6168, "eval_samples_per_second": 300.9}