{"eval_loss": 1.0107742547988892, "eval_accuracy": 0.5788000226020813, "eval_mae": 0.483, "eval_runtime": 16.2703, "eval_samples_per_second": 307.308}