{"eval_loss": 0.9512603282928467, "eval_accuracy": 0.621399998664856, "eval_mae": 0.4286, "eval_runtime": 17.4735, "eval_samples_per_second": 286.147}