{"eval_loss": 1.019297480583191, "eval_accuracy": 0.5812000036239624, "eval_mae": 0.4938, "eval_runtime": 18.5637, "eval_samples_per_second": 269.343}