{"eval_loss": 1.0170531272888184, "eval_accuracy": 0.5788000226020813, "eval_mae": 0.4838, "eval_runtime": 17.4285, "eval_samples_per_second": 286.886}