{"eval_loss": 1.392164707183838, "eval_accuracy": 0.4814000129699707, "eval_mae": 0.6732, "eval_runtime": 19.2753, "eval_samples_per_second": 259.4}