{"eval_loss": 1.393225908279419, "eval_accuracy": 0.4803999960422516, "eval_mae": 0.6754, "eval_runtime": 19.3843, "eval_samples_per_second": 257.94}