{"eval_loss": 1.2396334409713745, "eval_accuracy": 0.5041999816894531, "eval_mae": 0.5904, "eval_runtime": 24.7496, "eval_samples_per_second": 202.024}