{"eval_loss": 0.946388304233551, "eval_accuracy": 0.6055999994277954, "eval_mae": 0.4564, "eval_runtime": 17.218, "eval_samples_per_second": 290.393}