{"eval_loss": 1.2976993322372437, "eval_accuracy": 0.4681999981403351, "eval_mae": 0.6812, "eval_runtime": 28.4331, "eval_samples_per_second": 175.851}