{"eval_loss": 0.9786999821662903, "eval_accuracy": 0.5821999907493591, "eval_mae": 0.4874, "eval_runtime": 17.3709, "eval_samples_per_second": 287.838}