{"eval_loss": 1.0835529565811157, "eval_accuracy": 0.574999988079071, "eval_mae": 0.5114, "eval_runtime": 16.9686, "eval_samples_per_second": 294.662}