{"eval_loss": 1.0146214962005615, "eval_accuracy": 0.5649999976158142, "eval_mae": 0.5078, "eval_runtime": 17.015, "eval_samples_per_second": 293.859}