{"eval_loss": 1.1767882108688354, "eval_accuracy": 0.5023999810218811, "eval_mae": 0.5922, "eval_runtime": 17.6098, "eval_samples_per_second": 283.933}