{"eval_loss": 1.0213487148284912, "eval_accuracy": 0.5691999793052673, "eval_mae": 0.5088, "eval_runtime": 17.4083, "eval_samples_per_second": 287.219}