{"eval_loss": 1.3671678304672241, "eval_accuracy": 0.45739999413490295, "eval_mae": 0.7318, "eval_runtime": 16.7355, "eval_samples_per_second": 298.765}