{"eval_loss": 1.0142781734466553, "eval_accuracy": 0.5655999779701233, "eval_mae": 0.506, "eval_runtime": 17.3519, "eval_samples_per_second": 288.153}