{"eval_loss": 1.3466289043426514, "eval_accuracy": 0.47440001368522644, "eval_mae": 0.6946, "eval_runtime": 17.0879, "eval_samples_per_second": 292.604}