{"eval_loss": 1.0802791118621826, "eval_accuracy": 0.5559999942779541, "eval_mae": 0.5654, "eval_runtime": 22.1529, "eval_samples_per_second": 225.704}