{"eval_loss": 1.0299599170684814, "eval_accuracy": 0.545799970626831, "eval_mae": 0.5396, "eval_runtime": 17.3668, "eval_samples_per_second": 287.906}