{"eval_loss": 1.3426321744918823, "eval_accuracy": 0.47519999742507935, "eval_mae": 0.6944, "eval_runtime": 16.956, "eval_samples_per_second": 294.882}