{"eval_loss": 0.9606797099113464, "eval_accuracy": 0.5938000082969666, "eval_mae": 0.4832, "eval_runtime": 17.3062, "eval_samples_per_second": 288.914}