{"eval_loss": 1.1772011518478394, "eval_accuracy": 0.5027999877929688, "eval_mae": 0.591, "eval_runtime": 17.3392, "eval_samples_per_second": 288.363}