{"eval_loss": 1.0115958452224731, "eval_accuracy": 0.5799999833106995, "eval_mae": 0.4818, "eval_runtime": 17.3868, "eval_samples_per_second": 287.575}