{"eval_loss": 0.9517874717712402, "eval_accuracy": 0.6208000183105469, "eval_mae": 0.4282, "eval_runtime": 17.4045, "eval_samples_per_second": 287.282}