{"eval_loss": 0.9490163922309875, "eval_accuracy": 0.5896000266075134, "eval_mae": 0.4636, "eval_runtime": 16.863, "eval_samples_per_second": 296.507}