{"eval_loss": 1.3389724493026733, "eval_accuracy": 0.46720001101493835, "eval_mae": 0.6894, "eval_runtime": 20.3906, "eval_samples_per_second": 245.211}