{"eval_loss": 0.9515376091003418, "eval_accuracy": 0.6060000061988831, "eval_mae": 0.45, "eval_runtime": 21.4562, "eval_samples_per_second": 233.033}