{"eval_loss": 1.0800470113754272, "eval_accuracy": 0.5559999942779541, "eval_mae": 0.5664, "eval_runtime": 18.2186, "eval_samples_per_second": 274.445}