{"eval_loss": 0.9475720524787903, "eval_accuracy": 0.5898000001907349, "eval_mae": 0.464, "eval_runtime": 17.2248, "eval_samples_per_second": 290.28}