{"eval_loss": 0.9488078951835632, "eval_accuracy": 0.6208000183105469, "eval_mae": 0.4296, "eval_runtime": 17.4758, "eval_samples_per_second": 286.11}