{"eval_loss": 1.00491464138031, "eval_accuracy": 0.5753999948501587, "eval_mae": 0.4964, "eval_runtime": 17.2657, "eval_samples_per_second": 289.592}