{"eval_loss": 1.0860352516174316, "eval_accuracy": 0.5479999780654907, "eval_mae": 0.5406, "eval_runtime": 19.9045, "eval_samples_per_second": 251.199}