{"eval_loss": 1.3921722173690796, "eval_accuracy": 0.4805999994277954, "eval_mae": 0.674, "eval_runtime": 23.4014, "eval_samples_per_second": 213.663}