{"eval_loss": 1.439154028892517, "eval_accuracy": 0.43860000371932983, "eval_mae": 0.7274, "eval_runtime": 21.5792, "eval_samples_per_second": 231.705}