{"eval_loss": 1.2969918251037598, "eval_accuracy": 0.46700000762939453, "eval_mae": 0.6824, "eval_runtime": 32.6195, "eval_samples_per_second": 153.282}