{"eval_loss": 1.0439236164093018, "eval_accuracy": 0.5622000098228455, "eval_mae": 0.5076, "eval_runtime": 18.4021, "eval_samples_per_second": 271.708}