{"eval_loss": 1.3436399698257446, "eval_accuracy": 0.4765999913215637, "eval_mae": 0.6928, "eval_runtime": 16.9868, "eval_samples_per_second": 294.347}