{"eval_loss": 1.2389390468597412, "eval_accuracy": 0.49619999527931213, "eval_mae": 0.6484, "eval_runtime": 18.0822, "eval_samples_per_second": 276.516}