{"eval_loss": 0.9559295177459717, "eval_accuracy": 0.5989999771118164, "eval_mae": 0.4638, "eval_runtime": 17.1303, "eval_samples_per_second": 291.881}