{"eval_loss": 1.0541019439697266, "eval_accuracy": 0.5260000228881836, "eval_mae": 0.572, "eval_runtime": 16.3844, "eval_samples_per_second": 305.169}