{"eval_loss": 1.3497109413146973, "eval_accuracy": 0.4722000062465668, "eval_mae": 0.689, "eval_runtime": 16.9888, "eval_samples_per_second": 294.311}