{"eval_loss": 1.2954126596450806, "eval_accuracy": 0.46799999475479126, "eval_mae": 0.6798, "eval_runtime": 18.2751, "eval_samples_per_second": 273.596}