{"eval_loss": 1.0855975151062012, "eval_accuracy": 0.5460000038146973, "eval_mae": 0.5424, "eval_runtime": 21.1871, "eval_samples_per_second": 235.993}