{"eval_loss": 1.443269968032837, "eval_accuracy": 0.4399999976158142, "eval_mae": 0.729, "eval_runtime": 19.7397, "eval_samples_per_second": 253.297}