{"eval_loss": 0.9463443160057068, "eval_accuracy": 0.605400025844574, "eval_mae": 0.4568, "eval_runtime": 17.5458, "eval_samples_per_second": 284.969}