{"eval_loss": 1.0246787071228027, "eval_accuracy": 0.5565999746322632, "eval_mae": 0.5346, "eval_runtime": 17.2364, "eval_samples_per_second": 290.084}