{"eval_loss": 0.94911789894104, "eval_accuracy": 0.5917999744415283, "eval_mae": 0.4628, "eval_runtime": 16.6764, "eval_samples_per_second": 299.826}