{"eval_loss": 0.9617988467216492, "eval_accuracy": 0.5971999764442444, "eval_mae": 0.4796, "eval_runtime": 17.546, "eval_samples_per_second": 284.965}