{"eval_loss": 1.2303560972213745, "eval_accuracy": 0.4997999966144562, "eval_mae": 0.6026, "eval_runtime": 18.1458, "eval_samples_per_second": 275.546}