{"eval_loss": 1.39230477809906, "eval_accuracy": 0.48100000619888306, "eval_mae": 0.6736, "eval_runtime": 25.5854, "eval_samples_per_second": 195.424}