{"eval_loss": 1.0170245170593262, "eval_accuracy": 0.579800009727478, "eval_mae": 0.4828, "eval_runtime": 17.449, "eval_samples_per_second": 286.55}