{"eval_loss": 0.9797158241271973, "eval_accuracy": 0.5806000232696533, "eval_mae": 0.4892, "eval_runtime": 17.3535, "eval_samples_per_second": 288.126}