{"eval_loss": 1.0250760316848755, "eval_accuracy": 0.5565999746322632, "eval_mae": 0.5352, "eval_runtime": 17.3364, "eval_samples_per_second": 288.41}