{"eval_loss": 1.2259440422058105, "eval_accuracy": 0.4997999966144562, "eval_mae": 0.6032, "eval_runtime": 18.4624, "eval_samples_per_second": 270.82}