{"eval_loss": 0.9357685446739197, "eval_accuracy": 0.6018000245094299, "eval_mae": 0.4546, "eval_runtime": 16.4011, "eval_samples_per_second": 304.858}