{"eval_loss": 0.9364209175109863, "eval_accuracy": 0.6018000245094299, "eval_mae": 0.4542, "eval_runtime": 17.0562, "eval_samples_per_second": 293.149}