{"eval_loss": 1.0183751583099365, "eval_accuracy": 0.5799999833106995, "eval_mae": 0.4948, "eval_runtime": 20.4466, "eval_samples_per_second": 244.54}