{"eval_loss": 1.2282650470733643, "eval_accuracy": 0.5072000026702881, "eval_mae": 0.6204, "eval_runtime": 18.8815, "eval_samples_per_second": 264.81}