{"eval_loss": 1.2390774488449097, "eval_accuracy": 0.4975999891757965, "eval_mae": 0.6472, "eval_runtime": 19.1629, "eval_samples_per_second": 260.92}