{"eval_loss": 1.0145373344421387, "eval_accuracy": 0.5645999908447266, "eval_mae": 0.5084, "eval_runtime": 16.9494, "eval_samples_per_second": 294.996}