{"eval_loss": 1.0792394876480103, "eval_accuracy": 0.5550000071525574, "eval_mae": 0.5672, "eval_runtime": 23.2563, "eval_samples_per_second": 214.995}