{"eval_loss": 1.0802665948867798, "eval_accuracy": 0.5562000274658203, "eval_mae": 0.565, "eval_runtime": 18.6845, "eval_samples_per_second": 267.602}