{"eval_loss": 1.2238788604736328, "eval_accuracy": 0.5005999803543091, "eval_mae": 0.6018, "eval_runtime": 18.0663, "eval_samples_per_second": 276.758}