{"eval_loss": 0.9511016607284546, "eval_accuracy": 0.6212000250816345, "eval_mae": 0.428, "eval_runtime": 17.4204, "eval_samples_per_second": 287.02}