{"eval_loss": 1.3482093811035156, "eval_accuracy": 0.47099998593330383, "eval_mae": 0.6912, "eval_runtime": 16.8524, "eval_samples_per_second": 296.693}