{"eval_loss": 1.4446977376937866, "eval_accuracy": 0.4408000111579895, "eval_mae": 0.7298, "eval_runtime": 18.3456, "eval_samples_per_second": 272.545}