{"eval_loss": 1.024053692817688, "eval_accuracy": 0.5541999936103821, "eval_mae": 0.5364, "eval_runtime": 17.6209, "eval_samples_per_second": 283.753}