{"eval_loss": 1.0618396997451782, "eval_accuracy": 0.5604000091552734, "eval_mae": 0.5198, "eval_runtime": 18.0965, "eval_samples_per_second": 276.297}