{"eval_loss": 1.242431879043579, "eval_accuracy": 0.5004000067710876, "eval_mae": 0.5952, "eval_runtime": 18.633, "eval_samples_per_second": 268.341}