{"eval_loss": 1.0455114841461182, "eval_accuracy": 0.5612000226974487, "eval_mae": 0.5094, "eval_runtime": 18.5125, "eval_samples_per_second": 270.087}