{"eval_loss": 1.0054913759231567, "eval_accuracy": 0.5756000280380249, "eval_mae": 0.4958, "eval_runtime": 16.8375, "eval_samples_per_second": 296.957}