{"eval_loss": 1.1476534605026245, "eval_accuracy": 0.5472000241279602, "eval_mae": 0.5834, "eval_runtime": 17.4646, "eval_samples_per_second": 286.293}