{"eval_loss": 1.3402116298675537, "eval_accuracy": 0.46720001101493835, "eval_mae": 0.6892, "eval_runtime": 23.0558, "eval_samples_per_second": 216.866}