{"eval_loss": 1.0117136240005493, "eval_accuracy": 0.5807999968528748, "eval_mae": 0.4806, "eval_runtime": 17.4619, "eval_samples_per_second": 286.338}