{"eval_loss": 1.352705478668213, "eval_accuracy": 0.483599990606308, "eval_mae": 0.6704, "eval_runtime": 17.8416, "eval_samples_per_second": 280.244}