{"eval_loss": 0.9811941385269165, "eval_accuracy": 0.5820000171661377, "eval_mae": 0.4886, "eval_runtime": 16.7485, "eval_samples_per_second": 298.534}