{"eval_loss": 1.0324045419692993, "eval_accuracy": 0.5436000227928162, "eval_mae": 0.542, "eval_runtime": 17.4445, "eval_samples_per_second": 286.623}