{"eval_loss": 1.3668863773345947, "eval_accuracy": 0.45820000767707825, "eval_mae": 0.731, "eval_runtime": 17.3471, "eval_samples_per_second": 288.233}