{"eval_loss": 1.3528013229370117, "eval_accuracy": 0.4828000068664551, "eval_mae": 0.6712, "eval_runtime": 21.0001, "eval_samples_per_second": 238.094}