{"eval_loss": 0.9353426694869995, "eval_accuracy": 0.6001999974250793, "eval_mae": 0.4546, "eval_runtime": 17.1655, "eval_samples_per_second": 291.281}