{"eval_loss": 1.0458354949951172, "eval_accuracy": 0.5619999766349792, "eval_mae": 0.5072, "eval_runtime": 18.3727, "eval_samples_per_second": 272.143}