{"eval_loss": 1.228800892829895, "eval_accuracy": 0.4984000027179718, "eval_mae": 0.6036, "eval_runtime": 17.9984, "eval_samples_per_second": 277.802}