{"eval_loss": 0.9552037119865417, "eval_accuracy": 0.5996000170707703, "eval_mae": 0.4634, "eval_runtime": 17.3167, "eval_samples_per_second": 288.738}