{"eval_loss": 1.0877257585525513, "eval_accuracy": 0.5475999712944031, "eval_mae": 0.542, "eval_runtime": 25.5913, "eval_samples_per_second": 195.379}