{"eval_loss": 1.342713713645935, "eval_accuracy": 0.47360000014305115, "eval_mae": 0.6972, "eval_runtime": 16.9574, "eval_samples_per_second": 294.857}