{"eval_loss": 1.0544682741165161, "eval_accuracy": 0.5264000296592712, "eval_mae": 0.5698, "eval_runtime": 16.0101, "eval_samples_per_second": 312.302}