{"eval_loss": 1.080033302307129, "eval_accuracy": 0.5558000206947327, "eval_mae": 0.5652, "eval_runtime": 17.8793, "eval_samples_per_second": 279.653}