{"eval_loss": 1.03617525100708, "eval_accuracy": 0.5411999821662903, "eval_mae": 0.5464, "eval_runtime": 16.4345, "eval_samples_per_second": 304.237}