{"eval_loss": 0.88948655128479, "eval_accuracy": 0.6366000175476074, "eval_mae": 0.4144, "eval_runtime": 22.8262, "eval_samples_per_second": 219.047}