{"eval_loss": 1.3487151861190796, "eval_accuracy": 0.47200000286102295, "eval_mae": 0.69, "eval_runtime": 17.3044, "eval_samples_per_second": 288.944}