{"eval_loss": 1.0185489654541016, "eval_accuracy": 0.5812000036239624, "eval_mae": 0.4938, "eval_runtime": 32.8833, "eval_samples_per_second": 152.053}