{"eval_loss": 0.9554689526557922, "eval_accuracy": 0.5983999967575073, "eval_mae": 0.4634, "eval_runtime": 16.6688, "eval_samples_per_second": 299.961}