{"eval_loss": 1.0855953693389893, "eval_accuracy": 0.5740000009536743, "eval_mae": 0.5114, "eval_runtime": 17.119, "eval_samples_per_second": 292.073}