{"eval_loss": 1.3920834064483643, "eval_accuracy": 0.48100000619888306, "eval_mae": 0.6738, "eval_runtime": 20.0074, "eval_samples_per_second": 249.907}