{"eval_loss": 0.9686952829360962, "eval_accuracy": 0.5799999833106995, "eval_mae": 0.4868, "eval_runtime": 16.6949, "eval_samples_per_second": 299.492}