{"eval_loss": 1.0187177658081055, "eval_accuracy": 0.5809999704360962, "eval_mae": 0.4938, "eval_runtime": 21.9401, "eval_samples_per_second": 227.893}