{"eval_loss": 1.1603648662567139, "eval_accuracy": 0.49939998984336853, "eval_mae": 0.5904, "eval_runtime": 17.4527, "eval_samples_per_second": 286.488}