{"eval_loss": 1.0465577840805054, "eval_accuracy": 0.5608000159263611, "eval_mae": 0.5094, "eval_runtime": 19.4597, "eval_samples_per_second": 256.941}