{"eval_loss": 0.9518998265266418, "eval_accuracy": 0.6215999722480774, "eval_mae": 0.4276, "eval_runtime": 17.4399, "eval_samples_per_second": 286.7}