{"eval_loss": 1.075271725654602, "eval_accuracy": 0.5702000260353088, "eval_mae": 0.5134, "eval_runtime": 17.0316, "eval_samples_per_second": 293.572}