{"eval_loss": 1.0865190029144287, "eval_accuracy": 0.5479999780654907, "eval_mae": 0.5404, "eval_runtime": 18.2909, "eval_samples_per_second": 273.36}