{"eval_loss": 1.3429505825042725, "eval_accuracy": 0.4765999913215637, "eval_mae": 0.6928, "eval_runtime": 16.9629, "eval_samples_per_second": 294.76}