{"eval_loss": 1.1756248474121094, "eval_accuracy": 0.5013999938964844, "eval_mae": 0.594, "eval_runtime": 16.3572, "eval_samples_per_second": 305.676}