{"eval_loss": 1.3927791118621826, "eval_accuracy": 0.47699999809265137, "eval_mae": 0.6802, "eval_runtime": 21.2739, "eval_samples_per_second": 235.03}