{"eval_loss": 1.016746163368225, "eval_accuracy": 0.5788000226020813, "eval_mae": 0.483, "eval_runtime": 17.4767, "eval_samples_per_second": 286.095}