{"eval_loss": 1.3521106243133545, "eval_accuracy": 0.48399999737739563, "eval_mae": 0.6702, "eval_runtime": 18.2277, "eval_samples_per_second": 274.309}