{"eval_loss": 1.0868064165115356, "eval_accuracy": 0.5490000247955322, "eval_mae": 0.539, "eval_runtime": 18.5105, "eval_samples_per_second": 270.116}