{"eval_loss": 0.9486244320869446, "eval_accuracy": 0.590399980545044, "eval_mae": 0.4634, "eval_runtime": 17.1935, "eval_samples_per_second": 290.808}