{"eval_loss": 0.9471065402030945, "eval_accuracy": 0.5916000008583069, "eval_mae": 0.4702, "eval_runtime": 19.7058, "eval_samples_per_second": 253.732}