{"eval_loss": 0.9497160315513611, "eval_accuracy": 0.6218000054359436, "eval_mae": 0.4278, "eval_runtime": 17.4979, "eval_samples_per_second": 285.748}