{"eval_loss": 1.0854032039642334, "eval_accuracy": 0.5753999948501587, "eval_mae": 0.5092, "eval_runtime": 17.0047, "eval_samples_per_second": 294.037}