{"eval_loss": 1.0120700597763062, "eval_accuracy": 0.5799999833106995, "eval_mae": 0.482, "eval_runtime": 17.5216, "eval_samples_per_second": 285.362}