{"eval_loss": 1.3921020030975342, "eval_accuracy": 0.4812000095844269, "eval_mae": 0.6734, "eval_runtime": 19.724, "eval_samples_per_second": 253.498}