{"eval_loss": 1.0177024602890015, "eval_accuracy": 0.5794000029563904, "eval_mae": 0.4828, "eval_runtime": 17.4808, "eval_samples_per_second": 286.029}