{"eval_loss": 1.3391032218933105, "eval_accuracy": 0.46799999475479126, "eval_mae": 0.6886, "eval_runtime": 31.5659, "eval_samples_per_second": 158.399}