{"eval_loss": 1.0847426652908325, "eval_accuracy": 0.5752000212669373, "eval_mae": 0.511, "eval_runtime": 16.0677, "eval_samples_per_second": 311.183}