{"eval_loss": 1.062034010887146, "eval_accuracy": 0.5551999807357788, "eval_mae": 0.5246, "eval_runtime": 19.3241, "eval_samples_per_second": 258.744}