{"eval_loss": 1.046036720275879, "eval_accuracy": 0.5616000294685364, "eval_mae": 0.5082, "eval_runtime": 18.4283, "eval_samples_per_second": 271.321}