{"eval_loss": 1.025070071220398, "eval_accuracy": 0.5550000071525574, "eval_mae": 0.537, "eval_runtime": 17.3887, "eval_samples_per_second": 287.543}