{"eval_loss": 1.2960593700408936, "eval_accuracy": 0.4675999879837036, "eval_mae": 0.6824, "eval_runtime": 18.7993, "eval_samples_per_second": 265.967}