{"eval_loss": 1.2274259328842163, "eval_accuracy": 0.5077999830245972, "eval_mae": 0.6192, "eval_runtime": 19.9752, "eval_samples_per_second": 250.311}