{"eval_loss": 1.0421396493911743, "eval_accuracy": 0.557200014591217, "eval_mae": 0.513, "eval_runtime": 18.2001, "eval_samples_per_second": 274.723}