{"eval_loss": 1.076361060142517, "eval_accuracy": 0.5590000152587891, "eval_mae": 0.5282, "eval_runtime": 31.7374, "eval_samples_per_second": 157.543}