{"eval_loss": 1.0301275253295898, "eval_accuracy": 0.5432000160217285, "eval_mae": 0.5438, "eval_runtime": 17.4131, "eval_samples_per_second": 287.141}