{"eval_loss": 1.2381830215454102, "eval_accuracy": 0.49639999866485596, "eval_mae": 0.6468, "eval_runtime": 20.7266, "eval_samples_per_second": 241.236}