{"eval_loss": 0.9560409188270569, "eval_accuracy": 0.5989999771118164, "eval_mae": 0.4646, "eval_runtime": 16.552, "eval_samples_per_second": 302.078}