{"eval_loss": 1.0122898817062378, "eval_accuracy": 0.5795999765396118, "eval_mae": 0.482, "eval_runtime": 17.3548, "eval_samples_per_second": 288.105}