{"eval_loss": 1.2368261814117432, "eval_accuracy": 0.5062000155448914, "eval_mae": 0.6224, "eval_runtime": 32.5725, "eval_samples_per_second": 153.504}