{"eval_loss": 1.175006628036499, "eval_accuracy": 0.5045999884605408, "eval_mae": 0.5888, "eval_runtime": 16.7296, "eval_samples_per_second": 298.872}