{"eval_loss": 1.1765458583831787, "eval_accuracy": 0.5022000074386597, "eval_mae": 0.5924, "eval_runtime": 17.3566, "eval_samples_per_second": 288.075}