{"eval_loss": 1.1786824464797974, "eval_accuracy": 0.501800000667572, "eval_mae": 0.5936, "eval_runtime": 17.2245, "eval_samples_per_second": 290.285}