{"eval_loss": 1.2379249334335327, "eval_accuracy": 0.4970000088214874, "eval_mae": 0.6476, "eval_runtime": 28.2398, "eval_samples_per_second": 177.055}