{"eval_loss": 1.014350175857544, "eval_accuracy": 0.5636000037193298, "eval_mae": 0.508, "eval_runtime": 17.1599, "eval_samples_per_second": 291.377}