{"eval_loss": 1.0070724487304688, "eval_accuracy": 0.5925999879837036, "eval_mae": 0.469, "eval_runtime": 16.2675, "eval_samples_per_second": 307.362}