{"eval_loss": 1.4426182508468628, "eval_accuracy": 0.4399999976158142, "eval_mae": 0.7288, "eval_runtime": 18.8278, "eval_samples_per_second": 265.565}