{"eval_loss": 1.083825945854187, "eval_accuracy": 0.5493999719619751, "eval_mae": 0.5356, "eval_runtime": 30.7537, "eval_samples_per_second": 162.582}