{"eval_loss": 0.9486267566680908, "eval_accuracy": 0.5906000137329102, "eval_mae": 0.4638, "eval_runtime": 16.6293, "eval_samples_per_second": 300.674}