{"eval_loss": 1.353385090827942, "eval_accuracy": 0.48260000348091125, "eval_mae": 0.6726, "eval_runtime": 18.6176, "eval_samples_per_second": 268.563}