{"eval_loss": 1.339036464691162, "eval_accuracy": 0.4675999879837036, "eval_mae": 0.689, "eval_runtime": 33.8778, "eval_samples_per_second": 147.589}