{"eval_loss": 1.0456595420837402, "eval_accuracy": 0.5623999834060669, "eval_mae": 0.5068, "eval_runtime": 24.0281, "eval_samples_per_second": 208.09}