{"eval_loss": 1.080373764038086, "eval_accuracy": 0.5559999942779541, "eval_mae": 0.5658, "eval_runtime": 22.6893, "eval_samples_per_second": 220.369}