{"eval_loss": 1.2388050556182861, "eval_accuracy": 0.4968000054359436, "eval_mae": 0.6476, "eval_runtime": 27.1277, "eval_samples_per_second": 184.314}