{"eval_loss": 1.045297384262085, "eval_accuracy": 0.5619999766349792, "eval_mae": 0.5074, "eval_runtime": 19.2589, "eval_samples_per_second": 259.62}