{"eval_loss": 0.9504634737968445, "eval_accuracy": 0.6057999730110168, "eval_mae": 0.4508, "eval_runtime": 18.3762, "eval_samples_per_second": 272.091}