{"eval_loss": 1.0117607116699219, "eval_accuracy": 0.5654000043869019, "eval_mae": 0.5062, "eval_runtime": 17.2324, "eval_samples_per_second": 290.151}