{"eval_loss": 1.345094919204712, "eval_accuracy": 0.47519999742507935, "eval_mae": 0.6946, "eval_runtime": 16.2233, "eval_samples_per_second": 308.198}