{"eval_loss": 1.0784401893615723, "eval_accuracy": 0.5586000084877014, "eval_mae": 0.5308, "eval_runtime": 33.8145, "eval_samples_per_second": 147.866}