{"eval_loss": 1.2964346408843994, "eval_accuracy": 0.4675999879837036, "eval_mae": 0.682, "eval_runtime": 20.4199, "eval_samples_per_second": 244.86}