{"eval_loss": 1.0548244714736938, "eval_accuracy": 0.525600016117096, "eval_mae": 0.5738, "eval_runtime": 16.944, "eval_samples_per_second": 295.09}