{"eval_loss": 1.0492981672286987, "eval_accuracy": 0.5565999746322632, "eval_mae": 0.5122, "eval_runtime": 18.032, "eval_samples_per_second": 277.285}