{"eval_loss": 1.1819159984588623, "eval_accuracy": 0.5009999871253967, "eval_mae": 0.593, "eval_runtime": 16.9254, "eval_samples_per_second": 295.415}