{"eval_loss": 1.029518961906433, "eval_accuracy": 0.5460000038146973, "eval_mae": 0.5394, "eval_runtime": 16.7153, "eval_samples_per_second": 299.127}