{"eval_loss": 1.0861154794692993, "eval_accuracy": 0.5486000180244446, "eval_mae": 0.5402, "eval_runtime": 18.8749, "eval_samples_per_second": 264.902}