{"eval_loss": 1.0300612449645996, "eval_accuracy": 0.54339998960495, "eval_mae": 0.5404, "eval_runtime": 16.7547, "eval_samples_per_second": 298.424}