{"eval_loss": 1.2457259893417358, "eval_accuracy": 0.5012000203132629, "eval_mae": 0.5962, "eval_runtime": 18.6332, "eval_samples_per_second": 268.338}