{"eval_loss": 1.2299612760543823, "eval_accuracy": 0.5067999958992004, "eval_mae": 0.6212, "eval_runtime": 19.0501, "eval_samples_per_second": 262.466}