{"eval_loss": 0.9502901434898376, "eval_accuracy": 0.6060000061988831, "eval_mae": 0.4504, "eval_runtime": 21.4923, "eval_samples_per_second": 232.642}