{"eval_loss": 1.3427780866622925, "eval_accuracy": 0.47679999470710754, "eval_mae": 0.692, "eval_runtime": 17.2336, "eval_samples_per_second": 290.13}