{"eval_loss": 0.9486900568008423, "eval_accuracy": 0.6215999722480774, "eval_mae": 0.4282, "eval_runtime": 17.5048, "eval_samples_per_second": 285.636}