{"eval_loss": 1.0241464376449585, "eval_accuracy": 0.5568000078201294, "eval_mae": 0.5344, "eval_runtime": 17.3051, "eval_samples_per_second": 288.932}