{"eval_loss": 1.0254923105239868, "eval_accuracy": 0.5555999875068665, "eval_mae": 0.5354, "eval_runtime": 17.3967, "eval_samples_per_second": 287.411}