{"eval_loss": 1.0067466497421265, "eval_accuracy": 0.593999981880188, "eval_mae": 0.4674, "eval_runtime": 17.2258, "eval_samples_per_second": 290.262}