{"eval_loss": 1.157930612564087, "eval_accuracy": 0.4986000061035156, "eval_mae": 0.5916, "eval_runtime": 17.3165, "eval_samples_per_second": 288.741}