{"eval_loss": 1.391960859298706, "eval_accuracy": 0.48100000619888306, "eval_mae": 0.6736, "eval_runtime": 34.053, "eval_samples_per_second": 146.83}