{"eval_loss": 0.9900180697441101, "eval_accuracy": 0.5702000260353088, "eval_mae": 0.507, "eval_runtime": 17.0418, "eval_samples_per_second": 293.396}