{"eval_loss": 1.227986454963684, "eval_accuracy": 0.49939998984336853, "eval_mae": 0.6036, "eval_runtime": 18.4624, "eval_samples_per_second": 270.82}