{"eval_loss": 1.0613181591033936, "eval_accuracy": 0.5590000152587891, "eval_mae": 0.5202, "eval_runtime": 18.3024, "eval_samples_per_second": 273.188}