{"eval_loss": 1.1499512195587158, "eval_accuracy": 0.545199990272522, "eval_mae": 0.5808, "eval_runtime": 17.4882, "eval_samples_per_second": 285.907}