{"eval_loss": 1.0632139444351196, "eval_accuracy": 0.5576000213623047, "eval_mae": 0.522, "eval_runtime": 18.3512, "eval_samples_per_second": 272.462}