{"eval_loss": 0.9430399537086487, "eval_accuracy": 0.5953999757766724, "eval_mae": 0.4654, "eval_runtime": 18.5979, "eval_samples_per_second": 268.847}