{"eval_loss": 1.3366597890853882, "eval_accuracy": 0.46939998865127563, "eval_mae": 0.6868, "eval_runtime": 19.7592, "eval_samples_per_second": 253.047}