{"eval_loss": 1.361517071723938, "eval_accuracy": 0.46000000834465027, "eval_mae": 0.7262, "eval_runtime": 17.2685, "eval_samples_per_second": 289.545}