{"eval_loss": 1.0189605951309204, "eval_accuracy": 0.5794000029563904, "eval_mae": 0.4958, "eval_runtime": 18.4169, "eval_samples_per_second": 271.49}