{"eval_loss": 1.2289197444915771, "eval_accuracy": 0.5070000290870667, "eval_mae": 0.6206, "eval_runtime": 33.0871, "eval_samples_per_second": 151.116}