{"eval_loss": 1.3415205478668213, "eval_accuracy": 0.4742000102996826, "eval_mae": 0.695, "eval_runtime": 16.3421, "eval_samples_per_second": 305.958}