{"eval_loss": 0.9784601330757141, "eval_accuracy": 0.5817999839782715, "eval_mae": 0.4882, "eval_runtime": 17.4723, "eval_samples_per_second": 286.167}