{"eval_loss": 1.2968871593475342, "eval_accuracy": 0.46779999136924744, "eval_mae": 0.6818, "eval_runtime": 18.974, "eval_samples_per_second": 263.519}