{"eval_loss": 1.0140676498413086, "eval_accuracy": 0.5659999847412109, "eval_mae": 0.5068, "eval_runtime": 16.5294, "eval_samples_per_second": 302.492}