{"eval_loss": 1.0536415576934814, "eval_accuracy": 0.5284000039100647, "eval_mae": 0.5694, "eval_runtime": 16.0084, "eval_samples_per_second": 312.336}