{"eval_loss": 1.2956159114837646, "eval_accuracy": 0.4681999981403351, "eval_mae": 0.6812, "eval_runtime": 31.7138, "eval_samples_per_second": 157.66}