{"eval_loss": 1.3661341667175293, "eval_accuracy": 0.4781999886035919, "eval_mae": 0.6756, "eval_runtime": 18.4008, "eval_samples_per_second": 271.727}