{"eval_loss": 1.0536912679672241, "eval_accuracy": 0.5267999768257141, "eval_mae": 0.57, "eval_runtime": 16.3063, "eval_samples_per_second": 306.63}