{"eval_loss": 0.9901774525642395, "eval_accuracy": 0.5716000199317932, "eval_mae": 0.5062, "eval_runtime": 16.9498, "eval_samples_per_second": 294.988}