{"eval_loss": 1.241714596748352, "eval_accuracy": 0.4997999966144562, "eval_mae": 0.5958, "eval_runtime": 20.0536, "eval_samples_per_second": 249.332}