{"eval_loss": 0.9506269693374634, "eval_accuracy": 0.620199978351593, "eval_mae": 0.4294, "eval_runtime": 17.6605, "eval_samples_per_second": 283.118}