{"eval_loss": 0.9522193074226379, "eval_accuracy": 0.6050000190734863, "eval_mae": 0.4542, "eval_runtime": 18.6704, "eval_samples_per_second": 267.803}