{"eval_loss": 1.0183980464935303, "eval_accuracy": 0.5809999704360962, "eval_mae": 0.4938, "eval_runtime": 21.1471, "eval_samples_per_second": 236.439}