{"eval_loss": 1.3655803203582764, "eval_accuracy": 0.45820000767707825, "eval_mae": 0.7306, "eval_runtime": 17.3447, "eval_samples_per_second": 288.273}