{"eval_loss": 1.0542488098144531, "eval_accuracy": 0.5270000100135803, "eval_mae": 0.5708, "eval_runtime": 16.0042, "eval_samples_per_second": 312.417}