{"eval_loss": 0.8895880579948425, "eval_accuracy": 0.6363999843597412, "eval_mae": 0.4146, "eval_runtime": 21.5689, "eval_samples_per_second": 231.816}