{"eval_loss": 1.0185692310333252, "eval_accuracy": 0.5807999968528748, "eval_mae": 0.4942, "eval_runtime": 18.742, "eval_samples_per_second": 266.78}