{"eval_loss": 1.029327154159546, "eval_accuracy": 0.545799970626831, "eval_mae": 0.539, "eval_runtime": 16.485, "eval_samples_per_second": 303.305}