{"eval_loss": 0.9554533362388611, "eval_accuracy": 0.6007999777793884, "eval_mae": 0.4622, "eval_runtime": 17.2172, "eval_samples_per_second": 290.408}