{"eval_loss": 1.080127239227295, "eval_accuracy": 0.5559999942779541, "eval_mae": 0.5652, "eval_runtime": 23.4778, "eval_samples_per_second": 212.967}