{"eval_loss": 0.9462843537330627, "eval_accuracy": 0.6055999994277954, "eval_mae": 0.456, "eval_runtime": 17.5118, "eval_samples_per_second": 285.522}