{"eval_loss": 1.0147762298583984, "eval_accuracy": 0.5648000240325928, "eval_mae": 0.5074, "eval_runtime": 17.0639, "eval_samples_per_second": 293.017}