{"eval_loss": 0.9993070363998413, "eval_accuracy": 0.5834000110626221, "eval_mae": 0.4764, "eval_runtime": 17.4527, "eval_samples_per_second": 286.489}