{"eval_loss": 1.242822289466858, "eval_accuracy": 0.49900001287460327, "eval_mae": 0.5968, "eval_runtime": 18.8548, "eval_samples_per_second": 265.185}