{"eval_loss": 1.1545228958129883, "eval_accuracy": 0.5012000203132629, "eval_mae": 0.5898, "eval_runtime": 17.3565, "eval_samples_per_second": 288.076}