{"eval_loss": 1.0252918004989624, "eval_accuracy": 0.5547999739646912, "eval_mae": 0.5378, "eval_runtime": 17.5495, "eval_samples_per_second": 284.908}