{"eval_loss": 0.9496631026268005, "eval_accuracy": 0.6074000000953674, "eval_mae": 0.4488, "eval_runtime": 26.9414, "eval_samples_per_second": 185.588}