{"eval_loss": 1.0059128999710083, "eval_accuracy": 0.5766000151634216, "eval_mae": 0.4946, "eval_runtime": 16.5039, "eval_samples_per_second": 302.959}