{"eval_loss": 0.9486758708953857, "eval_accuracy": 0.5898000001907349, "eval_mae": 0.4644, "eval_runtime": 17.1861, "eval_samples_per_second": 290.932}