{"eval_loss": 1.0306864976882935, "eval_accuracy": 0.5436000227928162, "eval_mae": 0.5402, "eval_runtime": 16.7567, "eval_samples_per_second": 298.389}