{"eval_loss": 0.9923341870307922, "eval_accuracy": 0.5708000063896179, "eval_mae": 0.509, "eval_runtime": 16.4794, "eval_samples_per_second": 303.41}