{"eval_loss": 1.079804539680481, "eval_accuracy": 0.5583999752998352, "eval_mae": 0.532, "eval_runtime": 21.0568, "eval_samples_per_second": 237.453}