{"eval_loss": 1.0861155986785889, "eval_accuracy": 0.5478000044822693, "eval_mae": 0.5414, "eval_runtime": 20.767, "eval_samples_per_second": 240.767}