{"eval_loss": 1.2278437614440918, "eval_accuracy": 0.5070000290870667, "eval_mae": 0.6208, "eval_runtime": 18.9514, "eval_samples_per_second": 263.833}