{"eval_loss": 1.1763548851013184, "eval_accuracy": 0.5019999742507935, "eval_mae": 0.5926, "eval_runtime": 17.517, "eval_samples_per_second": 285.436}