{"eval_loss": 1.0443065166473389, "eval_accuracy": 0.5605999827384949, "eval_mae": 0.5086, "eval_runtime": 23.1796, "eval_samples_per_second": 215.707}