{"eval_loss": 0.9562468528747559, "eval_accuracy": 0.6003999710083008, "eval_mae": 0.463, "eval_runtime": 17.2611, "eval_samples_per_second": 289.669}