{"eval_loss": 1.080546259880066, "eval_accuracy": 0.557200014591217, "eval_mae": 0.5648, "eval_runtime": 18.7522, "eval_samples_per_second": 266.635}