{"eval_loss": 0.9774025678634644, "eval_accuracy": 0.5842000246047974, "eval_mae": 0.4864, "eval_runtime": 17.3734, "eval_samples_per_second": 287.796}