{"eval_loss": 1.3680086135864258, "eval_accuracy": 0.45719999074935913, "eval_mae": 0.7322, "eval_runtime": 17.5776, "eval_samples_per_second": 284.453}