{"eval_loss": 1.2958110570907593, "eval_accuracy": 0.46860000491142273, "eval_mae": 0.6794, "eval_runtime": 32.8433, "eval_samples_per_second": 152.238}