{"eval_loss": 1.0532002449035645, "eval_accuracy": 0.527999997138977, "eval_mae": 0.5686, "eval_runtime": 16.1992, "eval_samples_per_second": 308.658}