{"eval_loss": 0.9497097730636597, "eval_accuracy": 0.607200026512146, "eval_mae": 0.4488, "eval_runtime": 19.7421, "eval_samples_per_second": 253.266}