{"eval_loss": 0.960961103439331, "eval_accuracy": 0.5928000211715698, "eval_mae": 0.4836, "eval_runtime": 17.3375, "eval_samples_per_second": 288.393}