{"eval_loss": 1.024237871170044, "eval_accuracy": 0.5546000003814697, "eval_mae": 0.537, "eval_runtime": 17.4879, "eval_samples_per_second": 285.911}