{"eval_loss": 1.1767783164978027, "eval_accuracy": 0.5009999871253967, "eval_mae": 0.5934, "eval_runtime": 17.3381, "eval_samples_per_second": 288.382}