{"eval_loss": 0.9492098689079285, "eval_accuracy": 0.6069999933242798, "eval_mae": 0.4496, "eval_runtime": 22.6714, "eval_samples_per_second": 220.542}