{"eval_loss": 1.3491458892822266, "eval_accuracy": 0.48539999127388, "eval_mae": 0.6696, "eval_runtime": 18.1431, "eval_samples_per_second": 275.587}