{"eval_loss": 1.3519792556762695, "eval_accuracy": 0.48339998722076416, "eval_mae": 0.671, "eval_runtime": 20.345, "eval_samples_per_second": 245.76}