{"eval_loss": 1.2292699813842773, "eval_accuracy": 0.49779999256134033, "eval_mae": 0.604, "eval_runtime": 23.9262, "eval_samples_per_second": 208.976}