{"eval_loss": 1.155396819114685, "eval_accuracy": 0.5008000135421753, "eval_mae": 0.5906, "eval_runtime": 17.2714, "eval_samples_per_second": 289.495}