{"eval_loss": 1.0210171937942505, "eval_accuracy": 0.5705999732017517, "eval_mae": 0.5076, "eval_runtime": 16.5166, "eval_samples_per_second": 302.725}