{"eval_loss": 1.2285937070846558, "eval_accuracy": 0.4984000027179718, "eval_mae": 0.6048, "eval_runtime": 18.4071, "eval_samples_per_second": 271.634}