{"eval_loss": 1.0624911785125732, "eval_accuracy": 0.5580000281333923, "eval_mae": 0.5212, "eval_runtime": 18.3873, "eval_samples_per_second": 271.926}