{"eval_loss": 1.0146989822387695, "eval_accuracy": 0.5649999976158142, "eval_mae": 0.5072, "eval_runtime": 16.9754, "eval_samples_per_second": 294.544}