{"eval_loss": 1.176466464996338, "eval_accuracy": 0.5027999877929688, "eval_mae": 0.5916, "eval_runtime": 17.4495, "eval_samples_per_second": 286.541}