{"eval_loss": 1.3683058023452759, "eval_accuracy": 0.4564000070095062, "eval_mae": 0.7324, "eval_runtime": 16.7808, "eval_samples_per_second": 297.959}