{"eval_loss": 1.367959976196289, "eval_accuracy": 0.45739999413490295, "eval_mae": 0.733, "eval_runtime": 17.4073, "eval_samples_per_second": 287.236}