{"eval_loss": 1.0174033641815186, "eval_accuracy": 0.5776000022888184, "eval_mae": 0.4992, "eval_runtime": 32.4819, "eval_samples_per_second": 153.932}