{"eval_loss": 1.242042899131775, "eval_accuracy": 0.5001999735832214, "eval_mae": 0.5954, "eval_runtime": 21.182, "eval_samples_per_second": 236.049}