{"eval_loss": 1.3522664308547974, "eval_accuracy": 0.48159998655319214, "eval_mae": 0.6728, "eval_runtime": 18.1074, "eval_samples_per_second": 276.131}