{"eval_loss": 1.0850610733032227, "eval_accuracy": 0.5734000205993652, "eval_mae": 0.5108, "eval_runtime": 16.7986, "eval_samples_per_second": 297.644}