{"eval_loss": 1.0057687759399414, "eval_accuracy": 0.5758000016212463, "eval_mae": 0.4958, "eval_runtime": 17.1994, "eval_samples_per_second": 290.708}