{"eval_loss": 1.0746737718582153, "eval_accuracy": 0.5601999759674072, "eval_mae": 0.528, "eval_runtime": 19.201, "eval_samples_per_second": 260.404}