{"eval_loss": 1.158005714416504, "eval_accuracy": 0.4997999966144562, "eval_mae": 0.5916, "eval_runtime": 17.251, "eval_samples_per_second": 289.838}