{"eval_loss": 1.0859895944595337, "eval_accuracy": 0.5734000205993652, "eval_mae": 0.5116, "eval_runtime": 16.399, "eval_samples_per_second": 304.896}