{"eval_loss": 1.1768943071365356, "eval_accuracy": 0.5022000074386597, "eval_mae": 0.5928, "eval_runtime": 17.3046, "eval_samples_per_second": 288.941}