{"eval_loss": 1.078704595565796, "eval_accuracy": 0.5562000274658203, "eval_mae": 0.5328, "eval_runtime": 19.6462, "eval_samples_per_second": 254.503}