{"eval_loss": 0.9476824998855591, "eval_accuracy": 0.5928000211715698, "eval_mae": 0.47, "eval_runtime": 19.0388, "eval_samples_per_second": 262.622}