{"eval_loss": 1.086187481880188, "eval_accuracy": 0.546999990940094, "eval_mae": 0.542, "eval_runtime": 19.7192, "eval_samples_per_second": 253.56}