{"eval_loss": 0.9906355738639832, "eval_accuracy": 0.5703999996185303, "eval_mae": 0.508, "eval_runtime": 16.8821, "eval_samples_per_second": 296.172}