{"eval_loss": 0.9526307582855225, "eval_accuracy": 0.6205999851226807, "eval_mae": 0.43, "eval_runtime": 17.3965, "eval_samples_per_second": 287.415}