{"eval_loss": 0.95098876953125, "eval_accuracy": 0.6212000250816345, "eval_mae": 0.428, "eval_runtime": 17.4448, "eval_samples_per_second": 286.618}