{"eval_loss": 1.004606008529663, "eval_accuracy": 0.578000009059906, "eval_mae": 0.4936, "eval_runtime": 17.2332, "eval_samples_per_second": 290.137}