{"eval_loss": 1.0069350004196167, "eval_accuracy": 0.5925999879837036, "eval_mae": 0.4686, "eval_runtime": 17.2055, "eval_samples_per_second": 290.605}