{"eval_loss": 1.006624460220337, "eval_accuracy": 0.5925999879837036, "eval_mae": 0.4688, "eval_runtime": 17.2081, "eval_samples_per_second": 290.56}