{"eval_loss": 1.014636516571045, "eval_accuracy": 0.5645999908447266, "eval_mae": 0.5106, "eval_runtime": 16.9293, "eval_samples_per_second": 295.346}