{"eval_loss": 1.4372063875198364, "eval_accuracy": 0.4397999942302704, "eval_mae": 0.727, "eval_runtime": 18.493, "eval_samples_per_second": 270.373}