{"eval_loss": 1.230226755142212, "eval_accuracy": 0.5012000203132629, "eval_mae": 0.599, "eval_runtime": 18.0725, "eval_samples_per_second": 276.664}