{"eval_loss": 1.3509790897369385, "eval_accuracy": 0.48399999737739563, "eval_mae": 0.6706, "eval_runtime": 19.6666, "eval_samples_per_second": 254.239}