{"eval_loss": 1.1477056741714478, "eval_accuracy": 0.5491999983787537, "eval_mae": 0.5814, "eval_runtime": 17.545, "eval_samples_per_second": 284.982}