{"eval_loss": 1.0538214445114136, "eval_accuracy": 0.527999997138977, "eval_mae": 0.569, "eval_runtime": 16.2807, "eval_samples_per_second": 307.111}