{"eval_loss": 1.006372094154358, "eval_accuracy": 0.5929999947547913, "eval_mae": 0.4682, "eval_runtime": 17.2792, "eval_samples_per_second": 289.364}