{"eval_loss": 1.3431695699691772, "eval_accuracy": 0.47679999470710754, "eval_mae": 0.6932, "eval_runtime": 17.0121, "eval_samples_per_second": 293.908}