{"eval_loss": 1.0624960660934448, "eval_accuracy": 0.5568000078201294, "eval_mae": 0.5226, "eval_runtime": 18.3928, "eval_samples_per_second": 271.846}