{"eval_loss": 0.9790767431259155, "eval_accuracy": 0.5820000171661377, "eval_mae": 0.487, "eval_runtime": 16.3942, "eval_samples_per_second": 304.986}