{"eval_loss": 1.1775484085083008, "eval_accuracy": 0.5019999742507935, "eval_mae": 0.5912, "eval_runtime": 16.6958, "eval_samples_per_second": 299.477}