{"eval_loss": 1.1477166414260864, "eval_accuracy": 0.5493999719619751, "eval_mae": 0.579, "eval_runtime": 17.4664, "eval_samples_per_second": 286.264}