{"eval_loss": 1.3488293886184692, "eval_accuracy": 0.47600001096725464, "eval_mae": 0.6948, "eval_runtime": 16.2253, "eval_samples_per_second": 308.161}