{"eval_loss": 1.4429376125335693, "eval_accuracy": 0.43939998745918274, "eval_mae": 0.73, "eval_runtime": 20.1005, "eval_samples_per_second": 248.75}