{"eval_loss": 1.2283835411071777, "eval_accuracy": 0.4997999966144562, "eval_mae": 0.6044, "eval_runtime": 18.1079, "eval_samples_per_second": 276.122}