{"eval_loss": 1.005712866783142, "eval_accuracy": 0.5759999752044678, "eval_mae": 0.495, "eval_runtime": 17.3722, "eval_samples_per_second": 287.817}