{"eval_loss": 1.0200344324111938, "eval_accuracy": 0.5717999935150146, "eval_mae": 0.507, "eval_runtime": 17.3054, "eval_samples_per_second": 288.927}