{"eval_loss": 0.9600914120674133, "eval_accuracy": 0.5928000211715698, "eval_mae": 0.4834, "eval_runtime": 17.3158, "eval_samples_per_second": 288.753}