{"eval_loss": 1.3664953708648682, "eval_accuracy": 0.45899999141693115, "eval_mae": 0.7304, "eval_runtime": 17.3215, "eval_samples_per_second": 288.659}