{"eval_loss": 0.9607386589050293, "eval_accuracy": 0.5928000211715698, "eval_mae": 0.483, "eval_runtime": 16.7043, "eval_samples_per_second": 299.323}