{"eval_loss": 1.0537335872650146, "eval_accuracy": 0.5271999835968018, "eval_mae": 0.5696, "eval_runtime": 16.0355, "eval_samples_per_second": 311.809}