{"eval_loss": 0.9556736350059509, "eval_accuracy": 0.5989999771118164, "eval_mae": 0.4642, "eval_runtime": 17.3246, "eval_samples_per_second": 288.607}