{"eval_loss": 1.3390405178070068, "eval_accuracy": 0.46799999475479126, "eval_mae": 0.6886, "eval_runtime": 18.5098, "eval_samples_per_second": 270.127}