{"eval_loss": 1.3643085956573486, "eval_accuracy": 0.45840001106262207, "eval_mae": 0.7304, "eval_runtime": 17.2316, "eval_samples_per_second": 290.164}