{"eval_loss": 0.9484421014785767, "eval_accuracy": 0.605400025844574, "eval_mae": 0.4564, "eval_runtime": 17.1746, "eval_samples_per_second": 291.127}