{"eval_loss": 1.2997795343399048, "eval_accuracy": 0.46560001373291016, "eval_mae": 0.6836, "eval_runtime": 32.2601, "eval_samples_per_second": 154.99}