{"eval_loss": 1.4425626993179321, "eval_accuracy": 0.4390000104904175, "eval_mae": 0.7296, "eval_runtime": 18.8297, "eval_samples_per_second": 265.538}