{"eval_loss": 1.0809004306793213, "eval_accuracy": 0.5559999942779541, "eval_mae": 0.5652, "eval_runtime": 19.6821, "eval_samples_per_second": 254.038}