{"eval_loss": 1.0191903114318848, "eval_accuracy": 0.5809999704360962, "eval_mae": 0.4934, "eval_runtime": 22.5667, "eval_samples_per_second": 221.566}