{"eval_loss": 1.080156683921814, "eval_accuracy": 0.5555999875068665, "eval_mae": 0.5656, "eval_runtime": 26.892, "eval_samples_per_second": 185.929}