{"eval_loss": 1.1542166471481323, "eval_accuracy": 0.5013999938964844, "eval_mae": 0.5894, "eval_runtime": 17.2658, "eval_samples_per_second": 289.59}