{"eval_loss": 0.9346063733100891, "eval_accuracy": 0.6010000109672546, "eval_mae": 0.456, "eval_runtime": 17.0386, "eval_samples_per_second": 293.452}