{"eval_loss": 1.290304183959961, "eval_accuracy": 0.4690000116825104, "eval_mae": 0.6832, "eval_runtime": 19.0232, "eval_samples_per_second": 262.837}