{"eval_loss": 1.0801997184753418, "eval_accuracy": 0.5565999746322632, "eval_mae": 0.5648, "eval_runtime": 24.009, "eval_samples_per_second": 208.255}