{"eval_loss": 1.3466750383377075, "eval_accuracy": 0.4763999879360199, "eval_mae": 0.6944, "eval_runtime": 16.25, "eval_samples_per_second": 307.692}