{"eval_loss": 0.8894974589347839, "eval_accuracy": 0.6381999850273132, "eval_mae": 0.4138, "eval_runtime": 26.8437, "eval_samples_per_second": 186.264}