{"eval_loss": 1.2278976440429688, "eval_accuracy": 0.498199999332428, "eval_mae": 0.6048, "eval_runtime": 18.3902, "eval_samples_per_second": 271.884}