{"eval_loss": 1.353669285774231, "eval_accuracy": 0.48339998722076416, "eval_mae": 0.6702, "eval_runtime": 18.7493, "eval_samples_per_second": 266.676}