{"eval_loss": 1.0453639030456543, "eval_accuracy": 0.5608000159263611, "eval_mae": 0.509, "eval_runtime": 21.6786, "eval_samples_per_second": 230.642}