{"eval_loss": 1.0875186920166016, "eval_accuracy": 0.546999990940094, "eval_mae": 0.5414, "eval_runtime": 18.3463, "eval_samples_per_second": 272.535}