{"eval_loss": 1.3488032817840576, "eval_accuracy": 0.47279998660087585, "eval_mae": 0.6886, "eval_runtime": 16.7368, "eval_samples_per_second": 298.743}