{"eval_loss": 0.9473560452461243, "eval_accuracy": 0.6039999723434448, "eval_mae": 0.4574, "eval_runtime": 17.2475, "eval_samples_per_second": 289.896}