{"eval_loss": 1.2419530153274536, "eval_accuracy": 0.5008000135421753, "eval_mae": 0.5956, "eval_runtime": 27.0904, "eval_samples_per_second": 184.567}