{"eval_loss": 0.9505265355110168, "eval_accuracy": 0.6197999715805054, "eval_mae": 0.4296, "eval_runtime": 17.3966, "eval_samples_per_second": 287.412}