{"eval_loss": 1.176805853843689, "eval_accuracy": 0.503000020980835, "eval_mae": 0.5908, "eval_runtime": 17.4742, "eval_samples_per_second": 286.136}