{"eval_loss": 1.0171518325805664, "eval_accuracy": 0.5794000029563904, "eval_mae": 0.482, "eval_runtime": 17.5395, "eval_samples_per_second": 285.071}