{"eval_loss": 0.9554601311683655, "eval_accuracy": 0.6011999845504761, "eval_mae": 0.4608, "eval_runtime": 16.7977, "eval_samples_per_second": 297.659}