{"eval_loss": 1.3490079641342163, "eval_accuracy": 0.4731999933719635, "eval_mae": 0.6884, "eval_runtime": 17.5739, "eval_samples_per_second": 284.513}