{"eval_loss": 1.0252771377563477, "eval_accuracy": 0.5529999732971191, "eval_mae": 0.5366, "eval_runtime": 17.3064, "eval_samples_per_second": 288.91}