{"eval_loss": 1.0054435729980469, "eval_accuracy": 0.5759999752044678, "eval_mae": 0.4958, "eval_runtime": 17.1703, "eval_samples_per_second": 291.2}