{"eval_loss": 1.021268367767334, "eval_accuracy": 0.5691999793052673, "eval_mae": 0.5086, "eval_runtime": 17.3078, "eval_samples_per_second": 288.887}