{"eval_loss": 1.2501627206802368, "eval_accuracy": 0.4997999966144562, "eval_mae": 0.5978, "eval_runtime": 17.9774, "eval_samples_per_second": 278.128}