{"eval_loss": 0.9494532346725464, "eval_accuracy": 0.607200026512146, "eval_mae": 0.4488, "eval_runtime": 18.4385, "eval_samples_per_second": 271.172}