{"eval_loss": 1.3664230108261108, "eval_accuracy": 0.4580000042915344, "eval_mae": 0.7306, "eval_runtime": 17.5374, "eval_samples_per_second": 285.106}