{"eval_loss": 1.030156135559082, "eval_accuracy": 0.5447999835014343, "eval_mae": 0.5404, "eval_runtime": 16.8252, "eval_samples_per_second": 297.173}