{"eval_loss": 1.3931596279144287, "eval_accuracy": 0.4812000095844269, "eval_mae": 0.6736, "eval_runtime": 19.5653, "eval_samples_per_second": 255.555}