{"eval_loss": 1.045831561088562, "eval_accuracy": 0.5623999834060669, "eval_mae": 0.507, "eval_runtime": 18.8516, "eval_samples_per_second": 265.23}