{"eval_loss": 1.0786882638931274, "eval_accuracy": 0.5591999888420105, "eval_mae": 0.5302, "eval_runtime": 22.7259, "eval_samples_per_second": 220.013}