{"eval_loss": 1.2295842170715332, "eval_accuracy": 0.5076000094413757, "eval_mae": 0.6196, "eval_runtime": 20.7236, "eval_samples_per_second": 241.271}