{"eval_loss": 0.9359086751937866, "eval_accuracy": 0.6018000245094299, "eval_mae": 0.4542, "eval_runtime": 16.9701, "eval_samples_per_second": 294.636}