{"eval_loss": 1.3521829843521118, "eval_accuracy": 0.48339998722076416, "eval_mae": 0.671, "eval_runtime": 18.0364, "eval_samples_per_second": 277.216}