{"eval_loss": 1.087600827217102, "eval_accuracy": 0.5491999983787537, "eval_mae": 0.541, "eval_runtime": 18.5863, "eval_samples_per_second": 269.015}