{"eval_loss": 1.0069571733474731, "eval_accuracy": 0.5748000144958496, "eval_mae": 0.4976, "eval_runtime": 17.1712, "eval_samples_per_second": 291.186}