{"eval_loss": 1.0788671970367432, "eval_accuracy": 0.5586000084877014, "eval_mae": 0.5308, "eval_runtime": 19.2708, "eval_samples_per_second": 259.46}