{"eval_loss": 1.2380536794662476, "eval_accuracy": 0.49720001220703125, "eval_mae": 0.6474, "eval_runtime": 29.1561, "eval_samples_per_second": 171.491}