{"eval_loss": 1.1472500562667847, "eval_accuracy": 0.5475999712944031, "eval_mae": 0.5794, "eval_runtime": 16.7887, "eval_samples_per_second": 297.82}