{"eval_loss": 1.1773085594177246, "eval_accuracy": 0.5023999810218811, "eval_mae": 0.5914, "eval_runtime": 17.4121, "eval_samples_per_second": 287.156}