{"eval_loss": 1.0117785930633545, "eval_accuracy": 0.5633999705314636, "eval_mae": 0.51, "eval_runtime": 16.0922, "eval_samples_per_second": 310.709}