{"eval_loss": 0.9488739967346191, "eval_accuracy": 0.5902000069618225, "eval_mae": 0.463, "eval_runtime": 17.1976, "eval_samples_per_second": 290.738}