{"eval_loss": 0.9462770223617554, "eval_accuracy": 0.6043999791145325, "eval_mae": 0.4576, "eval_runtime": 17.4091, "eval_samples_per_second": 287.206}