{"eval_loss": 1.2406584024429321, "eval_accuracy": 0.4957999885082245, "eval_mae": 0.6478, "eval_runtime": 21.3758, "eval_samples_per_second": 233.91}