{"eval_loss": 0.9557265639305115, "eval_accuracy": 0.599399983882904, "eval_mae": 0.4634, "eval_runtime": 17.3032, "eval_samples_per_second": 288.964}