{"eval_loss": 1.0296252965927124, "eval_accuracy": 0.5440000295639038, "eval_mae": 0.541, "eval_runtime": 17.3044, "eval_samples_per_second": 288.944}