{"eval_loss": 1.0299246311187744, "eval_accuracy": 0.5460000038146973, "eval_mae": 0.5384, "eval_runtime": 16.9591, "eval_samples_per_second": 294.826}