{"eval_loss": 1.0150060653686523, "eval_accuracy": 0.5637999773025513, "eval_mae": 0.508, "eval_runtime": 17.3067, "eval_samples_per_second": 288.905}