{"eval_loss": 0.9906240105628967, "eval_accuracy": 0.5722000002861023, "eval_mae": 0.505, "eval_runtime": 16.2269, "eval_samples_per_second": 308.13}