{"eval_loss": 1.238951325416565, "eval_accuracy": 0.49720001220703125, "eval_mae": 0.6474, "eval_runtime": 21.696, "eval_samples_per_second": 230.457}