{"eval_loss": 1.006394863128662, "eval_accuracy": 0.5942000150680542, "eval_mae": 0.4668, "eval_runtime": 17.2392, "eval_samples_per_second": 290.037}