{"eval_loss": 0.9456639885902405, "eval_accuracy": 0.6064000129699707, "eval_mae": 0.4556, "eval_runtime": 17.3957, "eval_samples_per_second": 287.428}