{"eval_loss": 1.4301279783248901, "eval_accuracy": 0.44119998812675476, "eval_mae": 0.725, "eval_runtime": 21.8924, "eval_samples_per_second": 228.389}