{"eval_loss": 1.021765947341919, "eval_accuracy": 0.5702000260353088, "eval_mae": 0.508, "eval_runtime": 17.3145, "eval_samples_per_second": 288.775}