{"eval_loss": 0.9814457297325134, "eval_accuracy": 0.5849999785423279, "eval_mae": 0.485, "eval_runtime": 17.2566, "eval_samples_per_second": 289.744}