{"eval_loss": 1.0803403854370117, "eval_accuracy": 0.5558000206947327, "eval_mae": 0.5656, "eval_runtime": 18.4839, "eval_samples_per_second": 270.506}