{"eval_loss": 0.947617769241333, "eval_accuracy": 0.5934000015258789, "eval_mae": 0.4684, "eval_runtime": 31.5462, "eval_samples_per_second": 158.498}