{"eval_loss": 1.0168904066085815, "eval_accuracy": 0.579800009727478, "eval_mae": 0.4816, "eval_runtime": 17.7494, "eval_samples_per_second": 281.7}