{"eval_loss": 1.0789026021957397, "eval_accuracy": 0.5558000206947327, "eval_mae": 0.5648, "eval_runtime": 23.457, "eval_samples_per_second": 213.156}