{"eval_loss": 1.0299328565597534, "eval_accuracy": 0.5454000234603882, "eval_mae": 0.5398, "eval_runtime": 17.637, "eval_samples_per_second": 283.495}