{"eval_loss": 1.0052111148834229, "eval_accuracy": 0.5766000151634216, "eval_mae": 0.4952, "eval_runtime": 17.1727, "eval_samples_per_second": 291.159}