{"eval_loss": 1.3362222909927368, "eval_accuracy": 0.47600001096725464, "eval_mae": 0.6926, "eval_runtime": 16.3827, "eval_samples_per_second": 305.201}