{"eval_loss": 0.9509074091911316, "eval_accuracy": 0.6208000183105469, "eval_mae": 0.4294, "eval_runtime": 16.9362, "eval_samples_per_second": 295.225}