{"eval_loss": 1.0794525146484375, "eval_accuracy": 0.5568000078201294, "eval_mae": 0.566, "eval_runtime": 19.0764, "eval_samples_per_second": 262.103}