{"eval_loss": 1.4429196119308472, "eval_accuracy": 0.43939998745918274, "eval_mae": 0.7294, "eval_runtime": 18.6488, "eval_samples_per_second": 268.114}