{"eval_loss": 0.9477072954177856, "eval_accuracy": 0.5928000211715698, "eval_mae": 0.4698, "eval_runtime": 18.7654, "eval_samples_per_second": 266.448}