{"eval_loss": 1.355108380317688, "eval_accuracy": 0.4697999954223633, "eval_mae": 0.6912, "eval_runtime": 17.3473, "eval_samples_per_second": 288.23}