{"eval_loss": 1.005797028541565, "eval_accuracy": 0.5766000151634216, "eval_mae": 0.495, "eval_runtime": 17.2463, "eval_samples_per_second": 289.917}