{"eval_loss": 0.945824921131134, "eval_accuracy": 0.6047999858856201, "eval_mae": 0.4572, "eval_runtime": 17.2957, "eval_samples_per_second": 289.09}