{"eval_loss": 1.005250334739685, "eval_accuracy": 0.5730000138282776, "eval_mae": 0.4994, "eval_runtime": 16.5507, "eval_samples_per_second": 302.102}