{"eval_loss": 0.9788495302200317, "eval_accuracy": 0.5817999839782715, "eval_mae": 0.4884, "eval_runtime": 17.4064, "eval_samples_per_second": 287.251}