{"eval_loss": 0.9594277143478394, "eval_accuracy": 0.5842000246047974, "eval_mae": 0.472, "eval_runtime": 19.2178, "eval_samples_per_second": 260.176, "epoch": 3.0}