{"eval_loss": 0.9357409477233887, "eval_accuracy": 0.6015999913215637, "eval_mae": 0.4544, "eval_runtime": 18.5772, "eval_samples_per_second": 269.147}