{"eval_loss": 0.9787880778312683, "eval_accuracy": 0.5821999907493591, "eval_mae": 0.4876, "eval_runtime": 18.643, "eval_samples_per_second": 268.197}