{"eval_loss": 1.0861573219299316, "eval_accuracy": 0.5479999780654907, "eval_mae": 0.5408, "eval_runtime": 18.8372, "eval_samples_per_second": 265.432}