{"eval_loss": 1.2414206266403198, "eval_accuracy": 0.49540001153945923, "eval_mae": 0.6488, "eval_runtime": 18.7706, "eval_samples_per_second": 266.374}