{"eval_loss": 1.2398661375045776, "eval_accuracy": 0.5001999735832214, "eval_mae": 0.595, "eval_runtime": 19.5981, "eval_samples_per_second": 255.126}