{"eval_loss": 1.4411146640777588, "eval_accuracy": 0.43959999084472656, "eval_mae": 0.7292, "eval_runtime": 18.2929, "eval_samples_per_second": 273.33}