{"eval_loss": 0.99289470911026, "eval_accuracy": 0.5702000260353088, "eval_mae": 0.5104, "eval_runtime": 16.292, "eval_samples_per_second": 306.9}