{"eval_loss": 1.0139466524124146, "eval_accuracy": 0.5641999840736389, "eval_mae": 0.509, "eval_runtime": 16.7357, "eval_samples_per_second": 298.763}