{"eval_loss": 1.0034505128860474, "eval_accuracy": 0.5759999752044678, "eval_mae": 0.4954, "eval_runtime": 17.2197, "eval_samples_per_second": 290.366}