{"eval_loss": 0.9468790888786316, "eval_accuracy": 0.6051999926567078, "eval_mae": 0.4578, "eval_runtime": 16.6061, "eval_samples_per_second": 301.094}