{"eval_loss": 0.9909124970436096, "eval_accuracy": 0.5705999732017517, "eval_mae": 0.507, "eval_runtime": 16.8706, "eval_samples_per_second": 296.373}