{"eval_loss": 1.392791748046875, "eval_accuracy": 0.47859999537467957, "eval_mae": 0.6776, "eval_runtime": 18.6008, "eval_samples_per_second": 268.806}