{"eval_loss": 1.2381713390350342, "eval_accuracy": 0.4973999857902527, "eval_mae": 0.6472, "eval_runtime": 23.4133, "eval_samples_per_second": 213.553}