{"eval_loss": 1.1764860153198242, "eval_accuracy": 0.503600001335144, "eval_mae": 0.5922, "eval_runtime": 16.7521, "eval_samples_per_second": 298.471}