{"eval_loss": 1.0059099197387695, "eval_accuracy": 0.5752000212669373, "eval_mae": 0.4964, "eval_runtime": 17.2976, "eval_samples_per_second": 289.057}