{"eval_loss": 1.2387347221374512, "eval_accuracy": 0.49720001220703125, "eval_mae": 0.6476, "eval_runtime": 18.5502, "eval_samples_per_second": 269.54}