{"eval_loss": 1.0116783380508423, "eval_accuracy": 0.5803999900817871, "eval_mae": 0.481, "eval_runtime": 17.4896, "eval_samples_per_second": 285.884}