{"eval_loss": 1.3641036748886108, "eval_accuracy": 0.4578000009059906, "eval_mae": 0.7304, "eval_runtime": 16.6475, "eval_samples_per_second": 300.345}