{"eval_loss": 0.9501310586929321, "eval_accuracy": 0.6064000129699707, "eval_mae": 0.4502, "eval_runtime": 18.3711, "eval_samples_per_second": 272.166}