{"eval_loss": 1.0186538696289062, "eval_accuracy": 0.5812000036239624, "eval_mae": 0.4938, "eval_runtime": 21.074, "eval_samples_per_second": 237.259}