{"eval_loss": 1.348601222038269, "eval_accuracy": 0.4726000130176544, "eval_mae": 0.6898, "eval_runtime": 16.7245, "eval_samples_per_second": 298.963}