{"eval_loss": 1.3491771221160889, "eval_accuracy": 0.4733999967575073, "eval_mae": 0.6902, "eval_runtime": 17.3175, "eval_samples_per_second": 288.726}