{"eval_loss": 1.3431740999221802, "eval_accuracy": 0.47540000081062317, "eval_mae": 0.695, "eval_runtime": 17.2055, "eval_samples_per_second": 290.605}