{"eval_loss": 1.0061708688735962, "eval_accuracy": 0.5766000151634216, "eval_mae": 0.4946, "eval_runtime": 16.5889, "eval_samples_per_second": 301.406}