{"eval_loss": 1.0115666389465332, "eval_accuracy": 0.5794000029563904, "eval_mae": 0.4826, "eval_runtime": 17.5038, "eval_samples_per_second": 285.653}