{"eval_loss": 1.006168246269226, "eval_accuracy": 0.5759999752044678, "eval_mae": 0.4958, "eval_runtime": 17.2009, "eval_samples_per_second": 290.682}