{"eval_loss": 1.241947054862976, "eval_accuracy": 0.4997999966144562, "eval_mae": 0.5958, "eval_runtime": 24.2356, "eval_samples_per_second": 206.308}