{"eval_loss": 1.3487191200256348, "eval_accuracy": 0.4715999960899353, "eval_mae": 0.6892, "eval_runtime": 17.7112, "eval_samples_per_second": 282.307}