{"eval_loss": 1.147778868675232, "eval_accuracy": 0.5493999719619751, "eval_mae": 0.5806, "eval_runtime": 17.5484, "eval_samples_per_second": 284.927}