{"eval_loss": 1.0859590768814087, "eval_accuracy": 0.5727999806404114, "eval_mae": 0.5136, "eval_runtime": 17.3357, "eval_samples_per_second": 288.423}