{"eval_loss": 1.015181541442871, "eval_accuracy": 0.5663999915122986, "eval_mae": 0.5062, "eval_runtime": 16.3167, "eval_samples_per_second": 306.434}