{"eval_loss": 1.296501874923706, "eval_accuracy": 0.46779999136924744, "eval_mae": 0.6818, "eval_runtime": 24.4673, "eval_samples_per_second": 204.354}