{"eval_loss": 1.086924433708191, "eval_accuracy": 0.548799991607666, "eval_mae": 0.541, "eval_runtime": 18.5306, "eval_samples_per_second": 269.825}