{"eval_loss": 0.9351828098297119, "eval_accuracy": 0.6028000116348267, "eval_mae": 0.4528, "eval_runtime": 17.2518, "eval_samples_per_second": 289.824}