{"eval_loss": 1.1476855278015137, "eval_accuracy": 0.5496000051498413, "eval_mae": 0.5806, "eval_runtime": 17.4415, "eval_samples_per_second": 286.673}