{"eval_loss": 1.3498376607894897, "eval_accuracy": 0.4722000062465668, "eval_mae": 0.6902, "eval_runtime": 17.4364, "eval_samples_per_second": 286.757}