{"eval_loss": 1.080278754234314, "eval_accuracy": 0.5559999942779541, "eval_mae": 0.5652, "eval_runtime": 18.7607, "eval_samples_per_second": 266.514}