{"eval_loss": 1.0859287977218628, "eval_accuracy": 0.5475999712944031, "eval_mae": 0.541, "eval_runtime": 27.7082, "eval_samples_per_second": 180.452}