{"eval_loss": 0.9550146460533142, "eval_accuracy": 0.5985999703407288, "eval_mae": 0.4632, "eval_runtime": 17.3506, "eval_samples_per_second": 288.175}