{"eval_loss": 0.9555525183677673, "eval_accuracy": 0.5983999967575073, "eval_mae": 0.4642, "eval_runtime": 16.3238, "eval_samples_per_second": 306.301}