{"eval_loss": 0.952322244644165, "eval_accuracy": 0.6212000250816345, "eval_mae": 0.43, "eval_runtime": 17.3949, "eval_samples_per_second": 287.44}