{"eval_loss": 1.36671781539917, "eval_accuracy": 0.4575999975204468, "eval_mae": 0.732, "eval_runtime": 17.3894, "eval_samples_per_second": 287.531}