{"eval_loss": 1.237916350364685, "eval_accuracy": 0.49619999527931213, "eval_mae": 0.6478, "eval_runtime": 19.9871, "eval_samples_per_second": 250.161}