{"eval_loss": 0.9469727277755737, "eval_accuracy": 0.6051999926567078, "eval_mae": 0.4562, "eval_runtime": 16.4335, "eval_samples_per_second": 304.257}