{"eval_loss": 1.0843439102172852, "eval_accuracy": 0.5460000038146973, "eval_mae": 0.5422, "eval_runtime": 25.6857, "eval_samples_per_second": 194.661}