{"eval_loss": 1.0142894983291626, "eval_accuracy": 0.5648000240325928, "eval_mae": 0.5066, "eval_runtime": 16.8989, "eval_samples_per_second": 295.878}