{"eval_loss": 1.0044994354248047, "eval_accuracy": 0.5753999948501587, "eval_mae": 0.4966, "eval_runtime": 16.5528, "eval_samples_per_second": 302.064}