{"eval_loss": 1.006951093673706, "eval_accuracy": 0.5925999879837036, "eval_mae": 0.47, "eval_runtime": 17.5346, "eval_samples_per_second": 285.15}