{"eval_loss": 1.3492660522460938, "eval_accuracy": 0.47099998593330383, "eval_mae": 0.6902, "eval_runtime": 17.3044, "eval_samples_per_second": 288.944}