{"eval_loss": 1.2966909408569336, "eval_accuracy": 0.46779999136924744, "eval_mae": 0.6816, "eval_runtime": 24.2166, "eval_samples_per_second": 206.47}