{"eval_loss": 1.0608443021774292, "eval_accuracy": 0.5605999827384949, "eval_mae": 0.5188, "eval_runtime": 31.5259, "eval_samples_per_second": 158.6}