{"eval_loss": 0.9355275630950928, "eval_accuracy": 0.6018000245094299, "eval_mae": 0.4542, "eval_runtime": 17.2842, "eval_samples_per_second": 289.282}