{"eval_loss": 1.0186668634414673, "eval_accuracy": 0.5812000036239624, "eval_mae": 0.4936, "eval_runtime": 20.2952, "eval_samples_per_second": 246.364}