{"eval_loss": 0.9364855289459229, "eval_accuracy": 0.598800003528595, "eval_mae": 0.46, "eval_runtime": 16.0247, "eval_samples_per_second": 312.017}