{"eval_loss": 0.8895303010940552, "eval_accuracy": 0.6363999843597412, "eval_mae": 0.4146, "eval_runtime": 27.7344, "eval_samples_per_second": 180.282}