{"eval_loss": 1.1897528171539307, "eval_accuracy": 0.5013999938964844, "eval_mae": 0.595, "eval_runtime": 17.3001, "eval_samples_per_second": 289.016}