{"eval_loss": 1.0852662324905396, "eval_accuracy": 0.574999988079071, "eval_mae": 0.5104, "eval_runtime": 17.0794, "eval_samples_per_second": 292.75}