{"eval_loss": 1.366595983505249, "eval_accuracy": 0.45660001039505005, "eval_mae": 0.7318, "eval_runtime": 17.3387, "eval_samples_per_second": 288.372}