{"eval_loss": 1.0246694087982178, "eval_accuracy": 0.5558000206947327, "eval_mae": 0.5352, "eval_runtime": 17.2566, "eval_samples_per_second": 289.743}