{"eval_loss": 1.1689331531524658, "eval_accuracy": 0.4973999857902527, "eval_mae": 0.597, "eval_runtime": 16.5943, "eval_samples_per_second": 301.308}