{"eval_loss": 1.1548959016799927, "eval_accuracy": 0.5005999803543091, "eval_mae": 0.59, "eval_runtime": 17.2985, "eval_samples_per_second": 289.043}