{"eval_loss": 1.3390694856643677, "eval_accuracy": 0.46799999475479126, "eval_mae": 0.6888, "eval_runtime": 22.3153, "eval_samples_per_second": 224.062}