{"eval_loss": 1.0632044076919556, "eval_accuracy": 0.5580000281333923, "eval_mae": 0.5212, "eval_runtime": 17.7396, "eval_samples_per_second": 281.855}