{"eval_loss": 0.9463580846786499, "eval_accuracy": 0.5938000082969666, "eval_mae": 0.4606, "eval_runtime": 16.2397, "eval_samples_per_second": 307.888}