{"eval_loss": 0.936721682548523, "eval_accuracy": 0.6010000109672546, "eval_mae": 0.4552, "eval_runtime": 17.0336, "eval_samples_per_second": 293.537}