{"eval_loss": 0.9517923593521118, "eval_accuracy": 0.6205999851226807, "eval_mae": 0.4298, "eval_runtime": 17.495, "eval_samples_per_second": 285.795}