{"eval_loss": 0.9487350583076477, "eval_accuracy": 0.5902000069618225, "eval_mae": 0.4632, "eval_runtime": 16.5259, "eval_samples_per_second": 302.556}