{"eval_loss": 0.9357379078865051, "eval_accuracy": 0.6007999777793884, "eval_mae": 0.455, "eval_runtime": 17.0936, "eval_samples_per_second": 292.508}