{"eval_loss": 0.9489103555679321, "eval_accuracy": 0.5885999798774719, "eval_mae": 0.465, "eval_runtime": 16.7438, "eval_samples_per_second": 298.618}