{"eval_loss": 1.0146816968917847, "eval_accuracy": 0.5666000247001648, "eval_mae": 0.5048, "eval_runtime": 17.0809, "eval_samples_per_second": 292.725}