{"eval_loss": 1.078225016593933, "eval_accuracy": 0.5582000017166138, "eval_mae": 0.5308, "eval_runtime": 18.5672, "eval_samples_per_second": 269.293}