{"eval_loss": 0.9994734525680542, "eval_accuracy": 0.5888000130653381, "eval_mae": 0.4706, "eval_runtime": 17.4681, "eval_samples_per_second": 286.236}