{"eval_loss": 1.0245580673217773, "eval_accuracy": 0.5540000200271606, "eval_mae": 0.5362, "eval_runtime": 17.2627, "eval_samples_per_second": 289.643}