{"eval_loss": 1.3921940326690674, "eval_accuracy": 0.4812000095844269, "eval_mae": 0.6734, "eval_runtime": 19.2584, "eval_samples_per_second": 259.627}