{"eval_loss": 1.0787016153335571, "eval_accuracy": 0.5565999746322632, "eval_mae": 0.5336, "eval_runtime": 19.1069, "eval_samples_per_second": 261.685}