{"eval_loss": 1.024855136871338, "eval_accuracy": 0.5541999936103821, "eval_mae": 0.5358, "eval_runtime": 17.1704, "eval_samples_per_second": 291.2}