{"eval_loss": 1.014617919921875, "eval_accuracy": 0.5645999908447266, "eval_mae": 0.507, "eval_runtime": 17.0513, "eval_samples_per_second": 293.232}