{"eval_loss": 1.2420066595077515, "eval_accuracy": 0.4997999966144562, "eval_mae": 0.5958, "eval_runtime": 18.1742, "eval_samples_per_second": 275.116}