{"eval_loss": 1.242614984512329, "eval_accuracy": 0.4997999966144562, "eval_mae": 0.5954, "eval_runtime": 19.8642, "eval_samples_per_second": 251.709}