{"eval_loss": 1.2987500429153442, "eval_accuracy": 0.46459999680519104, "eval_mae": 0.6846, "eval_runtime": 18.8102, "eval_samples_per_second": 265.814}