{"eval_loss": 0.9553809762001038, "eval_accuracy": 0.5997999906539917, "eval_mae": 0.4636, "eval_runtime": 17.2857, "eval_samples_per_second": 289.257}