{"eval_loss": 1.2330011129379272, "eval_accuracy": 0.49799999594688416, "eval_mae": 0.6462, "eval_runtime": 34.7896, "eval_samples_per_second": 143.721}