{"eval_loss": 0.9500597715377808, "eval_accuracy": 0.5893999934196472, "eval_mae": 0.4642, "eval_runtime": 17.1573, "eval_samples_per_second": 291.421}