{"eval_loss": 1.0128366947174072, "eval_accuracy": 0.5645999908447266, "eval_mae": 0.5072, "eval_runtime": 16.2993, "eval_samples_per_second": 306.762}