{"eval_loss": 0.9555568099021912, "eval_accuracy": 0.598800003528595, "eval_mae": 0.4646, "eval_runtime": 17.3094, "eval_samples_per_second": 288.86}