{"eval_loss": 1.086228370666504, "eval_accuracy": 0.5450000166893005, "eval_mae": 0.5428, "eval_runtime": 24.0588, "eval_samples_per_second": 207.825}