{"eval_loss": 1.0175261497497559, "eval_accuracy": 0.5795999765396118, "eval_mae": 0.4826, "eval_runtime": 16.8179, "eval_samples_per_second": 297.302}