{"eval_loss": 0.9599453210830688, "eval_accuracy": 0.5934000015258789, "eval_mae": 0.4826, "eval_runtime": 17.656, "eval_samples_per_second": 283.19}