{"eval_loss": 1.0071814060211182, "eval_accuracy": 0.5942000150680542, "eval_mae": 0.4682, "eval_runtime": 17.137, "eval_samples_per_second": 291.766}