{"eval_loss": 1.2282441854476929, "eval_accuracy": 0.49939998984336853, "eval_mae": 0.6032, "eval_runtime": 18.3598, "eval_samples_per_second": 272.334}