{"eval_loss": 1.3388454914093018, "eval_accuracy": 0.4690000116825104, "eval_mae": 0.6876, "eval_runtime": 18.4999, "eval_samples_per_second": 270.272}