{"eval_loss": 1.4433649778366089, "eval_accuracy": 0.43959999084472656, "eval_mae": 0.729, "eval_runtime": 36.775, "eval_samples_per_second": 135.962}