{"eval_loss": 1.351678490638733, "eval_accuracy": 0.4846000075340271, "eval_mae": 0.6698, "eval_runtime": 17.7975, "eval_samples_per_second": 280.939}