{"eval_loss": 1.0129168033599854, "eval_accuracy": 0.5809999704360962, "eval_mae": 0.4812, "eval_runtime": 17.4383, "eval_samples_per_second": 286.725}