{"eval_loss": 0.9783656001091003, "eval_accuracy": 0.5817999839782715, "eval_mae": 0.4884, "eval_runtime": 17.5446, "eval_samples_per_second": 284.988}