{"eval_loss": 1.025072693824768, "eval_accuracy": 0.5541999936103821, "eval_mae": 0.5362, "eval_runtime": 17.3097, "eval_samples_per_second": 288.855}