{"eval_loss": 1.0441820621490479, "eval_accuracy": 0.5604000091552734, "eval_mae": 0.5108, "eval_runtime": 18.6441, "eval_samples_per_second": 268.181}