{"eval_loss": 0.9558554887771606, "eval_accuracy": 0.5996000170707703, "eval_mae": 0.463, "eval_runtime": 16.6929, "eval_samples_per_second": 299.528}