{"eval_loss": 1.3414679765701294, "eval_accuracy": 0.4706000089645386, "eval_mae": 0.6842, "eval_runtime": 21.0935, "eval_samples_per_second": 237.04}