{"eval_loss": 1.0632957220077515, "eval_accuracy": 0.5587999820709229, "eval_mae": 0.52, "eval_runtime": 18.4017, "eval_samples_per_second": 271.714}