{"eval_loss": 1.14747953414917, "eval_accuracy": 0.5490000247955322, "eval_mae": 0.5822, "eval_runtime": 17.5075, "eval_samples_per_second": 285.593}