{"eval_loss": 1.2281969785690308, "eval_accuracy": 0.4968000054359436, "eval_mae": 0.6464, "eval_runtime": 28.9077, "eval_samples_per_second": 172.964}