{"eval_loss": 0.9603244066238403, "eval_accuracy": 0.5925999879837036, "eval_mae": 0.4832, "eval_runtime": 17.3511, "eval_samples_per_second": 288.166}