{"eval_loss": 1.3387255668640137, "eval_accuracy": 0.46799999475479126, "eval_mae": 0.6878, "eval_runtime": 18.3015, "eval_samples_per_second": 273.201}