{"eval_loss": 0.9489976763725281, "eval_accuracy": 0.5899999737739563, "eval_mae": 0.4636, "eval_runtime": 17.3875, "eval_samples_per_second": 287.563}