{"eval_loss": 1.1471813917160034, "eval_accuracy": 0.5493999719619751, "eval_mae": 0.5812, "eval_runtime": 17.6731, "eval_samples_per_second": 282.916}