{"eval_loss": 1.0125606060028076, "eval_accuracy": 0.5799999833106995, "eval_mae": 0.4826, "eval_runtime": 16.6269, "eval_samples_per_second": 300.718}