{"eval_loss": 1.3483974933624268, "eval_accuracy": 0.46959999203681946, "eval_mae": 0.6934, "eval_runtime": 17.3406, "eval_samples_per_second": 288.341}