{"eval_loss": 1.1477974653244019, "eval_accuracy": 0.548799991607666, "eval_mae": 0.5822, "eval_runtime": 16.7833, "eval_samples_per_second": 297.916}