{"eval_loss": 1.3537843227386475, "eval_accuracy": 0.4828000068664551, "eval_mae": 0.672, "eval_runtime": 22.7757, "eval_samples_per_second": 219.532}