{"eval_loss": 1.0139771699905396, "eval_accuracy": 0.5655999779701233, "eval_mae": 0.5062, "eval_runtime": 16.3403, "eval_samples_per_second": 305.992}