{"eval_loss": 1.0468100309371948, "eval_accuracy": 0.5608000159263611, "eval_mae": 0.5078, "eval_runtime": 18.0457, "eval_samples_per_second": 277.074}