{"eval_loss": 1.0629236698150635, "eval_accuracy": 0.5562000274658203, "eval_mae": 0.5226, "eval_runtime": 18.3166, "eval_samples_per_second": 272.977}