{"eval_loss": 1.0773296356201172, "eval_accuracy": 0.5576000213623047, "eval_mae": 0.532, "eval_runtime": 19.2923, "eval_samples_per_second": 259.17}