{"eval_loss": 1.0442556142807007, "eval_accuracy": 0.5600000023841858, "eval_mae": 0.5092, "eval_runtime": 18.1089, "eval_samples_per_second": 276.108}