{"eval_loss": 0.9765704870223999, "eval_accuracy": 0.5831999778747559, "eval_mae": 0.4862, "eval_runtime": 17.4377, "eval_samples_per_second": 286.735}