{"eval_loss": 0.9904705286026001, "eval_accuracy": 0.5691999793052673, "eval_mae": 0.5092, "eval_runtime": 17.1992, "eval_samples_per_second": 290.711}