{"eval_loss": 1.3482708930969238, "eval_accuracy": 0.4848000109195709, "eval_mae": 0.669, "eval_runtime": 17.7759, "eval_samples_per_second": 281.279}