{"eval_loss": 0.9488887786865234, "eval_accuracy": 0.5943999886512756, "eval_mae": 0.4594, "eval_runtime": 17.4429, "eval_samples_per_second": 286.649}