{"eval_loss": 0.8892359137535095, "eval_accuracy": 0.6366000175476074, "eval_mae": 0.4144, "eval_runtime": 26.8731, "eval_samples_per_second": 186.06}