{"eval_loss": 1.0457918643951416, "eval_accuracy": 0.5612000226974487, "eval_mae": 0.5082, "eval_runtime": 20.855, "eval_samples_per_second": 239.751}