{"eval_loss": 0.9606441259384155, "eval_accuracy": 0.5929999947547913, "eval_mae": 0.4826, "eval_runtime": 17.2154, "eval_samples_per_second": 290.437}