{"eval_loss": 1.3356281518936157, "eval_accuracy": 0.4715999960899353, "eval_mae": 0.6836, "eval_runtime": 18.7265, "eval_samples_per_second": 267.002}