{"eval_loss": 1.2976752519607544, "eval_accuracy": 0.46619999408721924, "eval_mae": 0.6838, "eval_runtime": 17.8839, "eval_samples_per_second": 279.581}