{"eval_loss": 1.1555222272872925, "eval_accuracy": 0.4991999864578247, "eval_mae": 0.592, "eval_runtime": 17.3556, "eval_samples_per_second": 288.092}