{"eval_loss": 1.1488498449325562, "eval_accuracy": 0.5496000051498413, "eval_mae": 0.5814, "eval_runtime": 17.4499, "eval_samples_per_second": 286.535}