{"eval_loss": 1.2420963048934937, "eval_accuracy": 0.5001999735832214, "eval_mae": 0.5952, "eval_runtime": 19.0052, "eval_samples_per_second": 263.086}