{"eval_loss": 1.3396412134170532, "eval_accuracy": 0.46799999475479126, "eval_mae": 0.6888, "eval_runtime": 19.698, "eval_samples_per_second": 253.833}