{"eval_loss": 1.34669828414917, "eval_accuracy": 0.4724000096321106, "eval_mae": 0.6898, "eval_runtime": 17.3121, "eval_samples_per_second": 288.816}