{"eval_loss": 1.0203759670257568, "eval_accuracy": 0.5809999704360962, "eval_mae": 0.4942, "eval_runtime": 19.9991, "eval_samples_per_second": 250.011}