{"eval_loss": 1.0851210355758667, "eval_accuracy": 0.5465999841690063, "eval_mae": 0.5422, "eval_runtime": 24.0998, "eval_samples_per_second": 207.471}