{"eval_loss": 0.8893773555755615, "eval_accuracy": 0.6363999843597412, "eval_mae": 0.4146, "eval_runtime": 26.7908, "eval_samples_per_second": 186.631}