{"eval_loss": 1.0050978660583496, "eval_accuracy": 0.576200008392334, "eval_mae": 0.4944, "eval_runtime": 16.5238, "eval_samples_per_second": 302.594}