{"eval_loss": 1.0052204132080078, "eval_accuracy": 0.5767999887466431, "eval_mae": 0.4946, "eval_runtime": 17.2003, "eval_samples_per_second": 290.693}