{"eval_loss": 1.228438138961792, "eval_accuracy": 0.5067999958992004, "eval_mae": 0.6204, "eval_runtime": 36.8118, "eval_samples_per_second": 135.826}