{"eval_loss": 1.2278162240982056, "eval_accuracy": 0.5009999871253967, "eval_mae": 0.6008, "eval_runtime": 18.0849, "eval_samples_per_second": 276.474}