{"eval_loss": 1.2288154363632202, "eval_accuracy": 0.5067999958992004, "eval_mae": 0.6206, "eval_runtime": 20.8358, "eval_samples_per_second": 239.971}