{"eval_loss": 0.9794808626174927, "eval_accuracy": 0.5817999839782715, "eval_mae": 0.4882, "eval_runtime": 17.3287, "eval_samples_per_second": 288.538}