{"eval_loss": 1.0856339931488037, "eval_accuracy": 0.548799991607666, "eval_mae": 0.5392, "eval_runtime": 37.9776, "eval_samples_per_second": 131.656}