{"eval_loss": 1.0845993757247925, "eval_accuracy": 0.5756000280380249, "eval_mae": 0.5102, "eval_runtime": 16.4093, "eval_samples_per_second": 304.704}