{"eval_loss": 1.3485344648361206, "eval_accuracy": 0.475600004196167, "eval_mae": 0.6886, "eval_runtime": 17.3236, "eval_samples_per_second": 288.623}