{"eval_loss": 1.0460625886917114, "eval_accuracy": 0.5616000294685364, "eval_mae": 0.508, "eval_runtime": 19.0305, "eval_samples_per_second": 262.736}