{"eval_loss": 1.0223218202590942, "eval_accuracy": 0.5690000057220459, "eval_mae": 0.5094, "eval_runtime": 17.2748, "eval_samples_per_second": 289.439}