{"eval_loss": 1.063880443572998, "eval_accuracy": 0.557200014591217, "eval_mae": 0.5222, "eval_runtime": 18.3384, "eval_samples_per_second": 272.652}