{"eval_loss": 1.0802091360092163, "eval_accuracy": 0.5565999746322632, "eval_mae": 0.5646, "eval_runtime": 19.5652, "eval_samples_per_second": 255.556}