{"eval_loss": 1.296700358390808, "eval_accuracy": 0.4681999981403351, "eval_mae": 0.681, "eval_runtime": 20.2293, "eval_samples_per_second": 247.166}