{"eval_loss": 1.0252156257629395, "eval_accuracy": 0.5564000010490417, "eval_mae": 0.5346, "eval_runtime": 17.2528, "eval_samples_per_second": 289.808}