{"eval_loss": 1.1768666505813599, "eval_accuracy": 0.503000020980835, "eval_mae": 0.5914, "eval_runtime": 16.6843, "eval_samples_per_second": 299.683}