{"eval_loss": 1.2264041900634766, "eval_accuracy": 0.4997999966144562, "eval_mae": 0.6036, "eval_runtime": 18.354, "eval_samples_per_second": 272.42}