{"eval_loss": 1.009263277053833, "eval_accuracy": 0.5771999955177307, "eval_mae": 0.4858, "eval_runtime": 17.3947, "eval_samples_per_second": 287.443}