{"eval_loss": 0.9490923881530762, "eval_accuracy": 0.5917999744415283, "eval_mae": 0.4618, "eval_runtime": 16.6067, "eval_samples_per_second": 301.084}