{"eval_loss": 1.339239239692688, "eval_accuracy": 0.4681999981403351, "eval_mae": 0.6884, "eval_runtime": 19.8166, "eval_samples_per_second": 252.314}