{"eval_loss": 1.0077849626541138, "eval_accuracy": 0.5727999806404114, "eval_mae": 0.497, "eval_runtime": 16.422, "eval_samples_per_second": 304.469}