{"eval_loss": 1.335396409034729, "eval_accuracy": 0.46959999203681946, "eval_mae": 0.6866, "eval_runtime": 18.6412, "eval_samples_per_second": 268.224}