{"eval_loss": 0.946110725402832, "eval_accuracy": 0.6055999994277954, "eval_mae": 0.456, "eval_runtime": 17.4184, "eval_samples_per_second": 287.053}