{"eval_loss": 1.0851041078567505, "eval_accuracy": 0.576200008392334, "eval_mae": 0.5098, "eval_runtime": 16.0312, "eval_samples_per_second": 311.891}