{"eval_loss": 1.3919782638549805, "eval_accuracy": 0.4805999994277954, "eval_mae": 0.674, "eval_runtime": 21.2779, "eval_samples_per_second": 234.985}