{"eval_loss": 1.0312608480453491, "eval_accuracy": 0.5472000241279602, "eval_mae": 0.5372, "eval_runtime": 16.4107, "eval_samples_per_second": 304.679}