{"eval_loss": 0.9488261938095093, "eval_accuracy": 0.6057999730110168, "eval_mae": 0.451, "eval_runtime": 25.1004, "eval_samples_per_second": 199.2}