{"eval_loss": 1.0115095376968384, "eval_accuracy": 0.5807999968528748, "eval_mae": 0.4808, "eval_runtime": 17.4898, "eval_samples_per_second": 285.88}