{"eval_loss": 0.8904728293418884, "eval_accuracy": 0.6353999972343445, "eval_mae": 0.4158, "eval_runtime": 25.1205, "eval_samples_per_second": 199.041}