{"eval_loss": 1.0324006080627441, "eval_accuracy": 0.5411999821662903, "eval_mae": 0.5454, "eval_runtime": 16.8193, "eval_samples_per_second": 297.277}