{"eval_loss": 0.9906853437423706, "eval_accuracy": 0.5716000199317932, "eval_mae": 0.5064, "eval_runtime": 15.8228, "eval_samples_per_second": 316.0}