{"eval_loss": 1.2382805347442627, "eval_accuracy": 0.4968000054359436, "eval_mae": 0.6474, "eval_runtime": 18.4347, "eval_samples_per_second": 271.228}