{"eval_loss": 1.014650583267212, "eval_accuracy": 0.5651999711990356, "eval_mae": 0.5072, "eval_runtime": 16.3593, "eval_samples_per_second": 305.636}