{"eval_loss": 1.018310308456421, "eval_accuracy": 0.58160001039505, "eval_mae": 0.4948, "eval_runtime": 20.7789, "eval_samples_per_second": 240.628}