{"eval_loss": 1.3390098810195923, "eval_accuracy": 0.46860000491142273, "eval_mae": 0.688, "eval_runtime": 28.5295, "eval_samples_per_second": 175.257}