{"eval_loss": 1.170797348022461, "eval_accuracy": 0.503000020980835, "eval_mae": 0.5924, "eval_runtime": 17.3048, "eval_samples_per_second": 288.936}