{"eval_loss": 0.9775906205177307, "eval_accuracy": 0.5853999853134155, "eval_mae": 0.4846, "eval_runtime": 17.4066, "eval_samples_per_second": 287.248}