{"eval_loss": 1.022665023803711, "eval_accuracy": 0.5526000261306763, "eval_mae": 0.5384, "eval_runtime": 17.3314, "eval_samples_per_second": 288.494}