{"eval_loss": 1.017657995223999, "eval_accuracy": 0.5785999894142151, "eval_mae": 0.4834, "eval_runtime": 17.3908, "eval_samples_per_second": 287.508}