{"eval_loss": 1.340153455734253, "eval_accuracy": 0.47440001368522644, "eval_mae": 0.6954, "eval_runtime": 16.9738, "eval_samples_per_second": 294.571}