{"eval_loss": 1.0297009944915771, "eval_accuracy": 0.5454000234603882, "eval_mae": 0.5396, "eval_runtime": 17.5602, "eval_samples_per_second": 284.735}