{"eval_loss": 1.029539942741394, "eval_accuracy": 0.5461999773979187, "eval_mae": 0.539, "eval_runtime": 17.3801, "eval_samples_per_second": 287.685}