{"eval_loss": 0.9905136823654175, "eval_accuracy": 0.5698000192642212, "eval_mae": 0.5086, "eval_runtime": 16.3274, "eval_samples_per_second": 306.233}