{"eval_loss": 1.3487927913665771, "eval_accuracy": 0.47119998931884766, "eval_mae": 0.6892, "eval_runtime": 16.6449, "eval_samples_per_second": 300.393}