{"eval_loss": 1.3701657056808472, "eval_accuracy": 0.45719999074935913, "eval_mae": 0.732, "eval_runtime": 16.4677, "eval_samples_per_second": 303.625}