{"eval_loss": 1.0286595821380615, "eval_accuracy": 0.545199990272522, "eval_mae": 0.5422, "eval_runtime": 17.4612, "eval_samples_per_second": 286.349}