{"eval_loss": 0.9358491897583008, "eval_accuracy": 0.6014000177383423, "eval_mae": 0.455, "eval_runtime": 17.0782, "eval_samples_per_second": 292.771}