{"eval_loss": 0.961175799369812, "eval_accuracy": 0.5928000211715698, "eval_mae": 0.4836, "eval_runtime": 17.409, "eval_samples_per_second": 287.208}