{"eval_loss": 1.228798747062683, "eval_accuracy": 0.4984000027179718, "eval_mae": 0.6046, "eval_runtime": 18.3787, "eval_samples_per_second": 272.055}