{"eval_loss": 1.0534672737121582, "eval_accuracy": 0.5271999835968018, "eval_mae": 0.5702, "eval_runtime": 17.1787, "eval_samples_per_second": 291.057}