{"eval_loss": 1.339568018913269, "eval_accuracy": 0.4702000021934509, "eval_mae": 0.6868, "eval_runtime": 18.3183, "eval_samples_per_second": 272.951}