{"eval_loss": 1.0852527618408203, "eval_accuracy": 0.5753999948501587, "eval_mae": 0.5096, "eval_runtime": 16.9846, "eval_samples_per_second": 294.385}