{"eval_loss": 1.0784542560577393, "eval_accuracy": 0.5583999752998352, "eval_mae": 0.5308, "eval_runtime": 18.3012, "eval_samples_per_second": 273.206}