{"eval_loss": 1.3909207582473755, "eval_accuracy": 0.4805999994277954, "eval_mae": 0.675, "eval_runtime": 19.7051, "eval_samples_per_second": 253.741}