{"eval_loss": 1.0254524946212769, "eval_accuracy": 0.5547999739646912, "eval_mae": 0.5366, "eval_runtime": 16.8847, "eval_samples_per_second": 296.126}