{"eval_loss": 1.0858074426651, "eval_accuracy": 0.5473999977111816, "eval_mae": 0.541, "eval_runtime": 24.6034, "eval_samples_per_second": 203.224}