{"eval_loss": 1.004874348640442, "eval_accuracy": 0.5759999752044678, "eval_mae": 0.495, "eval_runtime": 17.268, "eval_samples_per_second": 289.553}