{"eval_loss": 1.0117796659469604, "eval_accuracy": 0.579200029373169, "eval_mae": 0.4834, "eval_runtime": 17.5535, "eval_samples_per_second": 284.844}