{"eval_loss": 1.0295984745025635, "eval_accuracy": 0.545799970626831, "eval_mae": 0.538, "eval_runtime": 16.7624, "eval_samples_per_second": 298.286}