{"eval_loss": 1.005702018737793, "eval_accuracy": 0.5758000016212463, "eval_mae": 0.4952, "eval_runtime": 16.3602, "eval_samples_per_second": 305.619}