{"eval_loss": 0.9500271677970886, "eval_accuracy": 0.6222000122070312, "eval_mae": 0.4264, "eval_runtime": 16.8344, "eval_samples_per_second": 297.011}