{"eval_loss": 0.88933926820755, "eval_accuracy": 0.6358000040054321, "eval_mae": 0.4154, "eval_runtime": 19.0599, "eval_samples_per_second": 262.33}