{"eval_loss": 1.0057896375656128, "eval_accuracy": 0.5741999745368958, "eval_mae": 0.497, "eval_runtime": 16.5248, "eval_samples_per_second": 302.575}