{"eval_loss": 1.34921395778656, "eval_accuracy": 0.47200000286102295, "eval_mae": 0.691, "eval_runtime": 17.3442, "eval_samples_per_second": 288.282}