{"eval_loss": 0.8899974822998047, "eval_accuracy": 0.6366000175476074, "eval_mae": 0.4148, "eval_runtime": 26.4569, "eval_samples_per_second": 188.987}