{"eval_loss": 0.9903160333633423, "eval_accuracy": 0.5702000260353088, "eval_mae": 0.51, "eval_runtime": 16.9616, "eval_samples_per_second": 294.783}