{"eval_loss": 1.084916353225708, "eval_accuracy": 0.5730000138282776, "eval_mae": 0.5114, "eval_runtime": 16.0629, "eval_samples_per_second": 311.276}