{"eval_loss": 1.024278998374939, "eval_accuracy": 0.5555999875068665, "eval_mae": 0.537, "eval_runtime": 17.2674, "eval_samples_per_second": 289.562}