{"eval_loss": 0.9484025239944458, "eval_accuracy": 0.6069999933242798, "eval_mae": 0.4496, "eval_runtime": 21.7004, "eval_samples_per_second": 230.41}