{"eval_loss": 0.9555165767669678, "eval_accuracy": 0.599399983882904, "eval_mae": 0.4634, "eval_runtime": 16.6525, "eval_samples_per_second": 300.255}