{"eval_loss": 1.080140471458435, "eval_accuracy": 0.5562000274658203, "eval_mae": 0.565, "eval_runtime": 24.7612, "eval_samples_per_second": 201.929}