{"eval_loss": 0.9556731581687927, "eval_accuracy": 0.5997999906539917, "eval_mae": 0.463, "eval_runtime": 17.3086, "eval_samples_per_second": 288.874}