{"eval_loss": 1.3545109033584595, "eval_accuracy": 0.48339998722076416, "eval_mae": 0.6706, "eval_runtime": 18.5103, "eval_samples_per_second": 270.12}