{"eval_loss": 1.007815957069397, "eval_accuracy": 0.5748000144958496, "eval_mae": 0.4966, "eval_runtime": 17.222, "eval_samples_per_second": 290.327}