{"eval_loss": 1.0217829942703247, "eval_accuracy": 0.5509999990463257, "eval_mae": 0.539, "eval_runtime": 17.2979, "eval_samples_per_second": 289.052}