{"eval_loss": 1.3473167419433594, "eval_accuracy": 0.4724000096321106, "eval_mae": 0.689, "eval_runtime": 17.3606, "eval_samples_per_second": 288.008}