{"eval_loss": 1.2258650064468384, "eval_accuracy": 0.501800000667572, "eval_mae": 0.5992, "eval_runtime": 17.7369, "eval_samples_per_second": 281.897}