{"eval_loss": 0.9478392601013184, "eval_accuracy": 0.5932000279426575, "eval_mae": 0.469, "eval_runtime": 18.4666, "eval_samples_per_second": 270.759}