{"eval_loss": 1.3427449464797974, "eval_accuracy": 0.47620001435279846, "eval_mae": 0.6926, "eval_runtime": 16.3602, "eval_samples_per_second": 305.619}