{"eval_loss": 1.0145734548568726, "eval_accuracy": 0.5654000043869019, "eval_mae": 0.5068, "eval_runtime": 16.9898, "eval_samples_per_second": 294.294}