{"eval_loss": 1.0247573852539062, "eval_accuracy": 0.5564000010490417, "eval_mae": 0.5344, "eval_runtime": 17.2422, "eval_samples_per_second": 289.986}