{"eval_loss": 1.177548885345459, "eval_accuracy": 0.5031999945640564, "eval_mae": 0.5906, "eval_runtime": 17.3681, "eval_samples_per_second": 287.883}