{"eval_loss": 1.1557120084762573, "eval_accuracy": 0.4991999864578247, "eval_mae": 0.5918, "eval_runtime": 16.6741, "eval_samples_per_second": 299.867}