{"eval_loss": 0.8905550837516785, "eval_accuracy": 0.6367999911308289, "eval_mae": 0.4146, "eval_runtime": 18.5438, "eval_samples_per_second": 269.632}