{"eval_loss": 0.9574974775314331, "eval_accuracy": 0.5971999764442444, "eval_mae": 0.4652, "eval_runtime": 17.3299, "eval_samples_per_second": 288.519}