{"eval_loss": 1.238701581954956, "eval_accuracy": 0.49720001220703125, "eval_mae": 0.6474, "eval_runtime": 24.7221, "eval_samples_per_second": 202.248}