{"eval_loss": 1.0216091871261597, "eval_accuracy": 0.5702000260353088, "eval_mae": 0.5076, "eval_runtime": 16.5642, "eval_samples_per_second": 301.855}