{"eval_loss": 1.0189664363861084, "eval_accuracy": 0.5794000029563904, "eval_mae": 0.4956, "eval_runtime": 33.6031, "eval_samples_per_second": 148.796}