{"eval_loss": 1.0315403938293457, "eval_accuracy": 0.5388000011444092, "eval_mae": 0.545, "eval_runtime": 17.3937, "eval_samples_per_second": 287.46}