{"eval_loss": 1.018640398979187, "eval_accuracy": 0.5809999704360962, "eval_mae": 0.494, "eval_runtime": 18.9934, "eval_samples_per_second": 263.249}