{"eval_loss": 1.0116279125213623, "eval_accuracy": 0.5794000029563904, "eval_mae": 0.482, "eval_runtime": 17.1398, "eval_samples_per_second": 291.719}