{"eval_loss": 0.9490541219711304, "eval_accuracy": 0.5898000001907349, "eval_mae": 0.464, "eval_runtime": 16.5872, "eval_samples_per_second": 301.436}