{"eval_loss": 0.8890977501869202, "eval_accuracy": 0.6367999911308289, "eval_mae": 0.415, "eval_runtime": 22.2641, "eval_samples_per_second": 224.576}