{"eval_loss": 1.1759376525878906, "eval_accuracy": 0.5027999877929688, "eval_mae": 0.5914, "eval_runtime": 16.7176, "eval_samples_per_second": 299.086}