{"eval_loss": 1.454405665397644, "eval_accuracy": 0.43459999561309814, "eval_mae": 0.7374, "eval_runtime": 18.3052, "eval_samples_per_second": 273.147}