{"eval_loss": 0.9507724642753601, "eval_accuracy": 0.6208000183105469, "eval_mae": 0.4282, "eval_runtime": 17.4186, "eval_samples_per_second": 287.049}