{"eval_loss": 0.9355984330177307, "eval_accuracy": 0.6011999845504761, "eval_mae": 0.4548, "eval_runtime": 16.2735, "eval_samples_per_second": 307.248}