{"eval_loss": 1.0059863328933716, "eval_accuracy": 0.5771999955177307, "eval_mae": 0.494, "eval_runtime": 17.1815, "eval_samples_per_second": 291.01}