{"eval_loss": 0.9463582038879395, "eval_accuracy": 0.5950000286102295, "eval_mae": 0.469, "eval_runtime": 20.7044, "eval_samples_per_second": 241.494}