{"eval_loss": 1.0147111415863037, "eval_accuracy": 0.578000009059906, "eval_mae": 0.482, "eval_runtime": 17.4462, "eval_samples_per_second": 286.595}