{"eval_loss": 0.9494523406028748, "eval_accuracy": 0.621399998664856, "eval_mae": 0.4296, "eval_runtime": 17.3826, "eval_samples_per_second": 287.645}