{"eval_loss": 1.228946328163147, "eval_accuracy": 0.4975999891757965, "eval_mae": 0.6056, "eval_runtime": 18.091, "eval_samples_per_second": 276.38}