{"eval_loss": 0.9355109333992004, "eval_accuracy": 0.6018000245094299, "eval_mae": 0.4544, "eval_runtime": 17.0074, "eval_samples_per_second": 293.99}