{"eval_loss": 1.0536290407180786, "eval_accuracy": 0.5270000100135803, "eval_mae": 0.5696, "eval_runtime": 16.3808, "eval_samples_per_second": 305.236}