{"eval_loss": 1.2960911989212036, "eval_accuracy": 0.4674000144004822, "eval_mae": 0.6818, "eval_runtime": 24.0035, "eval_samples_per_second": 208.303}