{"eval_loss": 1.080380916595459, "eval_accuracy": 0.555400013923645, "eval_mae": 0.566, "eval_runtime": 25.4456, "eval_samples_per_second": 196.497}