{"eval_loss": 1.4419196844100952, "eval_accuracy": 0.4410000145435333, "eval_mae": 0.7282, "eval_runtime": 32.4346, "eval_samples_per_second": 154.157}