{"eval_loss": 0.948225200176239, "eval_accuracy": 0.5929999947547913, "eval_mae": 0.4692, "eval_runtime": 18.7354, "eval_samples_per_second": 266.875}