{"eval_loss": 1.0057296752929688, "eval_accuracy": 0.5917999744415283, "eval_mae": 0.4692, "eval_runtime": 17.3425, "eval_samples_per_second": 288.31}