{"eval_loss": 1.031548023223877, "eval_accuracy": 0.5473999977111816, "eval_mae": 0.5386, "eval_runtime": 16.7985, "eval_samples_per_second": 297.645}