{"eval_loss": 1.0261101722717285, "eval_accuracy": 0.5558000206947327, "eval_mae": 0.5374, "eval_runtime": 17.2417, "eval_samples_per_second": 289.994}