{"eval_loss": 1.0855751037597656, "eval_accuracy": 0.5475999712944031, "eval_mae": 0.5418, "eval_runtime": 33.4026, "eval_samples_per_second": 149.689}