{"eval_loss": 1.3655353784561157, "eval_accuracy": 0.4575999975204468, "eval_mae": 0.7304, "eval_runtime": 17.3233, "eval_samples_per_second": 288.629}