{"eval_loss": 1.2367374897003174, "eval_accuracy": 0.4970000088214874, "eval_mae": 0.6446, "eval_runtime": 19.835, "eval_samples_per_second": 252.079}