{"eval_loss": 0.9499657154083252, "eval_accuracy": 0.6061999797821045, "eval_mae": 0.4504, "eval_runtime": 18.7833, "eval_samples_per_second": 266.194}