{"eval_loss": 0.9504520297050476, "eval_accuracy": 0.6226000189781189, "eval_mae": 0.4268, "eval_runtime": 17.4172, "eval_samples_per_second": 287.072}