{"eval_loss": 1.2285207509994507, "eval_accuracy": 0.5073999762535095, "eval_mae": 0.6204, "eval_runtime": 20.5439, "eval_samples_per_second": 243.381}