{"eval_loss": 1.0540385246276855, "eval_accuracy": 0.5271999835968018, "eval_mae": 0.5694, "eval_runtime": 16.2914, "eval_samples_per_second": 306.91}