{"eval_loss": 1.0628983974456787, "eval_accuracy": 0.5573999881744385, "eval_mae": 0.5224, "eval_runtime": 18.354, "eval_samples_per_second": 272.421}