{"eval_loss": 1.0241619348526, "eval_accuracy": 0.5565999746322632, "eval_mae": 0.5346, "eval_runtime": 17.2733, "eval_samples_per_second": 289.464}