{"eval_loss": 0.9517937302589417, "eval_accuracy": 0.6194000244140625, "eval_mae": 0.4308, "eval_runtime": 17.4957, "eval_samples_per_second": 285.785}