{"eval_loss": 1.0152337551116943, "eval_accuracy": 0.5655999779701233, "eval_mae": 0.5066, "eval_runtime": 17.0102, "eval_samples_per_second": 293.941}