{"eval_loss": 1.0291907787322998, "eval_accuracy": 0.548799991607666, "eval_mae": 0.5352, "eval_runtime": 16.3797, "eval_samples_per_second": 305.256}