{"eval_loss": 0.9591015577316284, "eval_accuracy": 0.6194000244140625, "eval_mae": 0.4318, "eval_runtime": 17.458, "eval_samples_per_second": 286.401}