{"eval_loss": 1.3670501708984375, "eval_accuracy": 0.4575999975204468, "eval_mae": 0.7332, "eval_runtime": 17.4662, "eval_samples_per_second": 286.266}