{"eval_loss": 1.1489812135696411, "eval_accuracy": 0.548799991607666, "eval_mae": 0.5824, "eval_runtime": 17.3954, "eval_samples_per_second": 287.433}