{"eval_loss": 1.153418779373169, "eval_accuracy": 0.5473999977111816, "eval_mae": 0.5852, "eval_runtime": 17.5603, "eval_samples_per_second": 284.733}