{"eval_loss": 1.1548700332641602, "eval_accuracy": 0.4997999966144562, "eval_mae": 0.5906, "eval_runtime": 17.1821, "eval_samples_per_second": 291.0}