{"eval_loss": 0.8882722854614258, "eval_accuracy": 0.6377999782562256, "eval_mae": 0.4128, "eval_runtime": 24.6432, "eval_samples_per_second": 202.896}