{"eval_loss": 1.339333415031433, "eval_accuracy": 0.4684000015258789, "eval_mae": 0.6882, "eval_runtime": 21.4213, "eval_samples_per_second": 233.413}