{"eval_loss": 1.0782450437545776, "eval_accuracy": 0.5590000152587891, "eval_mae": 0.5306, "eval_runtime": 18.7989, "eval_samples_per_second": 265.973}