{"eval_loss": 0.9474857449531555, "eval_accuracy": 0.5946000218391418, "eval_mae": 0.4674, "eval_runtime": 18.7547, "eval_samples_per_second": 266.6}