{"eval_loss": 1.253740668296814, "eval_accuracy": 0.5012000203132629, "eval_mae": 0.5944, "eval_runtime": 27.3458, "eval_samples_per_second": 182.844}