{"eval_loss": 1.0147264003753662, "eval_accuracy": 0.5654000043869019, "eval_mae": 0.5066, "eval_runtime": 16.2767, "eval_samples_per_second": 307.188}