{"eval_loss": 1.392198085784912, "eval_accuracy": 0.47780001163482666, "eval_mae": 0.677, "eval_runtime": 30.8676, "eval_samples_per_second": 161.982}