{"eval_loss": 1.0055530071258545, "eval_accuracy": 0.5753999948501587, "eval_mae": 0.4956, "eval_runtime": 17.2534, "eval_samples_per_second": 289.799}