{"eval_loss": 1.3395216464996338, "eval_accuracy": 0.46799999475479126, "eval_mae": 0.6886, "eval_runtime": 28.6726, "eval_samples_per_second": 174.382}