{"eval_loss": 1.0853201150894165, "eval_accuracy": 0.5482000112533569, "eval_mae": 0.541, "eval_runtime": 23.877, "eval_samples_per_second": 209.406}