{"eval_loss": 1.2411381006240845, "eval_accuracy": 0.5001999735832214, "eval_mae": 0.5954, "eval_runtime": 22.225, "eval_samples_per_second": 224.972}