{"eval_loss": 1.0760644674301147, "eval_accuracy": 0.5594000220298767, "eval_mae": 0.5296, "eval_runtime": 24.217, "eval_samples_per_second": 206.467}