{"eval_loss": 1.3481059074401855, "eval_accuracy": 0.47200000286102295, "eval_mae": 0.6906, "eval_runtime": 17.3332, "eval_samples_per_second": 288.463}