{"eval_loss": 1.0779049396514893, "eval_accuracy": 0.5590000152587891, "eval_mae": 0.5306, "eval_runtime": 28.6201, "eval_samples_per_second": 174.703}