{"eval_loss": 0.9904197454452515, "eval_accuracy": 0.5722000002861023, "eval_mae": 0.5062, "eval_runtime": 17.0528, "eval_samples_per_second": 293.207}