{"eval_loss": 1.3431658744812012, "eval_accuracy": 0.47600001096725464, "eval_mae": 0.6934, "eval_runtime": 16.8771, "eval_samples_per_second": 296.259}