{"eval_loss": 1.0122699737548828, "eval_accuracy": 0.5795999765396118, "eval_mae": 0.482, "eval_runtime": 17.5593, "eval_samples_per_second": 284.749}