{"eval_loss": 0.9554768800735474, "eval_accuracy": 0.5983999967575073, "eval_mae": 0.4644, "eval_runtime": 17.2636, "eval_samples_per_second": 289.627}