{"eval_loss": 1.0793644189834595, "eval_accuracy": 0.5562000274658203, "eval_mae": 0.5646, "eval_runtime": 27.9961, "eval_samples_per_second": 178.597}