{"eval_loss": 1.3430031538009644, "eval_accuracy": 0.4747999906539917, "eval_mae": 0.6958, "eval_runtime": 16.8912, "eval_samples_per_second": 296.013}