{"eval_loss": 1.0126779079437256, "eval_accuracy": 0.58160001039505, "eval_mae": 0.4796, "eval_runtime": 17.4346, "eval_samples_per_second": 286.786}