{"eval_loss": 0.9458321332931519, "eval_accuracy": 0.605400025844574, "eval_mae": 0.455, "eval_runtime": 17.5334, "eval_samples_per_second": 285.169}