{"eval_loss": 1.0213623046875, "eval_accuracy": 0.5698000192642212, "eval_mae": 0.508, "eval_runtime": 17.4326, "eval_samples_per_second": 286.819}