{"eval_loss": 1.029983639717102, "eval_accuracy": 0.545799970626831, "eval_mae": 0.5392, "eval_runtime": 16.8034, "eval_samples_per_second": 297.558}