{"eval_loss": 1.1553878784179688, "eval_accuracy": 0.5009999871253967, "eval_mae": 0.59, "eval_runtime": 17.3255, "eval_samples_per_second": 288.593}