{"eval_loss": 1.4385929107666016, "eval_accuracy": 0.44020000100135803, "eval_mae": 0.7254, "eval_runtime": 34.6228, "eval_samples_per_second": 144.414}