{"eval_loss": 1.444958209991455, "eval_accuracy": 0.43860000371932983, "eval_mae": 0.731, "eval_runtime": 34.2845, "eval_samples_per_second": 145.839}