{"eval_loss": 0.9783215522766113, "eval_accuracy": 0.5830000042915344, "eval_mae": 0.488, "eval_runtime": 17.3088, "eval_samples_per_second": 288.87}