{"eval_loss": 0.9553611278533936, "eval_accuracy": 0.5992000102996826, "eval_mae": 0.4644, "eval_runtime": 17.2534, "eval_samples_per_second": 289.798}