{"eval_loss": 1.442145586013794, "eval_accuracy": 0.4397999942302704, "eval_mae": 0.7292, "eval_runtime": 19.0752, "eval_samples_per_second": 262.12}