{"eval_loss": 0.9503746032714844, "eval_accuracy": 0.6074000000953674, "eval_mae": 0.4492, "eval_runtime": 19.0412, "eval_samples_per_second": 262.589}