{"eval_loss": 0.8895370364189148, "eval_accuracy": 0.6362000107765198, "eval_mae": 0.4148, "eval_runtime": 21.0766, "eval_samples_per_second": 237.23}