{"eval_loss": 0.979302167892456, "eval_accuracy": 0.5827999711036682, "eval_mae": 0.4868, "eval_runtime": 17.3323, "eval_samples_per_second": 288.478}