{"eval_loss": 0.890939474105835, "eval_accuracy": 0.6367999911308289, "eval_mae": 0.4146, "eval_runtime": 18.645, "eval_samples_per_second": 268.168}