{"eval_loss": 1.0214015245437622, "eval_accuracy": 0.5698000192642212, "eval_mae": 0.5096, "eval_runtime": 16.5391, "eval_samples_per_second": 302.314}