{"eval_loss": 1.2269513607025146, "eval_accuracy": 0.4984000027179718, "eval_mae": 0.6042, "eval_runtime": 18.3739, "eval_samples_per_second": 272.124}