{"eval_loss": 0.9495670199394226, "eval_accuracy": 0.6068000197410583, "eval_mae": 0.449, "eval_runtime": 21.227, "eval_samples_per_second": 235.549}