{"eval_loss": 1.4430850744247437, "eval_accuracy": 0.4399999976158142, "eval_mae": 0.729, "eval_runtime": 32.3864, "eval_samples_per_second": 154.386}