{"eval_loss": 1.0392265319824219, "eval_accuracy": 0.5600000023841858, "eval_mae": 0.5088, "eval_runtime": 18.2438, "eval_samples_per_second": 274.066}