{"eval_loss": 1.1490283012390137, "eval_accuracy": 0.5486000180244446, "eval_mae": 0.5816, "eval_runtime": 17.4121, "eval_samples_per_second": 287.156}