{"eval_loss": 1.3664734363555908, "eval_accuracy": 0.45680001378059387, "eval_mae": 0.7326, "eval_runtime": 17.0292, "eval_samples_per_second": 293.613}