{"eval_loss": 1.0849837064743042, "eval_accuracy": 0.5740000009536743, "eval_mae": 0.5124, "eval_runtime": 16.3978, "eval_samples_per_second": 304.919}