{"eval_loss": 0.9513159990310669, "eval_accuracy": 0.6195999979972839, "eval_mae": 0.4304, "eval_runtime": 17.4324, "eval_samples_per_second": 286.823}