{"eval_loss": 0.9470345973968506, "eval_accuracy": 0.6037999987602234, "eval_mae": 0.457, "eval_runtime": 17.2955, "eval_samples_per_second": 289.093}