{"eval_loss": 1.0174567699432373, "eval_accuracy": 0.5784000158309937, "eval_mae": 0.4842, "eval_runtime": 17.7242, "eval_samples_per_second": 282.1}