{"eval_loss": 1.2426366806030273, "eval_accuracy": 0.5004000067710876, "eval_mae": 0.595, "eval_runtime": 22.572, "eval_samples_per_second": 221.514}