{"eval_loss": 1.0803124904632568, "eval_accuracy": 0.5559999942779541, "eval_mae": 0.5652, "eval_runtime": 19.0516, "eval_samples_per_second": 262.445}