{"eval_loss": 1.3579702377319336, "eval_accuracy": 0.47999998927116394, "eval_mae": 0.6744, "eval_runtime": 18.5497, "eval_samples_per_second": 269.546}