{"eval_loss": 1.3543981313705444, "eval_accuracy": 0.4830000102519989, "eval_mae": 0.672, "eval_runtime": 18.916, "eval_samples_per_second": 264.326}