{"eval_loss": 0.9787565469741821, "eval_accuracy": 0.5835999846458435, "eval_mae": 0.4856, "eval_runtime": 17.3729, "eval_samples_per_second": 287.805}