{"eval_loss": 1.086230993270874, "eval_accuracy": 0.5483999848365784, "eval_mae": 0.5406, "eval_runtime": 33.4351, "eval_samples_per_second": 149.544}