{"eval_loss": 1.348246455192566, "eval_accuracy": 0.47200000286102295, "eval_mae": 0.689, "eval_runtime": 17.2654, "eval_samples_per_second": 289.596}