{"eval_loss": 1.363011121749878, "eval_accuracy": 0.46000000834465027, "eval_mae": 0.7282, "eval_runtime": 17.3802, "eval_samples_per_second": 287.684}