{"eval_loss": 1.0666662454605103, "eval_accuracy": 0.555400013923645, "eval_mae": 0.5664, "eval_runtime": 20.9282, "eval_samples_per_second": 238.912}