{"eval_loss": 1.2254784107208252, "eval_accuracy": 0.5076000094413757, "eval_mae": 0.6192, "eval_runtime": 19.0671, "eval_samples_per_second": 262.232}