{"eval_loss": 1.0176571607589722, "eval_accuracy": 0.5781999826431274, "eval_mae": 0.4844, "eval_runtime": 17.6179, "eval_samples_per_second": 283.802}