{"eval_loss": 0.9459953904151917, "eval_accuracy": 0.605400025844574, "eval_mae": 0.4564, "eval_runtime": 17.3723, "eval_samples_per_second": 287.815}