{"eval_loss": 1.0078554153442383, "eval_accuracy": 0.5925999879837036, "eval_mae": 0.469, "eval_runtime": 17.2992, "eval_samples_per_second": 289.032}