{"eval_loss": 1.1771095991134644, "eval_accuracy": 0.5027999877929688, "eval_mae": 0.5928, "eval_runtime": 17.4081, "eval_samples_per_second": 287.222}