{"eval_loss": 0.978646457195282, "eval_accuracy": 0.5817999839782715, "eval_mae": 0.4884, "eval_runtime": 16.7426, "eval_samples_per_second": 298.64}