{"eval_loss": 1.0184255838394165, "eval_accuracy": 0.5812000036239624, "eval_mae": 0.4936, "eval_runtime": 21.0526, "eval_samples_per_second": 237.501}