{"eval_loss": 1.0124527215957642, "eval_accuracy": 0.579800009727478, "eval_mae": 0.4826, "eval_runtime": 17.7535, "eval_samples_per_second": 281.635}