{"eval_loss": 1.237852931022644, "eval_accuracy": 0.49720001220703125, "eval_mae": 0.6464, "eval_runtime": 20.581, "eval_samples_per_second": 242.943}