{"eval_loss": 1.0331498384475708, "eval_accuracy": 0.5425999760627747, "eval_mae": 0.543, "eval_runtime": 16.7304, "eval_samples_per_second": 298.857}