{"eval_loss": 1.3402353525161743, "eval_accuracy": 0.47600001096725464, "eval_mae": 0.693, "eval_runtime": 16.9825, "eval_samples_per_second": 294.421}