{"eval_loss": 0.9463518261909485, "eval_accuracy": 0.6057999730110168, "eval_mae": 0.4564, "eval_runtime": 17.2426, "eval_samples_per_second": 289.979}