{"eval_loss": 1.3662089109420776, "eval_accuracy": 0.4575999975204468, "eval_mae": 0.7318, "eval_runtime": 17.6349, "eval_samples_per_second": 283.529}