{"eval_loss": 1.0068939924240112, "eval_accuracy": 0.593999981880188, "eval_mae": 0.4676, "eval_runtime": 17.2274, "eval_samples_per_second": 290.235}