{"eval_loss": 1.1762365102767944, "eval_accuracy": 0.5044000148773193, "eval_mae": 0.5908, "eval_runtime": 17.3453, "eval_samples_per_second": 288.262}