{"eval_loss": 1.086228847503662, "eval_accuracy": 0.5493999719619751, "eval_mae": 0.5404, "eval_runtime": 18.4808, "eval_samples_per_second": 270.551}