{"eval_loss": 1.0861425399780273, "eval_accuracy": 0.5478000044822693, "eval_mae": 0.5412, "eval_runtime": 24.8871, "eval_samples_per_second": 200.907}