{"eval_loss": 1.035229206085205, "eval_accuracy": 0.5419999957084656, "eval_mae": 0.5438, "eval_runtime": 16.8464, "eval_samples_per_second": 296.799}