{"eval_loss": 0.9488338828086853, "eval_accuracy": 0.5899999737739563, "eval_mae": 0.4638, "eval_runtime": 17.2469, "eval_samples_per_second": 289.908}