{"eval_loss": 0.990577757358551, "eval_accuracy": 0.5699999928474426, "eval_mae": 0.5094, "eval_runtime": 16.9601, "eval_samples_per_second": 294.81}