{"eval_loss": 1.339669108390808, "eval_accuracy": 0.4675999879837036, "eval_mae": 0.69, "eval_runtime": 22.276, "eval_samples_per_second": 224.457}