{"eval_loss": 1.353670358657837, "eval_accuracy": 0.48240000009536743, "eval_mae": 0.6716, "eval_runtime": 20.3459, "eval_samples_per_second": 245.749}