{"eval_loss": 1.02754545211792, "eval_accuracy": 0.5468000173568726, "eval_mae": 0.5366, "eval_runtime": 16.7243, "eval_samples_per_second": 298.967}