{"eval_loss": 0.9590619206428528, "eval_accuracy": 0.593999981880188, "eval_mae": 0.4822, "eval_runtime": 17.395, "eval_samples_per_second": 287.44}