{"eval_loss": 1.0458283424377441, "eval_accuracy": 0.5616000294685364, "eval_mae": 0.5084, "eval_runtime": 20.1617, "eval_samples_per_second": 247.995}