{"eval_loss": 1.341969609260559, "eval_accuracy": 0.4747999906539917, "eval_mae": 0.6938, "eval_runtime": 16.9789, "eval_samples_per_second": 294.483}