{"eval_loss": 1.0145536661148071, "eval_accuracy": 0.5641999840736389, "eval_mae": 0.508, "eval_runtime": 17.3854, "eval_samples_per_second": 287.597}