{"eval_loss": 1.3924551010131836, "eval_accuracy": 0.4812000095844269, "eval_mae": 0.6734, "eval_runtime": 27.415, "eval_samples_per_second": 182.382}