{"eval_loss": 0.9784339666366577, "eval_accuracy": 0.5821999907493591, "eval_mae": 0.4872, "eval_runtime": 17.3052, "eval_samples_per_second": 288.93}