{"eval_loss": 1.0629761219024658, "eval_accuracy": 0.5580000281333923, "eval_mae": 0.521, "eval_runtime": 18.4102, "eval_samples_per_second": 271.589}