{"eval_loss": 1.08501398563385, "eval_accuracy": 0.5740000009536743, "eval_mae": 0.5112, "eval_runtime": 17.0404, "eval_samples_per_second": 293.42}