{"eval_loss": 1.301511526107788, "eval_accuracy": 0.4666000008583069, "eval_mae": 0.6826, "eval_runtime": 18.865, "eval_samples_per_second": 265.041}