{"eval_loss": 0.9461380839347839, "eval_accuracy": 0.6065999865531921, "eval_mae": 0.4548, "eval_runtime": 16.3799, "eval_samples_per_second": 305.253}