{"eval_loss": 1.011627435684204, "eval_accuracy": 0.5788000226020813, "eval_mae": 0.483, "eval_runtime": 17.4896, "eval_samples_per_second": 285.885}