{"eval_loss": 0.9502649307250977, "eval_accuracy": 0.621399998664856, "eval_mae": 0.428, "eval_runtime": 17.3746, "eval_samples_per_second": 287.777}