{"eval_loss": 1.3482695817947388, "eval_accuracy": 0.4713999927043915, "eval_mae": 0.6904, "eval_runtime": 17.2027, "eval_samples_per_second": 290.653}