{"eval_loss": 1.0234097242355347, "eval_accuracy": 0.553600013256073, "eval_mae": 0.5384, "eval_runtime": 17.2327, "eval_samples_per_second": 290.147}