{"eval_loss": 1.0293155908584595, "eval_accuracy": 0.5468000173568726, "eval_mae": 0.5376, "eval_runtime": 16.815, "eval_samples_per_second": 297.354}