{"eval_loss": 1.00638747215271, "eval_accuracy": 0.5935999751091003, "eval_mae": 0.4682, "eval_runtime": 16.5242, "eval_samples_per_second": 302.587}