{"eval_loss": 1.17682683467865, "eval_accuracy": 0.5022000074386597, "eval_mae": 0.5928, "eval_runtime": 17.3114, "eval_samples_per_second": 288.827}