{"eval_loss": 1.348807454109192, "eval_accuracy": 0.47279998660087585, "eval_mae": 0.6876, "eval_runtime": 17.3482, "eval_samples_per_second": 288.215}