{"eval_loss": 1.0847193002700806, "eval_accuracy": 0.5745999813079834, "eval_mae": 0.511, "eval_runtime": 17.1932, "eval_samples_per_second": 290.813}