{"eval_loss": 1.3428782224655151, "eval_accuracy": 0.47600001096725464, "eval_mae": 0.6932, "eval_runtime": 16.9449, "eval_samples_per_second": 295.075}