{"eval_loss": 0.9494365453720093, "eval_accuracy": 0.5911999940872192, "eval_mae": 0.4622, "eval_runtime": 17.0337, "eval_samples_per_second": 293.536}