{"eval_loss": 1.222996473312378, "eval_accuracy": 0.5001999735832214, "eval_mae": 0.6018, "eval_runtime": 18.492, "eval_samples_per_second": 270.387}