{"eval_loss": 1.0205538272857666, "eval_accuracy": 0.5702000260353088, "eval_mae": 0.5082, "eval_runtime": 16.5917, "eval_samples_per_second": 301.356}