{"eval_loss": 1.1475576162338257, "eval_accuracy": 0.5493999719619751, "eval_mae": 0.5812, "eval_runtime": 17.2527, "eval_samples_per_second": 289.809}