{"eval_loss": 1.3429948091506958, "eval_accuracy": 0.47540000081062317, "eval_mae": 0.695, "eval_runtime": 16.8466, "eval_samples_per_second": 296.796}