{"eval_loss": 1.3204717636108398, "eval_accuracy": 0.4702000021934509, "eval_mae": 0.6826, "eval_runtime": 17.9351, "eval_samples_per_second": 278.784}