{"eval_loss": 1.3439218997955322, "eval_accuracy": 0.4749999940395355, "eval_mae": 0.6942, "eval_runtime": 17.0931, "eval_samples_per_second": 292.515}