{"eval_loss": 1.0812541246414185, "eval_accuracy": 0.5544000267982483, "eval_mae": 0.5684, "eval_runtime": 18.5176, "eval_samples_per_second": 270.013}