{"eval_loss": 1.1427289247512817, "eval_accuracy": 0.5486000180244446, "eval_mae": 0.5842, "eval_runtime": 17.4376, "eval_samples_per_second": 286.736}