{"eval_loss": 1.029716968536377, "eval_accuracy": 0.5460000038146973, "eval_mae": 0.5392, "eval_runtime": 16.8124, "eval_samples_per_second": 297.399}