{"eval_loss": 1.3666335344314575, "eval_accuracy": 0.45820000767707825, "eval_mae": 0.731, "eval_runtime": 16.9691, "eval_samples_per_second": 294.653}