{"eval_loss": 1.0126302242279053, "eval_accuracy": 0.5802000164985657, "eval_mae": 0.482, "eval_runtime": 16.6716, "eval_samples_per_second": 299.912}