{"eval_loss": 1.04582941532135, "eval_accuracy": 0.5618000030517578, "eval_mae": 0.5078, "eval_runtime": 20.2765, "eval_samples_per_second": 246.591}