{"eval_loss": 0.9483404159545898, "eval_accuracy": 0.5896000266075134, "eval_mae": 0.4644, "eval_runtime": 16.5149, "eval_samples_per_second": 302.757}