{"eval_loss": 1.0294268131256104, "eval_accuracy": 0.5450000166893005, "eval_mae": 0.5398, "eval_runtime": 16.6798, "eval_samples_per_second": 299.763}