{"eval_loss": 1.053480863571167, "eval_accuracy": 0.5285999774932861, "eval_mae": 0.5686, "eval_runtime": 16.2847, "eval_samples_per_second": 307.037}