{"eval_loss": 1.3385257720947266, "eval_accuracy": 0.4675999879837036, "eval_mae": 0.6888, "eval_runtime": 25.0205, "eval_samples_per_second": 199.836}