{"eval_loss": 1.0861592292785645, "eval_accuracy": 0.5756000280380249, "eval_mae": 0.5094, "eval_runtime": 17.0471, "eval_samples_per_second": 293.304}