{"eval_loss": 1.2376773357391357, "eval_accuracy": 0.4970000088214874, "eval_mae": 0.6472, "eval_runtime": 20.4486, "eval_samples_per_second": 244.516}