{"eval_loss": 1.0845762491226196, "eval_accuracy": 0.5756000280380249, "eval_mae": 0.5094, "eval_runtime": 16.5179, "eval_samples_per_second": 302.702}