{"eval_loss": 0.9478455781936646, "eval_accuracy": 0.5925999879837036, "eval_mae": 0.4692, "eval_runtime": 22.59, "eval_samples_per_second": 221.337}