{"eval_loss": 1.011405110359192, "eval_accuracy": 0.5809999704360962, "eval_mae": 0.4802, "eval_runtime": 16.7155, "eval_samples_per_second": 299.123}