{"eval_loss": 1.0064033269882202, "eval_accuracy": 0.5763999819755554, "eval_mae": 0.4956, "eval_runtime": 17.2718, "eval_samples_per_second": 289.49}