{"eval_loss": 0.9906846880912781, "eval_accuracy": 0.5712000131607056, "eval_mae": 0.507, "eval_runtime": 16.9996, "eval_samples_per_second": 294.125}