{"eval_loss": 1.3351017236709595, "eval_accuracy": 0.4747999906539917, "eval_mae": 0.6942, "eval_runtime": 16.3434, "eval_samples_per_second": 305.935}