{"eval_loss": 0.9505670070648193, "eval_accuracy": 0.6051999926567078, "eval_mae": 0.451, "eval_runtime": 18.4901, "eval_samples_per_second": 270.415}