{"eval_loss": 1.006683349609375, "eval_accuracy": 0.5946000218391418, "eval_mae": 0.4672, "eval_runtime": 16.5306, "eval_samples_per_second": 302.47}