{"eval_loss": 1.2989728450775146, "eval_accuracy": 0.4681999981403351, "eval_mae": 0.6812, "eval_runtime": 31.534, "eval_samples_per_second": 158.559}