{"eval_loss": 1.3669102191925049, "eval_accuracy": 0.45840001106262207, "eval_mae": 0.7314, "eval_runtime": 17.4727, "eval_samples_per_second": 286.161}