{"eval_loss": 0.9564218521118164, "eval_accuracy": 0.5968000292778015, "eval_mae": 0.4662, "eval_runtime": 16.8151, "eval_samples_per_second": 297.353}