{"eval_loss": 1.0137171745300293, "eval_accuracy": 0.5795999765396118, "eval_mae": 0.483, "eval_runtime": 17.4055, "eval_samples_per_second": 287.266}