{"eval_loss": 1.0053043365478516, "eval_accuracy": 0.5938000082969666, "eval_mae": 0.4676, "eval_runtime": 17.2444, "eval_samples_per_second": 289.948}