{"eval_loss": 1.0064789056777954, "eval_accuracy": 0.597000002861023, "eval_mae": 0.4642, "eval_runtime": 17.4543, "eval_samples_per_second": 286.462}