{"eval_loss": 1.084572434425354, "eval_accuracy": 0.5745999813079834, "eval_mae": 0.5088, "eval_runtime": 17.082, "eval_samples_per_second": 292.706}