{"eval_loss": 1.0116385221481323, "eval_accuracy": 0.5789999961853027, "eval_mae": 0.4822, "eval_runtime": 17.4983, "eval_samples_per_second": 285.742}