{"eval_loss": 1.017281413078308, "eval_accuracy": 0.5835999846458435, "eval_mae": 0.4918, "eval_runtime": 18.3364, "eval_samples_per_second": 272.682}