{"eval_loss": 1.0640584230422974, "eval_accuracy": 0.5565999746322632, "eval_mae": 0.5228, "eval_runtime": 18.3721, "eval_samples_per_second": 272.152}