{"eval_loss": 1.1788127422332764, "eval_accuracy": 0.5005999803543091, "eval_mae": 0.595, "eval_runtime": 17.5154, "eval_samples_per_second": 285.463}