{"eval_loss": 1.0244970321655273, "eval_accuracy": 0.5540000200271606, "eval_mae": 0.5362, "eval_runtime": 17.4193, "eval_samples_per_second": 287.038}