{"eval_loss": 1.0851118564605713, "eval_accuracy": 0.574400007724762, "eval_mae": 0.5106, "eval_runtime": 16.1047, "eval_samples_per_second": 310.469}