{"eval_loss": 1.0860148668289185, "eval_accuracy": 0.5475999712944031, "eval_mae": 0.5414, "eval_runtime": 18.8069, "eval_samples_per_second": 265.859}