{"eval_loss": 1.2263737916946411, "eval_accuracy": 0.49959999322891235, "eval_mae": 0.6032, "eval_runtime": 18.4609, "eval_samples_per_second": 270.843}