{"eval_loss": 1.0031812191009521, "eval_accuracy": 0.5748000144958496, "eval_mae": 0.4978, "eval_runtime": 16.4696, "eval_samples_per_second": 303.589}