{"eval_loss": 0.9357286095619202, "eval_accuracy": 0.6014000177383423, "eval_mae": 0.455, "eval_runtime": 17.1318, "eval_samples_per_second": 291.856}