{"eval_loss": 1.3391236066818237, "eval_accuracy": 0.4681999981403351, "eval_mae": 0.6884, "eval_runtime": 22.8011, "eval_samples_per_second": 219.288}