{"eval_loss": 1.006635308265686, "eval_accuracy": 0.5938000082969666, "eval_mae": 0.4672, "eval_runtime": 17.2106, "eval_samples_per_second": 290.519}