{"eval_loss": 1.296836256980896, "eval_accuracy": 0.4684000015258789, "eval_mae": 0.6816, "eval_runtime": 18.53, "eval_samples_per_second": 269.833}