{"eval_loss": 1.0860517024993896, "eval_accuracy": 0.5479999780654907, "eval_mae": 0.5406, "eval_runtime": 32.0644, "eval_samples_per_second": 155.936}