{"eval_loss": 1.0059958696365356, "eval_accuracy": 0.5752000212669373, "eval_mae": 0.496, "eval_runtime": 17.1937, "eval_samples_per_second": 290.804}