{"eval_loss": 0.9789755940437317, "eval_accuracy": 0.5817999839782715, "eval_mae": 0.4888, "eval_runtime": 17.307, "eval_samples_per_second": 288.9}