{"eval_loss": 1.3394567966461182, "eval_accuracy": 0.47540000081062317, "eval_mae": 0.6936, "eval_runtime": 16.9649, "eval_samples_per_second": 294.727}