{"eval_loss": 0.9488441348075867, "eval_accuracy": 0.5906000137329102, "eval_mae": 0.4628, "eval_runtime": 17.3133, "eval_samples_per_second": 288.795}