{"eval_loss": 1.0809394121170044, "eval_accuracy": 0.555400013923645, "eval_mae": 0.5656, "eval_runtime": 19.8802, "eval_samples_per_second": 251.507}