{"eval_loss": 1.0635181665420532, "eval_accuracy": 0.5573999881744385, "eval_mae": 0.523, "eval_runtime": 18.368, "eval_samples_per_second": 272.213}