{"eval_loss": 1.1484209299087524, "eval_accuracy": 0.5482000112533569, "eval_mae": 0.5816, "eval_runtime": 17.4046, "eval_samples_per_second": 287.28}