{"eval_loss": 1.3668739795684814, "eval_accuracy": 0.45899999141693115, "eval_mae": 0.7304, "eval_runtime": 17.3625, "eval_samples_per_second": 287.977}