{"eval_loss": 1.2422865629196167, "eval_accuracy": 0.4997999966144562, "eval_mae": 0.5956, "eval_runtime": 25.8661, "eval_samples_per_second": 193.303}