{"eval_loss": 1.0041011571884155, "eval_accuracy": 0.5752000212669373, "eval_mae": 0.4966, "eval_runtime": 16.2299, "eval_samples_per_second": 308.073}