{"eval_loss": 0.9622215032577515, "eval_accuracy": 0.5920000076293945, "eval_mae": 0.4844, "eval_runtime": 17.3807, "eval_samples_per_second": 287.675}