{"eval_loss": 1.3931013345718384, "eval_accuracy": 0.48100000619888306, "eval_mae": 0.674, "eval_runtime": 21.4757, "eval_samples_per_second": 232.821}