{"eval_loss": 0.9504542946815491, "eval_accuracy": 0.6204000115394592, "eval_mae": 0.429, "eval_runtime": 17.4687, "eval_samples_per_second": 286.226}