{"eval_loss": 1.2396215200424194, "eval_accuracy": 0.49639999866485596, "eval_mae": 0.649, "eval_runtime": 18.7326, "eval_samples_per_second": 266.915}