{"eval_loss": 1.018906831741333, "eval_accuracy": 0.5812000036239624, "eval_mae": 0.4944, "eval_runtime": 19.5094, "eval_samples_per_second": 256.287}