{"eval_loss": 1.3527907133102417, "eval_accuracy": 0.4830000102519989, "eval_mae": 0.672, "eval_runtime": 18.3702, "eval_samples_per_second": 272.18}