{"eval_loss": 1.0858681201934814, "eval_accuracy": 0.5479999780654907, "eval_mae": 0.541, "eval_runtime": 21.5509, "eval_samples_per_second": 232.009}