{"eval_loss": 1.147295355796814, "eval_accuracy": 0.550000011920929, "eval_mae": 0.5804, "eval_runtime": 16.8517, "eval_samples_per_second": 296.707}