{"eval_loss": 1.3406704664230347, "eval_accuracy": 0.4713999927043915, "eval_mae": 0.6908, "eval_runtime": 16.6149, "eval_samples_per_second": 300.934}