{"eval_loss": 1.0855939388275146, "eval_accuracy": 0.573199987411499, "eval_mae": 0.5128, "eval_runtime": 16.0585, "eval_samples_per_second": 311.362}