{"eval_loss": 1.1769988536834717, "eval_accuracy": 0.503000020980835, "eval_mae": 0.5922, "eval_runtime": 17.4416, "eval_samples_per_second": 286.671}