{"eval_loss": 0.9558773636817932, "eval_accuracy": 0.6003999710083008, "eval_mae": 0.4628, "eval_runtime": 17.4528, "eval_samples_per_second": 286.487}