{"eval_loss": 1.0828152894973755, "eval_accuracy": 0.5752000212669373, "eval_mae": 0.5084, "eval_runtime": 16.6547, "eval_samples_per_second": 300.215}