{"eval_loss": 0.9358115196228027, "eval_accuracy": 0.6015999913215637, "eval_mae": 0.4546, "eval_runtime": 17.123, "eval_samples_per_second": 292.004}