{"eval_loss": 1.0144282579421997, "eval_accuracy": 0.5662000179290771, "eval_mae": 0.5064, "eval_runtime": 17.0294, "eval_samples_per_second": 293.61}