{"eval_loss": 1.2414634227752686, "eval_accuracy": 0.5004000067710876, "eval_mae": 0.5948, "eval_runtime": 20.2823, "eval_samples_per_second": 246.521}