{"eval_loss": 0.9497885704040527, "eval_accuracy": 0.6064000129699707, "eval_mae": 0.4502, "eval_runtime": 19.1426, "eval_samples_per_second": 261.198}