{"eval_loss": 1.062142014503479, "eval_accuracy": 0.5569999814033508, "eval_mae": 0.522, "eval_runtime": 18.3512, "eval_samples_per_second": 272.461}