{"eval_loss": 1.0043293237686157, "eval_accuracy": 0.5708000063896179, "eval_mae": 0.5016, "eval_runtime": 16.5659, "eval_samples_per_second": 301.824}