{"eval_loss": 1.0052236318588257, "eval_accuracy": 0.5758000016212463, "eval_mae": 0.4958, "eval_runtime": 17.1264, "eval_samples_per_second": 291.947}