{"eval_loss": 1.0177580118179321, "eval_accuracy": 0.5784000158309937, "eval_mae": 0.4834, "eval_runtime": 17.4685, "eval_samples_per_second": 286.23}