{"eval_loss": 1.3395123481750488, "eval_accuracy": 0.46720001101493835, "eval_mae": 0.6892, "eval_runtime": 26.3274, "eval_samples_per_second": 189.916}