{"eval_loss": 1.0855493545532227, "eval_accuracy": 0.5752000212669373, "eval_mae": 0.5104, "eval_runtime": 16.4897, "eval_samples_per_second": 303.219}