{"eval_loss": 0.9475364089012146, "eval_accuracy": 0.5935999751091003, "eval_mae": 0.4696, "eval_runtime": 20.9726, "eval_samples_per_second": 238.406}