{"eval_loss": 1.080411672592163, "eval_accuracy": 0.5565999746322632, "eval_mae": 0.5648, "eval_runtime": 32.3315, "eval_samples_per_second": 154.648}