{"eval_loss": 1.2390953302383423, "eval_accuracy": 0.4975999891757965, "eval_mae": 0.6468, "eval_runtime": 26.4353, "eval_samples_per_second": 189.141}