{"eval_loss": 1.4430869817733765, "eval_accuracy": 0.4399999976158142, "eval_mae": 0.729, "eval_runtime": 31.3058, "eval_samples_per_second": 159.715}