{"eval_loss": 1.0282206535339355, "eval_accuracy": 0.5455999970436096, "eval_mae": 0.5388, "eval_runtime": 17.3185, "eval_samples_per_second": 288.708}