{"eval_loss": 1.0785346031188965, "eval_accuracy": 0.5582000017166138, "eval_mae": 0.5312, "eval_runtime": 20.5627, "eval_samples_per_second": 243.159}