{"eval_loss": 1.238418459892273, "eval_accuracy": 0.4970000088214874, "eval_mae": 0.6474, "eval_runtime": 25.3739, "eval_samples_per_second": 197.053}