{"eval_loss": 1.3389414548873901, "eval_accuracy": 0.4758000075817108, "eval_mae": 0.6938, "eval_runtime": 16.4585, "eval_samples_per_second": 303.794}