{"eval_loss": 1.1745818853378296, "eval_accuracy": 0.501800000667572, "eval_mae": 0.595, "eval_runtime": 16.7674, "eval_samples_per_second": 298.197}