{"eval_loss": 1.2387983798980713, "eval_accuracy": 0.4966000020503998, "eval_mae": 0.648, "eval_runtime": 23.4621, "eval_samples_per_second": 213.11}