{"eval_loss": 1.081059217453003, "eval_accuracy": 0.5564000010490417, "eval_mae": 0.5654, "eval_runtime": 32.7201, "eval_samples_per_second": 152.811}