{"eval_loss": 1.2418044805526733, "eval_accuracy": 0.5004000067710876, "eval_mae": 0.5952, "eval_runtime": 19.2833, "eval_samples_per_second": 259.291}