{"eval_loss": 1.0044443607330322, "eval_accuracy": 0.5925999879837036, "eval_mae": 0.4678, "eval_runtime": 17.1272, "eval_samples_per_second": 291.934}