{"eval_loss": 0.9358152151107788, "eval_accuracy": 0.600600004196167, "eval_mae": 0.4554, "eval_runtime": 16.0602, "eval_samples_per_second": 311.328}