{"eval_loss": 1.1791373491287231, "eval_accuracy": 0.5041999816894531, "eval_mae": 0.5928, "eval_runtime": 17.2477, "eval_samples_per_second": 289.893}