{"eval_loss": 0.9907761812210083, "eval_accuracy": 0.5712000131607056, "eval_mae": 0.5068, "eval_runtime": 16.8839, "eval_samples_per_second": 296.141}