{"eval_loss": 0.9506828188896179, "eval_accuracy": 0.6064000129699707, "eval_mae": 0.45, "eval_runtime": 19.3496, "eval_samples_per_second": 258.403}