{"eval_loss": 1.244138240814209, "eval_accuracy": 0.5004000067710876, "eval_mae": 0.5952, "eval_runtime": 18.853, "eval_samples_per_second": 265.21}