{"eval_loss": 0.9553405046463013, "eval_accuracy": 0.5996000170707703, "eval_mae": 0.464, "eval_runtime": 17.3353, "eval_samples_per_second": 288.429}