{"eval_loss": 1.0455394983291626, "eval_accuracy": 0.5608000159263611, "eval_mae": 0.508, "eval_runtime": 18.5921, "eval_samples_per_second": 268.932}