{"eval_loss": 1.366744041442871, "eval_accuracy": 0.4575999975204468, "eval_mae": 0.7316, "eval_runtime": 16.7556, "eval_samples_per_second": 298.408}