{"eval_loss": 1.0835872888565063, "eval_accuracy": 0.574400007724762, "eval_mae": 0.5096, "eval_runtime": 16.926, "eval_samples_per_second": 295.404}