{"eval_loss": 1.0174306631088257, "eval_accuracy": 0.5806000232696533, "eval_mae": 0.481, "eval_runtime": 17.5421, "eval_samples_per_second": 285.028}