{"eval_loss": 1.2403178215026855, "eval_accuracy": 0.5001999735832214, "eval_mae": 0.5946, "eval_runtime": 18.6414, "eval_samples_per_second": 268.22}