{"eval_loss": 1.0118772983551025, "eval_accuracy": 0.5799999833106995, "eval_mae": 0.4826, "eval_runtime": 17.5063, "eval_samples_per_second": 285.612}