{"eval_loss": 1.0848057270050049, "eval_accuracy": 0.5753999948501587, "eval_mae": 0.5104, "eval_runtime": 16.0945, "eval_samples_per_second": 310.666}