{"eval_loss": 0.9353758692741394, "eval_accuracy": 0.6021999716758728, "eval_mae": 0.4536, "eval_runtime": 17.0231, "eval_samples_per_second": 293.719}