{"eval_loss": 0.8891960978507996, "eval_accuracy": 0.6366000175476074, "eval_mae": 0.4144, "eval_runtime": 21.0389, "eval_samples_per_second": 237.655}