{"eval_loss": 1.242011308670044, "eval_accuracy": 0.5001999735832214, "eval_mae": 0.5956, "eval_runtime": 18.5772, "eval_samples_per_second": 269.148}