{"eval_loss": 1.1541175842285156, "eval_accuracy": 0.5001999735832214, "eval_mae": 0.5902, "eval_runtime": 17.2865, "eval_samples_per_second": 289.244}