{"eval_loss": 1.0444087982177734, "eval_accuracy": 0.5626000165939331, "eval_mae": 0.506, "eval_runtime": 18.499, "eval_samples_per_second": 270.285}