{"eval_loss": 1.2280091047286987, "eval_accuracy": 0.4991999864578247, "eval_mae": 0.6038, "eval_runtime": 18.3882, "eval_samples_per_second": 271.914}