{"eval_loss": 1.2367441654205322, "eval_accuracy": 0.49880000948905945, "eval_mae": 0.6034, "eval_runtime": 18.3183, "eval_samples_per_second": 272.952}