{"eval_loss": 1.1540147066116333, "eval_accuracy": 0.5446000099182129, "eval_mae": 0.5852, "eval_runtime": 17.3047, "eval_samples_per_second": 288.94}