{"eval_loss": 0.9476287364959717, "eval_accuracy": 0.5924000144004822, "eval_mae": 0.4702, "eval_runtime": 21.0181, "eval_samples_per_second": 237.89}