{"eval_loss": 1.441519856452942, "eval_accuracy": 0.4397999942302704, "eval_mae": 0.7294, "eval_runtime": 22.7632, "eval_samples_per_second": 219.653}