{"eval_loss": 1.0536112785339355, "eval_accuracy": 0.5271999835968018, "eval_mae": 0.5696, "eval_runtime": 16.3447, "eval_samples_per_second": 305.909}