{"eval_loss": 1.0296109914779663, "eval_accuracy": 0.5455999970436096, "eval_mae": 0.54, "eval_runtime": 16.8271, "eval_samples_per_second": 297.139}