{"eval_loss": 1.0173441171646118, "eval_accuracy": 0.5770000219345093, "eval_mae": 0.4856, "eval_runtime": 17.5332, "eval_samples_per_second": 285.173}