{"eval_loss": 1.3432093858718872, "eval_accuracy": 0.47540000081062317, "eval_mae": 0.6936, "eval_runtime": 16.8739, "eval_samples_per_second": 296.315}