{"eval_loss": 1.2289332151412964, "eval_accuracy": 0.5067999958992004, "eval_mae": 0.6208, "eval_runtime": 26.1069, "eval_samples_per_second": 191.52}