{"eval_loss": 1.0618069171905518, "eval_accuracy": 0.5576000213623047, "eval_mae": 0.5214, "eval_runtime": 19.5566, "eval_samples_per_second": 255.668}