{"eval_loss": 1.080175757408142, "eval_accuracy": 0.5569999814033508, "eval_mae": 0.5654, "eval_runtime": 18.4473, "eval_samples_per_second": 271.042}