{"eval_loss": 1.156073808670044, "eval_accuracy": 0.4991999864578247, "eval_mae": 0.5914, "eval_runtime": 17.2366, "eval_samples_per_second": 290.08}