{"eval_loss": 0.9790369272232056, "eval_accuracy": 0.5824000239372253, "eval_mae": 0.4876, "eval_runtime": 17.4783, "eval_samples_per_second": 286.07}