{"eval_loss": 1.1553784608840942, "eval_accuracy": 0.550000011920929, "eval_mae": 0.5772, "eval_runtime": 16.8359, "eval_samples_per_second": 296.985}