{"eval_loss": 1.0625617504119873, "eval_accuracy": 0.557200014591217, "eval_mae": 0.5218, "eval_runtime": 18.4009, "eval_samples_per_second": 271.726}