{"eval_loss": 0.949471116065979, "eval_accuracy": 0.6064000129699707, "eval_mae": 0.45, "eval_runtime": 18.9015, "eval_samples_per_second": 264.529}