{"eval_loss": 1.3926359415054321, "eval_accuracy": 0.47999998927116394, "eval_mae": 0.6738, "eval_runtime": 19.3946, "eval_samples_per_second": 257.804}