{"eval_loss": 0.9490336775779724, "eval_accuracy": 0.5938000082969666, "eval_mae": 0.469, "eval_runtime": 25.9539, "eval_samples_per_second": 192.65}