{"eval_loss": 1.0068880319595337, "eval_accuracy": 0.592199981212616, "eval_mae": 0.4694, "eval_runtime": 17.1053, "eval_samples_per_second": 292.308}