{"eval_loss": 1.0191105604171753, "eval_accuracy": 0.5806000232696533, "eval_mae": 0.4942, "eval_runtime": 34.9166, "eval_samples_per_second": 143.198}