{"eval_loss": 1.343109130859375, "eval_accuracy": 0.4758000075817108, "eval_mae": 0.6942, "eval_runtime": 16.3181, "eval_samples_per_second": 306.408}