{"eval_loss": 0.9617636799812317, "eval_accuracy": 0.5928000211715698, "eval_mae": 0.4836, "eval_runtime": 17.5746, "eval_samples_per_second": 284.502}