{"eval_loss": 0.8891195058822632, "eval_accuracy": 0.6380000114440918, "eval_mae": 0.4126, "eval_runtime": 19.6024, "eval_samples_per_second": 255.07}