{"eval_loss": 1.2248464822769165, "eval_accuracy": 0.5081999897956848, "eval_mae": 0.6178, "eval_runtime": 18.7422, "eval_samples_per_second": 266.778}