{"eval_loss": 1.0111678838729858, "eval_accuracy": 0.5817999839782715, "eval_mae": 0.491, "eval_runtime": 22.5408, "eval_samples_per_second": 221.82}