{"eval_loss": 1.0176383256912231, "eval_accuracy": 0.5794000029563904, "eval_mae": 0.482, "eval_runtime": 17.4777, "eval_samples_per_second": 286.078}