{"eval_loss": 0.949700117111206, "eval_accuracy": 0.6065999865531921, "eval_mae": 0.4496, "eval_runtime": 21.4924, "eval_samples_per_second": 232.64}