{"eval_loss": 1.2857227325439453, "eval_accuracy": 0.46700000762939453, "eval_mae": 0.6792, "eval_runtime": 19.6415, "eval_samples_per_second": 254.563}