{"eval_loss": 1.3663932085037231, "eval_accuracy": 0.4575999975204468, "eval_mae": 0.7314, "eval_runtime": 17.2328, "eval_samples_per_second": 290.145}