{"eval_loss": 0.9919102787971497, "eval_accuracy": 0.5691999793052673, "eval_mae": 0.509, "eval_runtime": 16.2228, "eval_samples_per_second": 308.209}