{"eval_loss": 1.0057874917984009, "eval_accuracy": 0.5753999948501587, "eval_mae": 0.4962, "eval_runtime": 16.3478, "eval_samples_per_second": 305.851}