{"eval_loss": 1.1559785604476929, "eval_accuracy": 0.5001999735832214, "eval_mae": 0.5898, "eval_runtime": 17.6607, "eval_samples_per_second": 283.115}