{"eval_loss": 1.0182759761810303, "eval_accuracy": 0.5788000226020813, "eval_mae": 0.4836, "eval_runtime": 17.5196, "eval_samples_per_second": 285.395}