{"eval_loss": 1.0855886936187744, "eval_accuracy": 0.5758000016212463, "eval_mae": 0.5104, "eval_runtime": 16.8962, "eval_samples_per_second": 295.925}