{"eval_loss": 1.008354902267456, "eval_accuracy": 0.5935999751091003, "eval_mae": 0.468, "eval_runtime": 17.1825, "eval_samples_per_second": 290.995}