{"eval_loss": 0.9462157487869263, "eval_accuracy": 0.5943999886512756, "eval_mae": 0.4684, "eval_runtime": 18.6042, "eval_samples_per_second": 268.756}