{"eval_loss": 1.0622122287750244, "eval_accuracy": 0.5573999881744385, "eval_mae": 0.5208, "eval_runtime": 17.7253, "eval_samples_per_second": 282.083}