{"eval_loss": 0.9565734267234802, "eval_accuracy": 0.5997999906539917, "eval_mae": 0.4622, "eval_runtime": 17.2934, "eval_samples_per_second": 289.128}