{"eval_loss": 1.0143954753875732, "eval_accuracy": 0.5655999779701233, "eval_mae": 0.5068, "eval_runtime": 16.3449, "eval_samples_per_second": 305.905}