{"eval_loss": 1.2438323497772217, "eval_accuracy": 0.49480000138282776, "eval_mae": 0.6498, "eval_runtime": 25.3437, "eval_samples_per_second": 197.288}