{"eval_loss": 1.2977319955825806, "eval_accuracy": 0.46799999475479126, "eval_mae": 0.6818, "eval_runtime": 29.2668, "eval_samples_per_second": 170.842}