{"eval_loss": 0.9513074159622192, "eval_accuracy": 0.6222000122070312, "eval_mae": 0.4304, "eval_runtime": 17.4598, "eval_samples_per_second": 286.373}