{"eval_loss": 0.8895497918128967, "eval_accuracy": 0.6366000175476074, "eval_mae": 0.4144, "eval_runtime": 18.6462, "eval_samples_per_second": 268.151}