{"eval_loss": 1.3525446653366089, "eval_accuracy": 0.48420000076293945, "eval_mae": 0.6702, "eval_runtime": 18.1637, "eval_samples_per_second": 275.274}