{"eval_loss": 1.1582363843917847, "eval_accuracy": 0.5016000270843506, "eval_mae": 0.589, "eval_runtime": 17.3226, "eval_samples_per_second": 288.641}