{"eval_loss": 0.9603650569915771, "eval_accuracy": 0.5929999947547913, "eval_mae": 0.4818, "eval_runtime": 17.2919, "eval_samples_per_second": 289.153}