{"eval_loss": 1.025720477104187, "eval_accuracy": 0.5564000010490417, "eval_mae": 0.5358, "eval_runtime": 17.1968, "eval_samples_per_second": 290.752}