{"eval_loss": 1.0212026834487915, "eval_accuracy": 0.5698000192642212, "eval_mae": 0.5082, "eval_runtime": 16.542, "eval_samples_per_second": 302.261}