{"eval_loss": 1.3523048162460327, "eval_accuracy": 0.48420000076293945, "eval_mae": 0.6696, "eval_runtime": 18.4445, "eval_samples_per_second": 271.084}