{"eval_loss": 1.0074552297592163, "eval_accuracy": 0.5938000082969666, "eval_mae": 0.4678, "eval_runtime": 16.6826, "eval_samples_per_second": 299.713}