{"eval_loss": 0.9488263726234436, "eval_accuracy": 0.5898000001907349, "eval_mae": 0.4638, "eval_runtime": 17.2081, "eval_samples_per_second": 290.56}