{"eval_loss": 1.3401857614517212, "eval_accuracy": 0.4781999886035919, "eval_mae": 0.6908, "eval_runtime": 16.3391, "eval_samples_per_second": 306.015}