{"eval_loss": 1.0786584615707397, "eval_accuracy": 0.5583999752998352, "eval_mae": 0.5308, "eval_runtime": 22.5405, "eval_samples_per_second": 221.823}