{"eval_loss": 0.8883832097053528, "eval_accuracy": 0.6359999775886536, "eval_mae": 0.4146, "eval_runtime": 32.6005, "eval_samples_per_second": 153.372}