{"eval_loss": 1.3934599161148071, "eval_accuracy": 0.47859999537467957, "eval_mae": 0.679, "eval_runtime": 23.5554, "eval_samples_per_second": 212.265}