{"eval_loss": 0.9610177874565125, "eval_accuracy": 0.5935999751091003, "eval_mae": 0.4826, "eval_runtime": 17.3727, "eval_samples_per_second": 287.808}