{"eval_loss": 1.0204795598983765, "eval_accuracy": 0.5717999935150146, "eval_mae": 0.5058, "eval_runtime": 17.355, "eval_samples_per_second": 288.101}