{"eval_loss": 0.9484623074531555, "eval_accuracy": 0.6043999791145325, "eval_mae": 0.4548, "eval_runtime": 21.0965, "eval_samples_per_second": 237.007}