{"eval_loss": 1.352811574935913, "eval_accuracy": 0.483599990606308, "eval_mae": 0.6702, "eval_runtime": 18.0504, "eval_samples_per_second": 277.002}