{"eval_loss": 1.3963111639022827, "eval_accuracy": 0.4797999858856201, "eval_mae": 0.6768, "eval_runtime": 22.3623, "eval_samples_per_second": 223.59}