{"eval_loss": 1.025268316268921, "eval_accuracy": 0.5537999868392944, "eval_mae": 0.539, "eval_runtime": 17.2799, "eval_samples_per_second": 289.354}