{"eval_loss": 0.9909257888793945, "eval_accuracy": 0.5698000192642212, "eval_mae": 0.51, "eval_runtime": 17.0548, "eval_samples_per_second": 293.172}