{"eval_loss": 1.339695930480957, "eval_accuracy": 0.46779999136924744, "eval_mae": 0.6902, "eval_runtime": 23.5108, "eval_samples_per_second": 212.669}