{"eval_loss": 0.9483036994934082, "eval_accuracy": 0.5932000279426575, "eval_mae": 0.4692, "eval_runtime": 18.8254, "eval_samples_per_second": 265.598}