{"eval_loss": 1.346958041191101, "eval_accuracy": 0.47279998660087585, "eval_mae": 0.6888, "eval_runtime": 17.4481, "eval_samples_per_second": 286.563}