{"eval_loss": 1.085984706878662, "eval_accuracy": 0.5478000044822693, "eval_mae": 0.541, "eval_runtime": 30.4275, "eval_samples_per_second": 164.325}