{"eval_loss": 0.9603453278541565, "eval_accuracy": 0.5925999879837036, "eval_mae": 0.4838, "eval_runtime": 17.376, "eval_samples_per_second": 287.752}