{"eval_loss": 1.1751981973648071, "eval_accuracy": 0.5049999952316284, "eval_mae": 0.5888, "eval_runtime": 17.3657, "eval_samples_per_second": 287.924}