{"eval_loss": 1.175630807876587, "eval_accuracy": 0.5012000203132629, "eval_mae": 0.594, "eval_runtime": 17.6026, "eval_samples_per_second": 284.049}