{"eval_loss": 1.1491515636444092, "eval_accuracy": 0.5478000044822693, "eval_mae": 0.5832, "eval_runtime": 17.3536, "eval_samples_per_second": 288.125}