{"eval_loss": 1.3487616777420044, "eval_accuracy": 0.4742000102996826, "eval_mae": 0.6966, "eval_runtime": 16.3082, "eval_samples_per_second": 306.594}