{"eval_loss": 1.1714609861373901, "eval_accuracy": 0.501800000667572, "eval_mae": 0.593, "eval_runtime": 16.7633, "eval_samples_per_second": 298.27}