{"eval_loss": 1.0248664617538452, "eval_accuracy": 0.5555999875068665, "eval_mae": 0.5366, "eval_runtime": 17.4922, "eval_samples_per_second": 285.842}