{"eval_loss": 1.1561083793640137, "eval_accuracy": 0.5041999816894531, "eval_mae": 0.5868, "eval_runtime": 17.1932, "eval_samples_per_second": 290.813}