{"eval_loss": 1.2422535419464111, "eval_accuracy": 0.5004000067710876, "eval_mae": 0.5956, "eval_runtime": 25.3735, "eval_samples_per_second": 197.056}