{"eval_loss": 1.0242797136306763, "eval_accuracy": 0.5547999739646912, "eval_mae": 0.5356, "eval_runtime": 17.321, "eval_samples_per_second": 288.668}