{"eval_loss": 1.0788297653198242, "eval_accuracy": 0.5590000152587891, "eval_mae": 0.5302, "eval_runtime": 24.088, "eval_samples_per_second": 207.572}