{"eval_loss": 1.2428226470947266, "eval_accuracy": 0.5004000067710876, "eval_mae": 0.595, "eval_runtime": 25.8925, "eval_samples_per_second": 193.106}