{"eval_loss": 1.3374719619750977, "eval_accuracy": 0.4691999852657318, "eval_mae": 0.6874, "eval_runtime": 33.6467, "eval_samples_per_second": 148.603}