{"eval_loss": 0.978642463684082, "eval_accuracy": 0.5817999839782715, "eval_mae": 0.4886, "eval_runtime": 16.6726, "eval_samples_per_second": 299.894}