{"eval_loss": 1.2279441356658936, "eval_accuracy": 0.4986000061035156, "eval_mae": 0.604, "eval_runtime": 18.4415, "eval_samples_per_second": 271.127}