{"eval_loss": 1.3930587768554688, "eval_accuracy": 0.48019999265670776, "eval_mae": 0.6748, "eval_runtime": 23.2876, "eval_samples_per_second": 214.707}