{"eval_loss": 1.2288285493850708, "eval_accuracy": 0.5062000155448914, "eval_mae": 0.621, "eval_runtime": 33.3958, "eval_samples_per_second": 149.719}