{"eval_loss": 0.9481744170188904, "eval_accuracy": 0.5934000015258789, "eval_mae": 0.4694, "eval_runtime": 18.9457, "eval_samples_per_second": 263.912}