{"eval_loss": 0.8895265460014343, "eval_accuracy": 0.6362000107765198, "eval_mae": 0.4148, "eval_runtime": 18.87, "eval_samples_per_second": 264.971}