{"eval_loss": 1.018641710281372, "eval_accuracy": 0.5802000164985657, "eval_mae": 0.4958, "eval_runtime": 24.0444, "eval_samples_per_second": 207.948}