{"eval_loss": 1.241208553314209, "eval_accuracy": 0.4997999966144562, "eval_mae": 0.5954, "eval_runtime": 21.1639, "eval_samples_per_second": 236.252}