{"eval_loss": 1.29672372341156, "eval_accuracy": 0.4674000144004822, "eval_mae": 0.6822, "eval_runtime": 26.0808, "eval_samples_per_second": 191.712}