{"eval_loss": 1.0458508729934692, "eval_accuracy": 0.5582000017166138, "eval_mae": 0.5114, "eval_runtime": 18.4261, "eval_samples_per_second": 271.354}