{"eval_loss": 1.007246732711792, "eval_accuracy": 0.5942000150680542, "eval_mae": 0.4672, "eval_runtime": 17.3657, "eval_samples_per_second": 287.924}