{"eval_loss": 0.9479554891586304, "eval_accuracy": 0.5942000150680542, "eval_mae": 0.4684, "eval_runtime": 18.3473, "eval_samples_per_second": 272.52}