{"eval_loss": 1.0138064622879028, "eval_accuracy": 0.5659999847412109, "eval_mae": 0.5068, "eval_runtime": 16.9969, "eval_samples_per_second": 294.172}