{"eval_loss": 0.9486098885536194, "eval_accuracy": 0.5917999744415283, "eval_mae": 0.4712, "eval_runtime": 19.995, "eval_samples_per_second": 250.062}