{"eval_loss": 1.24454927444458, "eval_accuracy": 0.4997999966144562, "eval_mae": 0.5942, "eval_runtime": 18.0223, "eval_samples_per_second": 277.434}