{"eval_loss": 1.005078911781311, "eval_accuracy": 0.5777999758720398, "eval_mae": 0.4934, "eval_runtime": 17.1965, "eval_samples_per_second": 290.757}