{"eval_loss": 1.0455633401870728, "eval_accuracy": 0.5608000159263611, "eval_mae": 0.5098, "eval_runtime": 18.1072, "eval_samples_per_second": 276.133}