{"eval_loss": 1.0628232955932617, "eval_accuracy": 0.5577999949455261, "eval_mae": 0.5216, "eval_runtime": 18.3015, "eval_samples_per_second": 273.202}