{"eval_loss": 1.341315507888794, "eval_accuracy": 0.4742000102996826, "eval_mae": 0.6952, "eval_runtime": 16.0919, "eval_samples_per_second": 310.715}