{"eval_loss": 0.949482798576355, "eval_accuracy": 0.5902000069618225, "eval_mae": 0.464, "eval_runtime": 16.5561, "eval_samples_per_second": 302.003}