{"eval_loss": 0.9357209205627441, "eval_accuracy": 0.6015999913215637, "eval_mae": 0.4548, "eval_runtime": 16.4219, "eval_samples_per_second": 304.472}