{"eval_loss": 1.2288243770599365, "eval_accuracy": 0.506600022315979, "eval_mae": 0.621, "eval_runtime": 31.4795, "eval_samples_per_second": 158.834}