{"eval_loss": 0.9486897587776184, "eval_accuracy": 0.5893999934196472, "eval_mae": 0.464, "eval_runtime": 17.2831, "eval_samples_per_second": 289.3}