{"eval_loss": 1.0057201385498047, "eval_accuracy": 0.5740000009536743, "eval_mae": 0.4972, "eval_runtime": 17.1917, "eval_samples_per_second": 290.838}