{"eval_loss": 0.9500512480735779, "eval_accuracy": 0.6074000000953674, "eval_mae": 0.4478, "eval_runtime": 23.5922, "eval_samples_per_second": 211.934}