{"eval_loss": 1.021479845046997, "eval_accuracy": 0.5699999928474426, "eval_mae": 0.508, "eval_runtime": 16.6842, "eval_samples_per_second": 299.684}