{"eval_loss": 1.2966899871826172, "eval_accuracy": 0.4674000144004822, "eval_mae": 0.682, "eval_runtime": 19.8495, "eval_samples_per_second": 251.895}