{"eval_loss": 0.9460934400558472, "eval_accuracy": 0.6037999987602234, "eval_mae": 0.459, "eval_runtime": 17.3004, "eval_samples_per_second": 289.01}