{"eval_loss": 1.2282609939575195, "eval_accuracy": 0.4991999864578247, "eval_mae": 0.603, "eval_runtime": 18.425, "eval_samples_per_second": 271.37}