{"eval_loss": 1.3510644435882568, "eval_accuracy": 0.4848000109195709, "eval_mae": 0.6696, "eval_runtime": 21.7131, "eval_samples_per_second": 230.276}