{"eval_loss": 1.3926955461502075, "eval_accuracy": 0.47839999198913574, "eval_mae": 0.6782, "eval_runtime": 25.9979, "eval_samples_per_second": 192.323}