{"eval_loss": 1.1469722986221313, "eval_accuracy": 0.5473999977111816, "eval_mae": 0.5812, "eval_runtime": 17.5301, "eval_samples_per_second": 285.224}