{"eval_loss": 1.080334186553955, "eval_accuracy": 0.5562000274658203, "eval_mae": 0.5652, "eval_runtime": 18.1675, "eval_samples_per_second": 275.217}