{"eval_loss": 1.0803498029708862, "eval_accuracy": 0.5562000274658203, "eval_mae": 0.565, "eval_runtime": 20.2802, "eval_samples_per_second": 246.546}