{"eval_loss": 0.9853810667991638, "eval_accuracy": 0.5698000192642212, "eval_mae": 0.505, "eval_runtime": 17.0565, "eval_samples_per_second": 293.144}