{"eval_loss": 0.9914337992668152, "eval_accuracy": 0.5702000260353088, "eval_mae": 0.5078, "eval_runtime": 17.0073, "eval_samples_per_second": 293.992}