{"eval_loss": 1.0441035032272339, "eval_accuracy": 0.5616000294685364, "eval_mae": 0.508, "eval_runtime": 18.5492, "eval_samples_per_second": 269.554}