{"eval_loss": 1.1476752758026123, "eval_accuracy": 0.5490000247955322, "eval_mae": 0.5816, "eval_runtime": 16.8123, "eval_samples_per_second": 297.4}