{"eval_loss": 1.367579698562622, "eval_accuracy": 0.4586000144481659, "eval_mae": 0.7308, "eval_runtime": 16.7238, "eval_samples_per_second": 298.975}