{"eval_loss": 1.0295250415802002, "eval_accuracy": 0.5436000227928162, "eval_mae": 0.5422, "eval_runtime": 19.521, "eval_samples_per_second": 256.134}