{"eval_loss": 1.4428977966308594, "eval_accuracy": 0.4397999942302704, "eval_mae": 0.7292, "eval_runtime": 34.7006, "eval_samples_per_second": 144.09}