{"eval_loss": 1.1474970579147339, "eval_accuracy": 0.5468000173568726, "eval_mae": 0.5832, "eval_runtime": 16.8445, "eval_samples_per_second": 296.832}