{"eval_loss": 1.3674440383911133, "eval_accuracy": 0.4586000144481659, "eval_mae": 0.7304, "eval_runtime": 16.6855, "eval_samples_per_second": 299.662}