{"eval_loss": 1.342653751373291, "eval_accuracy": 0.4747999906539917, "eval_mae": 0.6946, "eval_runtime": 16.8951, "eval_samples_per_second": 295.943}