{"eval_loss": 1.3365625143051147, "eval_accuracy": 0.4699999988079071, "eval_mae": 0.6846, "eval_runtime": 19.7183, "eval_samples_per_second": 253.571}