{"eval_loss": 1.2954070568084717, "eval_accuracy": 0.46880000829696655, "eval_mae": 0.6814, "eval_runtime": 31.3025, "eval_samples_per_second": 159.731}