{"eval_loss": 1.0248223543167114, "eval_accuracy": 0.5565999746322632, "eval_mae": 0.5344, "eval_runtime": 17.3503, "eval_samples_per_second": 288.179}