{"eval_loss": 1.2284284830093384, "eval_accuracy": 0.5004000067710876, "eval_mae": 0.6036, "eval_runtime": 18.3834, "eval_samples_per_second": 271.985}