{"eval_loss": 0.9587024450302124, "eval_accuracy": 0.5935999751091003, "eval_mae": 0.483, "eval_runtime": 17.3471, "eval_samples_per_second": 288.233}