{"eval_loss": 0.8895597457885742, "eval_accuracy": 0.6367999911308289, "eval_mae": 0.4142, "eval_runtime": 23.413, "eval_samples_per_second": 213.556}