{"eval_loss": 1.3521476984024048, "eval_accuracy": 0.48420000076293945, "eval_mae": 0.6692, "eval_runtime": 21.4781, "eval_samples_per_second": 232.796}