{"eval_loss": 1.0440884828567505, "eval_accuracy": 0.5612000226974487, "eval_mae": 0.5094, "eval_runtime": 18.0921, "eval_samples_per_second": 276.364}