{"eval_loss": 1.0212888717651367, "eval_accuracy": 0.5705999732017517, "eval_mae": 0.5072, "eval_runtime": 16.4301, "eval_samples_per_second": 304.319}