{"eval_loss": 1.0297836065292358, "eval_accuracy": 0.5460000038146973, "eval_mae": 0.539, "eval_runtime": 18.6561, "eval_samples_per_second": 268.009}