{"eval_loss": 1.366855502128601, "eval_accuracy": 0.4586000144481659, "eval_mae": 0.731, "eval_runtime": 18.5092, "eval_samples_per_second": 270.135}