{"eval_loss": 0.933360755443573, "eval_accuracy": 0.6043999791145325, "eval_mae": 0.466, "eval_runtime": 19.2317, "eval_samples_per_second": 259.987, "epoch": 3.0}