{"eval_loss": 0.9520742893218994, "eval_accuracy": 0.621399998664856, "eval_mae": 0.4288, "eval_runtime": 17.3926, "eval_samples_per_second": 287.479}