{"eval_loss": 0.9448340535163879, "eval_accuracy": 0.6051999926567078, "eval_mae": 0.4558, "eval_runtime": 16.5299, "eval_samples_per_second": 302.482}