{"eval_loss": 1.3664206266403198, "eval_accuracy": 0.45739999413490295, "eval_mae": 0.7318, "eval_runtime": 16.7602, "eval_samples_per_second": 298.326}