{"eval_loss": 1.2388767004013062, "eval_accuracy": 0.49720001220703125, "eval_mae": 0.6474, "eval_runtime": 22.5262, "eval_samples_per_second": 221.963}