{"eval_loss": 1.0203533172607422, "eval_accuracy": 0.5702000260353088, "eval_mae": 0.5062, "eval_runtime": 17.2321, "eval_samples_per_second": 290.155}