{"eval_loss": 0.9910194277763367, "eval_accuracy": 0.5708000063896179, "eval_mae": 0.5068, "eval_runtime": 16.8794, "eval_samples_per_second": 296.219}