{"eval_loss": 1.3662159442901611, "eval_accuracy": 0.454800009727478, "eval_mae": 0.7348, "eval_runtime": 16.4317, "eval_samples_per_second": 304.29}