{"eval_loss": 1.0113393068313599, "eval_accuracy": 0.5799999833106995, "eval_mae": 0.4822, "eval_runtime": 17.548, "eval_samples_per_second": 284.932}