{"eval_loss": 1.053680419921875, "eval_accuracy": 0.5266000032424927, "eval_mae": 0.5706, "eval_runtime": 16.2173, "eval_samples_per_second": 308.313}