{"eval_loss": 1.1491351127624512, "eval_accuracy": 0.5479999780654907, "eval_mae": 0.582, "eval_runtime": 17.3302, "eval_samples_per_second": 288.513}