{"eval_loss": 1.3673557043075562, "eval_accuracy": 0.45840001106262207, "eval_mae": 0.7304, "eval_runtime": 17.3125, "eval_samples_per_second": 288.809}