{"eval_loss": 1.0208477973937988, "eval_accuracy": 0.5694000124931335, "eval_mae": 0.5082, "eval_runtime": 17.2838, "eval_samples_per_second": 289.288}