{"eval_loss": 1.2770601511001587, "eval_accuracy": 0.4702000021934509, "eval_mae": 0.6712, "eval_runtime": 19.6377, "eval_samples_per_second": 254.612}