{"eval_loss": 1.228969931602478, "eval_accuracy": 0.5070000290870667, "eval_mae": 0.6204, "eval_runtime": 18.9705, "eval_samples_per_second": 263.567}