{"eval_loss": 1.2965248823165894, "eval_accuracy": 0.4675999879837036, "eval_mae": 0.682, "eval_runtime": 26.2197, "eval_samples_per_second": 190.696}