{"eval_loss": 1.2279585599899292, "eval_accuracy": 0.49959999322891235, "eval_mae": 0.6038, "eval_runtime": 18.4022, "eval_samples_per_second": 271.706}