{"eval_loss": 1.0186456441879272, "eval_accuracy": 0.5812000036239624, "eval_mae": 0.4936, "eval_runtime": 34.5903, "eval_samples_per_second": 144.549}