{"eval_loss": 1.0537136793136597, "eval_accuracy": 0.5266000032424927, "eval_mae": 0.5704, "eval_runtime": 16.8466, "eval_samples_per_second": 296.795}