{"eval_loss": 0.9494595527648926, "eval_accuracy": 0.6074000000953674, "eval_mae": 0.4488, "eval_runtime": 19.294, "eval_samples_per_second": 259.148}