{"eval_loss": 1.229006052017212, "eval_accuracy": 0.5062000155448914, "eval_mae": 0.6214, "eval_runtime": 23.8458, "eval_samples_per_second": 209.681}