{"eval_loss": 1.085321307182312, "eval_accuracy": 0.5758000016212463, "eval_mae": 0.5092, "eval_runtime": 17.034, "eval_samples_per_second": 293.53}