{"eval_loss": 1.437791347503662, "eval_accuracy": 0.4397999942302704, "eval_mae": 0.7262, "eval_runtime": 31.8919, "eval_samples_per_second": 156.78}