{"eval_loss": 1.0116322040557861, "eval_accuracy": 0.579800009727478, "eval_mae": 0.4824, "eval_runtime": 17.4583, "eval_samples_per_second": 286.397}