{"eval_loss": 1.2282123565673828, "eval_accuracy": 0.49939998984336853, "eval_mae": 0.604, "eval_runtime": 18.3493, "eval_samples_per_second": 272.49}