{"eval_loss": 0.9910908937454224, "eval_accuracy": 0.5691999793052673, "eval_mae": 0.5078, "eval_runtime": 17.0066, "eval_samples_per_second": 294.003}