{"eval_loss": 1.00639009475708, "eval_accuracy": 0.5942000150680542, "eval_mae": 0.4672, "eval_runtime": 17.3668, "eval_samples_per_second": 287.906}