{"eval_loss": 1.2424167394638062, "eval_accuracy": 0.5001999735832214, "eval_mae": 0.5952, "eval_runtime": 20.2051, "eval_samples_per_second": 247.463}