{"eval_loss": 1.2416203022003174, "eval_accuracy": 0.5008000135421753, "eval_mae": 0.594, "eval_runtime": 18.5593, "eval_samples_per_second": 269.407}