{"eval_loss": 1.3671629428863525, "eval_accuracy": 0.45739999413490295, "eval_mae": 0.7314, "eval_runtime": 16.355, "eval_samples_per_second": 305.717}