{"eval_loss": 1.0799893140792847, "eval_accuracy": 0.5565999746322632, "eval_mae": 0.5646, "eval_runtime": 22.0183, "eval_samples_per_second": 227.083}