{"eval_loss": 0.9905292987823486, "eval_accuracy": 0.571399986743927, "eval_mae": 0.5058, "eval_runtime": 17.0185, "eval_samples_per_second": 293.797}