{"eval_loss": 1.2964566946029663, "eval_accuracy": 0.4675999879837036, "eval_mae": 0.6818, "eval_runtime": 32.3902, "eval_samples_per_second": 154.368}