{"eval_loss": 1.0534086227416992, "eval_accuracy": 0.5281999707221985, "eval_mae": 0.5698, "eval_runtime": 16.3264, "eval_samples_per_second": 306.253}