{"eval_loss": 1.0123804807662964, "eval_accuracy": 0.5820000171661377, "eval_mae": 0.481, "eval_runtime": 17.4282, "eval_samples_per_second": 286.891}