{"eval_loss": 1.39222252368927, "eval_accuracy": 0.48080000281333923, "eval_mae": 0.6738, "eval_runtime": 23.3774, "eval_samples_per_second": 213.882}