{"eval_loss": 1.0058250427246094, "eval_accuracy": 0.576200008392334, "eval_mae": 0.4956, "eval_runtime": 17.3763, "eval_samples_per_second": 287.748}