{"eval_loss": 1.0178145170211792, "eval_accuracy": 0.5785999894142151, "eval_mae": 0.4836, "eval_runtime": 17.7696, "eval_samples_per_second": 281.379}