{"eval_loss": 1.1472855806350708, "eval_accuracy": 0.5482000112533569, "eval_mae": 0.5822, "eval_runtime": 16.7874, "eval_samples_per_second": 297.842}