{"eval_loss": 1.080198049545288, "eval_accuracy": 0.5559999942779541, "eval_mae": 0.5654, "eval_runtime": 23.4692, "eval_samples_per_second": 213.045}