{"eval_loss": 1.0631766319274902, "eval_accuracy": 0.5568000078201294, "eval_mae": 0.5216, "eval_runtime": 18.3189, "eval_samples_per_second": 272.941}