{"eval_loss": 1.0531866550445557, "eval_accuracy": 0.5270000100135803, "eval_mae": 0.57, "eval_runtime": 16.8594, "eval_samples_per_second": 296.571}