{"eval_loss": 1.0307096242904663, "eval_accuracy": 0.5440000295639038, "eval_mae": 0.5412, "eval_runtime": 16.5427, "eval_samples_per_second": 302.249}