{"eval_loss": 0.9469572305679321, "eval_accuracy": 0.6226000189781189, "eval_mae": 0.428, "eval_runtime": 17.4436, "eval_samples_per_second": 286.638}