{"eval_loss": 0.9555388689041138, "eval_accuracy": 0.6000000238418579, "eval_mae": 0.4634, "eval_runtime": 17.2043, "eval_samples_per_second": 290.624}