{"eval_loss": 0.8889158368110657, "eval_accuracy": 0.6371999979019165, "eval_mae": 0.4134, "eval_runtime": 18.9636, "eval_samples_per_second": 263.663}