{"eval_loss": 1.1762202978134155, "eval_accuracy": 0.5037999749183655, "eval_mae": 0.5922, "eval_runtime": 17.4215, "eval_samples_per_second": 287.001}