{"eval_loss": 1.0542161464691162, "eval_accuracy": 0.5264000296592712, "eval_mae": 0.5698, "eval_runtime": 15.9883, "eval_samples_per_second": 312.728}