{"eval_loss": 0.9557656049728394, "eval_accuracy": 0.5996000170707703, "eval_mae": 0.4634, "eval_runtime": 17.2884, "eval_samples_per_second": 289.211}