{"eval_loss": 0.9607520699501038, "eval_accuracy": 0.5925999879837036, "eval_mae": 0.4836, "eval_runtime": 17.3974, "eval_samples_per_second": 287.398}