{"eval_loss": 0.9478042721748352, "eval_accuracy": 0.5916000008583069, "eval_mae": 0.4714, "eval_runtime": 18.1033, "eval_samples_per_second": 276.193}