{"eval_loss": 1.005344271659851, "eval_accuracy": 0.5756000280380249, "eval_mae": 0.496, "eval_runtime": 17.4256, "eval_samples_per_second": 286.933}