{"eval_loss": 1.0801573991775513, "eval_accuracy": 0.5562000274658203, "eval_mae": 0.565, "eval_runtime": 21.676, "eval_samples_per_second": 230.67}