{"eval_loss": 0.9905484318733215, "eval_accuracy": 0.5694000124931335, "eval_mae": 0.5068, "eval_runtime": 16.1138, "eval_samples_per_second": 310.294}