{"eval_loss": 1.1476331949234009, "eval_accuracy": 0.5491999983787537, "eval_mae": 0.5814, "eval_runtime": 16.7785, "eval_samples_per_second": 298.001}