{"eval_loss": 0.9492476582527161, "eval_accuracy": 0.5898000001907349, "eval_mae": 0.4646, "eval_runtime": 16.2444, "eval_samples_per_second": 307.797}