{"eval_loss": 1.3428823947906494, "eval_accuracy": 0.47540000081062317, "eval_mae": 0.6934, "eval_runtime": 17.0391, "eval_samples_per_second": 293.442}