{"eval_loss": 1.020192265510559, "eval_accuracy": 0.5708000063896179, "eval_mae": 0.5086, "eval_runtime": 17.3166, "eval_samples_per_second": 288.741}