{"eval_loss": 1.046891212463379, "eval_accuracy": 0.5598000288009644, "eval_mae": 0.5098, "eval_runtime": 20.6623, "eval_samples_per_second": 241.986}