{"eval_loss": 1.242426872253418, "eval_accuracy": 0.5005999803543091, "eval_mae": 0.5948, "eval_runtime": 17.8837, "eval_samples_per_second": 279.584}