{"eval_loss": 1.0300565958023071, "eval_accuracy": 0.5450000166893005, "eval_mae": 0.5396, "eval_runtime": 16.5381, "eval_samples_per_second": 302.332}