{"eval_loss": 0.9460137486457825, "eval_accuracy": 0.6057999730110168, "eval_mae": 0.4556, "eval_runtime": 17.1627, "eval_samples_per_second": 291.329}