{"eval_loss": 1.0300787687301636, "eval_accuracy": 0.5429999828338623, "eval_mae": 0.5418, "eval_runtime": 16.7747, "eval_samples_per_second": 298.069}