{"eval_loss": 0.9909866452217102, "eval_accuracy": 0.571399986743927, "eval_mae": 0.5074, "eval_runtime": 17.0559, "eval_samples_per_second": 293.154}