{"eval_loss": 1.0218878984451294, "eval_accuracy": 0.5702000260353088, "eval_mae": 0.508, "eval_runtime": 17.2012, "eval_samples_per_second": 290.677}