{"eval_loss": 1.1556415557861328, "eval_accuracy": 0.49939998984336853, "eval_mae": 0.591, "eval_runtime": 17.517, "eval_samples_per_second": 285.437}