{"eval_loss": 1.2387138605117798, "eval_accuracy": 0.49720001220703125, "eval_mae": 0.6472, "eval_runtime": 19.0837, "eval_samples_per_second": 262.004}