{"eval_loss": 1.006351351737976, "eval_accuracy": 0.5756000280380249, "eval_mae": 0.4956, "eval_runtime": 16.5948, "eval_samples_per_second": 301.3}