{"eval_loss": 1.0046011209487915, "eval_accuracy": 0.5758000016212463, "eval_mae": 0.4956, "eval_runtime": 17.2437, "eval_samples_per_second": 289.961}