{"eval_loss": 1.0146304368972778, "eval_accuracy": 0.5659999847412109, "eval_mae": 0.5068, "eval_runtime": 17.1704, "eval_samples_per_second": 291.199}