{"eval_loss": 1.0862280130386353, "eval_accuracy": 0.5479999780654907, "eval_mae": 0.54, "eval_runtime": 20.841, "eval_samples_per_second": 239.912}