{"eval_loss": 0.9448480606079102, "eval_accuracy": 0.6050000190734863, "eval_mae": 0.4558, "eval_runtime": 17.9905, "eval_samples_per_second": 277.925}