{"eval_loss": 1.0526669025421143, "eval_accuracy": 0.5260000228881836, "eval_mae": 0.571, "eval_runtime": 16.9789, "eval_samples_per_second": 294.484}