{"eval_loss": 0.9558313488960266, "eval_accuracy": 0.6000000238418579, "eval_mae": 0.4632, "eval_runtime": 17.2846, "eval_samples_per_second": 289.275}