{"eval_loss": 1.1478430032730103, "eval_accuracy": 0.5465999841690063, "eval_mae": 0.5834, "eval_runtime": 17.4662, "eval_samples_per_second": 286.267}