{"eval_loss": 0.94437575340271, "eval_accuracy": 0.6064000129699707, "eval_mae": 0.4546, "eval_runtime": 16.7822, "eval_samples_per_second": 297.934}