{"eval_loss": 1.2238329648971558, "eval_accuracy": 0.4927999973297119, "eval_mae": 0.6406, "eval_runtime": 18.8287, "eval_samples_per_second": 265.552}