{"eval_loss": 1.369088053703308, "eval_accuracy": 0.4569999873638153, "eval_mae": 0.7332, "eval_runtime": 17.2276, "eval_samples_per_second": 290.232}