{"eval_loss": 1.0532978773117065, "eval_accuracy": 0.5267999768257141, "eval_mae": 0.5702, "eval_runtime": 16.8485, "eval_samples_per_second": 296.763}