{"eval_loss": 0.9479908347129822, "eval_accuracy": 0.5925999879837036, "eval_mae": 0.47, "eval_runtime": 18.3759, "eval_samples_per_second": 272.095}