{"eval_loss": 1.3517019748687744, "eval_accuracy": 0.483599990606308, "eval_mae": 0.6734, "eval_runtime": 18.5413, "eval_samples_per_second": 269.669}