{"eval_loss": 1.0866652727127075, "eval_accuracy": 0.5486000180244446, "eval_mae": 0.5408, "eval_runtime": 18.3348, "eval_samples_per_second": 272.705}