{"eval_loss": 1.0532076358795166, "eval_accuracy": 0.5275999903678894, "eval_mae": 0.5688, "eval_runtime": 15.9188, "eval_samples_per_second": 314.093}