{"eval_loss": 1.0263077020645142, "eval_accuracy": 0.5537999868392944, "eval_mae": 0.5384, "eval_runtime": 17.3058, "eval_samples_per_second": 288.92}