{"eval_loss": 1.2312936782836914, "eval_accuracy": 0.5059999823570251, "eval_mae": 0.6244, "eval_runtime": 18.9992, "eval_samples_per_second": 263.168}