{"eval_loss": 0.946205198764801, "eval_accuracy": 0.6051999926567078, "eval_mae": 0.4568, "eval_runtime": 17.1974, "eval_samples_per_second": 290.741}