{"eval_loss": 1.0877243280410767, "eval_accuracy": 0.5473999977111816, "eval_mae": 0.5416, "eval_runtime": 20.3844, "eval_samples_per_second": 245.285}