{"eval_loss": 1.392561674118042, "eval_accuracy": 0.48159998655319214, "eval_mae": 0.673, "eval_runtime": 28.8444, "eval_samples_per_second": 173.344}