{"eval_loss": 0.9465117454528809, "eval_accuracy": 0.6033999919891357, "eval_mae": 0.4588, "eval_runtime": 16.1991, "eval_samples_per_second": 308.66}