{"eval_loss": 1.0533541440963745, "eval_accuracy": 0.527400016784668, "eval_mae": 0.57, "eval_runtime": 16.9153, "eval_samples_per_second": 295.591}