{"eval_loss": 0.9907362461090088, "eval_accuracy": 0.5709999799728394, "eval_mae": 0.5074, "eval_runtime": 17.0077, "eval_samples_per_second": 293.984}