{"eval_loss": 1.2398549318313599, "eval_accuracy": 0.4970000088214874, "eval_mae": 0.6468, "eval_runtime": 20.9167, "eval_samples_per_second": 239.043}