{"eval_loss": 1.1507052183151245, "eval_accuracy": 0.5026000142097473, "eval_mae": 0.5882, "eval_runtime": 17.4636, "eval_samples_per_second": 286.31}