{"eval_loss": 1.2397938966751099, "eval_accuracy": 0.49459999799728394, "eval_mae": 0.6498, "eval_runtime": 26.0079, "eval_samples_per_second": 192.249}