{"eval_loss": 1.0301661491394043, "eval_accuracy": 0.5450000166893005, "eval_mae": 0.54, "eval_runtime": 16.4112, "eval_samples_per_second": 304.671}