{"eval_loss": 1.4419175386428833, "eval_accuracy": 0.4406000077724457, "eval_mae": 0.728, "eval_runtime": 21.4531, "eval_samples_per_second": 233.067}