{"eval_loss": 1.2291886806488037, "eval_accuracy": 0.5063999891281128, "eval_mae": 0.6208, "eval_runtime": 19.8688, "eval_samples_per_second": 251.651}