{"eval_loss": 1.3485102653503418, "eval_accuracy": 0.4708000123500824, "eval_mae": 0.69, "eval_runtime": 16.7539, "eval_samples_per_second": 298.438}