{"eval_loss": 0.979362964630127, "eval_accuracy": 0.5813999772071838, "eval_mae": 0.4872, "eval_runtime": 17.4106, "eval_samples_per_second": 287.181}