{"eval_loss": 0.9506974816322327, "eval_accuracy": 0.6205999851226807, "eval_mae": 0.43, "eval_runtime": 17.4975, "eval_samples_per_second": 285.756}