{"eval_loss": 1.1774117946624756, "eval_accuracy": 0.5022000074386597, "eval_mae": 0.5922, "eval_runtime": 17.3615, "eval_samples_per_second": 287.994}