{"eval_loss": 1.0539666414260864, "eval_accuracy": 0.5266000032424927, "eval_mae": 0.5706, "eval_runtime": 16.2615, "eval_samples_per_second": 307.475}