{"eval_loss": 0.9907728433609009, "eval_accuracy": 0.5708000063896179, "eval_mae": 0.508, "eval_runtime": 16.9509, "eval_samples_per_second": 294.969}