{"eval_loss": 1.3485352993011475, "eval_accuracy": 0.47360000014305115, "eval_mae": 0.6872, "eval_runtime": 17.2951, "eval_samples_per_second": 289.1}