{"eval_loss": 1.3420357704162598, "eval_accuracy": 0.47760000824928284, "eval_mae": 0.6912, "eval_runtime": 16.9871, "eval_samples_per_second": 294.341}