{"eval_loss": 1.084306001663208, "eval_accuracy": 0.5753999948501587, "eval_mae": 0.5108, "eval_runtime": 16.1578, "eval_samples_per_second": 309.447}