{"eval_loss": 1.1471630334854126, "eval_accuracy": 0.5529999732971191, "eval_mae": 0.5774, "eval_runtime": 16.8067, "eval_samples_per_second": 297.501}