{"eval_loss": 1.4446839094161987, "eval_accuracy": 0.43939998745918274, "eval_mae": 0.729, "eval_runtime": 18.8739, "eval_samples_per_second": 264.916}