{"eval_loss": 1.02422034740448, "eval_accuracy": 0.5550000071525574, "eval_mae": 0.5358, "eval_runtime": 17.4591, "eval_samples_per_second": 286.384}