{"eval_loss": 1.3432965278625488, "eval_accuracy": 0.475600004196167, "eval_mae": 0.6944, "eval_runtime": 19.2313, "eval_samples_per_second": 259.992}