{"eval_loss": 1.0248879194259644, "eval_accuracy": 0.5558000206947327, "eval_mae": 0.535, "eval_runtime": 17.1518, "eval_samples_per_second": 291.515}