{"eval_loss": 1.021876573562622, "eval_accuracy": 0.5690000057220459, "eval_mae": 0.5084, "eval_runtime": 16.6589, "eval_samples_per_second": 300.139}