{"eval_loss": 1.2982538938522339, "eval_accuracy": 0.46939998865127563, "eval_mae": 0.6806, "eval_runtime": 31.1074, "eval_samples_per_second": 160.733}