{"eval_loss": 0.9556741118431091, "eval_accuracy": 0.599399983882904, "eval_mae": 0.4644, "eval_runtime": 17.6014, "eval_samples_per_second": 284.068}