{"eval_loss": 1.3392382860183716, "eval_accuracy": 0.46880000829696655, "eval_mae": 0.6894, "eval_runtime": 17.8257, "eval_samples_per_second": 280.495}