{"eval_loss": 1.3674039840698242, "eval_accuracy": 0.4575999975204468, "eval_mae": 0.732, "eval_runtime": 17.2715, "eval_samples_per_second": 289.493}