{"eval_loss": 0.947839081287384, "eval_accuracy": 0.6043999791145325, "eval_mae": 0.4522, "eval_runtime": 19.1579, "eval_samples_per_second": 260.988}