{"eval_loss": 0.9476537108421326, "eval_accuracy": 0.5925999879837036, "eval_mae": 0.4702, "eval_runtime": 18.3731, "eval_samples_per_second": 272.137}