{"eval_loss": 1.342427134513855, "eval_accuracy": 0.4745999872684479, "eval_mae": 0.6948, "eval_runtime": 16.2684, "eval_samples_per_second": 307.344}