{"eval_loss": 1.0620383024215698, "eval_accuracy": 0.5576000213623047, "eval_mae": 0.5212, "eval_runtime": 18.2956, "eval_samples_per_second": 273.289}