{"eval_loss": 0.8897992372512817, "eval_accuracy": 0.6363999843597412, "eval_mae": 0.4146, "eval_runtime": 18.9922, "eval_samples_per_second": 263.266}