{"eval_loss": 1.1476062536239624, "eval_accuracy": 0.5479999780654907, "eval_mae": 0.5836, "eval_runtime": 17.4234, "eval_samples_per_second": 286.971}