{"eval_loss": 1.0514123439788818, "eval_accuracy": 0.5249999761581421, "eval_mae": 0.5696, "eval_runtime": 16.0268, "eval_samples_per_second": 311.978}