{"eval_loss": 1.238687515258789, "eval_accuracy": 0.49779999256134033, "eval_mae": 0.6466, "eval_runtime": 29.2934, "eval_samples_per_second": 170.687}