{"eval_loss": 1.146627426147461, "eval_accuracy": 0.548799991607666, "eval_mae": 0.5818, "eval_runtime": 17.5247, "eval_samples_per_second": 285.312}