{"eval_loss": 0.8896613121032715, "eval_accuracy": 0.6366000175476074, "eval_mae": 0.4144, "eval_runtime": 20.0781, "eval_samples_per_second": 249.028}