{"eval_loss": 1.0637614727020264, "eval_accuracy": 0.5582000017166138, "eval_mae": 0.5208, "eval_runtime": 18.3908, "eval_samples_per_second": 271.875}