{"eval_loss": 1.0070523023605347, "eval_accuracy": 0.5932000279426575, "eval_mae": 0.468, "eval_runtime": 17.3263, "eval_samples_per_second": 288.579}