{"eval_loss": 1.0242059230804443, "eval_accuracy": 0.5812000036239624, "eval_mae": 0.4826, "eval_runtime": 17.4103, "eval_samples_per_second": 287.186}