{"eval_loss": 1.2465964555740356, "eval_accuracy": 0.49900001287460327, "eval_mae": 0.5948, "eval_runtime": 18.841, "eval_samples_per_second": 265.378}