{"eval_loss": 1.0178228616714478, "eval_accuracy": 0.5789999961853027, "eval_mae": 0.4832, "eval_runtime": 16.9819, "eval_samples_per_second": 294.431}