{"eval_loss": 0.9902623295783997, "eval_accuracy": 0.5723999738693237, "eval_mae": 0.5066, "eval_runtime": 16.2235, "eval_samples_per_second": 308.195}