{"eval_loss": 1.4403574466705322, "eval_accuracy": 0.43959999084472656, "eval_mae": 0.729, "eval_runtime": 18.8368, "eval_samples_per_second": 265.438}