{"eval_loss": 1.0810072422027588, "eval_accuracy": 0.5526000261306763, "eval_mae": 0.5348, "eval_runtime": 32.8762, "eval_samples_per_second": 152.086}