{"eval_loss": 1.061846137046814, "eval_accuracy": 0.557200014591217, "eval_mae": 0.5206, "eval_runtime": 18.2823, "eval_samples_per_second": 273.489}