{"eval_loss": 1.0211843252182007, "eval_accuracy": 0.5712000131607056, "eval_mae": 0.5064, "eval_runtime": 17.2752, "eval_samples_per_second": 289.432}