{"eval_loss": 1.2424863576889038, "eval_accuracy": 0.5005999803543091, "eval_mae": 0.5938, "eval_runtime": 19.3576, "eval_samples_per_second": 258.297}