{"eval_loss": 0.945336103439331, "eval_accuracy": 0.6057999730110168, "eval_mae": 0.455, "eval_runtime": 17.1883, "eval_samples_per_second": 290.896}