{"eval_loss": 0.9599990248680115, "eval_accuracy": 0.5943999886512756, "eval_mae": 0.481, "eval_runtime": 17.3016, "eval_samples_per_second": 288.99}