{"eval_loss": 1.3663748502731323, "eval_accuracy": 0.45840001106262207, "eval_mae": 0.731, "eval_runtime": 16.6772, "eval_samples_per_second": 299.811}