{"eval_loss": 1.053695797920227, "eval_accuracy": 0.5270000100135803, "eval_mae": 0.5702, "eval_runtime": 16.9224, "eval_samples_per_second": 295.466}