{"eval_loss": 1.063085913658142, "eval_accuracy": 0.5568000078201294, "eval_mae": 0.5224, "eval_runtime": 18.3372, "eval_samples_per_second": 272.67}