{"eval_loss": 0.9492754936218262, "eval_accuracy": 0.5929999947547913, "eval_mae": 0.47, "eval_runtime": 18.2902, "eval_samples_per_second": 273.371}