{"eval_loss": 0.889373242855072, "eval_accuracy": 0.6349999904632568, "eval_mae": 0.4158, "eval_runtime": 18.7561, "eval_samples_per_second": 266.58}