{"eval_loss": 1.0192322731018066, "eval_accuracy": 0.5813999772071838, "eval_mae": 0.4936, "eval_runtime": 19.821, "eval_samples_per_second": 252.257}