{"eval_loss": 0.8895676732063293, "eval_accuracy": 0.6362000107765198, "eval_mae": 0.4148, "eval_runtime": 22.1867, "eval_samples_per_second": 225.36}