{"eval_loss": 1.0467488765716553, "eval_accuracy": 0.5591999888420105, "eval_mae": 0.5098, "eval_runtime": 18.3413, "eval_samples_per_second": 272.609}