{"eval_loss": 0.961463212966919, "eval_accuracy": 0.5924000144004822, "eval_mae": 0.483, "eval_runtime": 17.3955, "eval_samples_per_second": 287.431}