{"eval_loss": 1.0116299390792847, "eval_accuracy": 0.5802000164985657, "eval_mae": 0.4816, "eval_runtime": 16.2922, "eval_samples_per_second": 306.896}