{"eval_loss": 1.0188701152801514, "eval_accuracy": 0.5813999772071838, "eval_mae": 0.4936, "eval_runtime": 30.275, "eval_samples_per_second": 165.153}