{"eval_loss": 1.3671544790267944, "eval_accuracy": 0.45879998803138733, "eval_mae": 0.7304, "eval_runtime": 17.3282, "eval_samples_per_second": 288.548}