{"eval_loss": 1.2390415668487549, "eval_accuracy": 0.4968000054359436, "eval_mae": 0.6478, "eval_runtime": 28.9001, "eval_samples_per_second": 173.01}