{"eval_loss": 1.085839033126831, "eval_accuracy": 0.5479999780654907, "eval_mae": 0.5404, "eval_runtime": 27.6297, "eval_samples_per_second": 180.965}