{"eval_loss": 1.355960488319397, "eval_accuracy": 0.483599990606308, "eval_mae": 0.6706, "eval_runtime": 18.6126, "eval_samples_per_second": 268.635}