{"eval_loss": 1.004530906677246, "eval_accuracy": 0.5759999752044678, "eval_mae": 0.4954, "eval_runtime": 17.2032, "eval_samples_per_second": 290.644}