{"eval_loss": 1.2420960664749146, "eval_accuracy": 0.5001999735832214, "eval_mae": 0.5952, "eval_runtime": 19.5034, "eval_samples_per_second": 256.366}