{"eval_loss": 1.0117870569229126, "eval_accuracy": 0.5802000164985657, "eval_mae": 0.4816, "eval_runtime": 16.882, "eval_samples_per_second": 296.173}