{"eval_loss": 1.2216322422027588, "eval_accuracy": 0.5009999871253967, "eval_mae": 0.6002, "eval_runtime": 18.3947, "eval_samples_per_second": 271.817}