{"eval_loss": 1.157627820968628, "eval_accuracy": 0.49619999527931213, "eval_mae": 0.595, "eval_runtime": 17.5241, "eval_samples_per_second": 285.322}