{"eval_loss": 1.147225260734558, "eval_accuracy": 0.5486000180244446, "eval_mae": 0.5822, "eval_runtime": 16.7122, "eval_samples_per_second": 299.183}