{"eval_loss": 1.0784752368927002, "eval_accuracy": 0.5586000084877014, "eval_mae": 0.5306, "eval_runtime": 18.593, "eval_samples_per_second": 268.918}