{"eval_loss": 1.0530625581741333, "eval_accuracy": 0.5284000039100647, "eval_mae": 0.5696, "eval_runtime": 16.2881, "eval_samples_per_second": 306.972}