{"eval_loss": 1.0152267217636108, "eval_accuracy": 0.5676000118255615, "eval_mae": 0.5042, "eval_runtime": 16.4144, "eval_samples_per_second": 304.611}