{"eval_loss": 1.296709656715393, "eval_accuracy": 0.46779999136924744, "eval_mae": 0.6816, "eval_runtime": 21.0987, "eval_samples_per_second": 236.981}