{"eval_loss": 1.005895733833313, "eval_accuracy": 0.5770000219345093, "eval_mae": 0.4942, "eval_runtime": 16.5568, "eval_samples_per_second": 301.99}