{"eval_loss": 1.0213369131088257, "eval_accuracy": 0.5708000063896179, "eval_mae": 0.5078, "eval_runtime": 16.4619, "eval_samples_per_second": 303.732}