{"eval_loss": 1.3518937826156616, "eval_accuracy": 0.4830000102519989, "eval_mae": 0.6716, "eval_runtime": 18.2974, "eval_samples_per_second": 273.263}