{"eval_loss": 1.0860483646392822, "eval_accuracy": 0.5478000044822693, "eval_mae": 0.541, "eval_runtime": 22.5388, "eval_samples_per_second": 221.839}