{"eval_loss": 1.228088140487671, "eval_accuracy": 0.49959999322891235, "eval_mae": 0.6046, "eval_runtime": 18.4291, "eval_samples_per_second": 271.31}