{"eval_loss": 1.1540390253067017, "eval_accuracy": 0.5004000067710876, "eval_mae": 0.59, "eval_runtime": 17.3201, "eval_samples_per_second": 288.683}