{"eval_loss": 1.0171022415161133, "eval_accuracy": 0.5788000226020813, "eval_mae": 0.4964, "eval_runtime": 28.8761, "eval_samples_per_second": 173.153}