{"eval_loss": 1.086166262626648, "eval_accuracy": 0.5475999712944031, "eval_mae": 0.5414, "eval_runtime": 29.9523, "eval_samples_per_second": 166.932}