{"eval_loss": 0.9343878626823425, "eval_accuracy": 0.6018000245094299, "eval_mae": 0.4538, "eval_runtime": 17.0525, "eval_samples_per_second": 293.212}