{"eval_loss": 1.2320547103881836, "eval_accuracy": 0.49540001153945923, "eval_mae": 0.6072, "eval_runtime": 18.0454, "eval_samples_per_second": 277.079}