{"eval_loss": 1.079763650894165, "eval_accuracy": 0.5573999881744385, "eval_mae": 0.5646, "eval_runtime": 33.7858, "eval_samples_per_second": 147.991}