{"eval_loss": 1.0079237222671509, "eval_accuracy": 0.5813999772071838, "eval_mae": 0.4816, "eval_runtime": 17.4664, "eval_samples_per_second": 286.264}