{"eval_loss": 0.9458989500999451, "eval_accuracy": 0.6068000197410583, "eval_mae": 0.4536, "eval_runtime": 16.6061, "eval_samples_per_second": 301.093}