{"eval_loss": 1.3519580364227295, "eval_accuracy": 0.48339998722076416, "eval_mae": 0.6708, "eval_runtime": 17.796, "eval_samples_per_second": 280.962}