{"eval_loss": 1.0100536346435547, "eval_accuracy": 0.5785999894142151, "eval_mae": 0.4828, "eval_runtime": 17.123, "eval_samples_per_second": 292.004}