{"eval_loss": 0.9609876871109009, "eval_accuracy": 0.5916000008583069, "eval_mae": 0.4854, "eval_runtime": 17.3601, "eval_samples_per_second": 288.018}