{"eval_loss": 1.1562283039093018, "eval_accuracy": 0.4986000061035156, "eval_mae": 0.5918, "eval_runtime": 17.3107, "eval_samples_per_second": 288.839}