{"eval_loss": 0.9358375072479248, "eval_accuracy": 0.6025999784469604, "eval_mae": 0.453, "eval_runtime": 17.0109, "eval_samples_per_second": 293.929}