{"eval_loss": 1.297717809677124, "eval_accuracy": 0.46720001101493835, "eval_mae": 0.6824, "eval_runtime": 20.5305, "eval_samples_per_second": 243.54}