{"eval_loss": 1.2962487936019897, "eval_accuracy": 0.4681999981403351, "eval_mae": 0.6814, "eval_runtime": 19.7534, "eval_samples_per_second": 253.121}