{"eval_loss": 0.9472310543060303, "eval_accuracy": 0.5935999751091003, "eval_mae": 0.4686, "eval_runtime": 18.5203, "eval_samples_per_second": 269.974}