{"eval_loss": 0.9358702301979065, "eval_accuracy": 0.6018000245094299, "eval_mae": 0.454, "eval_runtime": 17.0768, "eval_samples_per_second": 292.794}