{"eval_loss": 0.9466127157211304, "eval_accuracy": 0.6065999865531921, "eval_mae": 0.4554, "eval_runtime": 16.4012, "eval_samples_per_second": 304.856}