{"eval_loss": 1.2440345287322998, "eval_accuracy": 0.5008000135421753, "eval_mae": 0.5942, "eval_runtime": 18.9571, "eval_samples_per_second": 263.754}