{"eval_loss": 1.0297691822052002, "eval_accuracy": 0.545799970626831, "eval_mae": 0.5394, "eval_runtime": 16.7055, "eval_samples_per_second": 299.302}