{"eval_loss": 0.9364854693412781, "eval_accuracy": 0.6011999845504761, "eval_mae": 0.4548, "eval_runtime": 16.1243, "eval_samples_per_second": 310.091}