{"eval_loss": 1.0809175968170166, "eval_accuracy": 0.5564000010490417, "eval_mae": 0.566, "eval_runtime": 20.3884, "eval_samples_per_second": 245.238}