{"eval_loss": 1.0116734504699707, "eval_accuracy": 0.5803999900817871, "eval_mae": 0.4812, "eval_runtime": 17.4678, "eval_samples_per_second": 286.24}