{"eval_loss": 1.3595468997955322, "eval_accuracy": 0.45739999413490295, "eval_mae": 0.7312, "eval_runtime": 17.1962, "eval_samples_per_second": 290.762}