{"eval_loss": 1.1472090482711792, "eval_accuracy": 0.5490000247955322, "eval_mae": 0.581, "eval_runtime": 17.3523, "eval_samples_per_second": 288.147}