{"eval_loss": 1.3395215272903442, "eval_accuracy": 0.4697999954223633, "eval_mae": 0.69, "eval_runtime": 17.3299, "eval_samples_per_second": 288.519}