{"eval_loss": 0.9620492458343506, "eval_accuracy": 0.5914000272750854, "eval_mae": 0.4852, "eval_runtime": 17.2866, "eval_samples_per_second": 289.242}