{"eval_loss": 1.0785752534866333, "eval_accuracy": 0.5583999752998352, "eval_mae": 0.531, "eval_runtime": 18.8584, "eval_samples_per_second": 265.134}