{"eval_loss": 1.2965760231018066, "eval_accuracy": 0.46799999475479126, "eval_mae": 0.6816, "eval_runtime": 33.2336, "eval_samples_per_second": 150.45}