{"eval_loss": 1.3388091325759888, "eval_accuracy": 0.4674000144004822, "eval_mae": 0.6892, "eval_runtime": 25.0635, "eval_samples_per_second": 199.493}