{"eval_loss": 0.9609145522117615, "eval_accuracy": 0.592199981212616, "eval_mae": 0.4844, "eval_runtime": 17.2336, "eval_samples_per_second": 290.131}