{"eval_loss": 0.9507518410682678, "eval_accuracy": 0.6205999851226807, "eval_mae": 0.4292, "eval_runtime": 17.3783, "eval_samples_per_second": 287.716}