{"eval_loss": 0.9480076432228088, "eval_accuracy": 0.5916000008583069, "eval_mae": 0.4714, "eval_runtime": 18.6153, "eval_samples_per_second": 268.596}