{"eval_loss": 1.3482433557510376, "eval_accuracy": 0.47279998660087585, "eval_mae": 0.6886, "eval_runtime": 17.31, "eval_samples_per_second": 288.851}