{"eval_loss": 1.2333165407180786, "eval_accuracy": 0.49779999256134033, "eval_mae": 0.5968, "eval_runtime": 18.6551, "eval_samples_per_second": 268.023}