{"eval_loss": 1.084275722503662, "eval_accuracy": 0.5763999819755554, "eval_mae": 0.5086, "eval_runtime": 16.5972, "eval_samples_per_second": 301.255}