{"eval_loss": 0.9497547149658203, "eval_accuracy": 0.6082000136375427, "eval_mae": 0.4482, "eval_runtime": 23.2821, "eval_samples_per_second": 214.757}