{"eval_loss": 1.3925665616989136, "eval_accuracy": 0.4805999994277954, "eval_mae": 0.6738, "eval_runtime": 32.0994, "eval_samples_per_second": 155.766}