{"eval_loss": 1.3526992797851562, "eval_accuracy": 0.4830000102519989, "eval_mae": 0.6718, "eval_runtime": 20.4828, "eval_samples_per_second": 244.107}