{"eval_loss": 1.0221999883651733, "eval_accuracy": 0.569599986076355, "eval_mae": 0.5082, "eval_runtime": 26.1941, "eval_samples_per_second": 190.882}