{"eval_loss": 1.0196800231933594, "eval_accuracy": 0.578000009059906, "eval_mae": 0.4846, "eval_runtime": 17.5417, "eval_samples_per_second": 285.035}