{"eval_loss": 1.343294382095337, "eval_accuracy": 0.4742000102996826, "eval_mae": 0.6952, "eval_runtime": 16.3697, "eval_samples_per_second": 305.443}