{"eval_loss": 1.0211018323898315, "eval_accuracy": 0.569599986076355, "eval_mae": 0.5094, "eval_runtime": 17.1805, "eval_samples_per_second": 291.027}