{"eval_loss": 1.0028284788131714, "eval_accuracy": 0.5943999886512756, "eval_mae": 0.4662, "eval_runtime": 17.2705, "eval_samples_per_second": 289.511}