{"eval_loss": 1.2243521213531494, "eval_accuracy": 0.4973999857902527, "eval_mae": 0.6432, "eval_runtime": 18.4988, "eval_samples_per_second": 270.288}