{"eval_loss": 1.0192828178405762, "eval_accuracy": 0.5807999968528748, "eval_mae": 0.4952, "eval_runtime": 21.2089, "eval_samples_per_second": 235.75}