{"eval_loss": 1.0066951513290405, "eval_accuracy": 0.5929999947547913, "eval_mae": 0.4684, "eval_runtime": 17.2345, "eval_samples_per_second": 290.116}