{"eval_loss": 1.044193983078003, "eval_accuracy": 0.5613999962806702, "eval_mae": 0.5078, "eval_runtime": 18.5167, "eval_samples_per_second": 270.027}