{"eval_loss": 1.1474483013153076, "eval_accuracy": 0.5490000247955322, "eval_mae": 0.5816, "eval_runtime": 16.4513, "eval_samples_per_second": 303.927}