{"eval_loss": 1.061873197555542, "eval_accuracy": 0.5598000288009644, "eval_mae": 0.5192, "eval_runtime": 18.3221, "eval_samples_per_second": 272.895}