{"eval_loss": 1.063218116760254, "eval_accuracy": 0.5580000281333923, "eval_mae": 0.5206, "eval_runtime": 18.3508, "eval_samples_per_second": 272.468}