{"eval_loss": 0.9565539360046387, "eval_accuracy": 0.5996000170707703, "eval_mae": 0.4632, "eval_runtime": 17.3742, "eval_samples_per_second": 287.783}