{"eval_loss": 1.2236380577087402, "eval_accuracy": 0.5027999877929688, "eval_mae": 0.599, "eval_runtime": 18.3629, "eval_samples_per_second": 272.288}