{"eval_loss": 1.3526415824890137, "eval_accuracy": 0.4832000136375427, "eval_mae": 0.6704, "eval_runtime": 22.5024, "eval_samples_per_second": 222.199}