{"eval_loss": 1.226651906967163, "eval_accuracy": 0.5023999810218811, "eval_mae": 0.6004, "eval_runtime": 18.2099, "eval_samples_per_second": 274.576}