{"eval_loss": 1.35953688621521, "eval_accuracy": 0.4596000015735626, "eval_mae": 0.7294, "eval_runtime": 16.6931, "eval_samples_per_second": 299.526}