{"eval_loss": 1.0863968133926392, "eval_accuracy": 0.5490000247955322, "eval_mae": 0.5394, "eval_runtime": 20.5425, "eval_samples_per_second": 243.398}