{"eval_loss": 1.3470906019210815, "eval_accuracy": 0.4731999933719635, "eval_mae": 0.6884, "eval_runtime": 17.4439, "eval_samples_per_second": 286.634}