{"eval_loss": 1.0248222351074219, "eval_accuracy": 0.5564000010490417, "eval_mae": 0.5354, "eval_runtime": 17.3227, "eval_samples_per_second": 288.639}