{"eval_loss": 1.0186607837677002, "eval_accuracy": 0.5813999772071838, "eval_mae": 0.4936, "eval_runtime": 27.2824, "eval_samples_per_second": 183.268}