{"eval_loss": 1.085350751876831, "eval_accuracy": 0.5752000212669373, "eval_mae": 0.5112, "eval_runtime": 16.4323, "eval_samples_per_second": 304.279}