{"eval_loss": 0.9565252065658569, "eval_accuracy": 0.5989999771118164, "eval_mae": 0.465, "eval_runtime": 17.4173, "eval_samples_per_second": 287.07}