{"eval_loss": 1.3912113904953003, "eval_accuracy": 0.48159998655319214, "eval_mae": 0.6732, "eval_runtime": 34.6547, "eval_samples_per_second": 144.281}