{"eval_loss": 0.9485750794410706, "eval_accuracy": 0.5907999873161316, "eval_mae": 0.463, "eval_runtime": 16.2032, "eval_samples_per_second": 308.582}