{"eval_loss": 0.9609447121620178, "eval_accuracy": 0.5932000279426575, "eval_mae": 0.4844, "eval_runtime": 17.3367, "eval_samples_per_second": 288.406}