{"eval_loss": 1.439719796180725, "eval_accuracy": 0.44040000438690186, "eval_mae": 0.727, "eval_runtime": 37.0927, "eval_samples_per_second": 134.797}