{"eval_loss": 1.0167479515075684, "eval_accuracy": 0.5789999961853027, "eval_mae": 0.483, "eval_runtime": 17.4472, "eval_samples_per_second": 286.579}