{"eval_loss": 1.0178325176239014, "eval_accuracy": 0.578000009059906, "eval_mae": 0.4846, "eval_runtime": 17.521, "eval_samples_per_second": 285.371}