{"eval_loss": 1.1501880884170532, "eval_accuracy": 0.5493999719619751, "eval_mae": 0.5798, "eval_runtime": 17.3653, "eval_samples_per_second": 287.93}