{"eval_loss": 1.0250980854034424, "eval_accuracy": 0.5551999807357788, "eval_mae": 0.5364, "eval_runtime": 17.7033, "eval_samples_per_second": 282.433}