{"eval_loss": 1.0182945728302002, "eval_accuracy": 0.5788000226020813, "eval_mae": 0.4836, "eval_runtime": 17.4701, "eval_samples_per_second": 286.204}