{"eval_loss": 1.146126389503479, "eval_accuracy": 0.5490000247955322, "eval_mae": 0.582, "eval_runtime": 17.4793, "eval_samples_per_second": 286.052}