{"eval_loss": 1.1568068265914917, "eval_accuracy": 0.49939998984336853, "eval_mae": 0.5898, "eval_runtime": 16.6815, "eval_samples_per_second": 299.733}