{"eval_loss": 1.2408312559127808, "eval_accuracy": 0.5019999742507935, "eval_mae": 0.5922, "eval_runtime": 18.9987, "eval_samples_per_second": 263.176}