{"eval_loss": 1.0152287483215332, "eval_accuracy": 0.5651999711990356, "eval_mae": 0.5106, "eval_runtime": 17.0983, "eval_samples_per_second": 292.426}