{"eval_loss": 1.019239902496338, "eval_accuracy": 0.5830000042915344, "eval_mae": 0.492, "eval_runtime": 18.5607, "eval_samples_per_second": 269.387}