{"eval_loss": 1.0626652240753174, "eval_accuracy": 0.5564000010490417, "eval_mae": 0.523, "eval_runtime": 18.3512, "eval_samples_per_second": 272.461}