{"eval_loss": 0.9478343725204468, "eval_accuracy": 0.5917999744415283, "eval_mae": 0.471, "eval_runtime": 38.6603, "eval_samples_per_second": 129.332}