{"eval_loss": 1.0214630365371704, "eval_accuracy": 0.5699999928474426, "eval_mae": 0.5086, "eval_runtime": 17.3262, "eval_samples_per_second": 288.581}