{"eval_loss": 1.3924249410629272, "eval_accuracy": 0.48179998993873596, "eval_mae": 0.673, "eval_runtime": 19.811, "eval_samples_per_second": 252.384}