{"eval_loss": 1.0054653882980347, "eval_accuracy": 0.5756000280380249, "eval_mae": 0.496, "eval_runtime": 17.1928, "eval_samples_per_second": 290.82}