{"eval_loss": 1.0450972318649292, "eval_accuracy": 0.5612000226974487, "eval_mae": 0.508, "eval_runtime": 18.5609, "eval_samples_per_second": 269.384}