{"eval_loss": 0.9466575980186462, "eval_accuracy": 0.603600025177002, "eval_mae": 0.4576, "eval_runtime": 17.1775, "eval_samples_per_second": 291.078}