{"eval_loss": 1.084911584854126, "eval_accuracy": 0.5745999813079834, "eval_mae": 0.511, "eval_runtime": 16.4136, "eval_samples_per_second": 304.626}