{"eval_loss": 1.0221235752105713, "eval_accuracy": 0.5694000124931335, "eval_mae": 0.5088, "eval_runtime": 17.3386, "eval_samples_per_second": 288.374}