{"eval_loss": 1.0849474668502808, "eval_accuracy": 0.5745999813079834, "eval_mae": 0.511, "eval_runtime": 17.2275, "eval_samples_per_second": 290.233}