{"eval_loss": 1.0221155881881714, "eval_accuracy": 0.569599986076355, "eval_mae": 0.5096, "eval_runtime": 17.2529, "eval_samples_per_second": 289.807}