{"eval_loss": 0.9495878219604492, "eval_accuracy": 0.6064000129699707, "eval_mae": 0.4496, "eval_runtime": 18.3334, "eval_samples_per_second": 272.726}