{"eval_loss": 0.9915924072265625, "eval_accuracy": 0.5705999732017517, "eval_mae": 0.5066, "eval_runtime": 17.1648, "eval_samples_per_second": 291.294}