{"eval_loss": 1.4429148435592651, "eval_accuracy": 0.4397999942302704, "eval_mae": 0.7292, "eval_runtime": 27.1874, "eval_samples_per_second": 183.909}