{"eval_loss": 1.0179840326309204, "eval_accuracy": 0.5848000049591064, "eval_mae": 0.4908, "eval_runtime": 25.3012, "eval_samples_per_second": 197.619}