{"eval_loss": 1.4294415712356567, "eval_accuracy": 0.4440000057220459, "eval_mae": 0.7182, "eval_runtime": 19.1843, "eval_samples_per_second": 260.629}