{"eval_loss": 0.9606074094772339, "eval_accuracy": 0.5924000144004822, "eval_mae": 0.4844, "eval_runtime": 17.3167, "eval_samples_per_second": 288.739}