{"eval_loss": 0.949474036693573, "eval_accuracy": 0.6068000197410583, "eval_mae": 0.4494, "eval_runtime": 19.6273, "eval_samples_per_second": 254.747}