{"eval_loss": 1.0628652572631836, "eval_accuracy": 0.5580000281333923, "eval_mae": 0.52, "eval_runtime": 18.3225, "eval_samples_per_second": 272.888}