{"eval_loss": 1.2154021263122559, "eval_accuracy": 0.5072000026702881, "eval_mae": 0.6156, "eval_runtime": 19.1605, "eval_samples_per_second": 260.953}