{"eval_loss": 1.2246283292770386, "eval_accuracy": 0.4966000020503998, "eval_mae": 0.6046, "eval_runtime": 17.7551, "eval_samples_per_second": 281.61}