{"eval_loss": 1.0639441013336182, "eval_accuracy": 0.5577999949455261, "eval_mae": 0.5216, "eval_runtime": 18.6314, "eval_samples_per_second": 268.364}