{"eval_loss": 0.9561405181884766, "eval_accuracy": 0.5942000150680542, "eval_mae": 0.479, "eval_runtime": 17.5765, "eval_samples_per_second": 284.47}