{"eval_loss": 1.0853385925292969, "eval_accuracy": 0.5738000273704529, "eval_mae": 0.5112, "eval_runtime": 16.9975, "eval_samples_per_second": 294.162}