{"eval_loss": 1.1791471242904663, "eval_accuracy": 0.5034000277519226, "eval_mae": 0.5924, "eval_runtime": 16.8733, "eval_samples_per_second": 296.326}