{"eval_loss": 0.9494168162345886, "eval_accuracy": 0.6209999918937683, "eval_mae": 0.4286, "eval_runtime": 17.4357, "eval_samples_per_second": 286.769}