{"eval_loss": 1.2277981042861938, "eval_accuracy": 0.49939998984336853, "eval_mae": 0.6034, "eval_runtime": 18.5098, "eval_samples_per_second": 270.127}