{"eval_loss": 1.0645653009414673, "eval_accuracy": 0.5583999752998352, "eval_mae": 0.5216, "eval_runtime": 18.4216, "eval_samples_per_second": 271.42}