{"eval_loss": 1.0633774995803833, "eval_accuracy": 0.5568000078201294, "eval_mae": 0.5224, "eval_runtime": 18.3063, "eval_samples_per_second": 273.13}