{"eval_loss": 1.366355061531067, "eval_accuracy": 0.45879998803138733, "eval_mae": 0.7306, "eval_runtime": 17.3191, "eval_samples_per_second": 288.699}