{"eval_loss": 1.0189476013183594, "eval_accuracy": 0.5812000036239624, "eval_mae": 0.4936, "eval_runtime": 19.6441, "eval_samples_per_second": 254.529}