{"eval_loss": 1.3671456575393677, "eval_accuracy": 0.4580000042915344, "eval_mae": 0.7314, "eval_runtime": 17.3614, "eval_samples_per_second": 287.994}