{"eval_loss": 0.9508368372917175, "eval_accuracy": 0.6204000115394592, "eval_mae": 0.4286, "eval_runtime": 17.3538, "eval_samples_per_second": 288.121}