{"eval_loss": 0.9908027052879333, "eval_accuracy": 0.5705999732017517, "eval_mae": 0.509, "eval_runtime": 16.1827, "eval_samples_per_second": 308.972}