{"eval_loss": 1.084745168685913, "eval_accuracy": 0.5738000273704529, "eval_mae": 0.5112, "eval_runtime": 17.0087, "eval_samples_per_second": 293.968}