{"eval_loss": 1.0241936445236206, "eval_accuracy": 0.5550000071525574, "eval_mae": 0.5352, "eval_runtime": 17.3363, "eval_samples_per_second": 288.411}