{"eval_loss": 0.9908603429794312, "eval_accuracy": 0.5685999989509583, "eval_mae": 0.5074, "eval_runtime": 16.5619, "eval_samples_per_second": 301.898}