{"eval_loss": 1.0860155820846558, "eval_accuracy": 0.5475999712944031, "eval_mae": 0.5412, "eval_runtime": 30.941, "eval_samples_per_second": 161.598}