{"eval_loss": 1.0809319019317627, "eval_accuracy": 0.5591999888420105, "eval_mae": 0.5616, "eval_runtime": 18.5845, "eval_samples_per_second": 269.041}