{"eval_loss": 1.3530470132827759, "eval_accuracy": 0.483599990606308, "eval_mae": 0.6704, "eval_runtime": 17.7961, "eval_samples_per_second": 280.96}