{"eval_loss": 1.0066196918487549, "eval_accuracy": 0.5925999879837036, "eval_mae": 0.4688, "eval_runtime": 17.1943, "eval_samples_per_second": 290.794}