{"eval_loss": 1.4399027824401855, "eval_accuracy": 0.4392000138759613, "eval_mae": 0.7284, "eval_runtime": 18.932, "eval_samples_per_second": 264.103}