{"eval_loss": 1.0794322490692139, "eval_accuracy": 0.5540000200271606, "eval_mae": 0.5682, "eval_runtime": 18.8138, "eval_samples_per_second": 265.762}