{"eval_loss": 1.3456320762634277, "eval_accuracy": 0.4715999960899353, "eval_mae": 0.6886, "eval_runtime": 17.313, "eval_samples_per_second": 288.801}