{"eval_loss": 1.0111435651779175, "eval_accuracy": 0.5799999833106995, "eval_mae": 0.4824, "eval_runtime": 16.6108, "eval_samples_per_second": 301.008}