{"eval_loss": 1.0209060907363892, "eval_accuracy": 0.5691999793052673, "eval_mae": 0.5068, "eval_runtime": 16.7047, "eval_samples_per_second": 299.317}