{"eval_loss": 1.0531948804855347, "eval_accuracy": 0.5270000100135803, "eval_mae": 0.5698, "eval_runtime": 15.9618, "eval_samples_per_second": 313.248}