{"eval_loss": 1.228629469871521, "eval_accuracy": 0.5062000155448914, "eval_mae": 0.6212, "eval_runtime": 29.4512, "eval_samples_per_second": 169.772}