{"eval_loss": 1.018664836883545, "eval_accuracy": 0.5812000036239624, "eval_mae": 0.4938, "eval_runtime": 18.7477, "eval_samples_per_second": 266.7}