{"eval_loss": 1.2268893718719482, "eval_accuracy": 0.5080000162124634, "eval_mae": 0.6204, "eval_runtime": 19.1743, "eval_samples_per_second": 260.765}