{"eval_loss": 1.1569463014602661, "eval_accuracy": 0.4991999864578247, "eval_mae": 0.5912, "eval_runtime": 16.4091, "eval_samples_per_second": 304.708}