{"eval_loss": 0.9556055665016174, "eval_accuracy": 0.6003999710083008, "eval_mae": 0.4618, "eval_runtime": 17.2648, "eval_samples_per_second": 289.607}