{"eval_loss": 0.9491925835609436, "eval_accuracy": 0.5896000266075134, "eval_mae": 0.4642, "eval_runtime": 16.5309, "eval_samples_per_second": 302.465}