{"eval_loss": 1.0283007621765137, "eval_accuracy": 0.5422000288963318, "eval_mae": 0.5424, "eval_runtime": 17.3245, "eval_samples_per_second": 288.609}