{"eval_loss": 1.3488293886184692, "eval_accuracy": 0.4722000062465668, "eval_mae": 0.6908, "eval_runtime": 17.3346, "eval_samples_per_second": 288.441}