{"eval_loss": 1.3432215452194214, "eval_accuracy": 0.4747999906539917, "eval_mae": 0.6944, "eval_runtime": 17.0024, "eval_samples_per_second": 294.076}