{"eval_loss": 1.0545483827590942, "eval_accuracy": 0.5267999768257141, "eval_mae": 0.572, "eval_runtime": 16.8829, "eval_samples_per_second": 296.158}