{"eval_loss": 0.9571560621261597, "eval_accuracy": 0.5996000170707703, "eval_mae": 0.4638, "eval_runtime": 17.4712, "eval_samples_per_second": 286.185}