{"eval_loss": 0.9788402318954468, "eval_accuracy": 0.5821999907493591, "eval_mae": 0.4876, "eval_runtime": 17.2748, "eval_samples_per_second": 289.439}