{"eval_loss": 1.0544755458831787, "eval_accuracy": 0.5264000296592712, "eval_mae": 0.5702, "eval_runtime": 16.2688, "eval_samples_per_second": 307.336}