{"eval_loss": 1.392197608947754, "eval_accuracy": 0.4814000129699707, "eval_mae": 0.6732, "eval_runtime": 32.0936, "eval_samples_per_second": 155.794}