{"eval_loss": 0.9904354214668274, "eval_accuracy": 0.5712000131607056, "eval_mae": 0.5082, "eval_runtime": 16.1799, "eval_samples_per_second": 309.026}