{"eval_loss": 0.8918271660804749, "eval_accuracy": 0.6353999972343445, "eval_mae": 0.4174, "eval_runtime": 17.9372, "eval_samples_per_second": 278.75}