{"eval_loss": 1.0048317909240723, "eval_accuracy": 0.574400007724762, "eval_mae": 0.4974, "eval_runtime": 17.2533, "eval_samples_per_second": 289.8}