{"eval_loss": 1.0850340127944946, "eval_accuracy": 0.5735999941825867, "eval_mae": 0.5102, "eval_runtime": 16.427, "eval_samples_per_second": 304.378}