{"eval_loss": 0.9483384490013123, "eval_accuracy": 0.5946000218391418, "eval_mae": 0.4594, "eval_runtime": 16.2536, "eval_samples_per_second": 307.624}