{"eval_loss": 0.9975480437278748, "eval_accuracy": 0.5974000096321106, "eval_mae": 0.4638, "eval_runtime": 17.3308, "eval_samples_per_second": 288.503}