{"eval_loss": 1.0186467170715332, "eval_accuracy": 0.5824000239372253, "eval_mae": 0.4938, "eval_runtime": 24.1746, "eval_samples_per_second": 206.828}