{"eval_loss": 0.9790551066398621, "eval_accuracy": 0.5824000239372253, "eval_mae": 0.4866, "eval_runtime": 17.367, "eval_samples_per_second": 287.902}