{"eval_loss": 1.0148242712020874, "eval_accuracy": 0.5641999840736389, "eval_mae": 0.5084, "eval_runtime": 17.0084, "eval_samples_per_second": 293.973}