{"eval_loss": 1.0171363353729248, "eval_accuracy": 0.5794000029563904, "eval_mae": 0.4956, "eval_runtime": 21.8243, "eval_samples_per_second": 229.102}