{"eval_loss": 1.2298271656036377, "eval_accuracy": 0.5063999891281128, "eval_mae": 0.6212, "eval_runtime": 30.9031, "eval_samples_per_second": 161.796}