{"eval_loss": 1.3519536256790161, "eval_accuracy": 0.483599990606308, "eval_mae": 0.6714, "eval_runtime": 19.6141, "eval_samples_per_second": 254.918}