{"eval_loss": 1.0154083967208862, "eval_accuracy": 0.5659999847412109, "eval_mae": 0.5056, "eval_runtime": 17.2448, "eval_samples_per_second": 289.942}