{"eval_loss": 1.0131566524505615, "eval_accuracy": 0.5777999758720398, "eval_mae": 0.4844, "eval_runtime": 17.3848, "eval_samples_per_second": 287.607}