{"eval_loss": 0.9498203992843628, "eval_accuracy": 0.6055999994277954, "eval_mae": 0.4504, "eval_runtime": 18.3343, "eval_samples_per_second": 272.712}