{"eval_loss": 1.445480465888977, "eval_accuracy": 0.43880000710487366, "eval_mae": 0.7302, "eval_runtime": 18.867, "eval_samples_per_second": 265.012}