{"eval_loss": 1.231081485748291, "eval_accuracy": 0.498199999332428, "eval_mae": 0.6432, "eval_runtime": 28.9947, "eval_samples_per_second": 172.446}