{"eval_loss": 1.3526324033737183, "eval_accuracy": 0.4830000102519989, "eval_mae": 0.671, "eval_runtime": 19.8745, "eval_samples_per_second": 251.579}