{"eval_loss": 1.2296934127807617, "eval_accuracy": 0.5070000290870667, "eval_mae": 0.621, "eval_runtime": 19.2381, "eval_samples_per_second": 259.901}