{"eval_loss": 1.2420880794525146, "eval_accuracy": 0.4997999966144562, "eval_mae": 0.5956, "eval_runtime": 22.4089, "eval_samples_per_second": 223.126}