{"eval_loss": 1.2965130805969238, "eval_accuracy": 0.46720001101493835, "eval_mae": 0.6824, "eval_runtime": 19.9461, "eval_samples_per_second": 250.675}