{"eval_loss": 0.9784582853317261, "eval_accuracy": 0.5817999839782715, "eval_mae": 0.4882, "eval_runtime": 17.3932, "eval_samples_per_second": 287.468}