{"eval_loss": 1.2402691841125488, "eval_accuracy": 0.5023999810218811, "eval_mae": 0.5916, "eval_runtime": 21.4305, "eval_samples_per_second": 233.313}