{"eval_loss": 1.4434714317321777, "eval_accuracy": 0.43959999084472656, "eval_mae": 0.7294, "eval_runtime": 19.5768, "eval_samples_per_second": 255.404}