{"eval_loss": 1.0794907808303833, "eval_accuracy": 0.5565999746322632, "eval_mae": 0.533, "eval_runtime": 32.7166, "eval_samples_per_second": 152.828}