{"eval_loss": 1.3457781076431274, "eval_accuracy": 0.47279998660087585, "eval_mae": 0.6898, "eval_runtime": 16.5922, "eval_samples_per_second": 301.346}