{"eval_loss": 1.046221375465393, "eval_accuracy": 0.5616000294685364, "eval_mae": 0.5076, "eval_runtime": 18.4745, "eval_samples_per_second": 270.643}