{"eval_loss": 1.1541258096694946, "eval_accuracy": 0.5004000067710876, "eval_mae": 0.59, "eval_runtime": 17.3368, "eval_samples_per_second": 288.403}