{"eval_loss": 1.2370121479034424, "eval_accuracy": 0.4984000027179718, "eval_mae": 0.6438, "eval_runtime": 35.1701, "eval_samples_per_second": 142.166}