{"eval_loss": 1.0294467210769653, "eval_accuracy": 0.5440000295639038, "eval_mae": 0.5404, "eval_runtime": 17.3669, "eval_samples_per_second": 287.904}