{"eval_loss": 1.2322548627853394, "eval_accuracy": 0.49939998984336853, "eval_mae": 0.6032, "eval_runtime": 18.5068, "eval_samples_per_second": 270.171}