{"eval_loss": 1.4420968294143677, "eval_accuracy": 0.44020000100135803, "eval_mae": 0.7286, "eval_runtime": 18.8446, "eval_samples_per_second": 265.328}