{"eval_loss": 1.018428087234497, "eval_accuracy": 0.5802000164985657, "eval_mae": 0.494, "eval_runtime": 19.6473, "eval_samples_per_second": 254.488}