{"eval_loss": 1.3471627235412598, "eval_accuracy": 0.4765999913215637, "eval_mae": 0.6964, "eval_runtime": 16.9473, "eval_samples_per_second": 295.033}