{"eval_loss": 1.0790424346923828, "eval_accuracy": 0.5587999820709229, "eval_mae": 0.5306, "eval_runtime": 19.1921, "eval_samples_per_second": 260.524}