{"eval_loss": 1.3923922777175903, "eval_accuracy": 0.4805999994277954, "eval_mae": 0.674, "eval_runtime": 19.9013, "eval_samples_per_second": 251.24}