{"eval_loss": 1.0118228197097778, "eval_accuracy": 0.5803999900817871, "eval_mae": 0.4814, "eval_runtime": 17.5123, "eval_samples_per_second": 285.514}