{"eval_loss": 1.3542309999465942, "eval_accuracy": 0.4828000068664551, "eval_mae": 0.6716, "eval_runtime": 18.8947, "eval_samples_per_second": 264.625}