{"eval_loss": 1.0287001132965088, "eval_accuracy": 0.5440000295639038, "eval_mae": 0.54, "eval_runtime": 16.3958, "eval_samples_per_second": 304.956}