{"eval_loss": 0.947584867477417, "eval_accuracy": 0.5889999866485596, "eval_mae": 0.4644, "eval_runtime": 16.675, "eval_samples_per_second": 299.849}