{"eval_loss": 1.0184767246246338, "eval_accuracy": 0.5807999968528748, "eval_mae": 0.4938, "eval_runtime": 23.4058, "eval_samples_per_second": 213.622}