{"eval_loss": 1.0627979040145874, "eval_accuracy": 0.5568000078201294, "eval_mae": 0.5224, "eval_runtime": 18.3392, "eval_samples_per_second": 272.64}