{"eval_loss": 1.3529157638549805, "eval_accuracy": 0.4828000068664551, "eval_mae": 0.672, "eval_runtime": 17.7106, "eval_samples_per_second": 282.317}