{"eval_loss": 0.9509878754615784, "eval_accuracy": 0.620199978351593, "eval_mae": 0.4288, "eval_runtime": 17.4356, "eval_samples_per_second": 286.77}