{"eval_loss": 1.3916693925857544, "eval_accuracy": 0.4797999858856201, "eval_mae": 0.6754, "eval_runtime": 20.883, "eval_samples_per_second": 239.429}