{"eval_loss": 1.1768195629119873, "eval_accuracy": 0.5022000074386597, "eval_mae": 0.5922, "eval_runtime": 17.2127, "eval_samples_per_second": 290.483}