{"eval_loss": 0.978714644908905, "eval_accuracy": 0.5825999975204468, "eval_mae": 0.4864, "eval_runtime": 17.4861, "eval_samples_per_second": 285.941}