{"eval_loss": 0.8904905319213867, "eval_accuracy": 0.6381999850273132, "eval_mae": 0.4142, "eval_runtime": 22.1141, "eval_samples_per_second": 226.101}