{"eval_loss": 1.4424142837524414, "eval_accuracy": 0.4399999976158142, "eval_mae": 0.7286, "eval_runtime": 18.5197, "eval_samples_per_second": 269.983}