{"eval_loss": 1.3390452861785889, "eval_accuracy": 0.46779999136924744, "eval_mae": 0.689, "eval_runtime": 25.4731, "eval_samples_per_second": 196.286}