{"eval_loss": 1.0072087049484253, "eval_accuracy": 0.5952000021934509, "eval_mae": 0.4664, "eval_runtime": 17.1773, "eval_samples_per_second": 291.081}