{"eval_loss": 0.9488089084625244, "eval_accuracy": 0.5893999934196472, "eval_mae": 0.464, "eval_runtime": 17.2504, "eval_samples_per_second": 289.849}