{"eval_loss": 1.011993408203125, "eval_accuracy": 0.5799999833106995, "eval_mae": 0.482, "eval_runtime": 17.4432, "eval_samples_per_second": 286.644}