{"eval_loss": 1.352306604385376, "eval_accuracy": 0.48339998722076416, "eval_mae": 0.6716, "eval_runtime": 18.0318, "eval_samples_per_second": 277.288}