{"eval_loss": 1.3792554140090942, "eval_accuracy": 0.4832000136375427, "eval_mae": 0.6784, "eval_runtime": 18.9838, "eval_samples_per_second": 263.383}