{"eval_loss": 1.0050493478775024, "eval_accuracy": 0.5935999751091003, "eval_mae": 0.4682, "eval_runtime": 17.1939, "eval_samples_per_second": 290.801}