{"eval_loss": 1.0463255643844604, "eval_accuracy": 0.5608000159263611, "eval_mae": 0.5088, "eval_runtime": 21.7043, "eval_samples_per_second": 230.369}