{"eval_loss": 1.3477126359939575, "eval_accuracy": 0.47279998660087585, "eval_mae": 0.6884, "eval_runtime": 17.3263, "eval_samples_per_second": 288.579}