{"eval_loss": 1.2941539287567139, "eval_accuracy": 0.4699999988079071, "eval_mae": 0.6782, "eval_runtime": 19.8583, "eval_samples_per_second": 251.783}