{"eval_loss": 1.0035920143127441, "eval_accuracy": 0.5753999948501587, "eval_mae": 0.496, "eval_runtime": 17.1912, "eval_samples_per_second": 290.847}