{"eval_loss": 1.0063718557357788, "eval_accuracy": 0.5748000144958496, "eval_mae": 0.4964, "eval_runtime": 17.2119, "eval_samples_per_second": 290.497}