{"eval_loss": 1.0545885562896729, "eval_accuracy": 0.527400016784668, "eval_mae": 0.571, "eval_runtime": 16.2246, "eval_samples_per_second": 308.174}