{"eval_loss": 1.238651990890503, "eval_accuracy": 0.4970000088214874, "eval_mae": 0.6472, "eval_runtime": 18.1341, "eval_samples_per_second": 275.723}