{"eval_loss": 1.147483229637146, "eval_accuracy": 0.5486000180244446, "eval_mae": 0.583, "eval_runtime": 17.5204, "eval_samples_per_second": 285.381}