{"eval_loss": 1.0303752422332764, "eval_accuracy": 0.5455999970436096, "eval_mae": 0.5394, "eval_runtime": 16.8272, "eval_samples_per_second": 297.138}