{"eval_loss": 1.0215705633163452, "eval_accuracy": 0.5702000260353088, "eval_mae": 0.5078, "eval_runtime": 17.3116, "eval_samples_per_second": 288.824}