{"eval_loss": 1.0806641578674316, "eval_accuracy": 0.557200014591217, "eval_mae": 0.5648, "eval_runtime": 18.5887, "eval_samples_per_second": 268.981}