{"eval_loss": 1.0631874799728394, "eval_accuracy": 0.5605999827384949, "eval_mae": 0.5172, "eval_runtime": 18.0103, "eval_samples_per_second": 277.619}