{"eval_loss": 1.2295080423355103, "eval_accuracy": 0.5059999823570251, "eval_mae": 0.6216, "eval_runtime": 33.4023, "eval_samples_per_second": 149.69}