{"eval_loss": 1.0059099197387695, "eval_accuracy": 0.576200008392334, "eval_mae": 0.4956, "eval_runtime": 16.4366, "eval_samples_per_second": 304.199}