{"eval_loss": 1.0121562480926514, "eval_accuracy": 0.5666000247001648, "eval_mae": 0.5038, "eval_runtime": 17.0253, "eval_samples_per_second": 293.68}