{"eval_loss": 0.9454616904258728, "eval_accuracy": 0.6065999865531921, "eval_mae": 0.4558, "eval_runtime": 17.2216, "eval_samples_per_second": 290.333}