{"eval_loss": 1.0860540866851807, "eval_accuracy": 0.5486000180244446, "eval_mae": 0.5402, "eval_runtime": 22.7499, "eval_samples_per_second": 219.782}