{"eval_loss": 1.158812165260315, "eval_accuracy": 0.4959999918937683, "eval_mae": 0.5924, "eval_runtime": 17.2205, "eval_samples_per_second": 290.352}