{"eval_loss": 1.339171290397644, "eval_accuracy": 0.4681999981403351, "eval_mae": 0.6884, "eval_runtime": 33.2419, "eval_samples_per_second": 150.413}