{"eval_loss": 1.0298583507537842, "eval_accuracy": 0.5447999835014343, "eval_mae": 0.5402, "eval_runtime": 17.5809, "eval_samples_per_second": 284.399}