{"eval_loss": 1.014771580696106, "eval_accuracy": 0.5636000037193298, "eval_mae": 0.5082, "eval_runtime": 17.0002, "eval_samples_per_second": 294.114}