{"eval_loss": 0.9607407450675964, "eval_accuracy": 0.5924000144004822, "eval_mae": 0.4834, "eval_runtime": 17.3396, "eval_samples_per_second": 288.357}