{"eval_loss": 1.0801901817321777, "eval_accuracy": 0.5562000274658203, "eval_mae": 0.5654, "eval_runtime": 19.0963, "eval_samples_per_second": 261.831}