{"eval_loss": 0.9605283141136169, "eval_accuracy": 0.5914000272750854, "eval_mae": 0.4852, "eval_runtime": 17.371, "eval_samples_per_second": 287.836}