{"eval_loss": 1.3917349576950073, "eval_accuracy": 0.4803999960422516, "eval_mae": 0.6752, "eval_runtime": 20.0897, "eval_samples_per_second": 248.883}