{"eval_loss": 1.3684494495391846, "eval_accuracy": 0.45680001378059387, "eval_mae": 0.7326, "eval_runtime": 17.2747, "eval_samples_per_second": 289.44}