{"eval_loss": 1.0796961784362793, "eval_accuracy": 0.5564000010490417, "eval_mae": 0.5646, "eval_runtime": 18.5657, "eval_samples_per_second": 269.313}