{"eval_loss": 1.0293697118759155, "eval_accuracy": 0.5447999835014343, "eval_mae": 0.5396, "eval_runtime": 17.3782, "eval_samples_per_second": 287.716}