{"eval_loss": 0.948679506778717, "eval_accuracy": 0.5953999757766724, "eval_mae": 0.4678, "eval_runtime": 19.1101, "eval_samples_per_second": 261.641}