{"eval_loss": 0.9597287178039551, "eval_accuracy": 0.5925999879837036, "eval_mae": 0.4824, "eval_runtime": 17.405, "eval_samples_per_second": 287.274}