{"eval_loss": 0.9442519545555115, "eval_accuracy": 0.5924000144004822, "eval_mae": 0.4704, "eval_runtime": 18.1104, "eval_samples_per_second": 276.084}