{"eval_loss": 1.155932068824768, "eval_accuracy": 0.49939998984336853, "eval_mae": 0.5912, "eval_runtime": 17.3095, "eval_samples_per_second": 288.859}