{"eval_loss": 1.0202656984329224, "eval_accuracy": 0.5809999704360962, "eval_mae": 0.4942, "eval_runtime": 19.8679, "eval_samples_per_second": 251.662}