{"eval_loss": 1.1772083044052124, "eval_accuracy": 0.5027999877929688, "eval_mae": 0.5926, "eval_runtime": 17.4486, "eval_samples_per_second": 286.555}