{"eval_loss": 1.390376329421997, "eval_accuracy": 0.4812000095844269, "eval_mae": 0.6744, "eval_runtime": 21.0081, "eval_samples_per_second": 238.004}