{"eval_loss": 1.4399558305740356, "eval_accuracy": 0.4397999942302704, "eval_mae": 0.7284, "eval_runtime": 20.3178, "eval_samples_per_second": 246.089}