{"eval_loss": 0.9601404070854187, "eval_accuracy": 0.5953999757766724, "eval_mae": 0.4808, "eval_runtime": 17.4262, "eval_samples_per_second": 286.924}