{"eval_loss": 0.9911746978759766, "eval_accuracy": 0.5716000199317932, "eval_mae": 0.5062, "eval_runtime": 16.8723, "eval_samples_per_second": 296.345}