{"eval_loss": 1.0786800384521484, "eval_accuracy": 0.5582000017166138, "eval_mae": 0.5314, "eval_runtime": 28.4845, "eval_samples_per_second": 175.534}