{"eval_loss": 1.1490312814712524, "eval_accuracy": 0.5483999848365784, "eval_mae": 0.583, "eval_runtime": 17.5379, "eval_samples_per_second": 285.096}