{"eval_loss": 1.0858203172683716, "eval_accuracy": 0.5479999780654907, "eval_mae": 0.5408, "eval_runtime": 32.3289, "eval_samples_per_second": 154.661}