{"eval_loss": 1.0187557935714722, "eval_accuracy": 0.5685999989509583, "eval_mae": 0.5092, "eval_runtime": 17.3394, "eval_samples_per_second": 288.361}