{"eval_loss": 1.0294926166534424, "eval_accuracy": 0.5475999712944031, "eval_mae": 0.5384, "eval_runtime": 16.7636, "eval_samples_per_second": 298.265}