{"eval_loss": 1.0785373449325562, "eval_accuracy": 0.5583999752998352, "eval_mae": 0.531, "eval_runtime": 33.5782, "eval_samples_per_second": 148.906}