{"eval_loss": 0.9487205147743225, "eval_accuracy": 0.5889999866485596, "eval_mae": 0.4646, "eval_runtime": 16.6493, "eval_samples_per_second": 300.313}