{"eval_loss": 1.343266248703003, "eval_accuracy": 0.4717999994754791, "eval_mae": 0.6964, "eval_runtime": 17.2665, "eval_samples_per_second": 289.579}