{"eval_loss": 0.9461409449577332, "eval_accuracy": 0.6057999730110168, "eval_mae": 0.456, "eval_runtime": 17.2312, "eval_samples_per_second": 290.171}