{"eval_loss": 1.3437438011169434, "eval_accuracy": 0.4733999967575073, "eval_mae": 0.6974, "eval_runtime": 16.4549, "eval_samples_per_second": 303.861}