{"eval_loss": 1.0142172574996948, "eval_accuracy": 0.5651999711990356, "eval_mae": 0.5074, "eval_runtime": 17.0978, "eval_samples_per_second": 292.435}