{"eval_loss": 1.3433338403701782, "eval_accuracy": 0.4747999906539917, "eval_mae": 0.6942, "eval_runtime": 16.3305, "eval_samples_per_second": 306.176}