{"eval_loss": 1.3543689250946045, "eval_accuracy": 0.4830000102519989, "eval_mae": 0.6734, "eval_runtime": 20.3323, "eval_samples_per_second": 245.914}