{"eval_loss": 1.08591890335083, "eval_accuracy": 0.5473999977111816, "eval_mae": 0.5414, "eval_runtime": 20.1827, "eval_samples_per_second": 247.737}