{"eval_loss": 0.9504098892211914, "eval_accuracy": 0.6212000250816345, "eval_mae": 0.4282, "eval_runtime": 17.4979, "eval_samples_per_second": 285.748}