{"eval_loss": 0.9506224393844604, "eval_accuracy": 0.6223999857902527, "eval_mae": 0.4266, "eval_runtime": 17.4744, "eval_samples_per_second": 286.132}