{"eval_loss": 0.9788320064544678, "eval_accuracy": 0.5813999772071838, "eval_mae": 0.4888, "eval_runtime": 16.8327, "eval_samples_per_second": 297.041}