{"eval_loss": 0.9480476379394531, "eval_accuracy": 0.5917999744415283, "eval_mae": 0.4704, "eval_runtime": 18.7129, "eval_samples_per_second": 267.196}