{"eval_loss": 0.9359534382820129, "eval_accuracy": 0.6021999716758728, "eval_mae": 0.4538, "eval_runtime": 17.0645, "eval_samples_per_second": 293.006}