{"eval_loss": 1.147871494293213, "eval_accuracy": 0.5483999848365784, "eval_mae": 0.5826, "eval_runtime": 16.8718, "eval_samples_per_second": 296.353}