{"eval_loss": 0.9910163879394531, "eval_accuracy": 0.5703999996185303, "eval_mae": 0.507, "eval_runtime": 16.911, "eval_samples_per_second": 295.666}