{"eval_loss": 1.029593825340271, "eval_accuracy": 0.5450000166893005, "eval_mae": 0.5406, "eval_runtime": 17.3434, "eval_samples_per_second": 288.293}