{"eval_loss": 0.9558636546134949, "eval_accuracy": 0.5996000170707703, "eval_mae": 0.4636, "eval_runtime": 16.601, "eval_samples_per_second": 301.187}