{"eval_loss": 1.0054771900177002, "eval_accuracy": 0.5752000212669373, "eval_mae": 0.496, "eval_runtime": 17.1872, "eval_samples_per_second": 290.915}