{"eval_loss": 0.8895853757858276, "eval_accuracy": 0.6367999911308289, "eval_mae": 0.4142, "eval_runtime": 19.6576, "eval_samples_per_second": 254.354}