{"eval_loss": 1.028351902961731, "eval_accuracy": 0.5428000092506409, "eval_mae": 0.543, "eval_runtime": 16.4736, "eval_samples_per_second": 303.517}