{"eval_loss": 1.0064222812652588, "eval_accuracy": 0.5727999806404114, "eval_mae": 0.498, "eval_runtime": 17.3202, "eval_samples_per_second": 288.68}