{"eval_loss": 0.9498701095581055, "eval_accuracy": 0.6064000129699707, "eval_mae": 0.4498, "eval_runtime": 38.7132, "eval_samples_per_second": 129.155}