{"eval_loss": 1.060857892036438, "eval_accuracy": 0.5591999888420105, "eval_mae": 0.5176, "eval_runtime": 18.3027, "eval_samples_per_second": 273.183}