{"eval_loss": 1.2382891178131104, "eval_accuracy": 0.4970000088214874, "eval_mae": 0.6478, "eval_runtime": 19.6317, "eval_samples_per_second": 254.69}