{"eval_loss": 0.9507607221603394, "eval_accuracy": 0.6060000061988831, "eval_mae": 0.4496, "eval_runtime": 18.7227, "eval_samples_per_second": 267.056}