{"eval_loss": 1.430404543876648, "eval_accuracy": 0.43140000104904175, "eval_mae": 0.7456, "eval_runtime": 19.9543, "eval_samples_per_second": 250.573}