{"eval_loss": 1.1469720602035522, "eval_accuracy": 0.5493999719619751, "eval_mae": 0.58, "eval_runtime": 17.38, "eval_samples_per_second": 287.687}