{"eval_loss": 1.4434486627578735, "eval_accuracy": 0.43939998745918274, "eval_mae": 0.7278, "eval_runtime": 19.5897, "eval_samples_per_second": 255.237}