{"eval_loss": 1.3480297327041626, "eval_accuracy": 0.4713999927043915, "eval_mae": 0.6896, "eval_runtime": 17.3441, "eval_samples_per_second": 288.282}