{"eval_loss": 1.062900424003601, "eval_accuracy": 0.557200014591217, "eval_mae": 0.522, "eval_runtime": 18.3035, "eval_samples_per_second": 273.172}