{"eval_loss": 1.1536991596221924, "eval_accuracy": 0.5009999871253967, "eval_mae": 0.5902, "eval_runtime": 17.3133, "eval_samples_per_second": 288.795}