{"eval_loss": 1.3371583223342896, "eval_accuracy": 0.4675999879837036, "eval_mae": 0.6892, "eval_runtime": 18.468, "eval_samples_per_second": 270.738}