{"eval_loss": 1.3479108810424805, "eval_accuracy": 0.47200000286102295, "eval_mae": 0.6894, "eval_runtime": 16.5308, "eval_samples_per_second": 302.466}