{"eval_loss": 0.9348104596138, "eval_accuracy": 0.6028000116348267, "eval_mae": 0.4524, "eval_runtime": 17.211, "eval_samples_per_second": 290.512}