{"eval_loss": 1.0804792642593384, "eval_accuracy": 0.5569999814033508, "eval_mae": 0.5648, "eval_runtime": 18.4348, "eval_samples_per_second": 271.226}