{"eval_loss": 1.0145115852355957, "eval_accuracy": 0.5648000240325928, "eval_mae": 0.5074, "eval_runtime": 17.0675, "eval_samples_per_second": 292.954}