{"eval_loss": 1.045693278312683, "eval_accuracy": 0.5600000023841858, "eval_mae": 0.5094, "eval_runtime": 20.7922, "eval_samples_per_second": 240.475}