{"eval_loss": 1.0751781463623047, "eval_accuracy": 0.5641999840736389, "eval_mae": 0.5238, "eval_runtime": 18.3058, "eval_samples_per_second": 273.137}