{"eval_loss": 1.0805039405822754, "eval_accuracy": 0.5558000206947327, "eval_mae": 0.5654, "eval_runtime": 30.0028, "eval_samples_per_second": 166.651}