{"eval_loss": 1.0142749547958374, "eval_accuracy": 0.5654000043869019, "eval_mae": 0.5056, "eval_runtime": 17.0829, "eval_samples_per_second": 292.691}