{"eval_loss": 0.9909743070602417, "eval_accuracy": 0.5712000131607056, "eval_mae": 0.5078, "eval_runtime": 16.1765, "eval_samples_per_second": 309.091}