{"eval_loss": 0.946365237236023, "eval_accuracy": 0.6050000190734863, "eval_mae": 0.4564, "eval_runtime": 17.2912, "eval_samples_per_second": 289.164}