{"eval_loss": 0.9900836944580078, "eval_accuracy": 0.5685999989509583, "eval_mae": 0.5102, "eval_runtime": 17.0014, "eval_samples_per_second": 294.093}