{"eval_loss": 1.366483449935913, "eval_accuracy": 0.45739999413490295, "eval_mae": 0.7316, "eval_runtime": 17.4672, "eval_samples_per_second": 286.25}