{"eval_loss": 1.036837100982666, "eval_accuracy": 0.5623999834060669, "eval_mae": 0.5072, "eval_runtime": 18.1402, "eval_samples_per_second": 275.631}