{"eval_loss": 1.053100824356079, "eval_accuracy": 0.5264000296592712, "eval_mae": 0.5702, "eval_runtime": 18.735, "eval_samples_per_second": 266.881}