{"eval_loss": 0.9803375005722046, "eval_accuracy": 0.5812000036239624, "eval_mae": 0.4892, "eval_runtime": 17.611, "eval_samples_per_second": 283.913}