{"eval_loss": 1.0244734287261963, "eval_accuracy": 0.5559999942779541, "eval_mae": 0.535, "eval_runtime": 17.1372, "eval_samples_per_second": 291.763}