{"eval_loss": 1.0175539255142212, "eval_accuracy": 0.5807999968528748, "eval_mae": 0.4952, "eval_runtime": 21.8768, "eval_samples_per_second": 228.553}