{"eval_loss": 1.2284640073776245, "eval_accuracy": 0.5059999823570251, "eval_mae": 0.6216, "eval_runtime": 21.3146, "eval_samples_per_second": 234.581}