{"eval_loss": 1.1765800714492798, "eval_accuracy": 0.5034000277519226, "eval_mae": 0.5916, "eval_runtime": 17.4733, "eval_samples_per_second": 286.151}