{"eval_loss": 0.9490513801574707, "eval_accuracy": 0.5910000205039978, "eval_mae": 0.4628, "eval_runtime": 17.3108, "eval_samples_per_second": 288.838}