{"eval_loss": 0.9788452982902527, "eval_accuracy": 0.5838000178337097, "eval_mae": 0.4864, "eval_runtime": 17.3429, "eval_samples_per_second": 288.303}