{"eval_loss": 1.0857402086257935, "eval_accuracy": 0.574400007724762, "eval_mae": 0.5104, "eval_runtime": 16.5449, "eval_samples_per_second": 302.208}