{"eval_loss": 1.0535626411437988, "eval_accuracy": 0.5270000100135803, "eval_mae": 0.5694, "eval_runtime": 16.3174, "eval_samples_per_second": 306.421}