{"eval_loss": 0.9507246017456055, "eval_accuracy": 0.6050000190734863, "eval_mae": 0.4514, "eval_runtime": 24.4544, "eval_samples_per_second": 204.462}