{"eval_loss": 1.0186647176742554, "eval_accuracy": 0.5809999704360962, "eval_mae": 0.4938, "eval_runtime": 33.2035, "eval_samples_per_second": 150.587}