{"eval_loss": 1.015203595161438, "eval_accuracy": 0.579800009727478, "eval_mae": 0.4818, "eval_runtime": 16.5369, "eval_samples_per_second": 302.354}