{"eval_loss": 0.9795411825180054, "eval_accuracy": 0.5813999772071838, "eval_mae": 0.4892, "eval_runtime": 17.3527, "eval_samples_per_second": 288.14}