{"eval_loss": 1.0842487812042236, "eval_accuracy": 0.574999988079071, "eval_mae": 0.5108, "eval_runtime": 17.0281, "eval_samples_per_second": 293.632}