{"eval_loss": 1.011664867401123, "eval_accuracy": 0.5802000164985657, "eval_mae": 0.4818, "eval_runtime": 17.4683, "eval_samples_per_second": 286.233}