{"eval_loss": 1.0454034805297852, "eval_accuracy": 0.5609999895095825, "eval_mae": 0.5084, "eval_runtime": 21.5395, "eval_samples_per_second": 232.132}