{"eval_loss": 1.053879976272583, "eval_accuracy": 0.5266000032424927, "eval_mae": 0.571, "eval_runtime": 17.0307, "eval_samples_per_second": 293.588}