{"eval_loss": 1.0068410634994507, "eval_accuracy": 0.5935999751091003, "eval_mae": 0.4678, "eval_runtime": 17.1464, "eval_samples_per_second": 291.606}