{"eval_loss": 1.1562728881835938, "eval_accuracy": 0.49900001287460327, "eval_mae": 0.5916, "eval_runtime": 17.3006, "eval_samples_per_second": 289.008}