{"eval_loss": 1.0222572088241577, "eval_accuracy": 0.5702000260353088, "eval_mae": 0.5072, "eval_runtime": 17.727, "eval_samples_per_second": 282.056}