{"eval_loss": 1.0863254070281982, "eval_accuracy": 0.546999990940094, "eval_mae": 0.5436, "eval_runtime": 18.5189, "eval_samples_per_second": 269.994}