{"eval_loss": 1.2315677404403687, "eval_accuracy": 0.5076000094413757, "eval_mae": 0.6204, "eval_runtime": 18.9771, "eval_samples_per_second": 263.476}