{"eval_loss": 1.0067607164382935, "eval_accuracy": 0.5934000015258789, "eval_mae": 0.4678, "eval_runtime": 17.3881, "eval_samples_per_second": 287.553}