{"eval_loss": 1.2964301109313965, "eval_accuracy": 0.46799999475479126, "eval_mae": 0.6816, "eval_runtime": 22.0103, "eval_samples_per_second": 227.166}