{"eval_loss": 1.2249336242675781, "eval_accuracy": 0.5081999897956848, "eval_mae": 0.6186, "eval_runtime": 19.0548, "eval_samples_per_second": 262.401}