{"eval_loss": 1.0211682319641113, "eval_accuracy": 0.5698000192642212, "eval_mae": 0.5082, "eval_runtime": 16.5833, "eval_samples_per_second": 301.507}