{"eval_loss": 1.0058709383010864, "eval_accuracy": 0.5748000144958496, "eval_mae": 0.4972, "eval_runtime": 17.4165, "eval_samples_per_second": 287.084}