{"eval_loss": 1.296708106994629, "eval_accuracy": 0.4681999981403351, "eval_mae": 0.6814, "eval_runtime": 27.7086, "eval_samples_per_second": 180.449}