{"eval_loss": 0.9537390470504761, "eval_accuracy": 0.6195999979972839, "eval_mae": 0.4308, "eval_runtime": 17.6098, "eval_samples_per_second": 283.932}