{"eval_loss": 0.9357138872146606, "eval_accuracy": 0.6011999845504761, "eval_mae": 0.4546, "eval_runtime": 17.0617, "eval_samples_per_second": 293.055}