{"eval_loss": 1.228411316871643, "eval_accuracy": 0.506600022315979, "eval_mae": 0.6208, "eval_runtime": 29.3314, "eval_samples_per_second": 170.465}