{"eval_loss": 1.3502002954483032, "eval_accuracy": 0.487199991941452, "eval_mae": 0.6642, "eval_runtime": 19.0499, "eval_samples_per_second": 262.469}