{"eval_loss": 1.2413251399993896, "eval_accuracy": 0.49939998984336853, "eval_mae": 0.5962, "eval_runtime": 19.2898, "eval_samples_per_second": 259.204}