{"eval_loss": 1.1478999853134155, "eval_accuracy": 0.5504000186920166, "eval_mae": 0.5794, "eval_runtime": 16.4919, "eval_samples_per_second": 303.179}