{"eval_loss": 1.2380753755569458, "eval_accuracy": 0.49720001220703125, "eval_mae": 0.6468, "eval_runtime": 19.8983, "eval_samples_per_second": 251.278}