{"eval_loss": 1.0190173387527466, "eval_accuracy": 0.5838000178337097, "eval_mae": 0.4934, "eval_runtime": 18.6918, "eval_samples_per_second": 267.497}