{"eval_loss": 1.0802853107452393, "eval_accuracy": 0.5558000206947327, "eval_mae": 0.5654, "eval_runtime": 30.7087, "eval_samples_per_second": 162.82}