{"eval_loss": 1.0056058168411255, "eval_accuracy": 0.5935999751091003, "eval_mae": 0.4676, "eval_runtime": 17.1877, "eval_samples_per_second": 290.906}