{"eval_loss": 1.005883812904358, "eval_accuracy": 0.5756000280380249, "eval_mae": 0.4962, "eval_runtime": 16.4165, "eval_samples_per_second": 304.572}