{"eval_loss": 0.961082398891449, "eval_accuracy": 0.5924000144004822, "eval_mae": 0.4836, "eval_runtime": 17.3368, "eval_samples_per_second": 288.405}