{"eval_loss": 0.9515109658241272, "eval_accuracy": 0.6205999851226807, "eval_mae": 0.429, "eval_runtime": 17.5883, "eval_samples_per_second": 284.279}