{"eval_loss": 1.0769928693771362, "eval_accuracy": 0.5540000200271606, "eval_mae": 0.5338, "eval_runtime": 21.6243, "eval_samples_per_second": 231.222}