{"eval_loss": 0.8895238041877747, "eval_accuracy": 0.6363999843597412, "eval_mae": 0.4146, "eval_runtime": 18.5422, "eval_samples_per_second": 269.655}