{"eval_loss": 0.9786803722381592, "eval_accuracy": 0.5820000171661377, "eval_mae": 0.4882, "eval_runtime": 17.3964, "eval_samples_per_second": 287.417}