{"eval_loss": 1.1565425395965576, "eval_accuracy": 0.5001999735832214, "eval_mae": 0.5904, "eval_runtime": 17.3383, "eval_samples_per_second": 288.378}