{"eval_loss": 1.0174208879470825, "eval_accuracy": 0.579200029373169, "eval_mae": 0.4834, "eval_runtime": 16.8267, "eval_samples_per_second": 297.147}