{"eval_loss": 1.2284753322601318, "eval_accuracy": 0.5004000067710876, "eval_mae": 0.602, "eval_runtime": 18.4555, "eval_samples_per_second": 270.921}