{"eval_loss": 1.0213582515716553, "eval_accuracy": 0.5703999996185303, "eval_mae": 0.5072, "eval_runtime": 16.648, "eval_samples_per_second": 300.336}