{"eval_loss": 1.0300498008728027, "eval_accuracy": 0.546999990940094, "eval_mae": 0.538, "eval_runtime": 16.491, "eval_samples_per_second": 303.196}