{"eval_loss": 1.0786616802215576, "eval_accuracy": 0.5587999820709229, "eval_mae": 0.5304, "eval_runtime": 21.415, "eval_samples_per_second": 233.481}