{"eval_loss": 1.233032464981079, "eval_accuracy": 0.49720001220703125, "eval_mae": 0.6058, "eval_runtime": 18.3478, "eval_samples_per_second": 272.512}