{"eval_loss": 1.3672903776168823, "eval_accuracy": 0.4580000042915344, "eval_mae": 0.7314, "eval_runtime": 17.1832, "eval_samples_per_second": 290.982}