{"eval_loss": 1.3428722620010376, "eval_accuracy": 0.47540000081062317, "eval_mae": 0.694, "eval_runtime": 17.0239, "eval_samples_per_second": 293.704}