{"eval_loss": 1.3395243883132935, "eval_accuracy": 0.46619999408721924, "eval_mae": 0.6898, "eval_runtime": 25.2295, "eval_samples_per_second": 198.181}