{"eval_loss": 1.3705538511276245, "eval_accuracy": 0.45840001106262207, "eval_mae": 0.7316, "eval_runtime": 16.3569, "eval_samples_per_second": 305.682}