{"eval_loss": 1.2439160346984863, "eval_accuracy": 0.5008000135421753, "eval_mae": 0.5952, "eval_runtime": 18.5035, "eval_samples_per_second": 270.22}