{"eval_loss": 1.0465261936187744, "eval_accuracy": 0.5616000294685364, "eval_mae": 0.508, "eval_runtime": 17.8252, "eval_samples_per_second": 280.501}