{"eval_loss": 1.0064467191696167, "eval_accuracy": 0.593999981880188, "eval_mae": 0.4678, "eval_runtime": 17.1825, "eval_samples_per_second": 290.994}