{"eval_loss": 0.9357802867889404, "eval_accuracy": 0.5992000102996826, "eval_mae": 0.4572, "eval_runtime": 16.0914, "eval_samples_per_second": 310.725}