{"eval_loss": 0.9782432913780212, "eval_accuracy": 0.5825999975204468, "eval_mae": 0.4878, "eval_runtime": 17.4324, "eval_samples_per_second": 286.822}