{"eval_loss": 0.9507346749305725, "eval_accuracy": 0.621399998664856, "eval_mae": 0.4278, "eval_runtime": 17.4766, "eval_samples_per_second": 286.097}