{"eval_loss": 1.046162486076355, "eval_accuracy": 0.5608000159263611, "eval_mae": 0.5088, "eval_runtime": 18.5105, "eval_samples_per_second": 270.117}