{"eval_loss": 1.0623379945755005, "eval_accuracy": 0.557200014591217, "eval_mae": 0.5214, "eval_runtime": 18.3291, "eval_samples_per_second": 272.79}