{"eval_loss": 1.1572160720825195, "eval_accuracy": 0.4986000061035156, "eval_mae": 0.5912, "eval_runtime": 17.4172, "eval_samples_per_second": 287.073}