{"eval_loss": 1.0799180269241333, "eval_accuracy": 0.5547999739646912, "eval_mae": 0.5664, "eval_runtime": 21.7874, "eval_samples_per_second": 229.49}