{"eval_loss": 0.9454695582389832, "eval_accuracy": 0.6050000190734863, "eval_mae": 0.4572, "eval_runtime": 16.3988, "eval_samples_per_second": 304.901}