{"eval_loss": 0.9495726823806763, "eval_accuracy": 0.5917999744415283, "eval_mae": 0.4628, "eval_runtime": 16.5194, "eval_samples_per_second": 302.674}