{"eval_loss": 1.0867414474487305, "eval_accuracy": 0.574400007724762, "eval_mae": 0.5108, "eval_runtime": 18.928, "eval_samples_per_second": 264.159}