{"eval_loss": 1.0076414346694946, "eval_accuracy": 0.5906000137329102, "eval_mae": 0.4712, "eval_runtime": 17.1656, "eval_samples_per_second": 291.281}