{"eval_loss": 0.9487072229385376, "eval_accuracy": 0.5906000137329102, "eval_mae": 0.4632, "eval_runtime": 18.0772, "eval_samples_per_second": 276.592}