{"eval_loss": 1.0252033472061157, "eval_accuracy": 0.5558000206947327, "eval_mae": 0.5364, "eval_runtime": 17.1722, "eval_samples_per_second": 291.168}