{"eval_loss": 1.0211906433105469, "eval_accuracy": 0.5699999928474426, "eval_mae": 0.508, "eval_runtime": 17.4786, "eval_samples_per_second": 286.065}