{"eval_loss": 1.0295209884643555, "eval_accuracy": 0.54339998960495, "eval_mae": 0.5398, "eval_runtime": 17.3322, "eval_samples_per_second": 288.481}