{"eval_loss": 1.0181653499603271, "eval_accuracy": 0.5788000226020813, "eval_mae": 0.4834, "eval_runtime": 17.4392, "eval_samples_per_second": 286.71}