{"eval_loss": 1.4455163478851318, "eval_accuracy": 0.43880000710487366, "eval_mae": 0.7314, "eval_runtime": 18.9886, "eval_samples_per_second": 263.315}