{"eval_loss": 1.177309513092041, "eval_accuracy": 0.5016000270843506, "eval_mae": 0.5926, "eval_runtime": 17.5698, "eval_samples_per_second": 284.579}