{"eval_loss": 1.029314398765564, "eval_accuracy": 0.545799970626831, "eval_mae": 0.5396, "eval_runtime": 16.4804, "eval_samples_per_second": 303.392}