{"eval_loss": 1.017606258392334, "eval_accuracy": 0.5784000158309937, "eval_mae": 0.484, "eval_runtime": 17.4212, "eval_samples_per_second": 287.006}