{"eval_loss": 0.949882984161377, "eval_accuracy": 0.590399980545044, "eval_mae": 0.463, "eval_runtime": 16.5604, "eval_samples_per_second": 301.925}