{"eval_loss": 1.083520531654358, "eval_accuracy": 0.5591999888420105, "eval_mae": 0.53, "eval_runtime": 33.1816, "eval_samples_per_second": 150.686}