{"eval_loss": 1.0635989904403687, "eval_accuracy": 0.5587999820709229, "eval_mae": 0.52, "eval_runtime": 18.2982, "eval_samples_per_second": 273.25}