{"eval_loss": 1.084578275680542, "eval_accuracy": 0.5745999813079834, "eval_mae": 0.5118, "eval_runtime": 16.3868, "eval_samples_per_second": 305.124}