{"eval_loss": 1.2387382984161377, "eval_accuracy": 0.4970000088214874, "eval_mae": 0.6476, "eval_runtime": 24.8083, "eval_samples_per_second": 201.546}