{"eval_loss": 1.2293226718902588, "eval_accuracy": 0.5070000290870667, "eval_mae": 0.6202, "eval_runtime": 36.0482, "eval_samples_per_second": 138.703}