{"eval_loss": 1.1472899913787842, "eval_accuracy": 0.5491999983787537, "eval_mae": 0.5814, "eval_runtime": 17.6156, "eval_samples_per_second": 283.839}