{"eval_loss": 1.1475633382797241, "eval_accuracy": 0.548799991607666, "eval_mae": 0.5818, "eval_runtime": 17.4212, "eval_samples_per_second": 287.007}