{"eval_loss": 1.0790601968765259, "eval_accuracy": 0.5587999820709229, "eval_mae": 0.5306, "eval_runtime": 18.1829, "eval_samples_per_second": 274.983}