{"eval_loss": 1.0219625234603882, "eval_accuracy": 0.5703999996185303, "eval_mae": 0.5074, "eval_runtime": 16.5164, "eval_samples_per_second": 302.73}