{"eval_loss": 0.9783175587654114, "eval_accuracy": 0.5824000239372253, "eval_mae": 0.488, "eval_runtime": 17.3984, "eval_samples_per_second": 287.383}