{"eval_loss": 1.0611070394515991, "eval_accuracy": 0.5573999881744385, "eval_mae": 0.5222, "eval_runtime": 18.3909, "eval_samples_per_second": 271.873}