{"eval_loss": 1.0089366436004639, "eval_accuracy": 0.5709999799728394, "eval_mae": 0.498, "eval_runtime": 16.2533, "eval_samples_per_second": 307.631}