{"eval_loss": 1.443160057067871, "eval_accuracy": 0.4390000104904175, "eval_mae": 0.7296, "eval_runtime": 37.145, "eval_samples_per_second": 134.608}