{"eval_loss": 0.9364578127861023, "eval_accuracy": 0.6014000177383423, "eval_mae": 0.4542, "eval_runtime": 16.0194, "eval_samples_per_second": 312.121}