{"eval_loss": 1.0840123891830444, "eval_accuracy": 0.5465999841690063, "eval_mae": 0.541, "eval_runtime": 18.3957, "eval_samples_per_second": 271.803}