{"eval_loss": 1.4415338039398193, "eval_accuracy": 0.43939998745918274, "eval_mae": 0.7286, "eval_runtime": 18.3708, "eval_samples_per_second": 272.171}