{"eval_loss": 1.0786728858947754, "eval_accuracy": 0.5586000084877014, "eval_mae": 0.5306, "eval_runtime": 18.1019, "eval_samples_per_second": 276.214}