{"eval_loss": 0.9605070352554321, "eval_accuracy": 0.5943999886512756, "eval_mae": 0.4814, "eval_runtime": 16.3815, "eval_samples_per_second": 305.222}