{"eval_loss": 1.0845130681991577, "eval_accuracy": 0.5756000280380249, "eval_mae": 0.5088, "eval_runtime": 16.2131, "eval_samples_per_second": 308.393}