{"eval_loss": 1.0060622692108154, "eval_accuracy": 0.5756000280380249, "eval_mae": 0.496, "eval_runtime": 17.1588, "eval_samples_per_second": 291.396}