{"eval_loss": 0.9490844011306763, "eval_accuracy": 0.5899999737739563, "eval_mae": 0.4636, "eval_runtime": 16.7275, "eval_samples_per_second": 298.909}