{"eval_loss": 0.9607298970222473, "eval_accuracy": 0.5920000076293945, "eval_mae": 0.4842, "eval_runtime": 17.4441, "eval_samples_per_second": 286.629}