{"eval_loss": 1.1768972873687744, "eval_accuracy": 0.5055999755859375, "eval_mae": 0.5892, "eval_runtime": 17.2381, "eval_samples_per_second": 290.056}