{"eval_loss": 1.1777758598327637, "eval_accuracy": 0.5027999877929688, "eval_mae": 0.5926, "eval_runtime": 17.3526, "eval_samples_per_second": 288.142}