{"eval_loss": 0.8892534375190735, "eval_accuracy": 0.6366000175476074, "eval_mae": 0.4148, "eval_runtime": 33.6438, "eval_samples_per_second": 148.616}