{"eval_loss": 1.3390262126922607, "eval_accuracy": 0.46779999136924744, "eval_mae": 0.6886, "eval_runtime": 31.5382, "eval_samples_per_second": 158.538}