{"eval_loss": 0.9487924575805664, "eval_accuracy": 0.6208000183105469, "eval_mae": 0.4294, "eval_runtime": 17.4137, "eval_samples_per_second": 287.129}