{"eval_loss": 1.011630654335022, "eval_accuracy": 0.5802000164985657, "eval_mae": 0.4818, "eval_runtime": 17.4365, "eval_samples_per_second": 286.754}