{"eval_loss": 1.3666201829910278, "eval_accuracy": 0.45899999141693115, "eval_mae": 0.7304, "eval_runtime": 16.6721, "eval_samples_per_second": 299.902}