{"eval_loss": 0.9516875147819519, "eval_accuracy": 0.5911999940872192, "eval_mae": 0.4626, "eval_runtime": 17.1704, "eval_samples_per_second": 291.199}