{"eval_loss": 1.392259120941162, "eval_accuracy": 0.48019999265670776, "eval_mae": 0.6744, "eval_runtime": 26.4523, "eval_samples_per_second": 189.019}