{"eval_loss": 1.2229117155075073, "eval_accuracy": 0.5073999762535095, "eval_mae": 0.6186, "eval_runtime": 25.3267, "eval_samples_per_second": 197.42}