{"eval_loss": 1.0305737257003784, "eval_accuracy": 0.545199990272522, "eval_mae": 0.5396, "eval_runtime": 16.3693, "eval_samples_per_second": 305.45}