{"eval_loss": 1.1544138193130493, "eval_accuracy": 0.5008000135421753, "eval_mae": 0.59, "eval_runtime": 17.3614, "eval_samples_per_second": 287.996}