{"eval_loss": 1.0186048746109009, "eval_accuracy": 0.5813999772071838, "eval_mae": 0.4934, "eval_runtime": 19.0034, "eval_samples_per_second": 263.11}