{"eval_loss": 1.0459290742874146, "eval_accuracy": 0.5613999962806702, "eval_mae": 0.5078, "eval_runtime": 17.7772, "eval_samples_per_second": 281.258}