{"eval_loss": 1.3675673007965088, "eval_accuracy": 0.45879998803138733, "eval_mae": 0.7316, "eval_runtime": 16.4341, "eval_samples_per_second": 304.245}