{"eval_loss": 0.889075517654419, "eval_accuracy": 0.6370000243186951, "eval_mae": 0.4128, "eval_runtime": 26.0011, "eval_samples_per_second": 192.3}