{"eval_loss": 1.0087556838989258, "eval_accuracy": 0.5932000279426575, "eval_mae": 0.468, "eval_runtime": 17.2633, "eval_samples_per_second": 289.633}