{"eval_loss": 0.9556053876876831, "eval_accuracy": 0.5996000170707703, "eval_mae": 0.4642, "eval_runtime": 17.3293, "eval_samples_per_second": 288.529}