{"eval_loss": 1.086061954498291, "eval_accuracy": 0.5473999977111816, "eval_mae": 0.5408, "eval_runtime": 27.0356, "eval_samples_per_second": 184.942}