{"eval_loss": 0.9360887408256531, "eval_accuracy": 0.6011999845504761, "eval_mae": 0.4546, "eval_runtime": 17.0235, "eval_samples_per_second": 293.712}