{"eval_loss": 1.2419230937957764, "eval_accuracy": 0.5004000067710876, "eval_mae": 0.5948, "eval_runtime": 24.3005, "eval_samples_per_second": 205.757}