{"eval_loss": 1.084641933441162, "eval_accuracy": 0.5738000273704529, "eval_mae": 0.5116, "eval_runtime": 17.0299, "eval_samples_per_second": 293.602}