{"eval_loss": 1.062325358390808, "eval_accuracy": 0.5582000017166138, "eval_mae": 0.5194, "eval_runtime": 18.3196, "eval_samples_per_second": 272.931}