{"eval_loss": 1.080304503440857, "eval_accuracy": 0.5559999942779541, "eval_mae": 0.5652, "eval_runtime": 18.1014, "eval_samples_per_second": 276.221}