{"eval_loss": 1.0540125370025635, "eval_accuracy": 0.5289999842643738, "eval_mae": 0.5678, "eval_runtime": 16.9091, "eval_samples_per_second": 295.7}