{"eval_loss": 0.9612174034118652, "eval_accuracy": 0.5920000076293945, "eval_mae": 0.4842, "eval_runtime": 17.3652, "eval_samples_per_second": 287.931}