{"eval_loss": 1.054789423942566, "eval_accuracy": 0.5267999768257141, "eval_mae": 0.5704, "eval_runtime": 16.0165, "eval_samples_per_second": 312.178}