{"eval_loss": 1.4442185163497925, "eval_accuracy": 0.43880000710487366, "eval_mae": 0.7294, "eval_runtime": 18.6066, "eval_samples_per_second": 268.722}