{"eval_loss": 1.0247511863708496, "eval_accuracy": 0.5568000078201294, "eval_mae": 0.5346, "eval_runtime": 17.2828, "eval_samples_per_second": 289.304}