{"eval_loss": 1.2383100986480713, "eval_accuracy": 0.49720001220703125, "eval_mae": 0.6478, "eval_runtime": 18.4816, "eval_samples_per_second": 270.539}