{"eval_loss": 1.0211448669433594, "eval_accuracy": 0.5698000192642212, "eval_mae": 0.5082, "eval_runtime": 16.4792, "eval_samples_per_second": 303.414}