{"eval_loss": 1.240415096282959, "eval_accuracy": 0.49300000071525574, "eval_mae": 0.6496, "eval_runtime": 21.1858, "eval_samples_per_second": 236.007}