{"eval_loss": 1.33865487575531, "eval_accuracy": 0.47440001368522644, "eval_mae": 0.701, "eval_runtime": 17.1703, "eval_samples_per_second": 291.2}