{"eval_loss": 1.3454056978225708, "eval_accuracy": 0.47519999742507935, "eval_mae": 0.6958, "eval_runtime": 16.319, "eval_samples_per_second": 306.39}