{"eval_loss": 1.3461360931396484, "eval_accuracy": 0.47440001368522644, "eval_mae": 0.6954, "eval_runtime": 16.3024, "eval_samples_per_second": 306.704}