{"eval_loss": 1.2386447191238403, "eval_accuracy": 0.4973999857902527, "eval_mae": 0.6474, "eval_runtime": 19.625, "eval_samples_per_second": 254.777}