{"eval_loss": 1.0244777202606201, "eval_accuracy": 0.5562000274658203, "eval_mae": 0.5352, "eval_runtime": 17.2748, "eval_samples_per_second": 289.439}