{"eval_loss": 1.336039423942566, "eval_accuracy": 0.4702000021934509, "eval_mae": 0.6844, "eval_runtime": 18.2482, "eval_samples_per_second": 273.999}