{"eval_loss": 0.9906184673309326, "eval_accuracy": 0.5716000199317932, "eval_mae": 0.5068, "eval_runtime": 17.0472, "eval_samples_per_second": 293.303}