{"eval_loss": 0.947075366973877, "eval_accuracy": 0.609000027179718, "eval_mae": 0.4468, "eval_runtime": 18.2784, "eval_samples_per_second": 273.546}