{"eval_loss": 0.9355557560920715, "eval_accuracy": 0.6029999852180481, "eval_mae": 0.4532, "eval_runtime": 17.1131, "eval_samples_per_second": 292.174}