{"eval_loss": 1.3390002250671387, "eval_accuracy": 0.4684000015258789, "eval_mae": 0.6882, "eval_runtime": 22.374, "eval_samples_per_second": 223.474}