{"eval_loss": 1.011744499206543, "eval_accuracy": 0.5799999833106995, "eval_mae": 0.4826, "eval_runtime": 17.6707, "eval_samples_per_second": 282.954}