{"eval_loss": 1.23908531665802, "eval_accuracy": 0.4968000054359436, "eval_mae": 0.6482, "eval_runtime": 26.782, "eval_samples_per_second": 186.692}