{"eval_loss": 1.017736792564392, "eval_accuracy": 0.5785999894142151, "eval_mae": 0.484, "eval_runtime": 16.8356, "eval_samples_per_second": 296.99}