{"eval_loss": 1.0536466836929321, "eval_accuracy": 0.5270000100135803, "eval_mae": 0.5708, "eval_runtime": 16.8884, "eval_samples_per_second": 296.061}