{"eval_loss": 1.230171799659729, "eval_accuracy": 0.5012000203132629, "eval_mae": 0.602, "eval_runtime": 18.0674, "eval_samples_per_second": 276.742}