{"eval_loss": 1.018646240234375, "eval_accuracy": 0.5812000036239624, "eval_mae": 0.4938, "eval_runtime": 17.8047, "eval_samples_per_second": 280.825}