{"eval_loss": 1.1472097635269165, "eval_accuracy": 0.5490000247955322, "eval_mae": 0.5814, "eval_runtime": 16.9316, "eval_samples_per_second": 295.306}