{"eval_loss": 1.155676007270813, "eval_accuracy": 0.49939998984336853, "eval_mae": 0.5916, "eval_runtime": 17.3453, "eval_samples_per_second": 288.262}