{"eval_loss": 0.9906720519065857, "eval_accuracy": 0.5712000131607056, "eval_mae": 0.5064, "eval_runtime": 16.923, "eval_samples_per_second": 295.456}