{"eval_loss": 1.062837839126587, "eval_accuracy": 0.5587999820709229, "eval_mae": 0.5196, "eval_runtime": 17.6638, "eval_samples_per_second": 283.065}