{"eval_loss": 1.2392635345458984, "eval_accuracy": 0.4959999918937683, "eval_mae": 0.6476, "eval_runtime": 18.2228, "eval_samples_per_second": 274.382}