{"eval_loss": 1.337662696838379, "eval_accuracy": 0.46939998865127563, "eval_mae": 0.6864, "eval_runtime": 32.3695, "eval_samples_per_second": 154.466}