{"eval_loss": 1.0174064636230469, "eval_accuracy": 0.5784000158309937, "eval_mae": 0.484, "eval_runtime": 17.4045, "eval_samples_per_second": 287.283}