{"eval_loss": 1.0849037170410156, "eval_accuracy": 0.5748000144958496, "eval_mae": 0.5102, "eval_runtime": 17.0997, "eval_samples_per_second": 292.403}