{"eval_loss": 1.392333745956421, "eval_accuracy": 0.4812000095844269, "eval_mae": 0.6734, "eval_runtime": 31.1782, "eval_samples_per_second": 160.368}