{"eval_loss": 1.0624977350234985, "eval_accuracy": 0.5576000213623047, "eval_mae": 0.5218, "eval_runtime": 18.2995, "eval_samples_per_second": 273.232}