{"eval_loss": 1.389596700668335, "eval_accuracy": 0.48019999265670776, "eval_mae": 0.6736, "eval_runtime": 29.2, "eval_samples_per_second": 171.233}