{"eval_loss": 1.4416502714157104, "eval_accuracy": 0.44020000100135803, "eval_mae": 0.7286, "eval_runtime": 18.9389, "eval_samples_per_second": 264.007}