{"eval_loss": 1.3424075841903687, "eval_accuracy": 0.4758000075817108, "eval_mae": 0.693, "eval_runtime": 17.0491, "eval_samples_per_second": 293.271}