{"eval_loss": 1.0216158628463745, "eval_accuracy": 0.5691999793052673, "eval_mae": 0.509, "eval_runtime": 16.0903, "eval_samples_per_second": 310.745}