{"eval_loss": 0.9474382996559143, "eval_accuracy": 0.6057999730110168, "eval_mae": 0.4568, "eval_runtime": 16.6895, "eval_samples_per_second": 299.59}