{"eval_loss": 0.9911656975746155, "eval_accuracy": 0.5699999928474426, "eval_mae": 0.51, "eval_runtime": 17.0242, "eval_samples_per_second": 293.7}