{"eval_loss": 1.0297173261642456, "eval_accuracy": 0.5464000105857849, "eval_mae": 0.537, "eval_runtime": 17.6139, "eval_samples_per_second": 283.867}