{"eval_loss": 1.0823380947113037, "eval_accuracy": 0.5741999745368958, "eval_mae": 0.511, "eval_runtime": 16.1392, "eval_samples_per_second": 309.804}