{"eval_loss": 1.0170716047286987, "eval_accuracy": 0.5807999968528748, "eval_mae": 0.4796, "eval_runtime": 17.6834, "eval_samples_per_second": 282.751}