{"eval_loss": 1.0558648109436035, "eval_accuracy": 0.5288000106811523, "eval_mae": 0.5714, "eval_runtime": 16.9038, "eval_samples_per_second": 295.791}