{"eval_loss": 1.07853102684021, "eval_accuracy": 0.5586000084877014, "eval_mae": 0.5306, "eval_runtime": 18.9708, "eval_samples_per_second": 263.563}