{"eval_loss": 0.9786682724952698, "eval_accuracy": 0.5806000232696533, "eval_mae": 0.4898, "eval_runtime": 17.384, "eval_samples_per_second": 287.621}