{"eval_loss": 1.2982451915740967, "eval_accuracy": 0.4625999927520752, "eval_mae": 0.6862, "eval_runtime": 18.4648, "eval_samples_per_second": 270.785}