{"eval_loss": 0.9487566351890564, "eval_accuracy": 0.5902000069618225, "eval_mae": 0.4636, "eval_runtime": 17.2355, "eval_samples_per_second": 290.098}