{"eval_loss": 1.0303165912628174, "eval_accuracy": 0.5440000295639038, "eval_mae": 0.541, "eval_runtime": 17.4117, "eval_samples_per_second": 287.164}