{"eval_loss": 0.9508179426193237, "eval_accuracy": 0.621399998664856, "eval_mae": 0.4278, "eval_runtime": 17.4401, "eval_samples_per_second": 286.696}