{"eval_loss": 1.0840213298797607, "eval_accuracy": 0.5461999773979187, "eval_mae": 0.543, "eval_runtime": 29.9987, "eval_samples_per_second": 166.674}