{"eval_loss": 0.9477635025978088, "eval_accuracy": 0.5924000144004822, "eval_mae": 0.4696, "eval_runtime": 18.6134, "eval_samples_per_second": 268.623}