{"eval_loss": 1.3526545763015747, "eval_accuracy": 0.48420000076293945, "eval_mae": 0.6706, "eval_runtime": 18.6099, "eval_samples_per_second": 268.674}