{"eval_loss": 0.9505234360694885, "eval_accuracy": 0.6050000190734863, "eval_mae": 0.4516, "eval_runtime": 18.6848, "eval_samples_per_second": 267.597}