{"eval_loss": 1.078527569770813, "eval_accuracy": 0.5587999820709229, "eval_mae": 0.5306, "eval_runtime": 33.9499, "eval_samples_per_second": 147.276}