{"eval_loss": 1.0227123498916626, "eval_accuracy": 0.5537999868392944, "eval_mae": 0.5356, "eval_runtime": 17.3966, "eval_samples_per_second": 287.413}