{"eval_loss": 1.0066955089569092, "eval_accuracy": 0.5935999751091003, "eval_mae": 0.4678, "eval_runtime": 16.2155, "eval_samples_per_second": 308.347}