{"eval_loss": 1.3912277221679688, "eval_accuracy": 0.4812000095844269, "eval_mae": 0.6734, "eval_runtime": 20.6043, "eval_samples_per_second": 242.668}