{"eval_loss": 1.080317497253418, "eval_accuracy": 0.5559999942779541, "eval_mae": 0.5656, "eval_runtime": 25.2829, "eval_samples_per_second": 197.762}