{"eval_loss": 1.39181387424469, "eval_accuracy": 0.48080000281333923, "eval_mae": 0.6736, "eval_runtime": 20.7404, "eval_samples_per_second": 241.075}