{"eval_loss": 1.0799049139022827, "eval_accuracy": 0.5564000010490417, "eval_mae": 0.565, "eval_runtime": 18.1384, "eval_samples_per_second": 275.658}