{"eval_loss": 1.080176591873169, "eval_accuracy": 0.5547999739646912, "eval_mae": 0.5336, "eval_runtime": 19.4971, "eval_samples_per_second": 256.448}