{"eval_loss": 1.0119409561157227, "eval_accuracy": 0.5794000029563904, "eval_mae": 0.4818, "eval_runtime": 17.4721, "eval_samples_per_second": 286.17}