{"eval_loss": 0.9482050538063049, "eval_accuracy": 0.5906000137329102, "eval_mae": 0.4632, "eval_runtime": 16.4816, "eval_samples_per_second": 303.368}