{"eval_loss": 1.2299726009368896, "eval_accuracy": 0.5062000155448914, "eval_mae": 0.6218, "eval_runtime": 18.9297, "eval_samples_per_second": 264.135}