{"eval_loss": 1.3915845155715942, "eval_accuracy": 0.48080000281333923, "eval_mae": 0.6738, "eval_runtime": 26.8838, "eval_samples_per_second": 185.986}