{"eval_loss": 1.0224124193191528, "eval_accuracy": 0.5708000063896179, "eval_mae": 0.5074, "eval_runtime": 17.3241, "eval_samples_per_second": 288.615}