{"eval_loss": 1.0055598020553589, "eval_accuracy": 0.5766000151634216, "eval_mae": 0.4946, "eval_runtime": 17.1443, "eval_samples_per_second": 291.642}