{"eval_loss": 1.0850651264190674, "eval_accuracy": 0.574400007724762, "eval_mae": 0.511, "eval_runtime": 16.9803, "eval_samples_per_second": 294.459}