{"eval_loss": 1.0172019004821777, "eval_accuracy": 0.5784000158309937, "eval_mae": 0.4838, "eval_runtime": 17.4857, "eval_samples_per_second": 285.947}