{"eval_loss": 1.078371286392212, "eval_accuracy": 0.5586000084877014, "eval_mae": 0.5306, "eval_runtime": 33.0814, "eval_samples_per_second": 151.143}