{"eval_loss": 1.0108484029769897, "eval_accuracy": 0.5807999968528748, "eval_mae": 0.4808, "eval_runtime": 16.8174, "eval_samples_per_second": 297.311}