{"eval_loss": 1.2390546798706055, "eval_accuracy": 0.4968000054359436, "eval_mae": 0.648, "eval_runtime": 25.4042, "eval_samples_per_second": 196.818}