{"eval_loss": 1.0630017518997192, "eval_accuracy": 0.5577999949455261, "eval_mae": 0.5196, "eval_runtime": 18.0297, "eval_samples_per_second": 277.319}