{"eval_loss": 0.9910076260566711, "eval_accuracy": 0.571399986743927, "eval_mae": 0.507, "eval_runtime": 16.986, "eval_samples_per_second": 294.36}