{"eval_loss": 1.2420644760131836, "eval_accuracy": 0.5001999735832214, "eval_mae": 0.5954, "eval_runtime": 18.5718, "eval_samples_per_second": 269.226}