{"eval_loss": 1.0176578760147095, "eval_accuracy": 0.5809999704360962, "eval_mae": 0.4936, "eval_runtime": 18.7752, "eval_samples_per_second": 266.309}