{"eval_loss": 0.8900293111801147, "eval_accuracy": 0.6366000175476074, "eval_mae": 0.4142, "eval_runtime": 22.521, "eval_samples_per_second": 222.015}