{"eval_loss": 1.0211279392242432, "eval_accuracy": 0.5705999732017517, "eval_mae": 0.5068, "eval_runtime": 16.668, "eval_samples_per_second": 299.976}