{"eval_loss": 1.080920934677124, "eval_accuracy": 0.5568000078201294, "eval_mae": 0.5652, "eval_runtime": 31.4079, "eval_samples_per_second": 159.196}