{"eval_loss": 1.020921230316162, "eval_accuracy": 0.5698000192642212, "eval_mae": 0.508, "eval_runtime": 17.2803, "eval_samples_per_second": 289.346}