{"eval_loss": 1.3924822807312012, "eval_accuracy": 0.48080000281333923, "eval_mae": 0.6738, "eval_runtime": 25.2137, "eval_samples_per_second": 198.305}