{"eval_loss": 1.0852004289627075, "eval_accuracy": 0.5756000280380249, "eval_mae": 0.5106, "eval_runtime": 17.1345, "eval_samples_per_second": 291.81}