{"eval_loss": 1.053734540939331, "eval_accuracy": 0.5278000235557556, "eval_mae": 0.5682, "eval_runtime": 16.3113, "eval_samples_per_second": 306.536}