{"eval_loss": 1.0867160558700562, "eval_accuracy": 0.5482000112533569, "eval_mae": 0.5416, "eval_runtime": 35.4795, "eval_samples_per_second": 140.926}