{"eval_loss": 1.0055896043777466, "eval_accuracy": 0.5740000009536743, "eval_mae": 0.4972, "eval_runtime": 17.0993, "eval_samples_per_second": 292.41}