{"eval_loss": 1.2462852001190186, "eval_accuracy": 0.4936000108718872, "eval_mae": 0.6506, "eval_runtime": 18.0744, "eval_samples_per_second": 276.634}