{"eval_loss": 1.2292181253433228, "eval_accuracy": 0.5063999891281128, "eval_mae": 0.621, "eval_runtime": 22.678, "eval_samples_per_second": 220.478}