{"eval_loss": 1.0848824977874756, "eval_accuracy": 0.5758000016212463, "eval_mae": 0.5106, "eval_runtime": 17.2087, "eval_samples_per_second": 290.55}