{"eval_loss": 1.2969419956207275, "eval_accuracy": 0.46700000762939453, "eval_mae": 0.6826, "eval_runtime": 18.5559, "eval_samples_per_second": 269.456}