{"eval_loss": 0.9453539848327637, "eval_accuracy": 0.6047999858856201, "eval_mae": 0.456, "eval_runtime": 17.2882, "eval_samples_per_second": 289.215}