{"eval_loss": 1.018554449081421, "eval_accuracy": 0.5809999704360962, "eval_mae": 0.494, "eval_runtime": 30.1896, "eval_samples_per_second": 165.62}