{"eval_loss": 0.9494171738624573, "eval_accuracy": 0.6087999939918518, "eval_mae": 0.4458, "eval_runtime": 19.55, "eval_samples_per_second": 255.754}