{"eval_loss": 0.9354041218757629, "eval_accuracy": 0.6018000245094299, "eval_mae": 0.4536, "eval_runtime": 17.0361, "eval_samples_per_second": 293.494}