{"eval_loss": 1.0116198062896729, "eval_accuracy": 0.5802000164985657, "eval_mae": 0.481, "eval_runtime": 16.8459, "eval_samples_per_second": 296.808}