{"eval_loss": 0.9492735266685486, "eval_accuracy": 0.607200026512146, "eval_mae": 0.4488, "eval_runtime": 28.49, "eval_samples_per_second": 175.5}