{"eval_loss": 1.0172982215881348, "eval_accuracy": 0.58160001039505, "eval_mae": 0.4942, "eval_runtime": 29.1803, "eval_samples_per_second": 171.349}