{"eval_loss": 1.012740969657898, "eval_accuracy": 0.5799999833106995, "eval_mae": 0.4818, "eval_runtime": 16.6945, "eval_samples_per_second": 299.501}