{"eval_loss": 0.9459799528121948, "eval_accuracy": 0.6060000061988831, "eval_mae": 0.4556, "eval_runtime": 17.3195, "eval_samples_per_second": 288.692}