{"eval_loss": 0.9360299110412598, "eval_accuracy": 0.6011999845504761, "eval_mae": 0.455, "eval_runtime": 16.5276, "eval_samples_per_second": 302.524}