{"eval_loss": 1.2967066764831543, "eval_accuracy": 0.4684000015258789, "eval_mae": 0.6812, "eval_runtime": 21.5163, "eval_samples_per_second": 232.382}