{"eval_loss": 0.9902758002281189, "eval_accuracy": 0.5702000260353088, "eval_mae": 0.5068, "eval_runtime": 16.3132, "eval_samples_per_second": 306.5}