{"eval_loss": 1.1463779211044312, "eval_accuracy": 0.5490000247955322, "eval_mae": 0.5812, "eval_runtime": 17.31, "eval_samples_per_second": 288.851}