{"eval_loss": 1.0858601331710815, "eval_accuracy": 0.5478000044822693, "eval_mae": 0.5414, "eval_runtime": 18.6716, "eval_samples_per_second": 267.786}