{"eval_loss": 1.0860480070114136, "eval_accuracy": 0.5478000044822693, "eval_mae": 0.541, "eval_runtime": 18.7263, "eval_samples_per_second": 267.004}