{"eval_loss": 0.9478636980056763, "eval_accuracy": 0.5920000076293945, "eval_mae": 0.4704, "eval_runtime": 19.0922, "eval_samples_per_second": 261.887}