{"eval_loss": 1.3470208644866943, "eval_accuracy": 0.4742000102996826, "eval_mae": 0.6956, "eval_runtime": 16.9118, "eval_samples_per_second": 295.652}