{"eval_loss": 1.0858845710754395, "eval_accuracy": 0.5473999977111816, "eval_mae": 0.5412, "eval_runtime": 19.2862, "eval_samples_per_second": 259.253}