{"eval_loss": 1.020882248878479, "eval_accuracy": 0.5709999799728394, "eval_mae": 0.5072, "eval_runtime": 16.4956, "eval_samples_per_second": 303.112}