{"eval_loss": 1.242527723312378, "eval_accuracy": 0.5001999735832214, "eval_mae": 0.603, "eval_runtime": 17.693, "eval_samples_per_second": 282.598}