{"eval_loss": 1.1571654081344604, "eval_accuracy": 0.4984000027179718, "eval_mae": 0.5924, "eval_runtime": 17.5765, "eval_samples_per_second": 284.471}