{"eval_loss": 1.0168192386627197, "eval_accuracy": 0.5795999765396118, "eval_mae": 0.4826, "eval_runtime": 17.5051, "eval_samples_per_second": 285.632}