{"eval_loss": 1.0783721208572388, "eval_accuracy": 0.5591999888420105, "eval_mae": 0.53, "eval_runtime": 33.4183, "eval_samples_per_second": 149.619}