{"eval_loss": 0.9353817105293274, "eval_accuracy": 0.6032000184059143, "eval_mae": 0.4534, "eval_runtime": 17.2794, "eval_samples_per_second": 289.361}