{"eval_loss": 1.3538187742233276, "eval_accuracy": 0.4832000136375427, "eval_mae": 0.6712, "eval_runtime": 18.9023, "eval_samples_per_second": 264.518}