{"eval_loss": 0.9611485600471497, "eval_accuracy": 0.5929999947547913, "eval_mae": 0.4834, "eval_runtime": 17.4931, "eval_samples_per_second": 285.827}