{"eval_loss": 1.351149559020996, "eval_accuracy": 0.47200000286102295, "eval_mae": 0.6886, "eval_runtime": 17.3188, "eval_samples_per_second": 288.703}