{"eval_loss": 0.9508624076843262, "eval_accuracy": 0.605400025844574, "eval_mae": 0.4518, "eval_runtime": 18.6166, "eval_samples_per_second": 268.577}