{"eval_loss": 1.240358591079712, "eval_accuracy": 0.5023999810218811, "eval_mae": 0.5922, "eval_runtime": 21.2892, "eval_samples_per_second": 234.861}