{"eval_loss": 0.9487601518630981, "eval_accuracy": 0.5916000008583069, "eval_mae": 0.462, "eval_runtime": 16.2284, "eval_samples_per_second": 308.102}