{"eval_loss": 0.9496351480484009, "eval_accuracy": 0.6074000000953674, "eval_mae": 0.449, "eval_runtime": 18.4349, "eval_samples_per_second": 271.224}