{"eval_loss": 1.0113681554794312, "eval_accuracy": 0.5795999765396118, "eval_mae": 0.4824, "eval_runtime": 16.8376, "eval_samples_per_second": 296.954}