{"eval_loss": 1.0445759296417236, "eval_accuracy": 0.5555999875068665, "eval_mae": 0.5146, "eval_runtime": 17.8038, "eval_samples_per_second": 280.839}