{"eval_loss": 1.0114599466323853, "eval_accuracy": 0.5812000036239624, "eval_mae": 0.4806, "eval_runtime": 17.4503, "eval_samples_per_second": 286.527}