{"eval_loss": 1.017559289932251, "eval_accuracy": 0.5788000226020813, "eval_mae": 0.4832, "eval_runtime": 16.9854, "eval_samples_per_second": 294.37}