{"eval_loss": 0.94595867395401, "eval_accuracy": 0.6068000197410583, "eval_mae": 0.455, "eval_runtime": 16.4282, "eval_samples_per_second": 304.355}