{"eval_loss": 0.9490593671798706, "eval_accuracy": 0.5924000144004822, "eval_mae": 0.4618, "eval_runtime": 16.5084, "eval_samples_per_second": 302.877}