{"eval_loss": 1.2287189960479736, "eval_accuracy": 0.5067999958992004, "eval_mae": 0.6206, "eval_runtime": 22.2677, "eval_samples_per_second": 224.541}