{"eval_loss": 0.955435574054718, "eval_accuracy": 0.5989999771118164, "eval_mae": 0.464, "eval_runtime": 16.6187, "eval_samples_per_second": 300.865}