{"eval_loss": 1.3671257495880127, "eval_accuracy": 0.45840001106262207, "eval_mae": 0.7318, "eval_runtime": 16.7012, "eval_samples_per_second": 299.379}