{"eval_loss": 1.345496654510498, "eval_accuracy": 0.4715999960899353, "eval_mae": 0.6906, "eval_runtime": 17.344, "eval_samples_per_second": 288.284}