{"eval_loss": 1.392141580581665, "eval_accuracy": 0.48159998655319214, "eval_mae": 0.6732, "eval_runtime": 19.914, "eval_samples_per_second": 251.079}