{"eval_loss": 1.0208234786987305, "eval_accuracy": 0.5702000260353088, "eval_mae": 0.5078, "eval_runtime": 17.4705, "eval_samples_per_second": 286.196}