{"eval_loss": 1.0205729007720947, "eval_accuracy": 0.5703999996185303, "eval_mae": 0.5068, "eval_runtime": 17.3407, "eval_samples_per_second": 288.339}