{"eval_loss": 1.3469105958938599, "eval_accuracy": 0.4713999927043915, "eval_mae": 0.6902, "eval_runtime": 17.5105, "eval_samples_per_second": 285.542}