{"eval_loss": 1.0060468912124634, "eval_accuracy": 0.5794000029563904, "eval_mae": 0.4816, "eval_runtime": 17.4749, "eval_samples_per_second": 286.124}