{"eval_loss": 1.0298378467559814, "eval_accuracy": 0.5460000038146973, "eval_mae": 0.5382, "eval_runtime": 17.4837, "eval_samples_per_second": 285.98}