{"eval_loss": 0.9459182620048523, "eval_accuracy": 0.6055999994277954, "eval_mae": 0.4554, "eval_runtime": 17.1819, "eval_samples_per_second": 291.005}