{"eval_loss": 1.4424277544021606, "eval_accuracy": 0.43959999084472656, "eval_mae": 0.7292, "eval_runtime": 19.8704, "eval_samples_per_second": 251.631}