{"eval_loss": 0.9598408341407776, "eval_accuracy": 0.5938000082969666, "eval_mae": 0.4822, "eval_runtime": 17.3507, "eval_samples_per_second": 288.173}