{"eval_loss": 1.0185750722885132, "eval_accuracy": 0.5812000036239624, "eval_mae": 0.4936, "eval_runtime": 20.8941, "eval_samples_per_second": 239.302}