{"eval_loss": 0.9472802877426147, "eval_accuracy": 0.5916000008583069, "eval_mae": 0.4704, "eval_runtime": 18.5732, "eval_samples_per_second": 269.204}