{"eval_loss": 1.078667163848877, "eval_accuracy": 0.5582000017166138, "eval_mae": 0.531, "eval_runtime": 18.345, "eval_samples_per_second": 272.553}