{"eval_loss": 1.0177634954452515, "eval_accuracy": 0.5803999900817871, "eval_mae": 0.495, "eval_runtime": 21.2318, "eval_samples_per_second": 235.496}