{"eval_loss": 1.3420721292495728, "eval_accuracy": 0.4763999879360199, "eval_mae": 0.6926, "eval_runtime": 17.1789, "eval_samples_per_second": 291.055}