{"eval_loss": 1.4376838207244873, "eval_accuracy": 0.4397999942302704, "eval_mae": 0.7282, "eval_runtime": 20.4658, "eval_samples_per_second": 244.31}