{"eval_loss": 1.240692377090454, "eval_accuracy": 0.5031999945640564, "eval_mae": 0.5914, "eval_runtime": 18.5537, "eval_samples_per_second": 269.488}