{"eval_loss": 0.9484816193580627, "eval_accuracy": 0.5917999744415283, "eval_mae": 0.4622, "eval_runtime": 16.53, "eval_samples_per_second": 302.481}