{"eval_loss": 1.3467637300491333, "eval_accuracy": 0.4729999899864197, "eval_mae": 0.6884, "eval_runtime": 17.3815, "eval_samples_per_second": 287.661}