{"eval_loss": 1.07856285572052, "eval_accuracy": 0.5586000084877014, "eval_mae": 0.5308, "eval_runtime": 18.6179, "eval_samples_per_second": 268.559}