{"eval_loss": 1.3555302619934082, "eval_accuracy": 0.483599990606308, "eval_mae": 0.6718, "eval_runtime": 19.1141, "eval_samples_per_second": 261.587}