{"eval_loss": 0.8900576233863831, "eval_accuracy": 0.6366000175476074, "eval_mae": 0.4144, "eval_runtime": 19.5711, "eval_samples_per_second": 255.478}