{"eval_loss": 1.3482728004455566, "eval_accuracy": 0.4708000123500824, "eval_mae": 0.6908, "eval_runtime": 17.2189, "eval_samples_per_second": 290.378}