{"eval_loss": 1.0843602418899536, "eval_accuracy": 0.574999988079071, "eval_mae": 0.5112, "eval_runtime": 17.0538, "eval_samples_per_second": 293.189}