{"eval_loss": 1.006864070892334, "eval_accuracy": 0.5935999751091003, "eval_mae": 0.4678, "eval_runtime": 17.3103, "eval_samples_per_second": 288.845}