{"eval_loss": 1.0856701135635376, "eval_accuracy": 0.5740000009536743, "eval_mae": 0.5122, "eval_runtime": 16.0487, "eval_samples_per_second": 311.552}