{"eval_loss": 1.442522406578064, "eval_accuracy": 0.43939998745918274, "eval_mae": 0.7292, "eval_runtime": 22.983, "eval_samples_per_second": 217.552}