{"eval_loss": 1.3360916376113892, "eval_accuracy": 0.46860000491142273, "eval_mae": 0.6866, "eval_runtime": 18.3952, "eval_samples_per_second": 271.81}