{"eval_loss": 1.0245141983032227, "eval_accuracy": 0.5558000206947327, "eval_mae": 0.5352, "eval_runtime": 17.2636, "eval_samples_per_second": 289.627}