{"eval_loss": 1.4431706666946411, "eval_accuracy": 0.4336000084877014, "eval_mae": 0.7348, "eval_runtime": 19.0689, "eval_samples_per_second": 262.208}