{"eval_loss": 1.229122519493103, "eval_accuracy": 0.506600022315979, "eval_mae": 0.621, "eval_runtime": 30.1209, "eval_samples_per_second": 165.998}