{"eval_loss": 1.1559213399887085, "eval_accuracy": 0.5004000067710876, "eval_mae": 0.5904, "eval_runtime": 17.3833, "eval_samples_per_second": 287.632}