{"eval_loss": 1.0247106552124023, "eval_accuracy": 0.5568000078201294, "eval_mae": 0.5344, "eval_runtime": 17.3391, "eval_samples_per_second": 288.365}