{"eval_loss": 1.0861330032348633, "eval_accuracy": 0.5475999712944031, "eval_mae": 0.5414, "eval_runtime": 18.6025, "eval_samples_per_second": 268.78}