{"eval_loss": 0.978753924369812, "eval_accuracy": 0.5821999907493591, "eval_mae": 0.4878, "eval_runtime": 17.3783, "eval_samples_per_second": 287.714}