{"eval_loss": 1.0082768201828003, "eval_accuracy": 0.5756000280380249, "eval_mae": 0.4966, "eval_runtime": 17.6732, "eval_samples_per_second": 282.914}