{"eval_loss": 0.9487404227256775, "eval_accuracy": 0.5907999873161316, "eval_mae": 0.463, "eval_runtime": 16.6081, "eval_samples_per_second": 301.058}