{"eval_loss": 1.364499568939209, "eval_accuracy": 0.4586000144481659, "eval_mae": 0.7304, "eval_runtime": 17.258, "eval_samples_per_second": 289.721}