{"eval_loss": 1.0539878606796265, "eval_accuracy": 0.527999997138977, "eval_mae": 0.5702, "eval_runtime": 16.9103, "eval_samples_per_second": 295.678}