{"eval_loss": 1.14744234085083, "eval_accuracy": 0.5501999855041504, "eval_mae": 0.58, "eval_runtime": 17.367, "eval_samples_per_second": 287.903}