{"eval_loss": 1.3502087593078613, "eval_accuracy": 0.4864000082015991, "eval_mae": 0.6662, "eval_runtime": 18.4644, "eval_samples_per_second": 270.792}