{"eval_loss": 1.0787384510040283, "eval_accuracy": 0.5590000152587891, "eval_mae": 0.5302, "eval_runtime": 31.5809, "eval_samples_per_second": 158.323}