{"eval_loss": 1.0186748504638672, "eval_accuracy": 0.5809999704360962, "eval_mae": 0.494, "eval_runtime": 20.4859, "eval_samples_per_second": 244.07}