{"eval_loss": 1.3924682140350342, "eval_accuracy": 0.4805999994277954, "eval_mae": 0.674, "eval_runtime": 19.235, "eval_samples_per_second": 259.943}