{"eval_loss": 1.0186254978179932, "eval_accuracy": 0.5809999704360962, "eval_mae": 0.4938, "eval_runtime": 21.1822, "eval_samples_per_second": 236.047}