{"eval_loss": 1.0055900812149048, "eval_accuracy": 0.574999988079071, "eval_mae": 0.4968, "eval_runtime": 17.1524, "eval_samples_per_second": 291.504}