{"eval_loss": 1.4433046579360962, "eval_accuracy": 0.43959999084472656, "eval_mae": 0.7294, "eval_runtime": 29.8749, "eval_samples_per_second": 167.365}