{"eval_loss": 1.079463243484497, "eval_accuracy": 0.5580000281333923, "eval_mae": 0.5312, "eval_runtime": 33.1353, "eval_samples_per_second": 150.896}