{"eval_loss": 1.063308596611023, "eval_accuracy": 0.557200014591217, "eval_mae": 0.522, "eval_runtime": 18.4433, "eval_samples_per_second": 271.101}