{"eval_loss": 1.0128320455551147, "eval_accuracy": 0.5636000037193298, "eval_mae": 0.5062, "eval_runtime": 17.2132, "eval_samples_per_second": 290.474}