{"eval_loss": 1.0849725008010864, "eval_accuracy": 0.5752000212669373, "eval_mae": 0.5104, "eval_runtime": 16.4205, "eval_samples_per_second": 304.498}