{"eval_loss": 1.0212432146072388, "eval_accuracy": 0.5703999996185303, "eval_mae": 0.5078, "eval_runtime": 17.2807, "eval_samples_per_second": 289.34}