{"eval_loss": 0.9506314396858215, "eval_accuracy": 0.6212000250816345, "eval_mae": 0.4288, "eval_runtime": 17.4485, "eval_samples_per_second": 286.557}