{"eval_loss": 1.0183143615722656, "eval_accuracy": 0.5809999704360962, "eval_mae": 0.4938, "eval_runtime": 18.8613, "eval_samples_per_second": 265.093}