{"eval_loss": 1.1476600170135498, "eval_accuracy": 0.5493999719619751, "eval_mae": 0.5804, "eval_runtime": 17.4747, "eval_samples_per_second": 286.129}