{"eval_loss": 0.9480845928192139, "eval_accuracy": 0.5942000150680542, "eval_mae": 0.4682, "eval_runtime": 18.7025, "eval_samples_per_second": 267.343}