{"eval_loss": 1.0541484355926514, "eval_accuracy": 0.5281999707221985, "eval_mae": 0.5674, "eval_runtime": 16.9082, "eval_samples_per_second": 295.715}