{"eval_loss": 1.0297021865844727, "eval_accuracy": 0.5450000166893005, "eval_mae": 0.5402, "eval_runtime": 17.3403, "eval_samples_per_second": 288.346}