{"eval_loss": 1.0300986766815186, "eval_accuracy": 0.5436000227928162, "eval_mae": 0.5418, "eval_runtime": 16.4415, "eval_samples_per_second": 304.108}