{"eval_loss": 0.8895860314369202, "eval_accuracy": 0.6367999911308289, "eval_mae": 0.4142, "eval_runtime": 20.7248, "eval_samples_per_second": 241.257}