{"eval_loss": 0.8883894681930542, "eval_accuracy": 0.6359999775886536, "eval_mae": 0.415, "eval_runtime": 22.1939, "eval_samples_per_second": 225.287}