{"eval_loss": 1.148224949836731, "eval_accuracy": 0.5486000180244446, "eval_mae": 0.5818, "eval_runtime": 17.5856, "eval_samples_per_second": 284.324}