{"eval_loss": 1.0803592205047607, "eval_accuracy": 0.5576000213623047, "eval_mae": 0.564, "eval_runtime": 18.4425, "eval_samples_per_second": 271.113}