{"eval_loss": 0.9498344659805298, "eval_accuracy": 0.6055999994277954, "eval_mae": 0.4506, "eval_runtime": 18.7749, "eval_samples_per_second": 266.313}