{"eval_loss": 1.0150752067565918, "eval_accuracy": 0.5645999908447266, "eval_mae": 0.5084, "eval_runtime": 17.0016, "eval_samples_per_second": 294.089}