{"eval_loss": 1.356549620628357, "eval_accuracy": 0.4684000015258789, "eval_mae": 0.695, "eval_runtime": 16.5409, "eval_samples_per_second": 302.281}