{"eval_loss": 1.016785979270935, "eval_accuracy": 0.579200029373169, "eval_mae": 0.4832, "eval_runtime": 17.806, "eval_samples_per_second": 280.805}