{"eval_loss": 1.0175070762634277, "eval_accuracy": 0.5781999826431274, "eval_mae": 0.4846, "eval_runtime": 17.4462, "eval_samples_per_second": 286.596}