{"eval_loss": 0.9607952833175659, "eval_accuracy": 0.5924000144004822, "eval_mae": 0.4838, "eval_runtime": 17.4068, "eval_samples_per_second": 287.244}