{"eval_loss": 1.367432713508606, "eval_accuracy": 0.45680001378059387, "eval_mae": 0.7324, "eval_runtime": 16.7304, "eval_samples_per_second": 298.857}