{"eval_loss": 1.0630192756652832, "eval_accuracy": 0.5559999942779541, "eval_mae": 0.5226, "eval_runtime": 18.2959, "eval_samples_per_second": 273.286}