{"eval_loss": 1.0138185024261475, "eval_accuracy": 0.5636000037193298, "eval_mae": 0.5082, "eval_runtime": 17.0974, "eval_samples_per_second": 292.442}