{"eval_loss": 1.2387182712554932, "eval_accuracy": 0.49720001220703125, "eval_mae": 0.6468, "eval_runtime": 21.6002, "eval_samples_per_second": 231.479}