{"eval_loss": 0.8896741271018982, "eval_accuracy": 0.6367999911308289, "eval_mae": 0.4142, "eval_runtime": 18.5509, "eval_samples_per_second": 269.529}