{"eval_loss": 1.1770691871643066, "eval_accuracy": 0.5022000074386597, "eval_mae": 0.5932, "eval_runtime": 17.3173, "eval_samples_per_second": 288.729}