{"eval_loss": 1.0636060237884521, "eval_accuracy": 0.5580000281333923, "eval_mae": 0.5204, "eval_runtime": 18.3433, "eval_samples_per_second": 272.579}