{"eval_loss": 1.3477996587753296, "eval_accuracy": 0.47279998660087585, "eval_mae": 0.6894, "eval_runtime": 16.6003, "eval_samples_per_second": 301.199}