{"eval_loss": 1.2390363216400146, "eval_accuracy": 0.49639999866485596, "eval_mae": 0.6488, "eval_runtime": 30.8141, "eval_samples_per_second": 162.264}