{"eval_loss": 0.990818440914154, "eval_accuracy": 0.5709999799728394, "eval_mae": 0.507, "eval_runtime": 16.9583, "eval_samples_per_second": 294.841}