{"eval_loss": 0.9483638405799866, "eval_accuracy": 0.6029999852180481, "eval_mae": 0.4582, "eval_runtime": 17.5123, "eval_samples_per_second": 285.513}