{"eval_loss": 0.8893282413482666, "eval_accuracy": 0.6366000175476074, "eval_mae": 0.4146, "eval_runtime": 20.4744, "eval_samples_per_second": 244.207}