{"eval_loss": 1.1480878591537476, "eval_accuracy": 0.548799991607666, "eval_mae": 0.5822, "eval_runtime": 17.377, "eval_samples_per_second": 287.736}