{"eval_loss": 0.9606996774673462, "eval_accuracy": 0.5928000211715698, "eval_mae": 0.4828, "eval_runtime": 17.3142, "eval_samples_per_second": 288.78}