{"eval_loss": 0.9506388902664185, "eval_accuracy": 0.5899999737739563, "eval_mae": 0.4642, "eval_runtime": 16.6442, "eval_samples_per_second": 300.404}