{"eval_loss": 1.297255277633667, "eval_accuracy": 0.4674000144004822, "eval_mae": 0.6822, "eval_runtime": 21.95, "eval_samples_per_second": 227.791}