{"eval_loss": 1.0116536617279053, "eval_accuracy": 0.5799999833106995, "eval_mae": 0.4822, "eval_runtime": 17.3882, "eval_samples_per_second": 287.551}