{"eval_loss": 1.0530937910079956, "eval_accuracy": 0.5270000100135803, "eval_mae": 0.5684, "eval_runtime": 16.3016, "eval_samples_per_second": 306.719}