{"eval_loss": 1.2292428016662598, "eval_accuracy": 0.506600022315979, "eval_mae": 0.6208, "eval_runtime": 18.9477, "eval_samples_per_second": 263.884}