{"eval_loss": 1.045951008796692, "eval_accuracy": 0.5618000030517578, "eval_mae": 0.5074, "eval_runtime": 18.5641, "eval_samples_per_second": 269.337}