{"eval_loss": 1.1479601860046387, "eval_accuracy": 0.5478000044822693, "eval_mae": 0.583, "eval_runtime": 17.345, "eval_samples_per_second": 288.267}