{"eval_loss": 0.9612353444099426, "eval_accuracy": 0.5925999879837036, "eval_mae": 0.4832, "eval_runtime": 16.9029, "eval_samples_per_second": 295.806}