{"eval_loss": 1.0062751770019531, "eval_accuracy": 0.5763999819755554, "eval_mae": 0.4956, "eval_runtime": 16.3814, "eval_samples_per_second": 305.224}