{"eval_loss": 0.945748507976532, "eval_accuracy": 0.6037999987602234, "eval_mae": 0.4588, "eval_runtime": 17.218, "eval_samples_per_second": 290.394}