{"eval_loss": 0.9490681886672974, "eval_accuracy": 0.6055999994277954, "eval_mae": 0.456, "eval_runtime": 17.38, "eval_samples_per_second": 287.687}