{"eval_loss": 0.992601752281189, "eval_accuracy": 0.5687999725341797, "eval_mae": 0.5088, "eval_runtime": 16.9282, "eval_samples_per_second": 295.365}