{"eval_loss": 1.4433441162109375, "eval_accuracy": 0.4397999942302704, "eval_mae": 0.7288, "eval_runtime": 20.053, "eval_samples_per_second": 249.339}