{"eval_loss": 1.2281854152679443, "eval_accuracy": 0.49880000948905945, "eval_mae": 0.6024, "eval_runtime": 18.4915, "eval_samples_per_second": 270.394}