{"eval_loss": 1.3497240543365479, "eval_accuracy": 0.4717999994754791, "eval_mae": 0.6908, "eval_runtime": 17.2962, "eval_samples_per_second": 289.082}