{"eval_loss": 1.2430871725082397, "eval_accuracy": 0.49939998984336853, "eval_mae": 0.5958, "eval_runtime": 22.8358, "eval_samples_per_second": 218.955}