{"eval_loss": 0.9474572539329529, "eval_accuracy": 0.593999981880188, "eval_mae": 0.4602, "eval_runtime": 17.4895, "eval_samples_per_second": 285.885}