{"eval_loss": 1.3919252157211304, "eval_accuracy": 0.48080000281333923, "eval_mae": 0.674, "eval_runtime": 27.4321, "eval_samples_per_second": 182.268}