{"eval_loss": 1.0629326105117798, "eval_accuracy": 0.5559999942779541, "eval_mae": 0.5238, "eval_runtime": 18.2911, "eval_samples_per_second": 273.357}