{"eval_loss": 1.3450976610183716, "eval_accuracy": 0.4758000075817108, "eval_mae": 0.6932, "eval_runtime": 16.8067, "eval_samples_per_second": 297.501}