{"eval_loss": 1.2452921867370605, "eval_accuracy": 0.5026000142097473, "eval_mae": 0.5928, "eval_runtime": 32.2226, "eval_samples_per_second": 155.17}