{"eval_loss": 1.0299923419952393, "eval_accuracy": 0.5418000221252441, "eval_mae": 0.5434, "eval_runtime": 16.7552, "eval_samples_per_second": 298.415}