{"eval_loss": 1.0294764041900635, "eval_accuracy": 0.5464000105857849, "eval_mae": 0.5384, "eval_runtime": 16.7475, "eval_samples_per_second": 298.551}