{"eval_loss": 1.0812784433364868, "eval_accuracy": 0.5582000017166138, "eval_mae": 0.532, "eval_runtime": 32.016, "eval_samples_per_second": 156.172}