{"eval_loss": 1.1470586061477661, "eval_accuracy": 0.548799991607666, "eval_mae": 0.5806, "eval_runtime": 17.5355, "eval_samples_per_second": 285.136}