{"eval_loss": 0.949176549911499, "eval_accuracy": 0.5896000266075134, "eval_mae": 0.4646, "eval_runtime": 16.1876, "eval_samples_per_second": 308.879}