{"eval_loss": 1.018020510673523, "eval_accuracy": 0.5788000226020813, "eval_mae": 0.4828, "eval_runtime": 16.8024, "eval_samples_per_second": 297.577}