{"eval_loss": 0.9359975457191467, "eval_accuracy": 0.6001999974250793, "eval_mae": 0.4546, "eval_runtime": 16.3146, "eval_samples_per_second": 306.475}