{"eval_loss": 1.0185989141464233, "eval_accuracy": 0.5812000036239624, "eval_mae": 0.4936, "eval_runtime": 23.9614, "eval_samples_per_second": 208.669}