{"eval_loss": 0.9907892346382141, "eval_accuracy": 0.5705999732017517, "eval_mae": 0.5066, "eval_runtime": 16.9813, "eval_samples_per_second": 294.442}