{"eval_loss": 0.8895032405853271, "eval_accuracy": 0.6363999843597412, "eval_mae": 0.4146, "eval_runtime": 22.3708, "eval_samples_per_second": 223.506}