{"eval_loss": 1.0783061981201172, "eval_accuracy": 0.5562000274658203, "eval_mae": 0.5652, "eval_runtime": 33.1156, "eval_samples_per_second": 150.986}