{"eval_loss": 0.8895070552825928, "eval_accuracy": 0.6363999843597412, "eval_mae": 0.4146, "eval_runtime": 18.6048, "eval_samples_per_second": 268.748}