{"eval_loss": 0.9489220976829529, "eval_accuracy": 0.590399980545044, "eval_mae": 0.463, "eval_runtime": 17.1326, "eval_samples_per_second": 291.841}