{"eval_loss": 1.0873953104019165, "eval_accuracy": 0.5493999719619751, "eval_mae": 0.5396, "eval_runtime": 18.4764, "eval_samples_per_second": 270.616}