{"eval_loss": 1.0458436012268066, "eval_accuracy": 0.5619999766349792, "eval_mae": 0.5088, "eval_runtime": 22.384, "eval_samples_per_second": 223.374}