{"eval_loss": 1.1565302610397339, "eval_accuracy": 0.49959999322891235, "eval_mae": 0.5906, "eval_runtime": 17.2247, "eval_samples_per_second": 290.281}