{"eval_loss": 0.9495786428451538, "eval_accuracy": 0.5911999940872192, "eval_mae": 0.4632, "eval_runtime": 16.6034, "eval_samples_per_second": 301.143}