{"eval_loss": 1.07999587059021, "eval_accuracy": 0.5600000023841858, "eval_mae": 0.5292, "eval_runtime": 18.3278, "eval_samples_per_second": 272.81}