{"eval_loss": 1.0176275968551636, "eval_accuracy": 0.5802000164985657, "eval_mae": 0.4946, "eval_runtime": 26.169, "eval_samples_per_second": 191.066}