{"eval_loss": 0.9357793927192688, "eval_accuracy": 0.6018000245094299, "eval_mae": 0.4548, "eval_runtime": 17.1156, "eval_samples_per_second": 292.131}