{"eval_loss": 1.44419527053833, "eval_accuracy": 0.43939998745918274, "eval_mae": 0.7304, "eval_runtime": 18.4195, "eval_samples_per_second": 271.451}