{"eval_loss": 0.9610728621482849, "eval_accuracy": 0.5932000279426575, "eval_mae": 0.4828, "eval_runtime": 17.3148, "eval_samples_per_second": 288.77}