{"eval_loss": 0.9357879757881165, "eval_accuracy": 0.6011999845504761, "eval_mae": 0.4548, "eval_runtime": 16.0083, "eval_samples_per_second": 312.338}