{"eval_loss": 1.4419333934783936, "eval_accuracy": 0.4399999976158142, "eval_mae": 0.729, "eval_runtime": 20.3826, "eval_samples_per_second": 245.308}