{"eval_loss": 0.9495693445205688, "eval_accuracy": 0.6068000197410583, "eval_mae": 0.4494, "eval_runtime": 20.5865, "eval_samples_per_second": 242.878}