{"eval_loss": 0.9549340605735779, "eval_accuracy": 0.600600004196167, "eval_mae": 0.4624, "eval_runtime": 17.2549, "eval_samples_per_second": 289.772}