{"eval_loss": 1.0626120567321777, "eval_accuracy": 0.5577999949455261, "eval_mae": 0.5214, "eval_runtime": 18.3907, "eval_samples_per_second": 271.876}