{"eval_loss": 0.9469786882400513, "eval_accuracy": 0.5947999954223633, "eval_mae": 0.4674, "eval_runtime": 18.5626, "eval_samples_per_second": 269.358}