{"eval_loss": 1.0858124494552612, "eval_accuracy": 0.5482000112533569, "eval_mae": 0.5406, "eval_runtime": 25.8207, "eval_samples_per_second": 193.643}