{"eval_loss": 0.948796272277832, "eval_accuracy": 0.5902000069618225, "eval_mae": 0.4636, "eval_runtime": 16.6907, "eval_samples_per_second": 299.568}