{"eval_loss": 1.0187500715255737, "eval_accuracy": 0.5812000036239624, "eval_mae": 0.4938, "eval_runtime": 19.9052, "eval_samples_per_second": 251.191}