{"eval_loss": 0.9473837614059448, "eval_accuracy": 0.5928000211715698, "eval_mae": 0.4696, "eval_runtime": 18.8436, "eval_samples_per_second": 265.342}