{"eval_loss": 1.0537095069885254, "eval_accuracy": 0.527400016784668, "eval_mae": 0.571, "eval_runtime": 16.2887, "eval_samples_per_second": 306.961}