{"eval_loss": 1.3561021089553833, "eval_accuracy": 0.4706000089645386, "eval_mae": 0.69, "eval_runtime": 16.7071, "eval_samples_per_second": 299.274}