{"eval_loss": 1.0141956806182861, "eval_accuracy": 0.5651999711990356, "eval_mae": 0.5052, "eval_runtime": 16.331, "eval_samples_per_second": 306.167}