{"eval_loss": 1.0464388132095337, "eval_accuracy": 0.5623999834060669, "eval_mae": 0.5068, "eval_runtime": 18.3715, "eval_samples_per_second": 272.16}