{"eval_loss": 0.9908739328384399, "eval_accuracy": 0.5708000063896179, "eval_mae": 0.508, "eval_runtime": 17.0514, "eval_samples_per_second": 293.231}