{"eval_loss": 1.0787135362625122, "eval_accuracy": 0.5583999752998352, "eval_mae": 0.5304, "eval_runtime": 19.2552, "eval_samples_per_second": 259.67}