{"eval_loss": 0.9498006105422974, "eval_accuracy": 0.6230000257492065, "eval_mae": 0.4272, "eval_runtime": 17.4903, "eval_samples_per_second": 285.872}