{"eval_loss": 1.0189179182052612, "eval_accuracy": 0.5821999907493591, "eval_mae": 0.4926, "eval_runtime": 24.0141, "eval_samples_per_second": 208.211}