{"eval_loss": 0.960761308670044, "eval_accuracy": 0.5920000076293945, "eval_mae": 0.484, "eval_runtime": 17.3324, "eval_samples_per_second": 288.476}