{"eval_loss": 1.1561908721923828, "eval_accuracy": 0.49939998984336853, "eval_mae": 0.592, "eval_runtime": 16.6162, "eval_samples_per_second": 300.911}