{"eval_loss": 0.935187816619873, "eval_accuracy": 0.5985999703407288, "eval_mae": 0.457, "eval_runtime": 16.406, "eval_samples_per_second": 304.766}