{"eval_loss": 0.9921959042549133, "eval_accuracy": 0.5687999725341797, "eval_mae": 0.51, "eval_runtime": 17.1204, "eval_samples_per_second": 292.049}