{"eval_loss": 0.93645840883255, "eval_accuracy": 0.6019999980926514, "eval_mae": 0.454, "eval_runtime": 16.9826, "eval_samples_per_second": 294.419}