{"eval_loss": 1.0298779010772705, "eval_accuracy": 0.546999990940094, "eval_mae": 0.5384, "eval_runtime": 16.9839, "eval_samples_per_second": 294.396}