{"eval_loss": 0.8887361288070679, "eval_accuracy": 0.6367999911308289, "eval_mae": 0.4152, "eval_runtime": 20.2169, "eval_samples_per_second": 247.318}