{"eval_loss": 1.0296604633331299, "eval_accuracy": 0.5447999835014343, "eval_mae": 0.5414, "eval_runtime": 16.6969, "eval_samples_per_second": 299.457}