{"eval_loss": 1.3916839361190796, "eval_accuracy": 0.47699999809265137, "eval_mae": 0.68, "eval_runtime": 26.6129, "eval_samples_per_second": 187.879}