{"eval_loss": 1.3674157857894897, "eval_accuracy": 0.4578000009059906, "eval_mae": 0.7322, "eval_runtime": 17.3534, "eval_samples_per_second": 288.127}