{"eval_loss": 1.0803929567337036, "eval_accuracy": 0.5562000274658203, "eval_mae": 0.565, "eval_runtime": 30.2633, "eval_samples_per_second": 165.217}