{"eval_loss": 0.8886096477508545, "eval_accuracy": 0.6394000053405762, "eval_mae": 0.4114, "eval_runtime": 17.7977, "eval_samples_per_second": 280.935}