{"eval_loss": 1.0486677885055542, "eval_accuracy": 0.5598000288009644, "eval_mae": 0.5094, "eval_runtime": 20.1102, "eval_samples_per_second": 248.63}