{"eval_loss": 1.2286123037338257, "eval_accuracy": 0.506600022315979, "eval_mae": 0.6208, "eval_runtime": 28.104, "eval_samples_per_second": 177.911}