{"eval_loss": 1.0113025903701782, "eval_accuracy": 0.5794000029563904, "eval_mae": 0.483, "eval_runtime": 17.4429, "eval_samples_per_second": 286.65}