{"eval_loss": 0.9790704846382141, "eval_accuracy": 0.5809999704360962, "eval_mae": 0.4898, "eval_runtime": 17.3128, "eval_samples_per_second": 288.804}