{"eval_loss": 1.0248123407363892, "eval_accuracy": 0.555400013923645, "eval_mae": 0.5376, "eval_runtime": 17.38, "eval_samples_per_second": 287.687}