{"eval_loss": 0.9502814412117004, "eval_accuracy": 0.6205999851226807, "eval_mae": 0.4292, "eval_runtime": 17.4734, "eval_samples_per_second": 286.149}