{"eval_loss": 1.0252515077590942, "eval_accuracy": 0.5569999814033508, "eval_mae": 0.5352, "eval_runtime": 17.3275, "eval_samples_per_second": 288.559}