{"eval_loss": 1.350203514099121, "eval_accuracy": 0.46380001306533813, "eval_mae": 0.6934, "eval_runtime": 18.9934, "eval_samples_per_second": 263.25}