{"eval_loss": 1.1760947704315186, "eval_accuracy": 0.5026000142097473, "eval_mae": 0.592, "eval_runtime": 17.8003, "eval_samples_per_second": 280.895}