{"eval_loss": 1.0191409587860107, "eval_accuracy": 0.579800009727478, "eval_mae": 0.4942, "eval_runtime": 18.5792, "eval_samples_per_second": 269.118}