{"eval_loss": 1.084712028503418, "eval_accuracy": 0.5753999948501587, "eval_mae": 0.5106, "eval_runtime": 17.1262, "eval_samples_per_second": 291.95}