{"eval_loss": 1.013245701789856, "eval_accuracy": 0.5813999772071838, "eval_mae": 0.4794, "eval_runtime": 16.5085, "eval_samples_per_second": 302.875}