{"eval_loss": 1.3416632413864136, "eval_accuracy": 0.4674000144004822, "eval_mae": 0.6896, "eval_runtime": 19.422, "eval_samples_per_second": 257.44}