{"eval_loss": 1.0243035554885864, "eval_accuracy": 0.555400013923645, "eval_mae": 0.5344, "eval_runtime": 17.2926, "eval_samples_per_second": 289.141}