{"eval_loss": 1.0177154541015625, "eval_accuracy": 0.5784000158309937, "eval_mae": 0.4836, "eval_runtime": 16.8195, "eval_samples_per_second": 297.274}