{"eval_loss": 1.0867242813110352, "eval_accuracy": 0.545799970626831, "eval_mae": 0.5434, "eval_runtime": 19.5036, "eval_samples_per_second": 256.363}