{"eval_loss": 1.3395109176635742, "eval_accuracy": 0.4684000015258789, "eval_mae": 0.6888, "eval_runtime": 26.4641, "eval_samples_per_second": 188.935}