{"eval_loss": 1.2347321510314941, "eval_accuracy": 0.49720001220703125, "eval_mae": 0.6454, "eval_runtime": 20.4467, "eval_samples_per_second": 244.538}