{"eval_loss": 1.0178910493850708, "eval_accuracy": 0.579800009727478, "eval_mae": 0.496, "eval_runtime": 34.0887, "eval_samples_per_second": 146.676}