{"eval_loss": 0.9787909388542175, "eval_accuracy": 0.5820000171661377, "eval_mae": 0.4882, "eval_runtime": 17.3643, "eval_samples_per_second": 287.947}