{"eval_loss": 1.2367907762527466, "eval_accuracy": 0.49720001220703125, "eval_mae": 0.6468, "eval_runtime": 29.9999, "eval_samples_per_second": 166.667}