{"eval_loss": 0.9508289098739624, "eval_accuracy": 0.6194000244140625, "eval_mae": 0.4298, "eval_runtime": 16.9203, "eval_samples_per_second": 295.504}