{"eval_loss": 1.0043634176254272, "eval_accuracy": 0.5928000211715698, "eval_mae": 0.4686, "eval_runtime": 17.2335, "eval_samples_per_second": 290.133}