{"eval_loss": 0.9495017528533936, "eval_accuracy": 0.6075999736785889, "eval_mae": 0.4484, "eval_runtime": 18.6251, "eval_samples_per_second": 268.454}