{"eval_loss": 0.9485990405082703, "eval_accuracy": 0.5924000144004822, "eval_mae": 0.461, "eval_runtime": 16.5107, "eval_samples_per_second": 302.834}