{"eval_loss": 1.0305864810943604, "eval_accuracy": 0.5461999773979187, "eval_mae": 0.54, "eval_runtime": 17.3678, "eval_samples_per_second": 287.889}