{"eval_loss": 1.0837427377700806, "eval_accuracy": 0.574400007724762, "eval_mae": 0.5104, "eval_runtime": 17.4617, "eval_samples_per_second": 286.341}