{"eval_loss": 1.0144927501678467, "eval_accuracy": 0.5633999705314636, "eval_mae": 0.5088, "eval_runtime": 17.3486, "eval_samples_per_second": 288.208}