{"eval_loss": 1.1574819087982178, "eval_accuracy": 0.5026000142097473, "eval_mae": 0.5882, "eval_runtime": 16.6199, "eval_samples_per_second": 300.845}