{"eval_loss": 1.4389982223510742, "eval_accuracy": 0.43779999017715454, "eval_mae": 0.7274, "eval_runtime": 32.3479, "eval_samples_per_second": 154.57}