{"eval_loss": 1.030375599861145, "eval_accuracy": 0.5436000227928162, "eval_mae": 0.5434, "eval_runtime": 16.5386, "eval_samples_per_second": 302.323}