{"eval_loss": 1.0175998210906982, "eval_accuracy": 0.5785999894142151, "eval_mae": 0.4846, "eval_runtime": 17.4441, "eval_samples_per_second": 286.629}