{"eval_loss": 0.9610456824302673, "eval_accuracy": 0.5946000218391418, "eval_mae": 0.4802, "eval_runtime": 17.2945, "eval_samples_per_second": 289.109}