{"eval_loss": 1.0764225721359253, "eval_accuracy": 0.5582000017166138, "eval_mae": 0.5308, "eval_runtime": 24.5138, "eval_samples_per_second": 203.967}