{"eval_loss": 1.0538005828857422, "eval_accuracy": 0.5285999774932861, "eval_mae": 0.5692, "eval_runtime": 16.1693, "eval_samples_per_second": 309.227}