{"eval_loss": 1.080180048942566, "eval_accuracy": 0.5564000010490417, "eval_mae": 0.565, "eval_runtime": 21.9609, "eval_samples_per_second": 227.677}