{"eval_loss": 1.0290447473526, "eval_accuracy": 0.5450000166893005, "eval_mae": 0.5412, "eval_runtime": 17.4637, "eval_samples_per_second": 286.308}