{"eval_loss": 1.023386836051941, "eval_accuracy": 0.5555999875068665, "eval_mae": 0.5348, "eval_runtime": 17.2736, "eval_samples_per_second": 289.458}