{"eval_loss": 1.2281378507614136, "eval_accuracy": 0.5062000155448914, "eval_mae": 0.6216, "eval_runtime": 21.5147, "eval_samples_per_second": 232.399}