{"eval_loss": 1.2957433462142944, "eval_accuracy": 0.46799999475479126, "eval_mae": 0.6816, "eval_runtime": 27.8329, "eval_samples_per_second": 179.643}