{"eval_loss": 1.0140843391418457, "eval_accuracy": 0.5644000172615051, "eval_mae": 0.5074, "eval_runtime": 16.9403, "eval_samples_per_second": 295.155}