{"eval_loss": 1.0186727046966553, "eval_accuracy": 0.5812000036239624, "eval_mae": 0.4936, "eval_runtime": 24.4296, "eval_samples_per_second": 204.67}