{"eval_loss": 0.9469423890113831, "eval_accuracy": 0.5920000076293945, "eval_mae": 0.4706, "eval_runtime": 19.1992, "eval_samples_per_second": 260.427}