{"eval_loss": 1.0452072620391846, "eval_accuracy": 0.5636000037193298, "eval_mae": 0.506, "eval_runtime": 18.4736, "eval_samples_per_second": 270.657}