{"eval_loss": 1.2969038486480713, "eval_accuracy": 0.4675999879837036, "eval_mae": 0.6818, "eval_runtime": 34.0204, "eval_samples_per_second": 146.971}