{"eval_loss": 1.2388886213302612, "eval_accuracy": 0.49720001220703125, "eval_mae": 0.6474, "eval_runtime": 18.5179, "eval_samples_per_second": 270.009}