{"eval_loss": 0.9608017802238464, "eval_accuracy": 0.5925999879837036, "eval_mae": 0.4834, "eval_runtime": 17.3954, "eval_samples_per_second": 287.432}