{"eval_loss": 1.0847195386886597, "eval_accuracy": 0.5752000212669373, "eval_mae": 0.51, "eval_runtime": 16.1767, "eval_samples_per_second": 309.086}