{"eval_loss": 0.8855257034301758, "eval_accuracy": 0.6376000046730042, "eval_mae": 0.4132, "eval_runtime": 17.9084, "eval_samples_per_second": 279.199}