{"eval_loss": 1.0298365354537964, "eval_accuracy": 0.5454000234603882, "eval_mae": 0.5398, "eval_runtime": 16.9736, "eval_samples_per_second": 294.575}