{"eval_loss": 0.9791166186332703, "eval_accuracy": 0.5820000171661377, "eval_mae": 0.4886, "eval_runtime": 17.4994, "eval_samples_per_second": 285.724}