{"eval_loss": 0.9884439706802368, "eval_accuracy": 0.5722000002861023, "eval_mae": 0.504, "eval_runtime": 16.1633, "eval_samples_per_second": 309.343}