{"eval_loss": 1.146023154258728, "eval_accuracy": 0.5486000180244446, "eval_mae": 0.5818, "eval_runtime": 17.4183, "eval_samples_per_second": 287.055}