{"eval_loss": 1.2412312030792236, "eval_accuracy": 0.49939998984336853, "eval_mae": 0.5962, "eval_runtime": 19.2585, "eval_samples_per_second": 259.625}