{"eval_loss": 1.238835334777832, "eval_accuracy": 0.4970000088214874, "eval_mae": 0.648, "eval_runtime": 18.5874, "eval_samples_per_second": 269.0}