{"eval_loss": 1.1767456531524658, "eval_accuracy": 0.503000020980835, "eval_mae": 0.591, "eval_runtime": 17.369, "eval_samples_per_second": 287.87}