{"eval_loss": 1.2413320541381836, "eval_accuracy": 0.5005999803543091, "eval_mae": 0.5948, "eval_runtime": 19.4883, "eval_samples_per_second": 256.565}