{"eval_loss": 1.0622687339782715, "eval_accuracy": 0.5586000084877014, "eval_mae": 0.5204, "eval_runtime": 18.437, "eval_samples_per_second": 271.193}