{"eval_loss": 1.1771268844604492, "eval_accuracy": 0.503000020980835, "eval_mae": 0.5946, "eval_runtime": 17.2775, "eval_samples_per_second": 289.393}