{"eval_loss": 0.9787592887878418, "eval_accuracy": 0.5825999975204468, "eval_mae": 0.4872, "eval_runtime": 16.7636, "eval_samples_per_second": 298.265}