{"eval_loss": 1.3330259323120117, "eval_accuracy": 0.4675999879837036, "eval_mae": 0.6864, "eval_runtime": 18.8254, "eval_samples_per_second": 265.599}