{"eval_loss": 1.238299012184143, "eval_accuracy": 0.49779999256134033, "eval_mae": 0.645, "eval_runtime": 20.8785, "eval_samples_per_second": 239.481}