{"eval_loss": 1.1484497785568237, "eval_accuracy": 0.5504000186920166, "eval_mae": 0.5806, "eval_runtime": 16.8514, "eval_samples_per_second": 296.711}