{"eval_loss": 1.2332298755645752, "eval_accuracy": 0.4975999891757965, "eval_mae": 0.6034, "eval_runtime": 18.0843, "eval_samples_per_second": 276.483}