{"eval_loss": 1.2445147037506104, "eval_accuracy": 0.501800000667572, "eval_mae": 0.5938, "eval_runtime": 22.0716, "eval_samples_per_second": 226.536}