{"eval_loss": 0.9360357522964478, "eval_accuracy": 0.6014000177383423, "eval_mae": 0.455, "eval_runtime": 17.0489, "eval_samples_per_second": 293.274}