{"eval_loss": 0.947776198387146, "eval_accuracy": 0.5924000144004822, "eval_mae": 0.4704, "eval_runtime": 18.5151, "eval_samples_per_second": 270.05}