{"eval_loss": 1.0242700576782227, "eval_accuracy": 0.5687999725341797, "eval_mae": 0.5118, "eval_runtime": 17.321, "eval_samples_per_second": 288.667}