{"eval_loss": 0.9905272722244263, "eval_accuracy": 0.569599986076355, "eval_mae": 0.508, "eval_runtime": 16.2481, "eval_samples_per_second": 307.729}