{"eval_loss": 1.0461581945419312, "eval_accuracy": 0.5609999895095825, "eval_mae": 0.5084, "eval_runtime": 18.7215, "eval_samples_per_second": 267.073}