{"eval_loss": 1.350022315979004, "eval_accuracy": 0.4729999899864197, "eval_mae": 0.69, "eval_runtime": 17.2599, "eval_samples_per_second": 289.688}