{"eval_loss": 1.3437070846557617, "eval_accuracy": 0.4745999872684479, "eval_mae": 0.6964, "eval_runtime": 17.0097, "eval_samples_per_second": 293.949}