{"eval_loss": 1.2386372089385986, "eval_accuracy": 0.49720001220703125, "eval_mae": 0.6464, "eval_runtime": 28.3648, "eval_samples_per_second": 176.275}