{"eval_loss": 1.228499174118042, "eval_accuracy": 0.5001999735832214, "eval_mae": 0.6028, "eval_runtime": 18.3694, "eval_samples_per_second": 272.191}