{"eval_loss": 1.0236928462982178, "eval_accuracy": 0.5547999739646912, "eval_mae": 0.538, "eval_runtime": 17.2319, "eval_samples_per_second": 290.159}