{"eval_loss": 0.9903437495231628, "eval_accuracy": 0.5720000267028809, "eval_mae": 0.5052, "eval_runtime": 17.0743, "eval_samples_per_second": 292.837}