{"eval_loss": 1.388539433479309, "eval_accuracy": 0.4781999886035919, "eval_mae": 0.6758, "eval_runtime": 18.888, "eval_samples_per_second": 264.719}