{"eval_loss": 1.079831600189209, "eval_accuracy": 0.5555999875068665, "eval_mae": 0.5656, "eval_runtime": 30.8565, "eval_samples_per_second": 162.04}