{"eval_loss": 1.0213615894317627, "eval_accuracy": 0.5703999996185303, "eval_mae": 0.5076, "eval_runtime": 17.2906, "eval_samples_per_second": 289.175}