{"eval_loss": 1.2286968231201172, "eval_accuracy": 0.5063999891281128, "eval_mae": 0.621, "eval_runtime": 19.6523, "eval_samples_per_second": 254.423}