{"eval_loss": 1.0462729930877686, "eval_accuracy": 0.5622000098228455, "eval_mae": 0.5078, "eval_runtime": 18.5326, "eval_samples_per_second": 269.795}