{"eval_loss": 1.0212297439575195, "eval_accuracy": 0.5698000192642212, "eval_mae": 0.508, "eval_runtime": 17.255, "eval_samples_per_second": 289.77}