{"eval_loss": 0.9507452845573425, "eval_accuracy": 0.621999979019165, "eval_mae": 0.4272, "eval_runtime": 17.4165, "eval_samples_per_second": 287.084}