{"eval_loss": 1.3486052751541138, "eval_accuracy": 0.4726000130176544, "eval_mae": 0.6894, "eval_runtime": 17.3267, "eval_samples_per_second": 288.571}