{"eval_loss": 1.187043309211731, "eval_accuracy": 0.4997999966144562, "eval_mae": 0.597, "eval_runtime": 16.7036, "eval_samples_per_second": 299.336}