{"eval_loss": 1.2431161403656006, "eval_accuracy": 0.5004000067710876, "eval_mae": 0.5952, "eval_runtime": 30.8557, "eval_samples_per_second": 162.044}