{"eval_loss": 0.9495222568511963, "eval_accuracy": 0.5899999737739563, "eval_mae": 0.4642, "eval_runtime": 17.2348, "eval_samples_per_second": 290.11}