{"eval_loss": 1.0068974494934082, "eval_accuracy": 0.5938000082969666, "eval_mae": 0.4678, "eval_runtime": 17.4739, "eval_samples_per_second": 286.142}