{"eval_loss": 1.2285540103912354, "eval_accuracy": 0.49939998984336853, "eval_mae": 0.604, "eval_runtime": 18.3976, "eval_samples_per_second": 271.775}