{"eval_loss": 1.0295922756195068, "eval_accuracy": 0.545799970626831, "eval_mae": 0.5386, "eval_runtime": 16.3097, "eval_samples_per_second": 306.565}