{"eval_loss": 1.3528484106063843, "eval_accuracy": 0.483599990606308, "eval_mae": 0.6708, "eval_runtime": 17.8287, "eval_samples_per_second": 280.446}