{"eval_loss": 0.9495416283607483, "eval_accuracy": 0.6069999933242798, "eval_mae": 0.4492, "eval_runtime": 18.5746, "eval_samples_per_second": 269.185}