{"eval_loss": 1.3438338041305542, "eval_accuracy": 0.47440001368522644, "eval_mae": 0.695, "eval_runtime": 17.0798, "eval_samples_per_second": 292.743}