{"eval_loss": 1.018416404724121, "eval_accuracy": 0.5788000226020813, "eval_mae": 0.4964, "eval_runtime": 24.2296, "eval_samples_per_second": 206.359}