{"eval_loss": 1.2413073778152466, "eval_accuracy": 0.5023999810218811, "eval_mae": 0.6322, "eval_runtime": 18.9288, "eval_samples_per_second": 264.148}