{"eval_loss": 1.0808453559875488, "eval_accuracy": 0.557200014591217, "eval_mae": 0.5644, "eval_runtime": 23.2811, "eval_samples_per_second": 214.767}