{"eval_loss": 0.9490105509757996, "eval_accuracy": 0.5902000069618225, "eval_mae": 0.4632, "eval_runtime": 17.2872, "eval_samples_per_second": 289.231}