{"eval_loss": 1.4468259811401367, "eval_accuracy": 0.438400000333786, "eval_mae": 0.7294, "eval_runtime": 18.3217, "eval_samples_per_second": 272.901}