{"eval_loss": 1.3428468704223633, "eval_accuracy": 0.47519999742507935, "eval_mae": 0.6948, "eval_runtime": 16.9475, "eval_samples_per_second": 295.029}