{"eval_loss": 1.176855206489563, "eval_accuracy": 0.503000020980835, "eval_mae": 0.5914, "eval_runtime": 16.2732, "eval_samples_per_second": 307.253}