{"eval_loss": 1.0893621444702148, "eval_accuracy": 0.5741999745368958, "eval_mae": 0.513, "eval_runtime": 16.6047, "eval_samples_per_second": 301.119}