{"eval_loss": 1.0087884664535522, "eval_accuracy": 0.5953999757766724, "eval_mae": 0.4664, "eval_runtime": 17.176, "eval_samples_per_second": 291.103}