{"eval_loss": 1.0462141036987305, "eval_accuracy": 0.5619999766349792, "eval_mae": 0.507, "eval_runtime": 20.5901, "eval_samples_per_second": 242.836}