{"eval_loss": 1.3414579629898071, "eval_accuracy": 0.475600004196167, "eval_mae": 0.694, "eval_runtime": 17.0294, "eval_samples_per_second": 293.61}