{"eval_loss": 1.08507239818573, "eval_accuracy": 0.5753999948501587, "eval_mae": 0.5108, "eval_runtime": 16.3414, "eval_samples_per_second": 305.971}