{"eval_loss": 1.1758962869644165, "eval_accuracy": 0.5034000277519226, "eval_mae": 0.5912, "eval_runtime": 17.2834, "eval_samples_per_second": 289.295}