{"eval_loss": 1.0454272031784058, "eval_accuracy": 0.5608000159263611, "eval_mae": 0.5084, "eval_runtime": 21.3296, "eval_samples_per_second": 234.416}