{"eval_loss": 0.9505223631858826, "eval_accuracy": 0.6205999851226807, "eval_mae": 0.4288, "eval_runtime": 17.4357, "eval_samples_per_second": 286.768}