{"eval_loss": 0.9487346410751343, "eval_accuracy": 0.5935999751091003, "eval_mae": 0.4684, "eval_runtime": 18.7428, "eval_samples_per_second": 266.769}