{"eval_loss": 1.0000418424606323, "eval_accuracy": 0.578000009059906, "eval_mae": 0.493, "eval_runtime": 17.133, "eval_samples_per_second": 291.835}