{"eval_loss": 0.9486373066902161, "eval_accuracy": 0.5920000076293945, "eval_mae": 0.4616, "eval_runtime": 17.2505, "eval_samples_per_second": 289.847}