{"eval_loss": 0.9906682372093201, "eval_accuracy": 0.5717999935150146, "eval_mae": 0.5048, "eval_runtime": 16.1675, "eval_samples_per_second": 309.262}