{"eval_loss": 1.295065999031067, "eval_accuracy": 0.46959999203681946, "eval_mae": 0.6798, "eval_runtime": 19.7983, "eval_samples_per_second": 252.547}