{"eval_loss": 1.0292255878448486, "eval_accuracy": 0.5432000160217285, "eval_mae": 0.5398, "eval_runtime": 16.6521, "eval_samples_per_second": 300.262}