{"eval_loss": 1.052375316619873, "eval_accuracy": 0.5288000106811523, "eval_mae": 0.5698, "eval_runtime": 16.3331, "eval_samples_per_second": 306.127}