{"eval_loss": 0.9476833939552307, "eval_accuracy": 0.5924000144004822, "eval_mae": 0.4702, "eval_runtime": 18.3776, "eval_samples_per_second": 272.071}