{"eval_loss": 1.012784481048584, "eval_accuracy": 0.5795999765396118, "eval_mae": 0.4834, "eval_runtime": 17.4311, "eval_samples_per_second": 286.844}