{"eval_loss": 1.0858283042907715, "eval_accuracy": 0.546999990940094, "eval_mae": 0.5416, "eval_runtime": 24.2985, "eval_samples_per_second": 205.774}