{"eval_loss": 1.060895562171936, "eval_accuracy": 0.5582000017166138, "eval_mae": 0.52, "eval_runtime": 17.9998, "eval_samples_per_second": 277.782}