{"eval_loss": 1.0804914236068726, "eval_accuracy": 0.5587999820709229, "eval_mae": 0.5644, "eval_runtime": 19.954, "eval_samples_per_second": 250.576}