{"eval_loss": 1.047485589981079, "eval_accuracy": 0.5618000030517578, "eval_mae": 0.5076, "eval_runtime": 18.3907, "eval_samples_per_second": 271.877}