{"eval_loss": 1.018690824508667, "eval_accuracy": 0.5809999704360962, "eval_mae": 0.4938, "eval_runtime": 22.3197, "eval_samples_per_second": 224.018}