{"eval_loss": 0.950721263885498, "eval_accuracy": 0.6204000115394592, "eval_mae": 0.429, "eval_runtime": 17.4476, "eval_samples_per_second": 286.572}