{"eval_loss": 0.9340156316757202, "eval_accuracy": 0.6010000109672546, "eval_mae": 0.4542, "eval_runtime": 17.2519, "eval_samples_per_second": 289.824}