{"eval_loss": 1.3400951623916626, "eval_accuracy": 0.47519999742507935, "eval_mae": 0.6932, "eval_runtime": 16.8289, "eval_samples_per_second": 297.107}