{"eval_loss": 1.45436429977417, "eval_accuracy": 0.4392000138759613, "eval_mae": 0.7272, "eval_runtime": 19.0742, "eval_samples_per_second": 262.134}