{"eval_loss": 1.0803730487823486, "eval_accuracy": 0.5564000010490417, "eval_mae": 0.5648, "eval_runtime": 21.9148, "eval_samples_per_second": 228.156}