{"eval_loss": 1.3661123514175415, "eval_accuracy": 0.45820000767707825, "eval_mae": 0.7316, "eval_runtime": 17.3633, "eval_samples_per_second": 287.963}