{"eval_loss": 1.175371527671814, "eval_accuracy": 0.5040000081062317, "eval_mae": 0.5906, "eval_runtime": 17.3758, "eval_samples_per_second": 287.757}