{"eval_loss": 0.8894792795181274, "eval_accuracy": 0.6366000175476074, "eval_mae": 0.4144, "eval_runtime": 21.8635, "eval_samples_per_second": 228.692}