{"eval_loss": 1.2486132383346558, "eval_accuracy": 0.4970000088214874, "eval_mae": 0.5986, "eval_runtime": 18.0076, "eval_samples_per_second": 277.661}