{"eval_loss": 0.9553802609443665, "eval_accuracy": 0.5989999771118164, "eval_mae": 0.4638, "eval_runtime": 17.3264, "eval_samples_per_second": 288.576}