{"eval_loss": 0.9508471488952637, "eval_accuracy": 0.6222000122070312, "eval_mae": 0.4274, "eval_runtime": 17.394, "eval_samples_per_second": 287.455}