{"eval_loss": 1.0196771621704102, "eval_accuracy": 0.5812000036239624, "eval_mae": 0.494, "eval_runtime": 19.5369, "eval_samples_per_second": 255.926}