{"eval_loss": 1.0802150964736938, "eval_accuracy": 0.5577999949455261, "eval_mae": 0.5636, "eval_runtime": 18.7418, "eval_samples_per_second": 266.783}