{"eval_loss": 1.0861517190933228, "eval_accuracy": 0.5479999780654907, "eval_mae": 0.5408, "eval_runtime": 25.3627, "eval_samples_per_second": 197.14}