{"eval_loss": 1.0535484552383423, "eval_accuracy": 0.5257999897003174, "eval_mae": 0.5698, "eval_runtime": 16.9572, "eval_samples_per_second": 294.86}