{"eval_loss": 1.0211660861968994, "eval_accuracy": 0.5698000192642212, "eval_mae": 0.5082, "eval_runtime": 17.3001, "eval_samples_per_second": 289.016}