{"eval_loss": 0.9355923533439636, "eval_accuracy": 0.6015999913215637, "eval_mae": 0.4546, "eval_runtime": 16.3568, "eval_samples_per_second": 305.683}