{"eval_loss": 1.0121355056762695, "eval_accuracy": 0.5803999900817871, "eval_mae": 0.481, "eval_runtime": 17.4728, "eval_samples_per_second": 286.159}