{"eval_loss": 1.0859168767929077, "eval_accuracy": 0.5478000044822693, "eval_mae": 0.5412, "eval_runtime": 35.4912, "eval_samples_per_second": 140.88}