{"eval_loss": 1.0187819004058838, "eval_accuracy": 0.5687999725341797, "eval_mae": 0.5098, "eval_runtime": 17.2527, "eval_samples_per_second": 289.81}