{"eval_loss": 1.0063775777816772, "eval_accuracy": 0.5942000150680542, "eval_mae": 0.4676, "eval_runtime": 17.2189, "eval_samples_per_second": 290.379}