{"eval_loss": 0.9352892637252808, "eval_accuracy": 0.6015999913215637, "eval_mae": 0.455, "eval_runtime": 16.3929, "eval_samples_per_second": 305.011}