{"eval_loss": 0.9509771466255188, "eval_accuracy": 0.6205999851226807, "eval_mae": 0.4288, "eval_runtime": 17.4838, "eval_samples_per_second": 285.978}