{"eval_loss": 0.936106264591217, "eval_accuracy": 0.6019999980926514, "eval_mae": 0.4532, "eval_runtime": 17.0363, "eval_samples_per_second": 293.492}