{"eval_loss": 1.0785328149795532, "eval_accuracy": 0.5582000017166138, "eval_mae": 0.5306, "eval_runtime": 27.5986, "eval_samples_per_second": 181.169}