{"eval_loss": 0.9485355615615845, "eval_accuracy": 0.5898000001907349, "eval_mae": 0.4646, "eval_runtime": 17.2096, "eval_samples_per_second": 290.535}