{"eval_loss": 1.017014980316162, "eval_accuracy": 0.5799999833106995, "eval_mae": 0.4826, "eval_runtime": 17.628, "eval_samples_per_second": 283.639}