{"eval_loss": 1.0803672075271606, "eval_accuracy": 0.5586000084877014, "eval_mae": 0.531, "eval_runtime": 19.1166, "eval_samples_per_second": 261.553}