{"eval_loss": 0.9511470794677734, "eval_accuracy": 0.6068000197410583, "eval_mae": 0.4496, "eval_runtime": 20.6541, "eval_samples_per_second": 242.082}