{"eval_loss": 1.17618989944458, "eval_accuracy": 0.5034000277519226, "eval_mae": 0.5912, "eval_runtime": 16.7144, "eval_samples_per_second": 299.143}