{"eval_loss": 1.0214523077011108, "eval_accuracy": 0.5698000192642212, "eval_mae": 0.5084, "eval_runtime": 17.4934, "eval_samples_per_second": 285.822}