{"eval_loss": 0.978528618812561, "eval_accuracy": 0.58160001039505, "eval_mae": 0.4882, "eval_runtime": 17.3924, "eval_samples_per_second": 287.481}