{"eval_loss": 1.018304467201233, "eval_accuracy": 0.579200029373169, "eval_mae": 0.4834, "eval_runtime": 17.4215, "eval_samples_per_second": 287.002}