{"eval_loss": 1.0461974143981934, "eval_accuracy": 0.5605999827384949, "eval_mae": 0.5088, "eval_runtime": 21.5576, "eval_samples_per_second": 231.937}