{"eval_loss": 1.0148768424987793, "eval_accuracy": 0.5640000104904175, "eval_mae": 0.5088, "eval_runtime": 16.9965, "eval_samples_per_second": 294.178}