{"eval_loss": 0.9928210973739624, "eval_accuracy": 0.5705999732017517, "eval_mae": 0.506, "eval_runtime": 16.8687, "eval_samples_per_second": 296.408}