{"eval_loss": 1.0055742263793945, "eval_accuracy": 0.5745999813079834, "eval_mae": 0.4978, "eval_runtime": 17.2126, "eval_samples_per_second": 290.486}