{"eval_loss": 1.0458167791366577, "eval_accuracy": 0.5608000159263611, "eval_mae": 0.5084, "eval_runtime": 20.8589, "eval_samples_per_second": 239.706}