{"eval_loss": 1.3397749662399292, "eval_accuracy": 0.46959999203681946, "eval_mae": 0.6866, "eval_runtime": 27.7896, "eval_samples_per_second": 179.923}