{"eval_loss": 1.2286570072174072, "eval_accuracy": 0.5063999891281128, "eval_mae": 0.6212, "eval_runtime": 19.1802, "eval_samples_per_second": 260.685}