{"eval_loss": 1.343803882598877, "eval_accuracy": 0.48339998722076416, "eval_mae": 0.6696, "eval_runtime": 18.1101, "eval_samples_per_second": 276.09}