{"eval_loss": 1.3497666120529175, "eval_accuracy": 0.47119998931884766, "eval_mae": 0.6902, "eval_runtime": 16.7073, "eval_samples_per_second": 299.271}