{"eval_loss": 0.9789142608642578, "eval_accuracy": 0.5817999839782715, "eval_mae": 0.488, "eval_runtime": 17.3695, "eval_samples_per_second": 287.861}