{"eval_loss": 0.888837993144989, "eval_accuracy": 0.6371999979019165, "eval_mae": 0.4138, "eval_runtime": 20.4856, "eval_samples_per_second": 244.074}