{"eval_loss": 1.0461266040802002, "eval_accuracy": 0.5608000159263611, "eval_mae": 0.5086, "eval_runtime": 21.0685, "eval_samples_per_second": 237.321}