{"eval_loss": 0.9786339998245239, "eval_accuracy": 0.5813999772071838, "eval_mae": 0.4872, "eval_runtime": 17.3439, "eval_samples_per_second": 288.287}