{"eval_loss": 1.147164225578308, "eval_accuracy": 0.5486000180244446, "eval_mae": 0.5822, "eval_runtime": 16.3931, "eval_samples_per_second": 305.006}