{"eval_loss": 1.0247331857681274, "eval_accuracy": 0.5565999746322632, "eval_mae": 0.5344, "eval_runtime": 17.2029, "eval_samples_per_second": 290.649}