{"eval_loss": 1.017236590385437, "eval_accuracy": 0.5806000232696533, "eval_mae": 0.4814, "eval_runtime": 17.3745, "eval_samples_per_second": 287.779}