{"eval_loss": 1.0184074640274048, "eval_accuracy": 0.5788000226020813, "eval_mae": 0.4836, "eval_runtime": 16.4519, "eval_samples_per_second": 303.916}