{"eval_loss": 1.339223027229309, "eval_accuracy": 0.4681999981403351, "eval_mae": 0.6884, "eval_runtime": 22.64, "eval_samples_per_second": 220.848}