{"eval_loss": 1.0069923400878906, "eval_accuracy": 0.5932000279426575, "eval_mae": 0.4682, "eval_runtime": 17.1737, "eval_samples_per_second": 291.144}