{"eval_loss": 0.9354711771011353, "eval_accuracy": 0.6014000177383423, "eval_mae": 0.454, "eval_runtime": 16.4663, "eval_samples_per_second": 303.65}