{"eval_loss": 0.9905259609222412, "eval_accuracy": 0.5702000260353088, "eval_mae": 0.5084, "eval_runtime": 16.5076, "eval_samples_per_second": 302.891}