{"eval_loss": 1.0250005722045898, "eval_accuracy": 0.5559999942779541, "eval_mae": 0.5346, "eval_runtime": 17.2292, "eval_samples_per_second": 290.205}