{"eval_loss": 1.0187691450119019, "eval_accuracy": 0.5809999704360962, "eval_mae": 0.494, "eval_runtime": 20.0529, "eval_samples_per_second": 249.34}