{"eval_loss": 1.0840673446655273, "eval_accuracy": 0.576200008392334, "eval_mae": 0.5096, "eval_runtime": 16.411, "eval_samples_per_second": 304.674}