{"eval_loss": 1.0864520072937012, "eval_accuracy": 0.5600000023841858, "eval_mae": 0.53, "eval_runtime": 18.2746, "eval_samples_per_second": 273.604}