{"eval_loss": 0.9460093975067139, "eval_accuracy": 0.6039999723434448, "eval_mae": 0.458, "eval_runtime": 17.3597, "eval_samples_per_second": 288.023}