{"eval_loss": 1.0800600051879883, "eval_accuracy": 0.5569999814033508, "eval_mae": 0.5644, "eval_runtime": 24.1582, "eval_samples_per_second": 206.969}