{"eval_loss": 0.9551368951797485, "eval_accuracy": 0.5997999906539917, "eval_mae": 0.4638, "eval_runtime": 17.3288, "eval_samples_per_second": 288.537}