{"eval_loss": 0.9489262700080872, "eval_accuracy": 0.590399980545044, "eval_mae": 0.4632, "eval_runtime": 16.1948, "eval_samples_per_second": 308.742}