{"eval_loss": 1.3922429084777832, "eval_accuracy": 0.48100000619888306, "eval_mae": 0.6736, "eval_runtime": 20.095, "eval_samples_per_second": 248.819}