{"eval_loss": 1.0858595371246338, "eval_accuracy": 0.5752000212669373, "eval_mae": 0.5098, "eval_runtime": 17.0191, "eval_samples_per_second": 293.787}