{"eval_loss": 1.0068002939224243, "eval_accuracy": 0.5932000279426575, "eval_mae": 0.4682, "eval_runtime": 17.4193, "eval_samples_per_second": 287.039}