{"eval_loss": 0.9496920108795166, "eval_accuracy": 0.6069999933242798, "eval_mae": 0.4494, "eval_runtime": 18.6364, "eval_samples_per_second": 268.293}