{"eval_loss": 0.9506577849388123, "eval_accuracy": 0.6204000115394592, "eval_mae": 0.4292, "eval_runtime": 17.3464, "eval_samples_per_second": 288.244}