{"eval_loss": 1.0460468530654907, "eval_accuracy": 0.5612000226974487, "eval_mae": 0.5082, "eval_runtime": 18.8025, "eval_samples_per_second": 265.922}