{"eval_loss": 1.0805730819702148, "eval_accuracy": 0.5564000010490417, "eval_mae": 0.5656, "eval_runtime": 17.8845, "eval_samples_per_second": 279.572}