{"eval_loss": 0.9488739967346191, "eval_accuracy": 0.5892000198364258, "eval_mae": 0.464, "eval_runtime": 16.3512, "eval_samples_per_second": 305.788}