{"eval_loss": 1.0834465026855469, "eval_accuracy": 0.5483999848365784, "eval_mae": 0.5394, "eval_runtime": 21.3167, "eval_samples_per_second": 234.558}