{"eval_loss": 1.2424815893173218, "eval_accuracy": 0.5008000135421753, "eval_mae": 0.595, "eval_runtime": 20.2582, "eval_samples_per_second": 246.813}