{"eval_loss": 1.2261236906051636, "eval_accuracy": 0.5080000162124634, "eval_mae": 0.6186, "eval_runtime": 18.9438, "eval_samples_per_second": 263.939}