{"eval_loss": 1.0445566177368164, "eval_accuracy": 0.5622000098228455, "eval_mae": 0.5076, "eval_runtime": 18.6155, "eval_samples_per_second": 268.594}