{"eval_loss": 1.0223712921142578, "eval_accuracy": 0.5795999765396118, "eval_mae": 0.499, "eval_runtime": 20.1303, "eval_samples_per_second": 248.382}