{"eval_loss": 1.350572943687439, "eval_accuracy": 0.47040000557899475, "eval_mae": 0.6904, "eval_runtime": 17.4738, "eval_samples_per_second": 286.143}