{"eval_loss": 1.1783530712127686, "eval_accuracy": 0.5049999952316284, "eval_mae": 0.5898, "eval_runtime": 17.2837, "eval_samples_per_second": 289.29}