{"eval_loss": 1.35410737991333, "eval_accuracy": 0.48159998655319214, "eval_mae": 0.673, "eval_runtime": 18.1366, "eval_samples_per_second": 275.686}