{"eval_loss": 1.0148335695266724, "eval_accuracy": 0.5648000240325928, "eval_mae": 0.5082, "eval_runtime": 17.0268, "eval_samples_per_second": 293.654}