{"eval_loss": 0.9497314691543579, "eval_accuracy": 0.6069999933242798, "eval_mae": 0.4494, "eval_runtime": 18.2172, "eval_samples_per_second": 274.466}