{"eval_loss": 1.3463683128356934, "eval_accuracy": 0.4742000102996826, "eval_mae": 0.6958, "eval_runtime": 16.8474, "eval_samples_per_second": 296.782}