{"eval_loss": 0.9785665273666382, "eval_accuracy": 0.5813999772071838, "eval_mae": 0.4886, "eval_runtime": 17.309, "eval_samples_per_second": 288.868}