{"eval_loss": 1.0172828435897827, "eval_accuracy": 0.579800009727478, "eval_mae": 0.4828, "eval_runtime": 17.5561, "eval_samples_per_second": 284.801}