{"eval_loss": 1.0116448402404785, "eval_accuracy": 0.5803999900817871, "eval_mae": 0.4814, "eval_runtime": 17.5021, "eval_samples_per_second": 285.68}