{"eval_loss": 1.3390949964523315, "eval_accuracy": 0.4674000144004822, "eval_mae": 0.689, "eval_runtime": 25.0372, "eval_samples_per_second": 199.703}