{"eval_loss": 1.0186177492141724, "eval_accuracy": 0.5812000036239624, "eval_mae": 0.4936, "eval_runtime": 20.1444, "eval_samples_per_second": 248.208}