{"eval_loss": 1.0080323219299316, "eval_accuracy": 0.5935999751091003, "eval_mae": 0.4686, "eval_runtime": 17.1556, "eval_samples_per_second": 291.45}