{"eval_loss": 1.029417634010315, "eval_accuracy": 0.5446000099182129, "eval_mae": 0.54, "eval_runtime": 17.6762, "eval_samples_per_second": 282.867}