{"eval_loss": 1.1754077672958374, "eval_accuracy": 0.503600001335144, "eval_mae": 0.5902, "eval_runtime": 17.3266, "eval_samples_per_second": 288.573}