{"eval_loss": 1.0786755084991455, "eval_accuracy": 0.5583999752998352, "eval_mae": 0.531, "eval_runtime": 21.147, "eval_samples_per_second": 236.44}