{"eval_loss": 0.9487870335578918, "eval_accuracy": 0.5910000205039978, "eval_mae": 0.4634, "eval_runtime": 16.2296, "eval_samples_per_second": 308.079}