{"eval_loss": 1.0434130430221558, "eval_accuracy": 0.5645999908447266, "eval_mae": 0.5044, "eval_runtime": 24.6027, "eval_samples_per_second": 203.23}