{"eval_loss": 0.9465777277946472, "eval_accuracy": 0.5928000211715698, "eval_mae": 0.4694, "eval_runtime": 18.5255, "eval_samples_per_second": 269.898}