{"eval_loss": 1.0839636325836182, "eval_accuracy": 0.5753999948501587, "eval_mae": 0.5102, "eval_runtime": 16.475, "eval_samples_per_second": 303.49}