{"eval_loss": 1.2964144945144653, "eval_accuracy": 0.46779999136924744, "eval_mae": 0.6818, "eval_runtime": 27.4881, "eval_samples_per_second": 181.897}