{"eval_loss": 1.3428298234939575, "eval_accuracy": 0.4747999906539917, "eval_mae": 0.6952, "eval_runtime": 17.0634, "eval_samples_per_second": 293.026}