{"eval_loss": 1.0188597440719604, "eval_accuracy": 0.5806000232696533, "eval_mae": 0.4952, "eval_runtime": 23.0122, "eval_samples_per_second": 217.276}