{"eval_loss": 1.3424770832061768, "eval_accuracy": 0.4758000075817108, "eval_mae": 0.6952, "eval_runtime": 17.0043, "eval_samples_per_second": 294.044}