{"eval_loss": 1.0156381130218506, "eval_accuracy": 0.5813999772071838, "eval_mae": 0.494, "eval_runtime": 20.13, "eval_samples_per_second": 248.385}