{"eval_loss": 1.391495943069458, "eval_accuracy": 0.4779999852180481, "eval_mae": 0.6772, "eval_runtime": 30.0888, "eval_samples_per_second": 166.175}