{"eval_loss": 1.2372931241989136, "eval_accuracy": 0.49639999866485596, "eval_mae": 0.6464, "eval_runtime": 34.286, "eval_samples_per_second": 145.832}