{"eval_loss": 1.3426406383514404, "eval_accuracy": 0.47540000081062317, "eval_mae": 0.694, "eval_runtime": 16.9753, "eval_samples_per_second": 294.545}