{"eval_loss": 1.3662700653076172, "eval_accuracy": 0.45840001106262207, "eval_mae": 0.7312, "eval_runtime": 17.4351, "eval_samples_per_second": 286.778}