{"eval_loss": 1.2969529628753662, "eval_accuracy": 0.4684000015258789, "eval_mae": 0.681, "eval_runtime": 34.3226, "eval_samples_per_second": 145.677}