{"eval_loss": 0.8894463181495667, "eval_accuracy": 0.6363999843597412, "eval_mae": 0.4146, "eval_runtime": 19.5959, "eval_samples_per_second": 255.156}