{"eval_loss": 1.01249361038208, "eval_accuracy": 0.58160001039505, "eval_mae": 0.4808, "eval_runtime": 17.3227, "eval_samples_per_second": 288.638}