{"eval_loss": 1.0802197456359863, "eval_accuracy": 0.5562000274658203, "eval_mae": 0.565, "eval_runtime": 30.8229, "eval_samples_per_second": 162.217}