{"eval_loss": 1.0786362886428833, "eval_accuracy": 0.5590000152587891, "eval_mae": 0.5302, "eval_runtime": 19.579, "eval_samples_per_second": 255.375}