{"eval_loss": 1.2284845113754272, "eval_accuracy": 0.5072000026702881, "eval_mae": 0.6198, "eval_runtime": 22.0199, "eval_samples_per_second": 227.067}