{"eval_loss": 1.2287760972976685, "eval_accuracy": 0.506600022315979, "eval_mae": 0.6212, "eval_runtime": 22.7853, "eval_samples_per_second": 219.44}