{"eval_loss": 1.0200960636138916, "eval_accuracy": 0.5803999900817871, "eval_mae": 0.495, "eval_runtime": 18.5047, "eval_samples_per_second": 270.201}