{"eval_loss": 1.0463896989822388, "eval_accuracy": 0.5608000159263611, "eval_mae": 0.5086, "eval_runtime": 19.7084, "eval_samples_per_second": 253.699}