{"eval_loss": 0.9479560256004333, "eval_accuracy": 0.5934000015258789, "eval_mae": 0.4694, "eval_runtime": 26.6333, "eval_samples_per_second": 187.735}