{"eval_loss": 1.155701756477356, "eval_accuracy": 0.49959999322891235, "eval_mae": 0.5908, "eval_runtime": 16.6049, "eval_samples_per_second": 301.115}