{"eval_loss": 0.9787072539329529, "eval_accuracy": 0.5843999981880188, "eval_mae": 0.4848, "eval_runtime": 17.3092, "eval_samples_per_second": 288.863}