{"eval_loss": 1.0175879001617432, "eval_accuracy": 0.5784000158309937, "eval_mae": 0.484, "eval_runtime": 16.8347, "eval_samples_per_second": 297.006}