{"eval_loss": 1.0456836223602295, "eval_accuracy": 0.5605999827384949, "eval_mae": 0.5084, "eval_runtime": 19.8129, "eval_samples_per_second": 252.36}