{"eval_loss": 1.0183322429656982, "eval_accuracy": 0.5794000029563904, "eval_mae": 0.496, "eval_runtime": 18.4637, "eval_samples_per_second": 270.801}