{"eval_loss": 1.2391406297683716, "eval_accuracy": 0.4968000054359436, "eval_mae": 0.6484, "eval_runtime": 18.5358, "eval_samples_per_second": 269.749}