{"eval_loss": 1.006659984588623, "eval_accuracy": 0.5950000286102295, "eval_mae": 0.4662, "eval_runtime": 17.1583, "eval_samples_per_second": 291.404}