{"eval_loss": 1.3484950065612793, "eval_accuracy": 0.4848000109195709, "eval_mae": 0.6696, "eval_runtime": 18.4606, "eval_samples_per_second": 270.847}