{"eval_loss": 1.1549763679504395, "eval_accuracy": 0.5001999735832214, "eval_mae": 0.5902, "eval_runtime": 16.27, "eval_samples_per_second": 307.314}