{"eval_loss": 1.085317850112915, "eval_accuracy": 0.5482000112533569, "eval_mae": 0.5398, "eval_runtime": 27.2524, "eval_samples_per_second": 183.47}