{"eval_loss": 1.0187357664108276, "eval_accuracy": 0.5784000158309937, "eval_mae": 0.4836, "eval_runtime": 17.3859, "eval_samples_per_second": 287.59}