{"eval_loss": 1.0533597469329834, "eval_accuracy": 0.5284000039100647, "eval_mae": 0.5688, "eval_runtime": 16.2746, "eval_samples_per_second": 307.227}