{"eval_loss": 0.8875927925109863, "eval_accuracy": 0.6373999714851379, "eval_mae": 0.4138, "eval_runtime": 22.6503, "eval_samples_per_second": 220.748}