{"eval_loss": 0.955513060092926, "eval_accuracy": 0.5997999906539917, "eval_mae": 0.4632, "eval_runtime": 17.4439, "eval_samples_per_second": 286.633}