{"eval_loss": 1.0624382495880127, "eval_accuracy": 0.5582000017166138, "eval_mae": 0.5206, "eval_runtime": 18.4024, "eval_samples_per_second": 271.704}