{"eval_loss": 1.05464768409729, "eval_accuracy": 0.5270000100135803, "eval_mae": 0.5714, "eval_runtime": 16.8506, "eval_samples_per_second": 296.725}