{"eval_loss": 0.947891116142273, "eval_accuracy": 0.5920000076293945, "eval_mae": 0.4706, "eval_runtime": 18.9221, "eval_samples_per_second": 264.241}