{"eval_loss": 0.9792876839637756, "eval_accuracy": 0.5817999839782715, "eval_mae": 0.4884, "eval_runtime": 16.3338, "eval_samples_per_second": 306.114}