{"eval_loss": 0.9475223422050476, "eval_accuracy": 0.5925999879837036, "eval_mae": 0.4684, "eval_runtime": 22.2118, "eval_samples_per_second": 225.105}