{"eval_loss": 1.3486000299453735, "eval_accuracy": 0.46939998865127563, "eval_mae": 0.6926, "eval_runtime": 17.3745, "eval_samples_per_second": 287.778}