{"eval_loss": 0.9557485580444336, "eval_accuracy": 0.600600004196167, "eval_mae": 0.4638, "eval_runtime": 17.3496, "eval_samples_per_second": 288.192}