{"eval_loss": 0.8893945217132568, "eval_accuracy": 0.6370000243186951, "eval_mae": 0.414, "eval_runtime": 18.2021, "eval_samples_per_second": 274.693}