{"eval_loss": 0.9556569457054138, "eval_accuracy": 0.6000000238418579, "eval_mae": 0.463, "eval_runtime": 17.2766, "eval_samples_per_second": 289.408}