{"eval_loss": 1.0873539447784424, "eval_accuracy": 0.5472000241279602, "eval_mae": 0.5428, "eval_runtime": 18.5149, "eval_samples_per_second": 270.053}