{"eval_loss": 0.9611330032348633, "eval_accuracy": 0.5907999873161316, "eval_mae": 0.486, "eval_runtime": 16.7222, "eval_samples_per_second": 299.004}