{"eval_loss": 1.3392761945724487, "eval_accuracy": 0.46799999475479126, "eval_mae": 0.689, "eval_runtime": 26.2169, "eval_samples_per_second": 190.717}