{"eval_loss": 0.9458996057510376, "eval_accuracy": 0.6061999797821045, "eval_mae": 0.4564, "eval_runtime": 16.7792, "eval_samples_per_second": 297.988}