{"eval_loss": 1.0798099040985107, "eval_accuracy": 0.5537999868392944, "eval_mae": 0.5348, "eval_runtime": 27.7312, "eval_samples_per_second": 180.302}