{"eval_loss": 1.0121705532073975, "eval_accuracy": 0.5662000179290771, "eval_mae": 0.5052, "eval_runtime": 17.1146, "eval_samples_per_second": 292.148}