{"eval_loss": 1.1763478517532349, "eval_accuracy": 0.5031999945640564, "eval_mae": 0.5916, "eval_runtime": 17.3442, "eval_samples_per_second": 288.28}