{"eval_loss": 0.9803351759910583, "eval_accuracy": 0.5825999975204468, "eval_mae": 0.4884, "eval_runtime": 17.3558, "eval_samples_per_second": 288.087}