{"eval_loss": 1.020763874053955, "eval_accuracy": 0.5698000192642212, "eval_mae": 0.5086, "eval_runtime": 16.5649, "eval_samples_per_second": 301.843}