{"eval_loss": 1.3496366739273071, "eval_accuracy": 0.4713999927043915, "eval_mae": 0.6902, "eval_runtime": 17.3201, "eval_samples_per_second": 288.681}