{"eval_loss": 1.391195297241211, "eval_accuracy": 0.48100000619888306, "eval_mae": 0.6736, "eval_runtime": 19.4539, "eval_samples_per_second": 257.018}