{"eval_loss": 1.4468683004379272, "eval_accuracy": 0.438400000333786, "eval_mae": 0.7292, "eval_runtime": 18.7064, "eval_samples_per_second": 267.288}