{"eval_loss": 1.2394464015960693, "eval_accuracy": 0.4975999891757965, "eval_mae": 0.6462, "eval_runtime": 18.1051, "eval_samples_per_second": 276.165}