{"eval_loss": 1.0149788856506348, "eval_accuracy": 0.58160001039505, "eval_mae": 0.4946, "eval_runtime": 25.1781, "eval_samples_per_second": 198.585}