{"eval_loss": 1.2290503978729248, "eval_accuracy": 0.49959999322891235, "eval_mae": 0.604, "eval_runtime": 18.4413, "eval_samples_per_second": 271.131}