{"eval_loss": 1.0190925598144531, "eval_accuracy": 0.5812000036239624, "eval_mae": 0.4938, "eval_runtime": 28.2583, "eval_samples_per_second": 176.939}