{"eval_loss": 0.8895683884620667, "eval_accuracy": 0.6367999911308289, "eval_mae": 0.4142, "eval_runtime": 20.1249, "eval_samples_per_second": 248.448}