{"eval_loss": 1.0241514444351196, "eval_accuracy": 0.5551999807357788, "eval_mae": 0.5356, "eval_runtime": 17.235, "eval_samples_per_second": 290.108}