{"eval_loss": 1.3524199724197388, "eval_accuracy": 0.483599990606308, "eval_mae": 0.6712, "eval_runtime": 17.8687, "eval_samples_per_second": 279.819}