{"eval_loss": 0.9476996064186096, "eval_accuracy": 0.607200026512146, "eval_mae": 0.4488, "eval_runtime": 19.4275, "eval_samples_per_second": 257.367}