{"eval_loss": 1.2412296533584595, "eval_accuracy": 0.5009999871253967, "eval_mae": 0.5938, "eval_runtime": 19.1111, "eval_samples_per_second": 261.628}