{"eval_loss": 1.1726306676864624, "eval_accuracy": 0.5044000148773193, "eval_mae": 0.5906, "eval_runtime": 17.8537, "eval_samples_per_second": 280.053}