{"eval_loss": 1.0837655067443848, "eval_accuracy": 0.5759999752044678, "eval_mae": 0.509, "eval_runtime": 16.4616, "eval_samples_per_second": 303.737}