{"eval_loss": 1.2961597442626953, "eval_accuracy": 0.46799999475479126, "eval_mae": 0.6814, "eval_runtime": 27.4623, "eval_samples_per_second": 182.068}