{"eval_loss": 1.0062429904937744, "eval_accuracy": 0.5917999744415283, "eval_mae": 0.4704, "eval_runtime": 16.5649, "eval_samples_per_second": 301.843}