{"eval_loss": 1.0115337371826172, "eval_accuracy": 0.5789999961853027, "eval_mae": 0.4832, "eval_runtime": 17.2947, "eval_samples_per_second": 289.107}