{"eval_loss": 1.0299509763717651, "eval_accuracy": 0.5465999841690063, "eval_mae": 0.5388, "eval_runtime": 17.4699, "eval_samples_per_second": 286.207}