{"eval_loss": 1.055437445640564, "eval_accuracy": 0.5278000235557556, "eval_mae": 0.5702, "eval_runtime": 15.9777, "eval_samples_per_second": 312.937}