{"eval_loss": 1.4431072473526, "eval_accuracy": 0.4397999942302704, "eval_mae": 0.7294, "eval_runtime": 24.8889, "eval_samples_per_second": 200.892}