{"eval_loss": 1.365949273109436, "eval_accuracy": 0.45820000767707825, "eval_mae": 0.7312, "eval_runtime": 16.8447, "eval_samples_per_second": 296.829}