{"eval_loss": 1.042732834815979, "eval_accuracy": 0.5612000226974487, "eval_mae": 0.5082, "eval_runtime": 18.4594, "eval_samples_per_second": 270.865}