{"eval_loss": 1.080058217048645, "eval_accuracy": 0.5555999875068665, "eval_mae": 0.5656, "eval_runtime": 33.19, "eval_samples_per_second": 150.648}