{"eval_loss": 1.1555206775665283, "eval_accuracy": 0.5016000270843506, "eval_mae": 0.5896, "eval_runtime": 16.6872, "eval_samples_per_second": 299.63}