{"eval_loss": 0.9512090682983398, "eval_accuracy": 0.6209999918937683, "eval_mae": 0.4286, "eval_runtime": 17.3671, "eval_samples_per_second": 287.901}