{"eval_loss": 1.3437013626098633, "eval_accuracy": 0.4740000069141388, "eval_mae": 0.6954, "eval_runtime": 16.29, "eval_samples_per_second": 306.936}