{"eval_loss": 1.02763831615448, "eval_accuracy": 0.5550000071525574, "eval_mae": 0.537, "eval_runtime": 17.2724, "eval_samples_per_second": 289.48}