{"eval_loss": 1.01340651512146, "eval_accuracy": 0.5641999840736389, "eval_mae": 0.507, "eval_runtime": 16.9936, "eval_samples_per_second": 294.228}