{"eval_loss": 1.0458745956420898, "eval_accuracy": 0.5609999895095825, "eval_mae": 0.509, "eval_runtime": 18.1149, "eval_samples_per_second": 276.015}