{"eval_loss": 1.3521548509597778, "eval_accuracy": 0.48420000076293945, "eval_mae": 0.6694, "eval_runtime": 21.455, "eval_samples_per_second": 233.046}