{"eval_loss": 1.0453113317489624, "eval_accuracy": 0.5623999834060669, "eval_mae": 0.5074, "eval_runtime": 18.3345, "eval_samples_per_second": 272.71}