{"eval_loss": 1.004867434501648, "eval_accuracy": 0.5758000016212463, "eval_mae": 0.4944, "eval_runtime": 16.508, "eval_samples_per_second": 302.883}