{"eval_loss": 0.948026180267334, "eval_accuracy": 0.5910000205039978, "eval_mae": 0.4624, "eval_runtime": 17.1895, "eval_samples_per_second": 290.875}