{"eval_loss": 1.045116662979126, "eval_accuracy": 0.5608000159263611, "eval_mae": 0.5088, "eval_runtime": 20.4066, "eval_samples_per_second": 245.018}