{"eval_loss": 1.3462183475494385, "eval_accuracy": 0.4733999967575073, "eval_mae": 0.6882, "eval_runtime": 17.2409, "eval_samples_per_second": 290.008}