{"eval_loss": 1.343178153038025, "eval_accuracy": 0.4758000075817108, "eval_mae": 0.6938, "eval_runtime": 16.9733, "eval_samples_per_second": 294.581}