{"eval_loss": 0.9507831931114197, "eval_accuracy": 0.621399998664856, "eval_mae": 0.4274, "eval_runtime": 17.4892, "eval_samples_per_second": 285.891}