{"eval_loss": 0.9560902118682861, "eval_accuracy": 0.6007999777793884, "eval_mae": 0.463, "eval_runtime": 17.3008, "eval_samples_per_second": 289.004}