{"eval_loss": 1.3540927171707153, "eval_accuracy": 0.4652000069618225, "eval_mae": 0.6978, "eval_runtime": 17.8384, "eval_samples_per_second": 280.294}