{"eval_loss": 1.086388111114502, "eval_accuracy": 0.5475999712944031, "eval_mae": 0.5414, "eval_runtime": 17.9945, "eval_samples_per_second": 277.862}