{"eval_loss": 0.9555937647819519, "eval_accuracy": 0.5997999906539917, "eval_mae": 0.4638, "eval_runtime": 16.6782, "eval_samples_per_second": 299.793}