{"eval_loss": 0.9612088799476624, "eval_accuracy": 0.5929999947547913, "eval_mae": 0.4824, "eval_runtime": 17.3118, "eval_samples_per_second": 288.82}