{"eval_loss": 1.2682050466537476, "eval_accuracy": 0.503000020980835, "eval_mae": 0.5948, "eval_runtime": 29.9115, "eval_samples_per_second": 167.16}