{"eval_loss": 0.9506915807723999, "eval_accuracy": 0.6208000183105469, "eval_mae": 0.429, "eval_runtime": 17.4185, "eval_samples_per_second": 287.051}