{"eval_loss": 0.9355343580245972, "eval_accuracy": 0.6021999716758728, "eval_mae": 0.4526, "eval_runtime": 17.1077, "eval_samples_per_second": 292.267}