{"eval_loss": 0.9360783100128174, "eval_accuracy": 0.6000000238418579, "eval_mae": 0.4566, "eval_runtime": 16.2724, "eval_samples_per_second": 307.269}