{"eval_loss": 1.014573574066162, "eval_accuracy": 0.5649999976158142, "eval_mae": 0.5074, "eval_runtime": 17.0024, "eval_samples_per_second": 294.076}