{"eval_loss": 1.0146056413650513, "eval_accuracy": 0.5631999969482422, "eval_mae": 0.5098, "eval_runtime": 17.1974, "eval_samples_per_second": 290.742}