{"eval_loss": 1.2288095951080322, "eval_accuracy": 0.5063999891281128, "eval_mae": 0.6208, "eval_runtime": 29.944, "eval_samples_per_second": 166.978}