{"eval_loss": 1.018969178199768, "eval_accuracy": 0.5807999968528748, "eval_mae": 0.4932, "eval_runtime": 18.4917, "eval_samples_per_second": 270.392}