{"eval_loss": 1.1518070697784424, "eval_accuracy": 0.4986000061035156, "eval_mae": 0.5932, "eval_runtime": 17.2883, "eval_samples_per_second": 289.212}