{"eval_loss": 1.0451571941375732, "eval_accuracy": 0.5613999962806702, "eval_mae": 0.5082, "eval_runtime": 18.3922, "eval_samples_per_second": 271.854}