{"eval_loss": 1.007170557975769, "eval_accuracy": 0.574999988079071, "eval_mae": 0.4962, "eval_runtime": 17.4951, "eval_samples_per_second": 285.795}