{"eval_loss": 1.0789417028427124, "eval_accuracy": 0.5568000078201294, "eval_mae": 0.5636, "eval_runtime": 18.1686, "eval_samples_per_second": 275.2}