{"eval_loss": 1.0055056810379028, "eval_accuracy": 0.5770000219345093, "eval_mae": 0.4954, "eval_runtime": 17.1827, "eval_samples_per_second": 290.99}