{"eval_loss": 1.0807368755340576, "eval_accuracy": 0.5723999738693237, "eval_mae": 0.512, "eval_runtime": 17.0084, "eval_samples_per_second": 293.973}