{"eval_loss": 1.0464487075805664, "eval_accuracy": 0.5609999895095825, "eval_mae": 0.5082, "eval_runtime": 18.4561, "eval_samples_per_second": 270.914}