{"eval_loss": 0.9787607192993164, "eval_accuracy": 0.5812000036239624, "eval_mae": 0.4892, "eval_runtime": 17.4262, "eval_samples_per_second": 286.924}