{"eval_loss": 1.0147136449813843, "eval_accuracy": 0.5654000043869019, "eval_mae": 0.508, "eval_runtime": 16.3774, "eval_samples_per_second": 305.299}