{"eval_loss": 1.0851962566375732, "eval_accuracy": 0.5478000044822693, "eval_mae": 0.54, "eval_runtime": 23.9758, "eval_samples_per_second": 208.544}