{"eval_loss": 1.0846084356307983, "eval_accuracy": 0.5748000144958496, "eval_mae": 0.5102, "eval_runtime": 16.0571, "eval_samples_per_second": 311.389}