{"eval_loss": 1.0433851480484009, "eval_accuracy": 0.5636000037193298, "eval_mae": 0.5084, "eval_runtime": 18.5317, "eval_samples_per_second": 269.808}