{"eval_loss": 1.1560792922973633, "eval_accuracy": 0.49880000948905945, "eval_mae": 0.592, "eval_runtime": 17.3048, "eval_samples_per_second": 288.938}