{"eval_loss": 1.0324472188949585, "eval_accuracy": 0.5404000282287598, "eval_mae": 0.5422, "eval_runtime": 16.8282, "eval_samples_per_second": 297.121}