{"eval_loss": 1.0053781270980835, "eval_accuracy": 0.5756000280380249, "eval_mae": 0.4956, "eval_runtime": 17.1369, "eval_samples_per_second": 291.768}