{"eval_loss": 0.9503398537635803, "eval_accuracy": 0.6197999715805054, "eval_mae": 0.4296, "eval_runtime": 17.3376, "eval_samples_per_second": 288.391}