{"eval_loss": 1.2405023574829102, "eval_accuracy": 0.4997999966144562, "eval_mae": 0.5956, "eval_runtime": 19.4145, "eval_samples_per_second": 257.54}