{"eval_loss": 1.3526537418365479, "eval_accuracy": 0.48399999737739563, "eval_mae": 0.6692, "eval_runtime": 18.4437, "eval_samples_per_second": 271.096}