{"eval_loss": 1.017990231513977, "eval_accuracy": 0.579200029373169, "eval_mae": 0.483, "eval_runtime": 17.4946, "eval_samples_per_second": 285.802}