{"eval_loss": 0.9806073307991028, "eval_accuracy": 0.5809999704360962, "eval_mae": 0.4888, "eval_runtime": 17.3737, "eval_samples_per_second": 287.792}