{"eval_loss": 1.1484062671661377, "eval_accuracy": 0.5446000099182129, "eval_mae": 0.5866, "eval_runtime": 17.432, "eval_samples_per_second": 286.829}