{"eval_loss": 1.0850075483322144, "eval_accuracy": 0.5759999752044678, "eval_mae": 0.5088, "eval_runtime": 16.7433, "eval_samples_per_second": 298.626}