{"eval_loss": 0.9548959732055664, "eval_accuracy": 0.5992000102996826, "eval_mae": 0.464, "eval_runtime": 17.47, "eval_samples_per_second": 286.204}