{"eval_loss": 1.0284371376037598, "eval_accuracy": 0.5475999712944031, "eval_mae": 0.5358, "eval_runtime": 17.5495, "eval_samples_per_second": 284.908}