{"eval_loss": 0.9774722456932068, "eval_accuracy": 0.5839999914169312, "eval_mae": 0.4862, "eval_runtime": 17.3096, "eval_samples_per_second": 288.857}