{"eval_loss": 1.1477357149124146, "eval_accuracy": 0.5491999983787537, "eval_mae": 0.5812, "eval_runtime": 17.5524, "eval_samples_per_second": 284.862}