{"eval_loss": 1.1474751234054565, "eval_accuracy": 0.5482000112533569, "eval_mae": 0.5836, "eval_runtime": 17.4123, "eval_samples_per_second": 287.153}