{"eval_loss": 1.3854445219039917, "eval_accuracy": 0.47519999742507935, "eval_mae": 0.6794, "eval_runtime": 18.9825, "eval_samples_per_second": 263.401}