{"eval_loss": 1.0064033269882202, "eval_accuracy": 0.5758000016212463, "eval_mae": 0.498, "eval_runtime": 16.1973, "eval_samples_per_second": 308.694}