{"eval_loss": 1.3922685384750366, "eval_accuracy": 0.48100000619888306, "eval_mae": 0.6738, "eval_runtime": 21.0959, "eval_samples_per_second": 237.013}