{"eval_loss": 1.238147497177124, "eval_accuracy": 0.49720001220703125, "eval_mae": 0.646, "eval_runtime": 18.1133, "eval_samples_per_second": 276.04}