{"eval_loss": 0.9915716648101807, "eval_accuracy": 0.5705999732017517, "eval_mae": 0.505, "eval_runtime": 16.9679, "eval_samples_per_second": 294.674}