{"eval_loss": 1.0190552473068237, "eval_accuracy": 0.5807999968528748, "eval_mae": 0.4942, "eval_runtime": 19.9201, "eval_samples_per_second": 251.003}