{"eval_loss": 1.012022614479065, "eval_accuracy": 0.5830000042915344, "eval_mae": 0.48, "eval_runtime": 17.4167, "eval_samples_per_second": 287.081}