{"eval_loss": 1.2383049726486206, "eval_accuracy": 0.4968000054359436, "eval_mae": 0.648, "eval_runtime": 18.9266, "eval_samples_per_second": 264.178}