{"eval_loss": 1.0455150604248047, "eval_accuracy": 0.5618000030517578, "eval_mae": 0.5074, "eval_runtime": 19.155, "eval_samples_per_second": 261.029}