{"eval_loss": 0.9787195324897766, "eval_accuracy": 0.5812000036239624, "eval_mae": 0.4896, "eval_runtime": 16.3921, "eval_samples_per_second": 305.025}