{"eval_loss": 1.0785375833511353, "eval_accuracy": 0.5583999752998352, "eval_mae": 0.5308, "eval_runtime": 19.2876, "eval_samples_per_second": 259.233}