{"eval_loss": 1.2416479587554932, "eval_accuracy": 0.5001999735832214, "eval_mae": 0.5952, "eval_runtime": 19.7955, "eval_samples_per_second": 252.583}