{"eval_loss": 1.0612576007843018, "eval_accuracy": 0.5551999807357788, "eval_mae": 0.5224, "eval_runtime": 18.3153, "eval_samples_per_second": 272.996}