{"eval_loss": 1.2389168739318848, "eval_accuracy": 0.4950000047683716, "eval_mae": 0.6512, "eval_runtime": 18.2914, "eval_samples_per_second": 273.353}