{"eval_loss": 1.0173618793487549, "eval_accuracy": 0.579800009727478, "eval_mae": 0.4958, "eval_runtime": 30.1613, "eval_samples_per_second": 165.776}