{"eval_loss": 1.3638420104980469, "eval_accuracy": 0.45840001106262207, "eval_mae": 0.7264, "eval_runtime": 17.3554, "eval_samples_per_second": 288.095}