{"eval_loss": 1.1680859327316284, "eval_accuracy": 0.498199999332428, "eval_mae": 0.59, "eval_runtime": 16.6086, "eval_samples_per_second": 301.048}