{"eval_loss": 1.0785211324691772, "eval_accuracy": 0.5590000152587891, "eval_mae": 0.5302, "eval_runtime": 18.3259, "eval_samples_per_second": 272.838}