{"eval_loss": 1.0632866621017456, "eval_accuracy": 0.5580000281333923, "eval_mae": 0.521, "eval_runtime": 18.3556, "eval_samples_per_second": 272.397}