{"eval_loss": 0.9475880861282349, "eval_accuracy": 0.592199981212616, "eval_mae": 0.4702, "eval_runtime": 19.0742, "eval_samples_per_second": 262.134}