{"eval_loss": 1.3695560693740845, "eval_accuracy": 0.45660001039505005, "eval_mae": 0.7338, "eval_runtime": 16.2585, "eval_samples_per_second": 307.531}