{"eval_loss": 1.0534934997558594, "eval_accuracy": 0.5293999910354614, "eval_mae": 0.567, "eval_runtime": 16.8647, "eval_samples_per_second": 296.477}