{"eval_loss": 1.0853711366653442, "eval_accuracy": 0.5740000009536743, "eval_mae": 0.5112, "eval_runtime": 16.3893, "eval_samples_per_second": 305.077}