{"eval_loss": 1.0116093158721924, "eval_accuracy": 0.5788000226020813, "eval_mae": 0.4834, "eval_runtime": 17.4093, "eval_samples_per_second": 287.203}