{"eval_loss": 0.9479308724403381, "eval_accuracy": 0.5934000015258789, "eval_mae": 0.4692, "eval_runtime": 24.3687, "eval_samples_per_second": 205.181}