{"eval_loss": 1.3911646604537964, "eval_accuracy": 0.4814000129699707, "eval_mae": 0.6726, "eval_runtime": 19.0204, "eval_samples_per_second": 262.875}