{"eval_loss": 0.9903544783592224, "eval_accuracy": 0.5705999732017517, "eval_mae": 0.5074, "eval_runtime": 16.4431, "eval_samples_per_second": 304.079}