{"eval_loss": 1.3406654596328735, "eval_accuracy": 0.46720001101493835, "eval_mae": 0.69, "eval_runtime": 25.028, "eval_samples_per_second": 199.777}