{"eval_loss": 0.9493240118026733, "eval_accuracy": 0.5898000001907349, "eval_mae": 0.4644, "eval_runtime": 16.5361, "eval_samples_per_second": 302.369}