{"eval_loss": 1.176103949546814, "eval_accuracy": 0.503000020980835, "eval_mae": 0.5916, "eval_runtime": 17.3298, "eval_samples_per_second": 288.52}