{"eval_loss": 1.3921419382095337, "eval_accuracy": 0.4819999933242798, "eval_mae": 0.6726, "eval_runtime": 32.5432, "eval_samples_per_second": 153.642}