{"eval_loss": 1.0247352123260498, "eval_accuracy": 0.5541999936103821, "eval_mae": 0.5374, "eval_runtime": 17.373, "eval_samples_per_second": 287.803}