{"eval_loss": 0.9913345575332642, "eval_accuracy": 0.5730000138282776, "eval_mae": 0.5072, "eval_runtime": 16.9918, "eval_samples_per_second": 294.259}