{"eval_loss": 0.9488921761512756, "eval_accuracy": 0.5899999737739563, "eval_mae": 0.4638, "eval_runtime": 16.4877, "eval_samples_per_second": 303.256}