{"eval_loss": 1.2405685186386108, "eval_accuracy": 0.5027999877929688, "eval_mae": 0.5932, "eval_runtime": 29.2028, "eval_samples_per_second": 171.216}