{"eval_loss": 1.3375403881072998, "eval_accuracy": 0.4702000021934509, "eval_mae": 0.6862, "eval_runtime": 18.4103, "eval_samples_per_second": 271.588}