{"eval_loss": 0.9483489394187927, "eval_accuracy": 0.5907999873161316, "eval_mae": 0.4632, "eval_runtime": 17.2757, "eval_samples_per_second": 289.424}