{"eval_loss": 1.0106587409973145, "eval_accuracy": 0.5934000015258789, "eval_mae": 0.468, "eval_runtime": 17.6995, "eval_samples_per_second": 282.494}