{"eval_loss": 1.2218151092529297, "eval_accuracy": 0.5045999884605408, "eval_mae": 0.5978, "eval_runtime": 18.3692, "eval_samples_per_second": 272.194}