{"eval_loss": 1.2279433012008667, "eval_accuracy": 0.5067999958992004, "eval_mae": 0.6212, "eval_runtime": 18.9993, "eval_samples_per_second": 263.168}