{"eval_loss": 1.0784558057785034, "eval_accuracy": 0.5583999752998352, "eval_mae": 0.5308, "eval_runtime": 18.6663, "eval_samples_per_second": 267.863}