{"eval_loss": 1.1766586303710938, "eval_accuracy": 0.501800000667572, "eval_mae": 0.5928, "eval_runtime": 17.3362, "eval_samples_per_second": 288.414}