{"eval_loss": 1.0451828241348267, "eval_accuracy": 0.5605999827384949, "eval_mae": 0.5086, "eval_runtime": 22.0514, "eval_samples_per_second": 226.743}