{"eval_loss": 0.9600736498832703, "eval_accuracy": 0.592199981212616, "eval_mae": 0.484, "eval_runtime": 17.4125, "eval_samples_per_second": 287.15}