{"eval_loss": 1.3409799337387085, "eval_accuracy": 0.47699999809265137, "eval_mae": 0.6924, "eval_runtime": 16.2713, "eval_samples_per_second": 307.29}