{"eval_loss": 1.352664589881897, "eval_accuracy": 0.48339998722076416, "eval_mae": 0.6714, "eval_runtime": 20.1845, "eval_samples_per_second": 247.715}