{"eval_loss": 0.9491738080978394, "eval_accuracy": 0.5917999744415283, "eval_mae": 0.462, "eval_runtime": 16.625, "eval_samples_per_second": 300.752}