{"eval_loss": 0.9461287260055542, "eval_accuracy": 0.6064000129699707, "eval_mae": 0.4554, "eval_runtime": 17.3003, "eval_samples_per_second": 289.012}