{"eval_loss": 1.3658995628356934, "eval_accuracy": 0.45719999074935913, "eval_mae": 0.7306, "eval_runtime": 16.4946, "eval_samples_per_second": 303.129}