{"eval_loss": 0.9789634943008423, "eval_accuracy": 0.58160001039505, "eval_mae": 0.4888, "eval_runtime": 17.3995, "eval_samples_per_second": 287.365}