{"eval_loss": 1.4440605640411377, "eval_accuracy": 0.4375999867916107, "eval_mae": 0.7298, "eval_runtime": 20.7368, "eval_samples_per_second": 241.118}