{"eval_loss": 1.0453749895095825, "eval_accuracy": 0.5630000233650208, "eval_mae": 0.5062, "eval_runtime": 18.5323, "eval_samples_per_second": 269.8}