{"eval_loss": 1.045406699180603, "eval_accuracy": 0.5600000023841858, "eval_mae": 0.5092, "eval_runtime": 19.6219, "eval_samples_per_second": 254.817}