{"eval_loss": 1.045498013496399, "eval_accuracy": 0.5612000226974487, "eval_mae": 0.5082, "eval_runtime": 18.4629, "eval_samples_per_second": 270.814}