{"eval_loss": 1.3922985792160034, "eval_accuracy": 0.4797999858856201, "eval_mae": 0.675, "eval_runtime": 30.4239, "eval_samples_per_second": 164.344}