{"eval_loss": 1.0095607042312622, "eval_accuracy": 0.5722000002861023, "eval_mae": 0.501, "eval_runtime": 17.1253, "eval_samples_per_second": 291.965}