{"eval_loss": 0.9450849890708923, "eval_accuracy": 0.605400025844574, "eval_mae": 0.4556, "eval_runtime": 16.4632, "eval_samples_per_second": 303.708}