{"eval_loss": 1.01082181930542, "eval_accuracy": 0.5795999765396118, "eval_mae": 0.4822, "eval_runtime": 17.5008, "eval_samples_per_second": 285.701}