{"eval_loss": 1.0455162525177002, "eval_accuracy": 0.5612000226974487, "eval_mae": 0.5078, "eval_runtime": 24.7556, "eval_samples_per_second": 201.974}