{"eval_loss": 0.9482089877128601, "eval_accuracy": 0.5916000008583069, "eval_mae": 0.4712, "eval_runtime": 18.8666, "eval_samples_per_second": 265.019}