{"eval_loss": 1.0848702192306519, "eval_accuracy": 0.5745999813079834, "eval_mae": 0.5108, "eval_runtime": 16.6, "eval_samples_per_second": 301.205}