{"eval_loss": 1.020354151725769, "eval_accuracy": 0.5803999900817871, "eval_mae": 0.495, "eval_runtime": 18.5369, "eval_samples_per_second": 269.732}