{"eval_loss": 1.0802733898162842, "eval_accuracy": 0.5565999746322632, "eval_mae": 0.565, "eval_runtime": 18.1354, "eval_samples_per_second": 275.704}