{"eval_loss": 1.2280051708221436, "eval_accuracy": 0.49799999594688416, "eval_mae": 0.643, "eval_runtime": 20.5375, "eval_samples_per_second": 243.457}