{"eval_loss": 1.1743286848068237, "eval_accuracy": 0.5023999810218811, "eval_mae": 0.5928, "eval_runtime": 16.7599, "eval_samples_per_second": 298.33}