{"eval_loss": 1.0249706506729126, "eval_accuracy": 0.5555999875068665, "eval_mae": 0.5356, "eval_runtime": 17.3098, "eval_samples_per_second": 288.854}