{"eval_loss": 0.9457360506057739, "eval_accuracy": 0.607200026512146, "eval_mae": 0.455, "eval_runtime": 17.5184, "eval_samples_per_second": 285.413}