{"eval_loss": 0.9508650302886963, "eval_accuracy": 0.621399998664856, "eval_mae": 0.4278, "eval_runtime": 17.4092, "eval_samples_per_second": 287.204}