{"eval_loss": 1.078983187675476, "eval_accuracy": 0.5582000017166138, "eval_mae": 0.5312, "eval_runtime": 19.7249, "eval_samples_per_second": 253.486}