{"eval_loss": 0.9488824009895325, "eval_accuracy": 0.5917999744415283, "eval_mae": 0.4612, "eval_runtime": 16.7054, "eval_samples_per_second": 299.304}