{"eval_loss": 1.3387681245803833, "eval_accuracy": 0.4729999899864197, "eval_mae": 0.6984, "eval_runtime": 15.9164, "eval_samples_per_second": 314.142}