{"eval_loss": 1.3487740755081177, "eval_accuracy": 0.47200000286102295, "eval_mae": 0.6896, "eval_runtime": 17.3418, "eval_samples_per_second": 288.321}