{"eval_loss": 1.0248993635177612, "eval_accuracy": 0.5555999875068665, "eval_mae": 0.5358, "eval_runtime": 17.3529, "eval_samples_per_second": 288.136}