{"eval_loss": 1.0844722986221313, "eval_accuracy": 0.5758000016212463, "eval_mae": 0.5088, "eval_runtime": 16.0767, "eval_samples_per_second": 311.009}