{"eval_loss": 0.9458038806915283, "eval_accuracy": 0.6047999858856201, "eval_mae": 0.457, "eval_runtime": 17.6182, "eval_samples_per_second": 283.797}