{"eval_loss": 1.0137271881103516, "eval_accuracy": 0.5626000165939331, "eval_mae": 0.5088, "eval_runtime": 16.3703, "eval_samples_per_second": 305.432}