{"eval_loss": 1.0215238332748413, "eval_accuracy": 0.5691999793052673, "eval_mae": 0.5086, "eval_runtime": 16.315, "eval_samples_per_second": 306.466}