{"eval_loss": 1.2970514297485352, "eval_accuracy": 0.46700000762939453, "eval_mae": 0.6834, "eval_runtime": 25.7109, "eval_samples_per_second": 194.47}