{"eval_loss": 1.020232081413269, "eval_accuracy": 0.5691999793052673, "eval_mae": 0.5094, "eval_runtime": 17.2835, "eval_samples_per_second": 289.293}