{"eval_loss": 1.0848915576934814, "eval_accuracy": 0.5756000280380249, "eval_mae": 0.5104, "eval_runtime": 16.1712, "eval_samples_per_second": 309.192}