{"eval_loss": 0.9363972544670105, "eval_accuracy": 0.6000000238418579, "eval_mae": 0.4564, "eval_runtime": 16.4526, "eval_samples_per_second": 303.904}