{"eval_loss": 0.9870614409446716, "eval_accuracy": 0.5717999935150146, "eval_mae": 0.503, "eval_runtime": 17.0312, "eval_samples_per_second": 293.579}