{"eval_loss": 0.9902293682098389, "eval_accuracy": 0.5705999732017517, "eval_mae": 0.508, "eval_runtime": 16.1342, "eval_samples_per_second": 309.9}