{"eval_loss": 1.0786023139953613, "eval_accuracy": 0.5587999820709229, "eval_mae": 0.5306, "eval_runtime": 19.3657, "eval_samples_per_second": 258.188}