{"eval_loss": 1.442795753479004, "eval_accuracy": 0.44040000438690186, "eval_mae": 0.7286, "eval_runtime": 29.0333, "eval_samples_per_second": 172.216}