{"eval_loss": 1.176941990852356, "eval_accuracy": 0.5023999810218811, "eval_mae": 0.5918, "eval_runtime": 17.3254, "eval_samples_per_second": 288.594}