{"eval_loss": 0.9489737153053284, "eval_accuracy": 0.6064000129699707, "eval_mae": 0.4498, "eval_runtime": 19.7156, "eval_samples_per_second": 253.607}