{"eval_loss": 1.2431671619415283, "eval_accuracy": 0.49480000138282776, "eval_mae": 0.6514, "eval_runtime": 18.6593, "eval_samples_per_second": 267.963}