{"eval_loss": 1.014597773551941, "eval_accuracy": 0.5641999840736389, "eval_mae": 0.508, "eval_runtime": 16.9308, "eval_samples_per_second": 295.32}