{"eval_loss": 1.4433244466781616, "eval_accuracy": 0.43959999084472656, "eval_mae": 0.7292, "eval_runtime": 18.857, "eval_samples_per_second": 265.153}