{"eval_loss": 0.951445996761322, "eval_accuracy": 0.6176000237464905, "eval_mae": 0.432, "eval_runtime": 17.4626, "eval_samples_per_second": 286.327}