{"eval_loss": 1.1764917373657227, "eval_accuracy": 0.5031999945640564, "eval_mae": 0.591, "eval_runtime": 17.3363, "eval_samples_per_second": 288.412}