{"eval_loss": 1.0801562070846558, "eval_accuracy": 0.5558000206947327, "eval_mae": 0.534, "eval_runtime": 26.5746, "eval_samples_per_second": 188.15}