{"eval_loss": 1.1757909059524536, "eval_accuracy": 0.5026000142097473, "eval_mae": 0.5914, "eval_runtime": 17.5431, "eval_samples_per_second": 285.013}