{"eval_loss": 1.0184435844421387, "eval_accuracy": 0.579200029373169, "eval_mae": 0.495, "eval_runtime": 20.5445, "eval_samples_per_second": 243.374}