{"eval_loss": 1.0525468587875366, "eval_accuracy": 0.5281999707221985, "eval_mae": 0.5688, "eval_runtime": 15.9707, "eval_samples_per_second": 313.073}