{"eval_loss": 1.3299006223678589, "eval_accuracy": 0.4781999886035919, "eval_mae": 0.6882, "eval_runtime": 16.3973, "eval_samples_per_second": 304.929}