{"eval_loss": 0.9603191614151001, "eval_accuracy": 0.5946000218391418, "eval_mae": 0.4822, "eval_runtime": 17.3894, "eval_samples_per_second": 287.532}