{"eval_loss": 1.4377824068069458, "eval_accuracy": 0.43959999084472656, "eval_mae": 0.7278, "eval_runtime": 18.9816, "eval_samples_per_second": 263.413}