{"eval_loss": 0.9898881912231445, "eval_accuracy": 0.5698000192642212, "eval_mae": 0.5082, "eval_runtime": 16.9629, "eval_samples_per_second": 294.761}