{"eval_loss": 1.4439181089401245, "eval_accuracy": 0.43939998745918274, "eval_mae": 0.7292, "eval_runtime": 19.2311, "eval_samples_per_second": 259.996}