{"eval_loss": 1.0311273336410522, "eval_accuracy": 0.5450000166893005, "eval_mae": 0.541, "eval_runtime": 17.4708, "eval_samples_per_second": 286.192}