{"eval_loss": 0.9479069113731384, "eval_accuracy": 0.6015999913215637, "eval_mae": 0.4602, "eval_runtime": 16.6937, "eval_samples_per_second": 299.514}