{"eval_loss": 1.2289330959320068, "eval_accuracy": 0.506600022315979, "eval_mae": 0.621, "eval_runtime": 20.5617, "eval_samples_per_second": 243.171}