{"eval_loss": 1.442909598350525, "eval_accuracy": 0.43959999084472656, "eval_mae": 0.7292, "eval_runtime": 18.5163, "eval_samples_per_second": 270.032}