{"eval_loss": 0.951867401599884, "eval_accuracy": 0.6083999872207642, "eval_mae": 0.4474, "eval_runtime": 18.7815, "eval_samples_per_second": 266.22}