{"eval_loss": 1.0783213376998901, "eval_accuracy": 0.5580000281333923, "eval_mae": 0.5304, "eval_runtime": 18.6059, "eval_samples_per_second": 268.732}