{"eval_loss": 1.014333724975586, "eval_accuracy": 0.5662000179290771, "eval_mae": 0.5072, "eval_runtime": 17.2646, "eval_samples_per_second": 289.61}