{"eval_loss": 0.9504271745681763, "eval_accuracy": 0.6069999933242798, "eval_mae": 0.4484, "eval_runtime": 23.7192, "eval_samples_per_second": 210.799}