{"eval_loss": 1.0049641132354736, "eval_accuracy": 0.5929999947547913, "eval_mae": 0.4684, "eval_runtime": 17.1358, "eval_samples_per_second": 291.786}