{"eval_loss": 1.2281080484390259, "eval_accuracy": 0.5076000094413757, "eval_mae": 0.6198, "eval_runtime": 18.9441, "eval_samples_per_second": 263.934}