{"eval_loss": 1.3482377529144287, "eval_accuracy": 0.4708000123500824, "eval_mae": 0.6932, "eval_runtime": 16.717, "eval_samples_per_second": 299.098}