{"eval_loss": 1.1759743690490723, "eval_accuracy": 0.5031999945640564, "eval_mae": 0.5916, "eval_runtime": 16.7026, "eval_samples_per_second": 299.354}