{"eval_loss": 1.3924866914749146, "eval_accuracy": 0.4812000095844269, "eval_mae": 0.6734, "eval_runtime": 32.8898, "eval_samples_per_second": 152.023}