{"eval_loss": 1.0807117223739624, "eval_accuracy": 0.5562000274658203, "eval_mae": 0.565, "eval_runtime": 20.9613, "eval_samples_per_second": 238.535}