{"eval_loss": 1.1779288053512573, "eval_accuracy": 0.5019999742507935, "eval_mae": 0.592, "eval_runtime": 17.5567, "eval_samples_per_second": 284.792}