{"eval_loss": 0.9508107304573059, "eval_accuracy": 0.6204000115394592, "eval_mae": 0.4296, "eval_runtime": 17.4852, "eval_samples_per_second": 285.956}