{"eval_loss": 0.9478082060813904, "eval_accuracy": 0.6075999736785889, "eval_mae": 0.4506, "eval_runtime": 19.1343, "eval_samples_per_second": 261.311}