{"eval_loss": 1.243242621421814, "eval_accuracy": 0.4984000027179718, "eval_mae": 0.5966, "eval_runtime": 18.6025, "eval_samples_per_second": 268.781}