{"eval_loss": 1.2387369871139526, "eval_accuracy": 0.49619999527931213, "eval_mae": 0.648, "eval_runtime": 27.384, "eval_samples_per_second": 182.588}