{"eval_loss": 0.9497578144073486, "eval_accuracy": 0.6200000047683716, "eval_mae": 0.429, "eval_runtime": 17.417, "eval_samples_per_second": 287.076}