{"eval_loss": 0.9498869180679321, "eval_accuracy": 0.6222000122070312, "eval_mae": 0.4282, "eval_runtime": 16.8157, "eval_samples_per_second": 297.341}