{"eval_loss": 1.052547812461853, "eval_accuracy": 0.5260000228881836, "eval_mae": 0.5728, "eval_runtime": 15.9469, "eval_samples_per_second": 313.54}