{"eval_loss": 1.0802124738693237, "eval_accuracy": 0.5562000274658203, "eval_mae": 0.5654, "eval_runtime": 31.9614, "eval_samples_per_second": 156.439}