{"eval_loss": 0.9505757689476013, "eval_accuracy": 0.6215999722480774, "eval_mae": 0.4282, "eval_runtime": 17.4487, "eval_samples_per_second": 286.555}