{"eval_loss": 1.0786796808242798, "eval_accuracy": 0.5583999752998352, "eval_mae": 0.531, "eval_runtime": 33.1601, "eval_samples_per_second": 150.784}