{"eval_loss": 1.0531985759735107, "eval_accuracy": 0.5289999842643738, "eval_mae": 0.5696, "eval_runtime": 16.9245, "eval_samples_per_second": 295.43}