{"eval_loss": 1.3656758069992065, "eval_accuracy": 0.4586000144481659, "eval_mae": 0.7306, "eval_runtime": 17.2971, "eval_samples_per_second": 289.066}