{"eval_loss": 0.9502623081207275, "eval_accuracy": 0.6209999918937683, "eval_mae": 0.428, "eval_runtime": 17.4403, "eval_samples_per_second": 286.692}