{"eval_loss": 1.3918298482894897, "eval_accuracy": 0.47679999470710754, "eval_mae": 0.6818, "eval_runtime": 32.9098, "eval_samples_per_second": 151.93}