{"eval_loss": 0.9785056710243225, "eval_accuracy": 0.5806000232696533, "eval_mae": 0.4894, "eval_runtime": 16.7043, "eval_samples_per_second": 299.324}