{"eval_loss": 1.001530647277832, "eval_accuracy": 0.5857999920845032, "eval_mae": 0.4916, "eval_runtime": 19.0602, "eval_samples_per_second": 262.326}