{"eval_loss": 1.1478527784347534, "eval_accuracy": 0.5475999712944031, "eval_mae": 0.5836, "eval_runtime": 17.3874, "eval_samples_per_second": 287.564}