{"eval_loss": 0.9558421969413757, "eval_accuracy": 0.598800003528595, "eval_mae": 0.4642, "eval_runtime": 17.4564, "eval_samples_per_second": 286.429}