{"eval_loss": 0.9480744004249573, "eval_accuracy": 0.5920000076293945, "eval_mae": 0.4604, "eval_runtime": 16.5409, "eval_samples_per_second": 302.281}