{"eval_loss": 1.0191264152526855, "eval_accuracy": 0.5809999704360962, "eval_mae": 0.494, "eval_runtime": 18.6971, "eval_samples_per_second": 267.421}