{"eval_loss": 1.2383369207382202, "eval_accuracy": 0.4970000088214874, "eval_mae": 0.6482, "eval_runtime": 21.4834, "eval_samples_per_second": 232.738}