{"eval_loss": 1.0149179697036743, "eval_accuracy": 0.5640000104904175, "eval_mae": 0.5076, "eval_runtime": 16.9468, "eval_samples_per_second": 295.042}