{"eval_loss": 1.0784966945648193, "eval_accuracy": 0.5582000017166138, "eval_mae": 0.5312, "eval_runtime": 19.9258, "eval_samples_per_second": 250.931}