{"eval_loss": 1.2399128675460815, "eval_accuracy": 0.5026000142097473, "eval_mae": 0.5922, "eval_runtime": 28.1855, "eval_samples_per_second": 177.396}