{"eval_loss": 1.0188771486282349, "eval_accuracy": 0.5806000232696533, "eval_mae": 0.4962, "eval_runtime": 18.1507, "eval_samples_per_second": 275.471}