{"eval_loss": 0.9465917944908142, "eval_accuracy": 0.6046000123023987, "eval_mae": 0.4578, "eval_runtime": 16.2342, "eval_samples_per_second": 307.992}