{"eval_loss": 1.0860387086868286, "eval_accuracy": 0.5482000112533569, "eval_mae": 0.5408, "eval_runtime": 23.8233, "eval_samples_per_second": 209.878}