{"eval_loss": 1.0058039426803589, "eval_accuracy": 0.5758000016212463, "eval_mae": 0.4952, "eval_runtime": 16.3703, "eval_samples_per_second": 305.431}