{"eval_loss": 0.9554431438446045, "eval_accuracy": 0.5996000170707703, "eval_mae": 0.4636, "eval_runtime": 17.2843, "eval_samples_per_second": 289.279}