{"eval_loss": 0.9357122778892517, "eval_accuracy": 0.6007999777793884, "eval_mae": 0.4554, "eval_runtime": 17.0848, "eval_samples_per_second": 292.658}