{"eval_loss": 1.3683809041976929, "eval_accuracy": 0.4580000042915344, "eval_mae": 0.7326, "eval_runtime": 17.2569, "eval_samples_per_second": 289.74}