{"eval_loss": 1.0059239864349365, "eval_accuracy": 0.5763999819755554, "eval_mae": 0.495, "eval_runtime": 17.4589, "eval_samples_per_second": 286.388}