{"eval_loss": 1.0069782733917236, "eval_accuracy": 0.5929999947547913, "eval_mae": 0.4684, "eval_runtime": 17.2507, "eval_samples_per_second": 289.843}