{"eval_loss": 1.0450485944747925, "eval_accuracy": 0.5623999834060669, "eval_mae": 0.5074, "eval_runtime": 20.1079, "eval_samples_per_second": 248.658}