{"eval_loss": 0.9481242299079895, "eval_accuracy": 0.5906000137329102, "eval_mae": 0.4628, "eval_runtime": 17.4587, "eval_samples_per_second": 286.391}