{"eval_loss": 1.334868311882019, "eval_accuracy": 0.47999998927116394, "eval_mae": 0.6868, "eval_runtime": 16.2882, "eval_samples_per_second": 306.97}