{"eval_loss": 1.1754132509231567, "eval_accuracy": 0.5052000284194946, "eval_mae": 0.5898, "eval_runtime": 17.3401, "eval_samples_per_second": 288.349}