{"eval_loss": 1.3496935367584229, "eval_accuracy": 0.4702000021934509, "eval_mae": 0.692, "eval_runtime": 17.5918, "eval_samples_per_second": 284.223}