{"eval_loss": 1.2978453636169434, "eval_accuracy": 0.4684000015258789, "eval_mae": 0.6814, "eval_runtime": 23.3688, "eval_samples_per_second": 213.96}