{"eval_loss": 1.0296489000320435, "eval_accuracy": 0.5465999841690063, "eval_mae": 0.539, "eval_runtime": 16.4282, "eval_samples_per_second": 304.356}