{"eval_loss": 1.0245338678359985, "eval_accuracy": 0.5550000071525574, "eval_mae": 0.5358, "eval_runtime": 16.5755, "eval_samples_per_second": 301.649}