{"eval_loss": 1.348656415939331, "eval_accuracy": 0.4715999960899353, "eval_mae": 0.6914, "eval_runtime": 17.4432, "eval_samples_per_second": 286.644}