{"eval_loss": 0.947763979434967, "eval_accuracy": 0.5956000089645386, "eval_mae": 0.4588, "eval_runtime": 17.1877, "eval_samples_per_second": 290.905}