{"eval_loss": 1.2287873029708862, "eval_accuracy": 0.4997999966144562, "eval_mae": 0.6036, "eval_runtime": 18.3616, "eval_samples_per_second": 272.308}