{"eval_loss": 1.1420798301696777, "eval_accuracy": 0.5501999855041504, "eval_mae": 0.58, "eval_runtime": 16.8505, "eval_samples_per_second": 296.727}