{"eval_loss": 1.0194100141525269, "eval_accuracy": 0.5785999894142151, "eval_mae": 0.497, "eval_runtime": 22.6498, "eval_samples_per_second": 220.752}