{"eval_loss": 1.0851081609725952, "eval_accuracy": 0.5734000205993652, "eval_mae": 0.5116, "eval_runtime": 16.3703, "eval_samples_per_second": 305.431}