{"eval_loss": 1.0212739706039429, "eval_accuracy": 0.5709999799728394, "eval_mae": 0.5068, "eval_runtime": 17.5765, "eval_samples_per_second": 284.471}