{"eval_loss": 0.97613924741745, "eval_accuracy": 0.5825999975204468, "eval_mae": 0.4854, "eval_runtime": 16.7177, "eval_samples_per_second": 299.085}