{"eval_loss": 1.0780259370803833, "eval_accuracy": 0.5564000010490417, "eval_mae": 0.5656, "eval_runtime": 17.9292, "eval_samples_per_second": 278.874}