{"eval_loss": 1.2421976327896118, "eval_accuracy": 0.5001999735832214, "eval_mae": 0.5954, "eval_runtime": 22.4308, "eval_samples_per_second": 222.908}