{"eval_loss": 0.9476428031921387, "eval_accuracy": 0.6029999852180481, "eval_mae": 0.4586, "eval_runtime": 17.4026, "eval_samples_per_second": 287.313}