{"eval_loss": 0.8893172144889832, "eval_accuracy": 0.6367999911308289, "eval_mae": 0.4142, "eval_runtime": 20.9858, "eval_samples_per_second": 238.257}