{"eval_loss": 1.0291709899902344, "eval_accuracy": 0.5468000173568726, "eval_mae": 0.5376, "eval_runtime": 17.3966, "eval_samples_per_second": 287.413}