{"eval_loss": 1.2969483137130737, "eval_accuracy": 0.4674000144004822, "eval_mae": 0.6824, "eval_runtime": 19.5395, "eval_samples_per_second": 255.892}