{"eval_loss": 1.2467730045318604, "eval_accuracy": 0.5019999742507935, "eval_mae": 0.5948, "eval_runtime": 21.0728, "eval_samples_per_second": 237.273}