{"eval_loss": 1.3898118734359741, "eval_accuracy": 0.47859999537467957, "eval_mae": 0.6758, "eval_runtime": 26.3624, "eval_samples_per_second": 189.664}