{"eval_loss": 1.1485836505889893, "eval_accuracy": 0.548799991607666, "eval_mae": 0.582, "eval_runtime": 17.4289, "eval_samples_per_second": 286.88}