{"eval_loss": 1.2386759519577026, "eval_accuracy": 0.4970000088214874, "eval_mae": 0.6478, "eval_runtime": 30.6839, "eval_samples_per_second": 162.952}