{"eval_loss": 0.9567170143127441, "eval_accuracy": 0.598800003528595, "eval_mae": 0.4626, "eval_runtime": 16.6458, "eval_samples_per_second": 300.375}