{"eval_loss": 0.9906233549118042, "eval_accuracy": 0.5709999799728394, "eval_mae": 0.5078, "eval_runtime": 17.1108, "eval_samples_per_second": 292.212}