{"eval_loss": 0.9610344767570496, "eval_accuracy": 0.5928000211715698, "eval_mae": 0.4832, "eval_runtime": 16.6875, "eval_samples_per_second": 299.625}