{"eval_loss": 1.0558993816375732, "eval_accuracy": 0.5576000213623047, "eval_mae": 0.52, "eval_runtime": 18.4065, "eval_samples_per_second": 271.644}