{"eval_loss": 1.1471312046051025, "eval_accuracy": 0.5501999855041504, "eval_mae": 0.581, "eval_runtime": 17.4015, "eval_samples_per_second": 287.331}