{"eval_loss": 1.177687406539917, "eval_accuracy": 0.5027999877929688, "eval_mae": 0.5924, "eval_runtime": 17.3181, "eval_samples_per_second": 288.715}