{"eval_loss": 1.018630027770996, "eval_accuracy": 0.5813999772071838, "eval_mae": 0.4934, "eval_runtime": 31.5127, "eval_samples_per_second": 158.666}