{"eval_loss": 1.086817979812622, "eval_accuracy": 0.5468000173568726, "eval_mae": 0.5424, "eval_runtime": 18.1914, "eval_samples_per_second": 274.856}