{"eval_loss": 1.2289273738861084, "eval_accuracy": 0.5063999891281128, "eval_mae": 0.621, "eval_runtime": 19.8611, "eval_samples_per_second": 251.749}