{"eval_loss": 1.177213191986084, "eval_accuracy": 0.5027999877929688, "eval_mae": 0.5916, "eval_runtime": 17.3309, "eval_samples_per_second": 288.502}