{"eval_loss": 0.9489671587944031, "eval_accuracy": 0.5896000266075134, "eval_mae": 0.464, "eval_runtime": 17.255, "eval_samples_per_second": 289.77}