{"eval_loss": 0.9562745094299316, "eval_accuracy": 0.597599983215332, "eval_mae": 0.466, "eval_runtime": 17.3878, "eval_samples_per_second": 287.557}