{"eval_loss": 0.9508253931999207, "eval_accuracy": 0.6204000115394592, "eval_mae": 0.4288, "eval_runtime": 17.4944, "eval_samples_per_second": 285.805}