{"eval_loss": 1.0538806915283203, "eval_accuracy": 0.5281999707221985, "eval_mae": 0.5718, "eval_runtime": 16.9032, "eval_samples_per_second": 295.802}