{"eval_loss": 1.3486377000808716, "eval_accuracy": 0.4708000123500824, "eval_mae": 0.694, "eval_runtime": 17.3001, "eval_samples_per_second": 289.016}