{"eval_loss": 1.0145710706710815, "eval_accuracy": 0.5644000172615051, "eval_mae": 0.5076, "eval_runtime": 17.0056, "eval_samples_per_second": 294.021}