{"eval_loss": 1.0844669342041016, "eval_accuracy": 0.5726000070571899, "eval_mae": 0.5126, "eval_runtime": 17.1428, "eval_samples_per_second": 291.668}