{"eval_loss": 1.29662024974823, "eval_accuracy": 0.4675999879837036, "eval_mae": 0.683, "eval_runtime": 23.5242, "eval_samples_per_second": 212.547}