{"eval_loss": 0.9799206852912903, "eval_accuracy": 0.5812000036239624, "eval_mae": 0.4896, "eval_runtime": 16.7562, "eval_samples_per_second": 298.396}