{"eval_loss": 1.1532093286514282, "eval_accuracy": 0.4997999966144562, "eval_mae": 0.5908, "eval_runtime": 17.357, "eval_samples_per_second": 288.068}