{"eval_loss": 0.9490025639533997, "eval_accuracy": 0.5899999737739563, "eval_mae": 0.4638, "eval_runtime": 17.2813, "eval_samples_per_second": 289.329}