{"eval_loss": 1.3429595232009888, "eval_accuracy": 0.4745999872684479, "eval_mae": 0.6946, "eval_runtime": 16.3528, "eval_samples_per_second": 305.758}