{"eval_loss": 0.9460877180099487, "eval_accuracy": 0.6043999791145325, "eval_mae": 0.4578, "eval_runtime": 17.4703, "eval_samples_per_second": 286.2}