{"eval_loss": 1.0292154550552368, "eval_accuracy": 0.5450000166893005, "eval_mae": 0.5392, "eval_runtime": 17.252, "eval_samples_per_second": 289.821}