{"eval_loss": 0.9498128890991211, "eval_accuracy": 0.6068000197410583, "eval_mae": 0.448, "eval_runtime": 18.7514, "eval_samples_per_second": 266.647}