{"eval_loss": 0.8895119428634644, "eval_accuracy": 0.6363999843597412, "eval_mae": 0.4146, "eval_runtime": 21.6181, "eval_samples_per_second": 231.287}