{"eval_loss": 1.0853599309921265, "eval_accuracy": 0.5509999990463257, "eval_mae": 0.5382, "eval_runtime": 33.8469, "eval_samples_per_second": 147.724}