{"eval_loss": 1.296790599822998, "eval_accuracy": 0.46779999136924744, "eval_mae": 0.6824, "eval_runtime": 28.7931, "eval_samples_per_second": 173.653}