{"eval_loss": 1.2417497634887695, "eval_accuracy": 0.4997999966144562, "eval_mae": 0.5958, "eval_runtime": 19.2001, "eval_samples_per_second": 260.415}