{"eval_loss": 0.8894890546798706, "eval_accuracy": 0.6363999843597412, "eval_mae": 0.4146, "eval_runtime": 18.5469, "eval_samples_per_second": 269.586}