{"eval_loss": 1.08506178855896, "eval_accuracy": 0.5748000144958496, "eval_mae": 0.5112, "eval_runtime": 17.2591, "eval_samples_per_second": 289.702}