{"eval_loss": 1.3929551839828491, "eval_accuracy": 0.4812000095844269, "eval_mae": 0.6734, "eval_runtime": 30.3684, "eval_samples_per_second": 164.645}