{"eval_loss": 1.3378639221191406, "eval_accuracy": 0.46939998865127563, "eval_mae": 0.6878, "eval_runtime": 22.2939, "eval_samples_per_second": 224.276}