{"eval_loss": 1.339526891708374, "eval_accuracy": 0.46619999408721924, "eval_mae": 0.6914, "eval_runtime": 19.8111, "eval_samples_per_second": 252.384}