{"eval_loss": 1.0437074899673462, "eval_accuracy": 0.5605999827384949, "eval_mae": 0.5088, "eval_runtime": 21.65, "eval_samples_per_second": 230.947}