{"eval_loss": 1.0249240398406982, "eval_accuracy": 0.5547999739646912, "eval_mae": 0.5366, "eval_runtime": 16.644, "eval_samples_per_second": 300.409}