{"eval_loss": 0.8886458873748779, "eval_accuracy": 0.6363999843597412, "eval_mae": 0.4142, "eval_runtime": 18.6822, "eval_samples_per_second": 267.634}