{"eval_loss": 1.4418269395828247, "eval_accuracy": 0.43939998745918274, "eval_mae": 0.7292, "eval_runtime": 18.5465, "eval_samples_per_second": 269.593}