{"eval_loss": 0.9468424916267395, "eval_accuracy": 0.6050000190734863, "eval_mae": 0.455, "eval_runtime": 17.5417, "eval_samples_per_second": 285.035}