{"eval_loss": 0.9553279280662537, "eval_accuracy": 0.5996000170707703, "eval_mae": 0.4642, "eval_runtime": 17.2393, "eval_samples_per_second": 290.036}