{"eval_loss": 0.9609578251838684, "eval_accuracy": 0.5934000015258789, "eval_mae": 0.4826, "eval_runtime": 17.3226, "eval_samples_per_second": 288.641}