{"eval_loss": 1.0457912683486938, "eval_accuracy": 0.5618000030517578, "eval_mae": 0.5072, "eval_runtime": 18.9646, "eval_samples_per_second": 263.65}