{"eval_loss": 1.1571247577667236, "eval_accuracy": 0.49959999322891235, "eval_mae": 0.5906, "eval_runtime": 17.2237, "eval_samples_per_second": 290.298}