{"eval_loss": 0.9521939158439636, "eval_accuracy": 0.603600025177002, "eval_mae": 0.4568, "eval_runtime": 17.3103, "eval_samples_per_second": 288.845}