{"eval_loss": 1.4433358907699585, "eval_accuracy": 0.4397999942302704, "eval_mae": 0.7284, "eval_runtime": 18.8189, "eval_samples_per_second": 265.69}