{"eval_loss": 1.0788902044296265, "eval_accuracy": 0.5586000084877014, "eval_mae": 0.5304, "eval_runtime": 18.7715, "eval_samples_per_second": 266.361}