{"eval_loss": 1.0035136938095093, "eval_accuracy": 0.5776000022888184, "eval_mae": 0.4938, "eval_runtime": 17.1296, "eval_samples_per_second": 291.892}