{"eval_loss": 0.9485958814620972, "eval_accuracy": 0.5902000069618225, "eval_mae": 0.4638, "eval_runtime": 17.1241, "eval_samples_per_second": 291.985}