{"eval_loss": 0.9515777230262756, "eval_accuracy": 0.6205999851226807, "eval_mae": 0.4288, "eval_runtime": 17.4988, "eval_samples_per_second": 285.734}