{"eval_loss": 1.229119896888733, "eval_accuracy": 0.5062000155448914, "eval_mae": 0.6214, "eval_runtime": 18.9729, "eval_samples_per_second": 263.534}