{"eval_loss": 1.1755902767181396, "eval_accuracy": 0.5019999742507935, "eval_mae": 0.5934, "eval_runtime": 17.6018, "eval_samples_per_second": 284.062}