{"eval_loss": 1.0780619382858276, "eval_accuracy": 0.5582000017166138, "eval_mae": 0.531, "eval_runtime": 18.5573, "eval_samples_per_second": 269.436}