{"eval_loss": 1.1471716165542603, "eval_accuracy": 0.5482000112533569, "eval_mae": 0.5832, "eval_runtime": 17.3344, "eval_samples_per_second": 288.444}