{"eval_loss": 1.0861018896102905, "eval_accuracy": 0.5475999712944031, "eval_mae": 0.541, "eval_runtime": 23.0309, "eval_samples_per_second": 217.1}