{"eval_loss": 1.0298718214035034, "eval_accuracy": 0.545199990272522, "eval_mae": 0.54, "eval_runtime": 16.6976, "eval_samples_per_second": 299.443}