{"eval_loss": 0.8879455924034119, "eval_accuracy": 0.6358000040054321, "eval_mae": 0.4138, "eval_runtime": 19.7609, "eval_samples_per_second": 253.025}