{"eval_loss": 0.9356724619865417, "eval_accuracy": 0.6015999913215637, "eval_mae": 0.4542, "eval_runtime": 17.1077, "eval_samples_per_second": 292.266}