{"eval_loss": 1.4432823657989502, "eval_accuracy": 0.4392000138759613, "eval_mae": 0.7296, "eval_runtime": 20.3511, "eval_samples_per_second": 245.687}