{"eval_loss": 0.9501330852508545, "eval_accuracy": 0.6074000000953674, "eval_mae": 0.4486, "eval_runtime": 18.4277, "eval_samples_per_second": 271.33}