{"eval_loss": 1.1562613248825073, "eval_accuracy": 0.4991999864578247, "eval_mae": 0.5908, "eval_runtime": 16.66, "eval_samples_per_second": 300.12}