{"eval_loss": 1.0062259435653687, "eval_accuracy": 0.5730000138282776, "eval_mae": 0.5002, "eval_runtime": 16.2375, "eval_samples_per_second": 307.929}