{"eval_loss": 0.9489877223968506, "eval_accuracy": 0.6064000129699707, "eval_mae": 0.4496, "eval_runtime": 25.5917, "eval_samples_per_second": 195.376}