{"eval_loss": 0.8895650506019592, "eval_accuracy": 0.6367999911308289, "eval_mae": 0.4142, "eval_runtime": 19.3183, "eval_samples_per_second": 258.823}