{"eval_loss": 1.0054389238357544, "eval_accuracy": 0.5934000015258789, "eval_mae": 0.468, "eval_runtime": 17.2161, "eval_samples_per_second": 290.426}