{"eval_loss": 0.9508888721466064, "eval_accuracy": 0.6205999851226807, "eval_mae": 0.4286, "eval_runtime": 17.4498, "eval_samples_per_second": 286.535}