{"eval_loss": 0.9501434564590454, "eval_accuracy": 0.6215999722480774, "eval_mae": 0.4276, "eval_runtime": 17.5772, "eval_samples_per_second": 284.46}