{"eval_loss": 1.0858397483825684, "eval_accuracy": 0.5475999712944031, "eval_mae": 0.5412, "eval_runtime": 36.2507, "eval_samples_per_second": 137.928}