{"eval_loss": 1.3675395250320435, "eval_accuracy": 0.45879998803138733, "eval_mae": 0.7306, "eval_runtime": 16.3697, "eval_samples_per_second": 305.442}