{"eval_loss": 1.0148224830627441, "eval_accuracy": 0.5645999908447266, "eval_mae": 0.5076, "eval_runtime": 17.0168, "eval_samples_per_second": 293.827}