{"eval_loss": 1.156507968902588, "eval_accuracy": 0.5009999871253967, "eval_mae": 0.5884, "eval_runtime": 17.5177, "eval_samples_per_second": 285.425}