{"eval_loss": 1.0462814569473267, "eval_accuracy": 0.5613999962806702, "eval_mae": 0.508, "eval_runtime": 18.4841, "eval_samples_per_second": 270.503}