{"eval_loss": 1.0056593418121338, "eval_accuracy": 0.5756000280380249, "eval_mae": 0.4964, "eval_runtime": 16.4307, "eval_samples_per_second": 304.308}