{"eval_loss": 1.0757076740264893, "eval_accuracy": 0.5587999820709229, "eval_mae": 0.5284, "eval_runtime": 21.2028, "eval_samples_per_second": 235.818}