{"eval_loss": 1.2267545461654663, "eval_accuracy": 0.5076000094413757, "eval_mae": 0.6196, "eval_runtime": 18.8828, "eval_samples_per_second": 264.791}