{"eval_loss": 1.1768232583999634, "eval_accuracy": 0.5022000074386597, "eval_mae": 0.592, "eval_runtime": 17.4953, "eval_samples_per_second": 285.792}