{"eval_loss": 1.0793277025222778, "eval_accuracy": 0.5587999820709229, "eval_mae": 0.5632, "eval_runtime": 21.222, "eval_samples_per_second": 235.605}