{"eval_loss": 1.024924397468567, "eval_accuracy": 0.5562000274658203, "eval_mae": 0.5344, "eval_runtime": 17.2621, "eval_samples_per_second": 289.651}