{"eval_loss": 1.337996244430542, "eval_accuracy": 0.46799999475479126, "eval_mae": 0.6898, "eval_runtime": 21.8658, "eval_samples_per_second": 228.668}