{"eval_loss": 0.9439553022384644, "eval_accuracy": 0.618399977684021, "eval_mae": 0.4314, "eval_runtime": 17.427, "eval_samples_per_second": 286.911}