{"eval_loss": 0.9476703405380249, "eval_accuracy": 0.5928000211715698, "eval_mae": 0.4696, "eval_runtime": 19.0646, "eval_samples_per_second": 262.266}