{"eval_loss": 0.991264283657074, "eval_accuracy": 0.5703999996185303, "eval_mae": 0.509, "eval_runtime": 16.9296, "eval_samples_per_second": 295.341}