{"eval_loss": 0.9460150599479675, "eval_accuracy": 0.6087999939918518, "eval_mae": 0.4514, "eval_runtime": 16.9643, "eval_samples_per_second": 294.736}