{"eval_loss": 1.0821146965026855, "eval_accuracy": 0.5558000206947327, "eval_mae": 0.5358, "eval_runtime": 26.6935, "eval_samples_per_second": 187.312}