{"eval_loss": 0.9357717037200928, "eval_accuracy": 0.6019999980926514, "eval_mae": 0.4542, "eval_runtime": 16.1312, "eval_samples_per_second": 309.959}