{"eval_loss": 0.955793559551239, "eval_accuracy": 0.599399983882904, "eval_mae": 0.4642, "eval_runtime": 16.6725, "eval_samples_per_second": 299.895}