{"eval_loss": 1.3928894996643066, "eval_accuracy": 0.4812000095844269, "eval_mae": 0.6742, "eval_runtime": 19.7214, "eval_samples_per_second": 253.532}