{"eval_loss": 1.023533582687378, "eval_accuracy": 0.5540000200271606, "eval_mae": 0.535, "eval_runtime": 17.6024, "eval_samples_per_second": 284.051}