{"eval_loss": 0.9487878084182739, "eval_accuracy": 0.5906000137329102, "eval_mae": 0.4634, "eval_runtime": 17.2794, "eval_samples_per_second": 289.361}