{"eval_loss": 0.9509273171424866, "eval_accuracy": 0.6204000115394592, "eval_mae": 0.429, "eval_runtime": 17.4862, "eval_samples_per_second": 285.939}