{"eval_loss": 1.4427282810211182, "eval_accuracy": 0.43959999084472656, "eval_mae": 0.729, "eval_runtime": 18.837, "eval_samples_per_second": 265.435}