{"eval_loss": 1.296633243560791, "eval_accuracy": 0.4681999981403351, "eval_mae": 0.6814, "eval_runtime": 30.4663, "eval_samples_per_second": 164.116}