{"eval_loss": 0.946320116519928, "eval_accuracy": 0.6051999926567078, "eval_mae": 0.4572, "eval_runtime": 16.4162, "eval_samples_per_second": 304.578}