{"eval_loss": 1.3485455513000488, "eval_accuracy": 0.4729999899864197, "eval_mae": 0.6882, "eval_runtime": 17.328, "eval_samples_per_second": 288.551}