{"eval_loss": 1.0654089450836182, "eval_accuracy": 0.5583999752998352, "eval_mae": 0.522, "eval_runtime": 18.6232, "eval_samples_per_second": 268.482}