{"eval_loss": 1.246820330619812, "eval_accuracy": 0.5023999810218811, "eval_mae": 0.5926, "eval_runtime": 22.7806, "eval_samples_per_second": 219.485}