{"eval_loss": 0.9604238271713257, "eval_accuracy": 0.5935999751091003, "eval_mae": 0.4824, "eval_runtime": 17.3316, "eval_samples_per_second": 288.491}