{"eval_loss": 1.3392062187194824, "eval_accuracy": 0.46939998865127563, "eval_mae": 0.6874, "eval_runtime": 18.471, "eval_samples_per_second": 270.695}