{"eval_loss": 0.9355990290641785, "eval_accuracy": 0.6018000245094299, "eval_mae": 0.4544, "eval_runtime": 16.3867, "eval_samples_per_second": 305.125}