{"eval_loss": 0.9500487446784973, "eval_accuracy": 0.6209999918937683, "eval_mae": 0.4288, "eval_runtime": 17.3646, "eval_samples_per_second": 287.942}