{"eval_loss": 1.0110536813735962, "eval_accuracy": 0.5799999833106995, "eval_mae": 0.4824, "eval_runtime": 16.269, "eval_samples_per_second": 307.334}