{"eval_loss": 1.0804749727249146, "eval_accuracy": 0.5559999942779541, "eval_mae": 0.5656, "eval_runtime": 32.8076, "eval_samples_per_second": 152.404}