{"eval_loss": 1.343298316001892, "eval_accuracy": 0.4745999872684479, "eval_mae": 0.6956, "eval_runtime": 16.2796, "eval_samples_per_second": 307.133}