{"eval_loss": 1.0844000577926636, "eval_accuracy": 0.5478000044822693, "eval_mae": 0.5406, "eval_runtime": 18.473, "eval_samples_per_second": 270.665}