{"eval_loss": 1.0192058086395264, "eval_accuracy": 0.5785999894142151, "eval_mae": 0.4844, "eval_runtime": 16.5247, "eval_samples_per_second": 302.577}