{"eval_loss": 0.9560163021087646, "eval_accuracy": 0.6007999777793884, "eval_mae": 0.4614, "eval_runtime": 17.1971, "eval_samples_per_second": 290.747}