{"eval_loss": 1.0757663249969482, "eval_accuracy": 0.5590000152587891, "eval_mae": 0.5298, "eval_runtime": 18.329, "eval_samples_per_second": 272.791}