{"eval_loss": 0.9513640403747559, "eval_accuracy": 0.6177999973297119, "eval_mae": 0.4324, "eval_runtime": 17.4413, "eval_samples_per_second": 286.676}