{"eval_loss": 1.3479232788085938, "eval_accuracy": 0.47279998660087585, "eval_mae": 0.689, "eval_runtime": 16.5423, "eval_samples_per_second": 302.256}