{"eval_loss": 1.227643609046936, "eval_accuracy": 0.5072000026702881, "eval_mae": 0.62, "eval_runtime": 18.8858, "eval_samples_per_second": 264.749}