{"eval_loss": 1.0851362943649292, "eval_accuracy": 0.574999988079071, "eval_mae": 0.5102, "eval_runtime": 16.1165, "eval_samples_per_second": 310.241}