{"eval_loss": 0.9504716992378235, "eval_accuracy": 0.6065999865531921, "eval_mae": 0.4494, "eval_runtime": 22.1793, "eval_samples_per_second": 225.436}