{"eval_loss": 1.0826494693756104, "eval_accuracy": 0.5741999745368958, "eval_mae": 0.5102, "eval_runtime": 16.4303, "eval_samples_per_second": 304.316}