{"eval_loss": 1.2969919443130493, "eval_accuracy": 0.4675999879837036, "eval_mae": 0.682, "eval_runtime": 31.1748, "eval_samples_per_second": 160.386}