{"eval_loss": 0.9504407048225403, "eval_accuracy": 0.6064000129699707, "eval_mae": 0.457, "eval_runtime": 17.2699, "eval_samples_per_second": 289.52}