{"eval_loss": 0.9481525421142578, "eval_accuracy": 0.6222000122070312, "eval_mae": 0.4282, "eval_runtime": 17.453, "eval_samples_per_second": 286.484}