{"eval_loss": 1.0785741806030273, "eval_accuracy": 0.5582000017166138, "eval_mae": 0.531, "eval_runtime": 19.5933, "eval_samples_per_second": 255.189}