{"eval_loss": 0.9463732242584229, "eval_accuracy": 0.6061999797821045, "eval_mae": 0.4548, "eval_runtime": 17.3104, "eval_samples_per_second": 288.844}