{"eval_loss": 1.074776530265808, "eval_accuracy": 0.5591999888420105, "eval_mae": 0.5296, "eval_runtime": 19.0403, "eval_samples_per_second": 262.601}