{"eval_loss": 0.9491554498672485, "eval_accuracy": 0.5899999737739563, "eval_mae": 0.4638, "eval_runtime": 17.1026, "eval_samples_per_second": 292.353}