{"eval_loss": 0.9507152438163757, "eval_accuracy": 0.6218000054359436, "eval_mae": 0.4274, "eval_runtime": 17.516, "eval_samples_per_second": 285.454}