{"eval_loss": 1.1475244760513306, "eval_accuracy": 0.5486000180244446, "eval_mae": 0.5822, "eval_runtime": 16.7484, "eval_samples_per_second": 298.537}