{"eval_loss": 0.9909541010856628, "eval_accuracy": 0.5709999799728394, "eval_mae": 0.5066, "eval_runtime": 16.9854, "eval_samples_per_second": 294.371}