{"eval_loss": 1.0244642496109009, "eval_accuracy": 0.5547999739646912, "eval_mae": 0.536, "eval_runtime": 17.4523, "eval_samples_per_second": 286.496}