{"eval_loss": 0.9905031323432922, "eval_accuracy": 0.5709999799728394, "eval_mae": 0.507, "eval_runtime": 17.0096, "eval_samples_per_second": 293.951}