{"eval_loss": 1.085593342781067, "eval_accuracy": 0.5752000212669373, "eval_mae": 0.5098, "eval_runtime": 16.9926, "eval_samples_per_second": 294.246}