{"eval_loss": 1.0214020013809204, "eval_accuracy": 0.569599986076355, "eval_mae": 0.5096, "eval_runtime": 16.947, "eval_samples_per_second": 295.037}