{"eval_loss": 0.9619365334510803, "eval_accuracy": 0.5920000076293945, "eval_mae": 0.4868, "eval_runtime": 17.6184, "eval_samples_per_second": 283.794}