{"eval_loss": 0.9486433863639832, "eval_accuracy": 0.5899999737739563, "eval_mae": 0.4634, "eval_runtime": 16.623, "eval_samples_per_second": 300.788}