{"eval_loss": 1.0783590078353882, "eval_accuracy": 0.5582000017166138, "eval_mae": 0.5312, "eval_runtime": 23.9641, "eval_samples_per_second": 208.645}