{"eval_loss": 0.9615111351013184, "eval_accuracy": 0.5920000076293945, "eval_mae": 0.4846, "eval_runtime": 17.3955, "eval_samples_per_second": 287.431}