{"eval_loss": 1.0617338418960571, "eval_accuracy": 0.5555999875068665, "eval_mae": 0.5224, "eval_runtime": 18.3035, "eval_samples_per_second": 273.172}