{"eval_loss": 0.9770330786705017, "eval_accuracy": 0.5812000036239624, "eval_mae": 0.4862, "eval_runtime": 16.9084, "eval_samples_per_second": 295.711}