{"eval_loss": 1.018774390220642, "eval_accuracy": 0.5806000232696533, "eval_mae": 0.494, "eval_runtime": 22.6933, "eval_samples_per_second": 220.329}