{"eval_loss": 1.343492865562439, "eval_accuracy": 0.4747999906539917, "eval_mae": 0.6948, "eval_runtime": 17.1952, "eval_samples_per_second": 290.778}