{"eval_loss": 1.061370849609375, "eval_accuracy": 0.5565999746322632, "eval_mae": 0.5218, "eval_runtime": 18.4739, "eval_samples_per_second": 270.652}