{"eval_loss": 1.228026032447815, "eval_accuracy": 0.4991999864578247, "eval_mae": 0.604, "eval_runtime": 18.3682, "eval_samples_per_second": 272.209}