{"eval_loss": 0.9559124112129211, "eval_accuracy": 0.5996000170707703, "eval_mae": 0.464, "eval_runtime": 16.7494, "eval_samples_per_second": 298.519}