{"eval_loss": 0.9488731622695923, "eval_accuracy": 0.5902000069618225, "eval_mae": 0.4636, "eval_runtime": 16.5169, "eval_samples_per_second": 302.721}