{"eval_loss": 1.0537900924682617, "eval_accuracy": 0.5266000032424927, "eval_mae": 0.5692, "eval_runtime": 15.9116, "eval_samples_per_second": 314.237}