{"eval_loss": 1.352704644203186, "eval_accuracy": 0.48240000009536743, "eval_mae": 0.672, "eval_runtime": 20.071, "eval_samples_per_second": 249.115}