{"eval_loss": 1.0785317420959473, "eval_accuracy": 0.5583999752998352, "eval_mae": 0.531, "eval_runtime": 18.8097, "eval_samples_per_second": 265.821}