{"eval_loss": 1.348797082901001, "eval_accuracy": 0.4715999960899353, "eval_mae": 0.6912, "eval_runtime": 17.2975, "eval_samples_per_second": 289.059}