{"eval_loss": 1.0188379287719727, "eval_accuracy": 0.5809999704360962, "eval_mae": 0.4938, "eval_runtime": 20.1798, "eval_samples_per_second": 247.773}