{"eval_loss": 1.012186884880066, "eval_accuracy": 0.5785999894142151, "eval_mae": 0.4842, "eval_runtime": 17.4228, "eval_samples_per_second": 286.981}