{"eval_loss": 0.9509205222129822, "eval_accuracy": 0.621399998664856, "eval_mae": 0.4282, "eval_runtime": 17.445, "eval_samples_per_second": 286.615}