{"eval_loss": 1.2387114763259888, "eval_accuracy": 0.49720001220703125, "eval_mae": 0.647, "eval_runtime": 30.6873, "eval_samples_per_second": 162.934}