{"eval_loss": 1.0534895658493042, "eval_accuracy": 0.5275999903678894, "eval_mae": 0.5694, "eval_runtime": 16.1572, "eval_samples_per_second": 309.46}