{"eval_loss": 1.4430772066116333, "eval_accuracy": 0.4397999942302704, "eval_mae": 0.729, "eval_runtime": 18.9618, "eval_samples_per_second": 263.689}