{"eval_loss": 1.147093415260315, "eval_accuracy": 0.5493999719619751, "eval_mae": 0.581, "eval_runtime": 17.369, "eval_samples_per_second": 287.87}