{"eval_loss": 1.2288684844970703, "eval_accuracy": 0.5063999891281128, "eval_mae": 0.621, "eval_runtime": 33.0247, "eval_samples_per_second": 151.402}