{"eval_loss": 1.0857042074203491, "eval_accuracy": 0.5496000051498413, "eval_mae": 0.5402, "eval_runtime": 23.6447, "eval_samples_per_second": 211.464}