{"eval_loss": 1.245006799697876, "eval_accuracy": 0.501800000667572, "eval_mae": 0.5942, "eval_runtime": 19.1948, "eval_samples_per_second": 260.487}