{"eval_loss": 1.295730471611023, "eval_accuracy": 0.46959999203681946, "eval_mae": 0.6796, "eval_runtime": 25.8666, "eval_samples_per_second": 193.299}