{"eval_loss": 1.3221814632415771, "eval_accuracy": 0.4706000089645386, "eval_mae": 0.684, "eval_runtime": 18.7957, "eval_samples_per_second": 266.019}