{"eval_loss": 1.084983229637146, "eval_accuracy": 0.5756000280380249, "eval_mae": 0.5086, "eval_runtime": 16.103, "eval_samples_per_second": 310.502}