{"eval_loss": 0.9461792707443237, "eval_accuracy": 0.6057999730110168, "eval_mae": 0.4558, "eval_runtime": 17.2558, "eval_samples_per_second": 289.757}