{"eval_loss": 1.01801335811615, "eval_accuracy": 0.5691999793052673, "eval_mae": 0.508, "eval_runtime": 16.6555, "eval_samples_per_second": 300.201}