{"eval_loss": 1.3396540880203247, "eval_accuracy": 0.46700000762939453, "eval_mae": 0.6896, "eval_runtime": 31.619, "eval_samples_per_second": 158.133}