{"eval_loss": 1.227799415588379, "eval_accuracy": 0.5063999891281128, "eval_mae": 0.621, "eval_runtime": 18.9832, "eval_samples_per_second": 263.391}