{"eval_loss": 1.1558271646499634, "eval_accuracy": 0.49939998984336853, "eval_mae": 0.591, "eval_runtime": 17.3137, "eval_samples_per_second": 288.789}