{"eval_loss": 1.0802816152572632, "eval_accuracy": 0.5555999875068665, "eval_mae": 0.5658, "eval_runtime": 20.1463, "eval_samples_per_second": 248.184}