{"eval_loss": 1.3437942266464233, "eval_accuracy": 0.475600004196167, "eval_mae": 0.6942, "eval_runtime": 16.1015, "eval_samples_per_second": 310.53}