{"eval_loss": 1.0633453130722046, "eval_accuracy": 0.5565999746322632, "eval_mae": 0.5222, "eval_runtime": 18.3437, "eval_samples_per_second": 272.574}