{"eval_loss": 0.9613854289054871, "eval_accuracy": 0.5928000211715698, "eval_mae": 0.4836, "eval_runtime": 17.5049, "eval_samples_per_second": 285.634}