{"eval_loss": 0.9489717483520508, "eval_accuracy": 0.5893999934196472, "eval_mae": 0.4642, "eval_runtime": 17.2129, "eval_samples_per_second": 290.48}