{"eval_loss": 1.3664681911468506, "eval_accuracy": 0.4580000042915344, "eval_mae": 0.732, "eval_runtime": 17.5702, "eval_samples_per_second": 284.573}