{"eval_loss": 1.0177415609359741, "eval_accuracy": 0.5784000158309937, "eval_mae": 0.4838, "eval_runtime": 16.4946, "eval_samples_per_second": 303.129}