{"eval_loss": 1.3482674360275269, "eval_accuracy": 0.4722000062465668, "eval_mae": 0.6896, "eval_runtime": 16.8743, "eval_samples_per_second": 296.309}