{"eval_loss": 1.2965731620788574, "eval_accuracy": 0.46799999475479126, "eval_mae": 0.6814, "eval_runtime": 28.8653, "eval_samples_per_second": 173.218}