{"eval_loss": 0.9906397461891174, "eval_accuracy": 0.5702000260353088, "eval_mae": 0.5076, "eval_runtime": 16.9761, "eval_samples_per_second": 294.532}