{"eval_loss": 1.345072865486145, "eval_accuracy": 0.48579999804496765, "eval_mae": 0.6696, "eval_runtime": 18.456, "eval_samples_per_second": 270.914}