{"eval_loss": 1.0851359367370605, "eval_accuracy": 0.5473999977111816, "eval_mae": 0.542, "eval_runtime": 23.7027, "eval_samples_per_second": 210.947}