{"eval_loss": 1.085158348083496, "eval_accuracy": 0.574400007724762, "eval_mae": 0.5102, "eval_runtime": 16.4414, "eval_samples_per_second": 304.11}