{"eval_loss": 1.2386223077774048, "eval_accuracy": 0.4970000088214874, "eval_mae": 0.6476, "eval_runtime": 26.4882, "eval_samples_per_second": 188.764}