{"eval_loss": 0.9488687515258789, "eval_accuracy": 0.5916000008583069, "eval_mae": 0.472, "eval_runtime": 20.779, "eval_samples_per_second": 240.627}