{"eval_loss": 1.2396448850631714, "eval_accuracy": 0.5008000135421753, "eval_mae": 0.594, "eval_runtime": 18.5514, "eval_samples_per_second": 269.521}