{"eval_loss": 0.9460282921791077, "eval_accuracy": 0.6050000190734863, "eval_mae": 0.457, "eval_runtime": 17.2548, "eval_samples_per_second": 289.775}