{"eval_loss": 0.9786799550056458, "eval_accuracy": 0.5821999907493591, "eval_mae": 0.4876, "eval_runtime": 17.3804, "eval_samples_per_second": 287.681}