{"eval_loss": 1.228570580482483, "eval_accuracy": 0.5063999891281128, "eval_mae": 0.6212, "eval_runtime": 18.9041, "eval_samples_per_second": 264.493}