{"eval_loss": 1.4425253868103027, "eval_accuracy": 0.43880000710487366, "eval_mae": 0.731, "eval_runtime": 18.8539, "eval_samples_per_second": 265.197}