{"eval_loss": 0.9808294773101807, "eval_accuracy": 0.5825999975204468, "eval_mae": 0.4876, "eval_runtime": 17.4805, "eval_samples_per_second": 286.034}