{"eval_loss": 1.006087303161621, "eval_accuracy": 0.5935999751091003, "eval_mae": 0.4682, "eval_runtime": 16.5357, "eval_samples_per_second": 302.376}