{"eval_loss": 1.0859626531600952, "eval_accuracy": 0.5479999780654907, "eval_mae": 0.5406, "eval_runtime": 18.3317, "eval_samples_per_second": 272.752}