{"eval_loss": 1.3482965230941772, "eval_accuracy": 0.4726000130176544, "eval_mae": 0.6908, "eval_runtime": 16.938, "eval_samples_per_second": 295.195}