{"eval_loss": 0.9796839952468872, "eval_accuracy": 0.5849999785423279, "eval_mae": 0.4838, "eval_runtime": 17.3694, "eval_samples_per_second": 287.862}