{"eval_loss": 1.230078935623169, "eval_accuracy": 0.5072000026702881, "eval_mae": 0.6226, "eval_runtime": 20.3789, "eval_samples_per_second": 245.352}