{"eval_loss": 1.014960527420044, "eval_accuracy": 0.5637999773025513, "eval_mae": 0.5084, "eval_runtime": 17.3226, "eval_samples_per_second": 288.64}