{"eval_loss": 1.0172297954559326, "eval_accuracy": 0.579200029373169, "eval_mae": 0.4822, "eval_runtime": 16.4498, "eval_samples_per_second": 303.955}