{"eval_loss": 0.9461712837219238, "eval_accuracy": 0.6039999723434448, "eval_mae": 0.4568, "eval_runtime": 17.2223, "eval_samples_per_second": 290.321}