{"eval_loss": 1.0115574598312378, "eval_accuracy": 0.5821999907493591, "eval_mae": 0.4798, "eval_runtime": 17.4793, "eval_samples_per_second": 286.053}