{"eval_loss": 0.947572648525238, "eval_accuracy": 0.5935999751091003, "eval_mae": 0.4684, "eval_runtime": 18.7042, "eval_samples_per_second": 267.32}