{"eval_loss": 1.343230128288269, "eval_accuracy": 0.4745999872684479, "eval_mae": 0.6946, "eval_runtime": 16.9582, "eval_samples_per_second": 294.843}