{"eval_loss": 1.0149933099746704, "eval_accuracy": 0.5651999711990356, "eval_mae": 0.5058, "eval_runtime": 16.9311, "eval_samples_per_second": 295.315}