{"eval_loss": 1.017823576927185, "eval_accuracy": 0.5794000029563904, "eval_mae": 0.4826, "eval_runtime": 17.3853, "eval_samples_per_second": 287.6}