{"eval_loss": 1.0111632347106934, "eval_accuracy": 0.5928000211715698, "eval_mae": 0.4672, "eval_runtime": 16.5545, "eval_samples_per_second": 302.033}