{"eval_loss": 1.0453284978866577, "eval_accuracy": 0.5601999759674072, "eval_mae": 0.509, "eval_runtime": 19.5737, "eval_samples_per_second": 255.445}