{"eval_loss": 1.0057988166809082, "eval_accuracy": 0.5758000016212463, "eval_mae": 0.4958, "eval_runtime": 16.3749, "eval_samples_per_second": 305.346}