{"eval_loss": 1.228617548942566, "eval_accuracy": 0.4997999966144562, "eval_mae": 0.602, "eval_runtime": 18.3442, "eval_samples_per_second": 272.566}