{"eval_loss": 1.01088285446167, "eval_accuracy": 0.5812000036239624, "eval_mae": 0.4802, "eval_runtime": 17.4967, "eval_samples_per_second": 285.768}