{"eval_loss": 0.9499988555908203, "eval_accuracy": 0.5906000137329102, "eval_mae": 0.4636, "eval_runtime": 17.0835, "eval_samples_per_second": 292.679}