{"eval_loss": 0.9906521439552307, "eval_accuracy": 0.5709999799728394, "eval_mae": 0.5072, "eval_runtime": 17.1844, "eval_samples_per_second": 290.961}