{"eval_loss": 1.367224931716919, "eval_accuracy": 0.4580000042915344, "eval_mae": 0.7312, "eval_runtime": 17.3522, "eval_samples_per_second": 288.149}