{"eval_loss": 1.1746277809143066, "eval_accuracy": 0.5001999735832214, "eval_mae": 0.5942, "eval_runtime": 17.5247, "eval_samples_per_second": 285.312}