{"eval_loss": 1.3485137224197388, "eval_accuracy": 0.4726000130176544, "eval_mae": 0.6894, "eval_runtime": 17.3646, "eval_samples_per_second": 287.943}