{"eval_loss": 1.0298588275909424, "eval_accuracy": 0.5450000166893005, "eval_mae": 0.5404, "eval_runtime": 16.6893, "eval_samples_per_second": 299.593}