{"eval_loss": 1.0531953573226929, "eval_accuracy": 0.5267999768257141, "eval_mae": 0.5704, "eval_runtime": 16.2763, "eval_samples_per_second": 307.195}