{"eval_loss": 0.9497296810150146, "eval_accuracy": 0.6065999865531921, "eval_mae": 0.4506, "eval_runtime": 19.177, "eval_samples_per_second": 260.729}