{"eval_loss": 1.0069513320922852, "eval_accuracy": 0.5934000015258789, "eval_mae": 0.4682, "eval_runtime": 17.2637, "eval_samples_per_second": 289.625}