{"eval_loss": 1.3487017154693604, "eval_accuracy": 0.4844000041484833, "eval_mae": 0.669, "eval_runtime": 18.4099, "eval_samples_per_second": 271.593}