{"eval_loss": 0.9357134699821472, "eval_accuracy": 0.6019999980926514, "eval_mae": 0.4536, "eval_runtime": 17.0691, "eval_samples_per_second": 292.927}