{"eval_loss": 0.9507917165756226, "eval_accuracy": 0.621999979019165, "eval_mae": 0.4272, "eval_runtime": 17.605, "eval_samples_per_second": 284.011}