{"eval_loss": 1.443110704421997, "eval_accuracy": 0.4397999942302704, "eval_mae": 0.7286, "eval_runtime": 22.6993, "eval_samples_per_second": 220.271}