{"eval_loss": 1.0242255926132202, "eval_accuracy": 0.5547999739646912, "eval_mae": 0.5354, "eval_runtime": 17.2476, "eval_samples_per_second": 289.896}