{"eval_loss": 1.0635753870010376, "eval_accuracy": 0.5573999881744385, "eval_mae": 0.5218, "eval_runtime": 18.3123, "eval_samples_per_second": 273.04}