{"eval_loss": 1.2342629432678223, "eval_accuracy": 0.49779999256134033, "eval_mae": 0.5978, "eval_runtime": 18.9011, "eval_samples_per_second": 264.535}