{"eval_loss": 1.2250961065292358, "eval_accuracy": 0.49880000948905945, "eval_mae": 0.6032, "eval_runtime": 18.0822, "eval_samples_per_second": 276.515}