{"eval_loss": 1.4444258213043213, "eval_accuracy": 0.4399999976158142, "eval_mae": 0.7286, "eval_runtime": 18.712, "eval_samples_per_second": 267.208}