{"eval_loss": 1.0460453033447266, "eval_accuracy": 0.5601999759674072, "eval_mae": 0.5088, "eval_runtime": 20.5858, "eval_samples_per_second": 242.885}