{"eval_loss": 1.085939884185791, "eval_accuracy": 0.5472000241279602, "eval_mae": 0.542, "eval_runtime": 23.3773, "eval_samples_per_second": 213.882}