{"eval_loss": 1.0081260204315186, "eval_accuracy": 0.5928000211715698, "eval_mae": 0.4694, "eval_runtime": 16.2704, "eval_samples_per_second": 307.306}