{"eval_loss": 0.9520644545555115, "eval_accuracy": 0.6215999722480774, "eval_mae": 0.4284, "eval_runtime": 17.6741, "eval_samples_per_second": 282.9}