{"eval_loss": 1.0215386152267456, "eval_accuracy": 0.5705999732017517, "eval_mae": 0.5072, "eval_runtime": 17.3353, "eval_samples_per_second": 288.43}