{"eval_loss": 1.025614857673645, "eval_accuracy": 0.5558000206947327, "eval_mae": 0.5358, "eval_runtime": 16.7743, "eval_samples_per_second": 298.076}