{"eval_loss": 0.947341799736023, "eval_accuracy": 0.5932000279426575, "eval_mae": 0.47, "eval_runtime": 20.8662, "eval_samples_per_second": 239.622}