{"eval_loss": 1.021600365638733, "eval_accuracy": 0.5703999996185303, "eval_mae": 0.508, "eval_runtime": 17.333, "eval_samples_per_second": 288.467}