{"eval_loss": 1.018593668937683, "eval_accuracy": 0.5813999772071838, "eval_mae": 0.4934, "eval_runtime": 33.4489, "eval_samples_per_second": 149.482}