{"eval_loss": 1.1763877868652344, "eval_accuracy": 0.5031999945640564, "eval_mae": 0.591, "eval_runtime": 17.4762, "eval_samples_per_second": 286.103}