{"eval_loss": 1.0245778560638428, "eval_accuracy": 0.5569999814033508, "eval_mae": 0.5342, "eval_runtime": 17.2654, "eval_samples_per_second": 289.596}