{"eval_loss": 0.9466938376426697, "eval_accuracy": 0.5924000144004822, "eval_mae": 0.4702, "eval_runtime": 19.5186, "eval_samples_per_second": 256.166}