{"eval_loss": 1.3390743732452393, "eval_accuracy": 0.46799999475479126, "eval_mae": 0.6888, "eval_runtime": 18.393, "eval_samples_per_second": 271.842}