{"eval_loss": 1.3396371603012085, "eval_accuracy": 0.46799999475479126, "eval_mae": 0.6892, "eval_runtime": 19.1127, "eval_samples_per_second": 261.606}