{"eval_loss": 1.2508947849273682, "eval_accuracy": 0.49059998989105225, "eval_mae": 0.659, "eval_runtime": 17.8693, "eval_samples_per_second": 279.809}