{"eval_loss": 0.9908127188682556, "eval_accuracy": 0.5708000063896179, "eval_mae": 0.5076, "eval_runtime": 16.9673, "eval_samples_per_second": 294.685}