{"eval_loss": 0.947580873966217, "eval_accuracy": 0.5925999879837036, "eval_mae": 0.47, "eval_runtime": 18.6877, "eval_samples_per_second": 267.556}