{"eval_loss": 0.9508023262023926, "eval_accuracy": 0.6215999722480774, "eval_mae": 0.4282, "eval_runtime": 17.4317, "eval_samples_per_second": 286.834}