{"eval_loss": 1.1763988733291626, "eval_accuracy": 0.5004000067710876, "eval_mae": 0.594, "eval_runtime": 16.6896, "eval_samples_per_second": 299.588}