{"eval_loss": 1.1578503847122192, "eval_accuracy": 0.5023999810218811, "eval_mae": 0.588, "eval_runtime": 16.64, "eval_samples_per_second": 300.481}