{"eval_loss": 0.9502843618392944, "eval_accuracy": 0.620199978351593, "eval_mae": 0.4296, "eval_runtime": 17.3691, "eval_samples_per_second": 287.867}