{"eval_loss": 1.016709327697754, "eval_accuracy": 0.5776000022888184, "eval_mae": 0.4844, "eval_runtime": 17.4543, "eval_samples_per_second": 286.462}