{"eval_loss": 1.4437952041625977, "eval_accuracy": 0.43939998745918274, "eval_mae": 0.7294, "eval_runtime": 18.1624, "eval_samples_per_second": 275.294}