{"eval_loss": 1.3539221286773682, "eval_accuracy": 0.48100000619888306, "eval_mae": 0.6732, "eval_runtime": 17.9126, "eval_samples_per_second": 279.133}