{"eval_loss": 0.9793261885643005, "eval_accuracy": 0.5852000117301941, "eval_mae": 0.4846, "eval_runtime": 17.424, "eval_samples_per_second": 286.96}