{"eval_loss": 1.0058646202087402, "eval_accuracy": 0.5748000144958496, "eval_mae": 0.4964, "eval_runtime": 16.5505, "eval_samples_per_second": 302.105}