{"eval_loss": 0.9479486346244812, "eval_accuracy": 0.5899999737739563, "eval_mae": 0.4634, "eval_runtime": 16.5669, "eval_samples_per_second": 301.806}