{"eval_loss": 1.3369122743606567, "eval_accuracy": 0.46639999747276306, "eval_mae": 0.6888, "eval_runtime": 19.3429, "eval_samples_per_second": 258.493}