{"eval_loss": 1.3419777154922485, "eval_accuracy": 0.4747999906539917, "eval_mae": 0.6936, "eval_runtime": 16.3553, "eval_samples_per_second": 305.711}