{"eval_loss": 1.0804481506347656, "eval_accuracy": 0.5564000010490417, "eval_mae": 0.565, "eval_runtime": 34.7396, "eval_samples_per_second": 143.928}