{"eval_loss": 0.9772421717643738, "eval_accuracy": 0.5813999772071838, "eval_mae": 0.4884, "eval_runtime": 18.5269, "eval_samples_per_second": 269.878}