{"eval_loss": 0.9616890549659729, "eval_accuracy": 0.590399980545044, "eval_mae": 0.4852, "eval_runtime": 17.4108, "eval_samples_per_second": 287.178}