{"eval_loss": 0.9610262513160706, "eval_accuracy": 0.5929999947547913, "eval_mae": 0.4838, "eval_runtime": 17.2677, "eval_samples_per_second": 289.558}