{"eval_loss": 1.0054066181182861, "eval_accuracy": 0.5758000016212463, "eval_mae": 0.4966, "eval_runtime": 16.4043, "eval_samples_per_second": 304.798}