{"eval_loss": 1.2974772453308105, "eval_accuracy": 0.4675999879837036, "eval_mae": 0.6812, "eval_runtime": 35.8929, "eval_samples_per_second": 139.304}