{"eval_loss": 1.2484582662582397, "eval_accuracy": 0.4970000088214874, "eval_mae": 0.6504, "eval_runtime": 26.3372, "eval_samples_per_second": 189.846}