{"eval_loss": 1.0273348093032837, "eval_accuracy": 0.5541999936103821, "eval_mae": 0.5366, "eval_runtime": 17.2558, "eval_samples_per_second": 289.758}