{"eval_loss": 1.2962329387664795, "eval_accuracy": 0.4681999981403351, "eval_mae": 0.6814, "eval_runtime": 36.0831, "eval_samples_per_second": 138.569}