{"eval_loss": 1.3918119668960571, "eval_accuracy": 0.4814000129699707, "eval_mae": 0.6732, "eval_runtime": 26.4311, "eval_samples_per_second": 189.171}