{"eval_loss": 1.2952024936676025, "eval_accuracy": 0.46939998865127563, "eval_mae": 0.679, "eval_runtime": 19.0375, "eval_samples_per_second": 262.64}