{"eval_loss": 1.0454730987548828, "eval_accuracy": 0.5619999766349792, "eval_mae": 0.5074, "eval_runtime": 19.3778, "eval_samples_per_second": 258.027}