{"eval_loss": 0.9611178636550903, "eval_accuracy": 0.5952000021934509, "eval_mae": 0.481, "eval_runtime": 17.351, "eval_samples_per_second": 288.168}