{"eval_loss": 1.2967898845672607, "eval_accuracy": 0.46799999475479126, "eval_mae": 0.6812, "eval_runtime": 21.2049, "eval_samples_per_second": 235.794}