{"eval_loss": 1.0640639066696167, "eval_accuracy": 0.5587999820709229, "eval_mae": 0.5212, "eval_runtime": 17.6717, "eval_samples_per_second": 282.938}