{"eval_loss": 1.3515673875808716, "eval_accuracy": 0.483599990606308, "eval_mae": 0.6712, "eval_runtime": 17.8157, "eval_samples_per_second": 280.651}