{"eval_loss": 1.2398936748504639, "eval_accuracy": 0.4952000081539154, "eval_mae": 0.6502, "eval_runtime": 22.434, "eval_samples_per_second": 222.876}