{"eval_loss": 1.080336570739746, "eval_accuracy": 0.5559999942779541, "eval_mae": 0.5654, "eval_runtime": 18.9009, "eval_samples_per_second": 264.538}