{"eval_loss": 1.2270029783248901, "eval_accuracy": 0.49900001287460327, "eval_mae": 0.604, "eval_runtime": 18.3615, "eval_samples_per_second": 272.308}