{"eval_loss": 1.0067423582077026, "eval_accuracy": 0.5934000015258789, "eval_mae": 0.468, "eval_runtime": 17.1961, "eval_samples_per_second": 290.764}