{"eval_loss": 0.9476147294044495, "eval_accuracy": 0.5929999947547913, "eval_mae": 0.4692, "eval_runtime": 19.088, "eval_samples_per_second": 261.944}