{"eval_loss": 1.0173753499984741, "eval_accuracy": 0.5809999704360962, "eval_mae": 0.481, "eval_runtime": 16.8221, "eval_samples_per_second": 297.228}