{"eval_loss": 0.9489850401878357, "eval_accuracy": 0.6078000068664551, "eval_mae": 0.4488, "eval_runtime": 31.6854, "eval_samples_per_second": 157.801}