{"eval_loss": 1.0854942798614502, "eval_accuracy": 0.5752000212669373, "eval_mae": 0.5108, "eval_runtime": 16.4091, "eval_samples_per_second": 304.71}