{"eval_loss": 1.228681206703186, "eval_accuracy": 0.5070000290870667, "eval_mae": 0.6202, "eval_runtime": 33.4726, "eval_samples_per_second": 149.376}