{"eval_loss": 1.0470589399337769, "eval_accuracy": 0.5595999956130981, "eval_mae": 0.5108, "eval_runtime": 18.5656, "eval_samples_per_second": 269.315}