{"eval_loss": 1.1478632688522339, "eval_accuracy": 0.5486000180244446, "eval_mae": 0.5828, "eval_runtime": 16.7601, "eval_samples_per_second": 298.327}