{"eval_loss": 1.0174601078033447, "eval_accuracy": 0.5785999894142151, "eval_mae": 0.484, "eval_runtime": 17.6729, "eval_samples_per_second": 282.92}