{"eval_loss": 1.0444835424423218, "eval_accuracy": 0.5598000288009644, "eval_mae": 0.509, "eval_runtime": 18.6642, "eval_samples_per_second": 267.892}