{"eval_loss": 1.0871893167495728, "eval_accuracy": 0.5759999752044678, "eval_mae": 0.5102, "eval_runtime": 16.451, "eval_samples_per_second": 303.933}