{"eval_loss": 1.393499493598938, "eval_accuracy": 0.47780001163482666, "eval_mae": 0.6782, "eval_runtime": 26.4561, "eval_samples_per_second": 188.993}