{"eval_loss": 0.8895478248596191, "eval_accuracy": 0.6363999843597412, "eval_mae": 0.4146, "eval_runtime": 20.071, "eval_samples_per_second": 249.115}