{"eval_loss": 1.0455259084701538, "eval_accuracy": 0.5612000226974487, "eval_mae": 0.508, "eval_runtime": 18.0424, "eval_samples_per_second": 277.125}