{"eval_loss": 0.9499654173851013, "eval_accuracy": 0.6074000000953674, "eval_mae": 0.4502, "eval_runtime": 18.6333, "eval_samples_per_second": 268.337}