{"eval_loss": 1.3421486616134644, "eval_accuracy": 0.4765999913215637, "eval_mae": 0.6934, "eval_runtime": 16.9651, "eval_samples_per_second": 294.723}