{"eval_loss": 0.9357367157936096, "eval_accuracy": 0.6015999913215637, "eval_mae": 0.4554, "eval_runtime": 16.4421, "eval_samples_per_second": 304.098}