{"eval_loss": 1.0205899477005005, "eval_accuracy": 0.5687999725341797, "eval_mae": 0.5088, "eval_runtime": 17.406, "eval_samples_per_second": 287.258}