{"eval_loss": 1.0533661842346191, "eval_accuracy": 0.5285999774932861, "eval_mae": 0.5682, "eval_runtime": 16.8201, "eval_samples_per_second": 297.263}