{"eval_loss": 1.3921253681182861, "eval_accuracy": 0.48100000619888306, "eval_mae": 0.6736, "eval_runtime": 22.5112, "eval_samples_per_second": 222.112}