{"eval_loss": 1.393702745437622, "eval_accuracy": 0.47699999809265137, "eval_mae": 0.6764, "eval_runtime": 33.2374, "eval_samples_per_second": 150.433}