{"eval_loss": 1.4420371055603027, "eval_accuracy": 0.43959999084472656, "eval_mae": 0.7292, "eval_runtime": 18.6042, "eval_samples_per_second": 268.757}