{"eval_loss": 1.0075277090072632, "eval_accuracy": 0.5928000211715698, "eval_mae": 0.4688, "eval_runtime": 17.2527, "eval_samples_per_second": 289.809}