{"eval_loss": 1.0115958452224731, "eval_accuracy": 0.579200029373169, "eval_mae": 0.4826, "eval_runtime": 17.5079, "eval_samples_per_second": 285.585}