{"eval_loss": 1.078649878501892, "eval_accuracy": 0.5580000281333923, "eval_mae": 0.5312, "eval_runtime": 28.2305, "eval_samples_per_second": 177.113}