{"eval_loss": 1.3671878576278687, "eval_accuracy": 0.4580000042915344, "eval_mae": 0.732, "eval_runtime": 17.2178, "eval_samples_per_second": 290.397}