{"eval_loss": 1.2972016334533691, "eval_accuracy": 0.46880000829696655, "eval_mae": 0.6798, "eval_runtime": 18.9568, "eval_samples_per_second": 263.757}