{"eval_loss": 1.03074312210083, "eval_accuracy": 0.5442000031471252, "eval_mae": 0.54, "eval_runtime": 16.4153, "eval_samples_per_second": 304.595}