{"eval_loss": 1.052912712097168, "eval_accuracy": 0.5270000100135803, "eval_mae": 0.5706, "eval_runtime": 16.8561, "eval_samples_per_second": 296.628}