{"eval_loss": 0.9461023211479187, "eval_accuracy": 0.604200005531311, "eval_mae": 0.4576, "eval_runtime": 17.544, "eval_samples_per_second": 284.998}