{"eval_loss": 1.0152071714401245, "eval_accuracy": 0.5641999840736389, "eval_mae": 0.5082, "eval_runtime": 16.924, "eval_samples_per_second": 295.438}