{"eval_loss": 1.0547963380813599, "eval_accuracy": 0.5594000220298767, "eval_mae": 0.5238, "eval_runtime": 21.9859, "eval_samples_per_second": 227.419}