{"eval_loss": 1.014420509338379, "eval_accuracy": 0.5644000172615051, "eval_mae": 0.5072, "eval_runtime": 16.93, "eval_samples_per_second": 295.334}