{"eval_loss": 1.0798898935317993, "eval_accuracy": 0.5568000078201294, "eval_mae": 0.5642, "eval_runtime": 19.1964, "eval_samples_per_second": 260.466}