{"eval_loss": 0.9496323466300964, "eval_accuracy": 0.6065999865531921, "eval_mae": 0.45, "eval_runtime": 18.3686, "eval_samples_per_second": 272.203}