{"eval_loss": 0.9612584114074707, "eval_accuracy": 0.5953999757766724, "eval_mae": 0.4784, "eval_runtime": 16.7714, "eval_samples_per_second": 298.126}