{"eval_loss": 1.0065443515777588, "eval_accuracy": 0.5934000015258789, "eval_mae": 0.468, "eval_runtime": 17.4355, "eval_samples_per_second": 286.771}