{"eval_loss": 1.3666102886199951, "eval_accuracy": 0.4578000009059906, "eval_mae": 0.7308, "eval_runtime": 17.2887, "eval_samples_per_second": 289.206}