{"eval_loss": 1.2420852184295654, "eval_accuracy": 0.49880000948905945, "eval_mae": 0.5972, "eval_runtime": 18.9087, "eval_samples_per_second": 264.429}