{"eval_loss": 0.954844057559967, "eval_accuracy": 0.5896000266075134, "eval_mae": 0.4632, "eval_runtime": 17.1399, "eval_samples_per_second": 291.717}