{"eval_loss": 1.0050127506256104, "eval_accuracy": 0.5770000219345093, "eval_mae": 0.4942, "eval_runtime": 17.19, "eval_samples_per_second": 290.868}