{"eval_loss": 1.0548888444900513, "eval_accuracy": 0.527999997138977, "eval_mae": 0.5696, "eval_runtime": 16.9377, "eval_samples_per_second": 295.2}