{"eval_loss": 1.3481074571609497, "eval_accuracy": 0.4717999994754791, "eval_mae": 0.691, "eval_runtime": 16.8065, "eval_samples_per_second": 297.505}