{"eval_loss": 1.0116833448410034, "eval_accuracy": 0.5809999704360962, "eval_mae": 0.4804, "eval_runtime": 17.5313, "eval_samples_per_second": 285.203}