{"eval_loss": 0.9358927011489868, "eval_accuracy": 0.6011999845504761, "eval_mae": 0.4546, "eval_runtime": 16.4028, "eval_samples_per_second": 304.827}