{"eval_loss": 1.025510549545288, "eval_accuracy": 0.5551999807357788, "eval_mae": 0.5362, "eval_runtime": 17.3198, "eval_samples_per_second": 288.686}