{"eval_loss": 1.0290859937667847, "eval_accuracy": 0.5442000031471252, "eval_mae": 0.5398, "eval_runtime": 16.464, "eval_samples_per_second": 303.694}