{"eval_loss": 1.0103298425674438, "eval_accuracy": 0.5802000164985657, "eval_mae": 0.481, "eval_runtime": 17.4429, "eval_samples_per_second": 286.65}