{"eval_loss": 1.0186889171600342, "eval_accuracy": 0.5809999704360962, "eval_mae": 0.4938, "eval_runtime": 29.1211, "eval_samples_per_second": 171.697}