{"eval_loss": 0.9457384943962097, "eval_accuracy": 0.6037999987602234, "eval_mae": 0.4586, "eval_runtime": 17.2921, "eval_samples_per_second": 289.149}