{"eval_loss": 1.3431488275527954, "eval_accuracy": 0.47519999742507935, "eval_mae": 0.6932, "eval_runtime": 17.1662, "eval_samples_per_second": 291.269}