{"eval_loss": 1.0144433975219727, "eval_accuracy": 0.5658000111579895, "eval_mae": 0.506, "eval_runtime": 17.0113, "eval_samples_per_second": 293.922}