{"eval_loss": 0.9473699331283569, "eval_accuracy": 0.5925999879837036, "eval_mae": 0.47, "eval_runtime": 19.1661, "eval_samples_per_second": 260.877}