{"eval_loss": 1.177314043045044, "eval_accuracy": 0.5026000142097473, "eval_mae": 0.592, "eval_runtime": 17.4688, "eval_samples_per_second": 286.224}