{"eval_loss": 0.9446917176246643, "eval_accuracy": 0.6051999926567078, "eval_mae": 0.4554, "eval_runtime": 17.4376, "eval_samples_per_second": 286.737}