{"eval_loss": 1.1455402374267578, "eval_accuracy": 0.5514000058174133, "eval_mae": 0.5766, "eval_runtime": 16.7898, "eval_samples_per_second": 297.8}