{"eval_loss": 1.0788769721984863, "eval_accuracy": 0.5562000274658203, "eval_mae": 0.5338, "eval_runtime": 33.6911, "eval_samples_per_second": 148.407}