{"eval_loss": 0.9473540782928467, "eval_accuracy": 0.5916000008583069, "eval_mae": 0.472, "eval_runtime": 18.8223, "eval_samples_per_second": 265.642}