{"eval_loss": 1.243181824684143, "eval_accuracy": 0.5001999735832214, "eval_mae": 0.5958, "eval_runtime": 22.374, "eval_samples_per_second": 223.474}