{"eval_loss": 1.0147415399551392, "eval_accuracy": 0.5636000037193298, "eval_mae": 0.508, "eval_runtime": 17.0386, "eval_samples_per_second": 293.452}