{"eval_loss": 1.3421002626419067, "eval_accuracy": 0.47600001096725464, "eval_mae": 0.6926, "eval_runtime": 16.8591, "eval_samples_per_second": 296.576}