{"eval_loss": 1.2249263525009155, "eval_accuracy": 0.5045999884605408, "eval_mae": 0.5898, "eval_runtime": 19.9756, "eval_samples_per_second": 250.305}