{"eval_loss": 1.3430695533752441, "eval_accuracy": 0.4749999940395355, "eval_mae": 0.6948, "eval_runtime": 16.9888, "eval_samples_per_second": 294.311}