{"eval_loss": 0.945182204246521, "eval_accuracy": 0.5938000082969666, "eval_mae": 0.4676, "eval_runtime": 19.0939, "eval_samples_per_second": 261.863}