{"eval_loss": 1.0536980628967285, "eval_accuracy": 0.5264000296592712, "eval_mae": 0.5714, "eval_runtime": 16.9429, "eval_samples_per_second": 295.108}