{"eval_loss": 1.0786246061325073, "eval_accuracy": 0.5590000152587891, "eval_mae": 0.5304, "eval_runtime": 18.6528, "eval_samples_per_second": 268.057}