{"eval_loss": 0.9794501662254333, "eval_accuracy": 0.58160001039505, "eval_mae": 0.4888, "eval_runtime": 17.3345, "eval_samples_per_second": 288.441}