{"eval_loss": 1.085999846458435, "eval_accuracy": 0.5479999780654907, "eval_mae": 0.541, "eval_runtime": 34.5048, "eval_samples_per_second": 144.908}