{"eval_loss": 1.0862540006637573, "eval_accuracy": 0.5473999977111816, "eval_mae": 0.5418, "eval_runtime": 18.033, "eval_samples_per_second": 277.27}