{"eval_loss": 1.01514732837677, "eval_accuracy": 0.5645999908447266, "eval_mae": 0.5084, "eval_runtime": 17.2341, "eval_samples_per_second": 290.122}