{"eval_loss": 1.0069025754928589, "eval_accuracy": 0.5932000279426575, "eval_mae": 0.4684, "eval_runtime": 17.1326, "eval_samples_per_second": 291.841}