{"eval_loss": 1.2262073755264282, "eval_accuracy": 0.5088000297546387, "eval_mae": 0.6182, "eval_runtime": 26.2769, "eval_samples_per_second": 190.281}