{"eval_loss": 1.2428473234176636, "eval_accuracy": 0.5008000135421753, "eval_mae": 0.5944, "eval_runtime": 20.0543, "eval_samples_per_second": 249.324}