{"eval_loss": 1.392578125, "eval_accuracy": 0.4805999994277954, "eval_mae": 0.674, "eval_runtime": 28.5148, "eval_samples_per_second": 175.347}