{"eval_loss": 1.3525099754333496, "eval_accuracy": 0.48420000076293945, "eval_mae": 0.67, "eval_runtime": 18.4067, "eval_samples_per_second": 271.641}