{"eval_loss": 1.0061718225479126, "eval_accuracy": 0.5943999886512756, "eval_mae": 0.4668, "eval_runtime": 17.2413, "eval_samples_per_second": 290.001}