{"eval_loss": 1.4430699348449707, "eval_accuracy": 0.43939998745918274, "eval_mae": 0.729, "eval_runtime": 20.6307, "eval_samples_per_second": 242.357}