{"eval_loss": 1.006091833114624, "eval_accuracy": 0.5745999813079834, "eval_mae": 0.4972, "eval_runtime": 17.2109, "eval_samples_per_second": 290.513}