{"eval_loss": 1.0462114810943604, "eval_accuracy": 0.5605999827384949, "eval_mae": 0.5088, "eval_runtime": 18.1225, "eval_samples_per_second": 275.9}