{"eval_loss": 1.0533168315887451, "eval_accuracy": 0.531000018119812, "eval_mae": 0.5654, "eval_runtime": 16.4895, "eval_samples_per_second": 303.223}