{"eval_loss": 1.3921476602554321, "eval_accuracy": 0.4812000095844269, "eval_mae": 0.6734, "eval_runtime": 33.6634, "eval_samples_per_second": 148.529}