{"eval_loss": 1.080126166343689, "eval_accuracy": 0.5564000010490417, "eval_mae": 0.565, "eval_runtime": 18.7766, "eval_samples_per_second": 266.289}