{"eval_loss": 1.2925333976745605, "eval_accuracy": 0.46639999747276306, "eval_mae": 0.6808, "eval_runtime": 22.1972, "eval_samples_per_second": 225.253}