{"eval_loss": 1.2265498638153076, "eval_accuracy": 0.5008000135421753, "eval_mae": 0.6018, "eval_runtime": 18.3599, "eval_samples_per_second": 272.332}