{"eval_loss": 1.4433637857437134, "eval_accuracy": 0.43959999084472656, "eval_mae": 0.7298, "eval_runtime": 18.9325, "eval_samples_per_second": 264.096}