{"eval_loss": 0.9549910426139832, "eval_accuracy": 0.599399983882904, "eval_mae": 0.464, "eval_runtime": 17.3209, "eval_samples_per_second": 288.669}