{"eval_loss": 1.3949236869812012, "eval_accuracy": 0.4796000123023987, "eval_mae": 0.676, "eval_runtime": 19.4515, "eval_samples_per_second": 257.049}