{"eval_loss": 0.9609812498092651, "eval_accuracy": 0.592199981212616, "eval_mae": 0.4834, "eval_runtime": 17.4234, "eval_samples_per_second": 286.97}