{"eval_loss": 1.043849229812622, "eval_accuracy": 0.5613999962806702, "eval_mae": 0.508, "eval_runtime": 21.0641, "eval_samples_per_second": 237.37}