{"eval_loss": 1.228239893913269, "eval_accuracy": 0.49900001287460327, "eval_mae": 0.6032, "eval_runtime": 18.376, "eval_samples_per_second": 272.094}