{"eval_loss": 1.348911166191101, "eval_accuracy": 0.4713999927043915, "eval_mae": 0.6906, "eval_runtime": 17.2814, "eval_samples_per_second": 289.328}