{"eval_loss": 1.2965773344039917, "eval_accuracy": 0.46779999136924744, "eval_mae": 0.6816, "eval_runtime": 26.3121, "eval_samples_per_second": 190.026}