{"eval_loss": 1.0127183198928833, "eval_accuracy": 0.5799999833106995, "eval_mae": 0.4812, "eval_runtime": 16.8605, "eval_samples_per_second": 296.551}