{"eval_loss": 1.0539665222167969, "eval_accuracy": 0.5271999835968018, "eval_mae": 0.5698, "eval_runtime": 16.4423, "eval_samples_per_second": 304.094}