{"eval_loss": 1.2403219938278198, "eval_accuracy": 0.4957999885082245, "eval_mae": 0.6484, "eval_runtime": 25.0233, "eval_samples_per_second": 199.814}