{"eval_loss": 1.3446635007858276, "eval_accuracy": 0.4772000014781952, "eval_mae": 0.694, "eval_runtime": 16.3848, "eval_samples_per_second": 305.16}