{"eval_loss": 1.084007978439331, "eval_accuracy": 0.574999988079071, "eval_mae": 0.5104, "eval_runtime": 16.101, "eval_samples_per_second": 310.54}