{"eval_loss": 1.3679461479187012, "eval_accuracy": 0.4560000002384186, "eval_mae": 0.734, "eval_runtime": 16.9026, "eval_samples_per_second": 295.812}