{"eval_loss": 0.9487057328224182, "eval_accuracy": 0.5910000205039978, "eval_mae": 0.4628, "eval_runtime": 16.1524, "eval_samples_per_second": 309.551}