{"eval_loss": 0.9500119090080261, "eval_accuracy": 0.607200026512146, "eval_mae": 0.4488, "eval_runtime": 28.9981, "eval_samples_per_second": 172.425}