{"eval_loss": 1.182078242301941, "eval_accuracy": 0.5009999871253967, "eval_mae": 0.595, "eval_runtime": 16.4007, "eval_samples_per_second": 304.865}