{"eval_loss": 1.006484031677246, "eval_accuracy": 0.5925999879837036, "eval_mae": 0.4688, "eval_runtime": 17.2494, "eval_samples_per_second": 289.865}