{"eval_loss": 1.296515941619873, "eval_accuracy": 0.4691999852657318, "eval_mae": 0.6792, "eval_runtime": 19.343, "eval_samples_per_second": 258.492}