{"eval_loss": 0.9484401345252991, "eval_accuracy": 0.6079999804496765, "eval_mae": 0.4472, "eval_runtime": 18.3482, "eval_samples_per_second": 272.506}