{"eval_loss": 1.2413489818572998, "eval_accuracy": 0.4952000081539154, "eval_mae": 0.6508, "eval_runtime": 19.9023, "eval_samples_per_second": 251.227}