{"eval_loss": 0.963765025138855, "eval_accuracy": 0.5928000211715698, "eval_mae": 0.4836, "eval_runtime": 17.2511, "eval_samples_per_second": 289.836}