{"eval_loss": 1.0312740802764893, "eval_accuracy": 0.5442000031471252, "eval_mae": 0.5416, "eval_runtime": 16.5361, "eval_samples_per_second": 302.369}