{"eval_loss": 1.1544255018234253, "eval_accuracy": 0.5012000203132629, "eval_mae": 0.5892, "eval_runtime": 17.3469, "eval_samples_per_second": 288.236}