{"eval_loss": 1.086059808731079, "eval_accuracy": 0.5479999780654907, "eval_mae": 0.541, "eval_runtime": 18.303, "eval_samples_per_second": 273.179}