{"eval_loss": 1.4408739805221558, "eval_accuracy": 0.4397999942302704, "eval_mae": 0.7292, "eval_runtime": 19.0965, "eval_samples_per_second": 261.829}