{"eval_loss": 1.0076950788497925, "eval_accuracy": 0.5946000218391418, "eval_mae": 0.4674, "eval_runtime": 16.1858, "eval_samples_per_second": 308.913}