{"eval_loss": 1.2359955310821533, "eval_accuracy": 0.4968000054359436, "eval_mae": 0.6468, "eval_runtime": 35.2073, "eval_samples_per_second": 142.016}