{"eval_loss": 1.31318998336792, "eval_accuracy": 0.4650000035762787, "eval_mae": 0.6862, "eval_runtime": 26.9072, "eval_samples_per_second": 185.824}