{"eval_loss": 1.0298805236816406, "eval_accuracy": 0.5454000234603882, "eval_mae": 0.5398, "eval_runtime": 16.6656, "eval_samples_per_second": 300.019}