{"eval_loss": 1.0180976390838623, "eval_accuracy": 0.5813999772071838, "eval_mae": 0.494, "eval_runtime": 22.8418, "eval_samples_per_second": 218.897}