{"eval_loss": 0.960167407989502, "eval_accuracy": 0.592199981212616, "eval_mae": 0.4834, "eval_runtime": 17.5711, "eval_samples_per_second": 284.558}