{"eval_loss": 1.0436084270477295, "eval_accuracy": 0.5612000226974487, "eval_mae": 0.5076, "eval_runtime": 18.4054, "eval_samples_per_second": 271.659}