{"eval_loss": 1.4446132183074951, "eval_accuracy": 0.43880000710487366, "eval_mae": 0.7298, "eval_runtime": 19.404, "eval_samples_per_second": 257.679}