{"eval_loss": 1.3331053256988525, "eval_accuracy": 0.46939998865127563, "eval_mae": 0.6858, "eval_runtime": 21.0135, "eval_samples_per_second": 237.942}