{"eval_loss": 1.0063761472702026, "eval_accuracy": 0.5752000212669373, "eval_mae": 0.497, "eval_runtime": 16.4819, "eval_samples_per_second": 303.363}