{"eval_loss": 1.0458482503890991, "eval_accuracy": 0.5600000023841858, "eval_mae": 0.5094, "eval_runtime": 21.0363, "eval_samples_per_second": 237.685}