{"eval_loss": 1.0139652490615845, "eval_accuracy": 0.5648000240325928, "eval_mae": 0.5082, "eval_runtime": 16.3263, "eval_samples_per_second": 306.254}