{"eval_loss": 1.3419833183288574, "eval_accuracy": 0.46700000762939453, "eval_mae": 0.69, "eval_runtime": 19.1041, "eval_samples_per_second": 261.724}