{"eval_loss": 1.0136505365371704, "eval_accuracy": 0.5648000240325928, "eval_mae": 0.5058, "eval_runtime": 17.2073, "eval_samples_per_second": 290.575}