{"eval_loss": 1.2365206480026245, "eval_accuracy": 0.49720001220703125, "eval_mae": 0.6464, "eval_runtime": 19.3897, "eval_samples_per_second": 257.869}