{"eval_loss": 0.9498318433761597, "eval_accuracy": 0.6060000061988831, "eval_mae": 0.4502, "eval_runtime": 17.9602, "eval_samples_per_second": 278.393}