{"eval_loss": 1.147518277168274, "eval_accuracy": 0.5483999848365784, "eval_mae": 0.5828, "eval_runtime": 16.8575, "eval_samples_per_second": 296.604}