{"eval_loss": 0.9459101557731628, "eval_accuracy": 0.6037999987602234, "eval_mae": 0.4586, "eval_runtime": 16.4529, "eval_samples_per_second": 303.899}