{"eval_loss": 1.1710553169250488, "eval_accuracy": 0.5013999938964844, "eval_mae": 0.5918, "eval_runtime": 17.4191, "eval_samples_per_second": 287.041}