{"eval_loss": 1.2291568517684937, "eval_accuracy": 0.5059999823570251, "eval_mae": 0.6214, "eval_runtime": 34.7514, "eval_samples_per_second": 143.879}