{"eval_loss": 1.0459353923797607, "eval_accuracy": 0.5613999962806702, "eval_mae": 0.5082, "eval_runtime": 18.5707, "eval_samples_per_second": 269.241}