{"eval_loss": 1.0301620960235596, "eval_accuracy": 0.5465999841690063, "eval_mae": 0.5384, "eval_runtime": 17.561, "eval_samples_per_second": 284.722}