{"eval_loss": 1.0213465690612793, "eval_accuracy": 0.5699999928474426, "eval_mae": 0.5086, "eval_runtime": 16.7918, "eval_samples_per_second": 297.764}