{"eval_loss": 0.9463748931884766, "eval_accuracy": 0.6064000129699707, "eval_mae": 0.4552, "eval_runtime": 16.4129, "eval_samples_per_second": 304.638}