{"eval_loss": 0.9906968474388123, "eval_accuracy": 0.569599986076355, "eval_mae": 0.5082, "eval_runtime": 16.2669, "eval_samples_per_second": 307.372}