{"eval_loss": 0.9546962976455688, "eval_accuracy": 0.6003999710083008, "eval_mae": 0.462, "eval_runtime": 16.9631, "eval_samples_per_second": 294.757}