{"eval_loss": 0.9362156391143799, "eval_accuracy": 0.6010000109672546, "eval_mae": 0.4554, "eval_runtime": 17.0906, "eval_samples_per_second": 292.558}