{"eval_loss": 1.0077513456344604, "eval_accuracy": 0.5932000279426575, "eval_mae": 0.469, "eval_runtime": 17.3317, "eval_samples_per_second": 288.489}