{"eval_loss": 1.2964576482772827, "eval_accuracy": 0.46779999136924744, "eval_mae": 0.6818, "eval_runtime": 24.7353, "eval_samples_per_second": 202.141}