{"eval_loss": 1.3461467027664185, "eval_accuracy": 0.4846000075340271, "eval_mae": 0.6688, "eval_runtime": 18.0613, "eval_samples_per_second": 276.835}