{"eval_loss": 0.9455597400665283, "eval_accuracy": 0.6050000190734863, "eval_mae": 0.4568, "eval_runtime": 17.4202, "eval_samples_per_second": 287.023}