{"eval_loss": 0.9789183735847473, "eval_accuracy": 0.5813999772071838, "eval_mae": 0.4888, "eval_runtime": 17.4155, "eval_samples_per_second": 287.101}