{"eval_loss": 0.9788163900375366, "eval_accuracy": 0.5809999704360962, "eval_mae": 0.4892, "eval_runtime": 17.3744, "eval_samples_per_second": 287.78}