{"eval_loss": 1.0147212743759155, "eval_accuracy": 0.5777999758720398, "eval_mae": 0.4842, "eval_runtime": 17.4938, "eval_samples_per_second": 285.816}