{"eval_loss": 1.442387580871582, "eval_accuracy": 0.4397999942302704, "eval_mae": 0.7292, "eval_runtime": 22.1471, "eval_samples_per_second": 225.763}