{"eval_loss": 1.1767953634262085, "eval_accuracy": 0.5023999810218811, "eval_mae": 0.592, "eval_runtime": 17.3555, "eval_samples_per_second": 288.094}