{"eval_loss": 1.0076961517333984, "eval_accuracy": 0.5843999981880188, "eval_mae": 0.4754, "eval_runtime": 17.4991, "eval_samples_per_second": 285.729}