{"eval_loss": 1.346310019493103, "eval_accuracy": 0.4717999994754791, "eval_mae": 0.6898, "eval_runtime": 17.286, "eval_samples_per_second": 289.252}