{"eval_loss": 1.0295554399490356, "eval_accuracy": 0.5464000105857849, "eval_mae": 0.5386, "eval_runtime": 16.7405, "eval_samples_per_second": 298.677}