{"eval_loss": 1.0174369812011719, "eval_accuracy": 0.5809999704360962, "eval_mae": 0.4804, "eval_runtime": 17.579, "eval_samples_per_second": 284.43}