{"eval_loss": 1.0294910669326782, "eval_accuracy": 0.5460000038146973, "eval_mae": 0.5392, "eval_runtime": 17.0471, "eval_samples_per_second": 293.305}