{"eval_loss": 0.9349608421325684, "eval_accuracy": 0.6018000245094299, "eval_mae": 0.4542, "eval_runtime": 17.063, "eval_samples_per_second": 293.032}