{"eval_loss": 1.350264310836792, "eval_accuracy": 0.4722000062465668, "eval_mae": 0.689, "eval_runtime": 17.2957, "eval_samples_per_second": 289.089}