{"eval_loss": 1.02388334274292, "eval_accuracy": 0.5562000274658203, "eval_mae": 0.535, "eval_runtime": 17.3974, "eval_samples_per_second": 287.399}