{"eval_loss": 1.147632122039795, "eval_accuracy": 0.5472000241279602, "eval_mae": 0.5836, "eval_runtime": 16.8038, "eval_samples_per_second": 297.552}