{"eval_loss": 1.2963459491729736, "eval_accuracy": 0.46779999136924744, "eval_mae": 0.6816, "eval_runtime": 19.2246, "eval_samples_per_second": 260.083}