{"eval_loss": 1.2281593084335327, "eval_accuracy": 0.49939998984336853, "eval_mae": 0.6032, "eval_runtime": 18.3535, "eval_samples_per_second": 272.428}