{"eval_loss": 0.9609706997871399, "eval_accuracy": 0.5924000144004822, "eval_mae": 0.4832, "eval_runtime": 17.4214, "eval_samples_per_second": 287.003}