{"eval_loss": 1.087856650352478, "eval_accuracy": 0.5478000044822693, "eval_mae": 0.5414, "eval_runtime": 24.7227, "eval_samples_per_second": 202.244}