{"eval_loss": 0.9607759714126587, "eval_accuracy": 0.5920000076293945, "eval_mae": 0.4842, "eval_runtime": 17.3503, "eval_samples_per_second": 288.179}