{"eval_loss": 1.392686128616333, "eval_accuracy": 0.48100000619888306, "eval_mae": 0.6736, "eval_runtime": 19.8154, "eval_samples_per_second": 252.328}