{"eval_loss": 1.338145136833191, "eval_accuracy": 0.46799999475479126, "eval_mae": 0.6886, "eval_runtime": 37.3218, "eval_samples_per_second": 133.97}