{"eval_loss": 0.9508353471755981, "eval_accuracy": 0.6079999804496765, "eval_mae": 0.4486, "eval_runtime": 21.2115, "eval_samples_per_second": 235.721}