{"eval_loss": 1.0124859809875488, "eval_accuracy": 0.5802000164985657, "eval_mae": 0.4818, "eval_runtime": 17.5128, "eval_samples_per_second": 285.506}