{"eval_loss": 1.2987326383590698, "eval_accuracy": 0.46700000762939453, "eval_mae": 0.6828, "eval_runtime": 30.2861, "eval_samples_per_second": 165.092}