{"eval_loss": 1.2354788780212402, "eval_accuracy": 0.5054000020027161, "eval_mae": 0.624, "eval_runtime": 19.1368, "eval_samples_per_second": 261.276}