{"eval_loss": 0.9502192139625549, "eval_accuracy": 0.6204000115394592, "eval_mae": 0.4304, "eval_runtime": 17.4615, "eval_samples_per_second": 286.345}