{"eval_loss": 0.9788030982017517, "eval_accuracy": 0.5803999900817871, "eval_mae": 0.4898, "eval_runtime": 16.7119, "eval_samples_per_second": 299.188}