{"eval_loss": 1.084252953529358, "eval_accuracy": 0.5740000009536743, "eval_mae": 0.512, "eval_runtime": 16.4959, "eval_samples_per_second": 303.106}