{"eval_loss": 0.9554706811904907, "eval_accuracy": 0.6001999974250793, "eval_mae": 0.4624, "eval_runtime": 17.2975, "eval_samples_per_second": 289.06}