{"eval_loss": 1.0204627513885498, "eval_accuracy": 0.5699999928474426, "eval_mae": 0.5078, "eval_runtime": 17.3012, "eval_samples_per_second": 288.998}