{"eval_loss": 1.338873267173767, "eval_accuracy": 0.4668000042438507, "eval_mae": 0.6918, "eval_runtime": 28.1785, "eval_samples_per_second": 177.44}