{"eval_loss": 1.1568316221237183, "eval_accuracy": 0.49959999322891235, "eval_mae": 0.5908, "eval_runtime": 17.2908, "eval_samples_per_second": 289.171}