{"eval_loss": 0.9552872776985168, "eval_accuracy": 0.6003999710083008, "eval_mae": 0.4638, "eval_runtime": 17.5055, "eval_samples_per_second": 285.625}