{"eval_loss": 0.9498006105422974, "eval_accuracy": 0.607200026512146, "eval_mae": 0.4494, "eval_runtime": 18.9074, "eval_samples_per_second": 264.446}