{"eval_loss": 1.0541365146636963, "eval_accuracy": 0.5284000039100647, "eval_mae": 0.5698, "eval_runtime": 15.9082, "eval_samples_per_second": 314.303}