{"eval_loss": 1.0181070566177368, "eval_accuracy": 0.579800009727478, "eval_mae": 0.4828, "eval_runtime": 17.3381, "eval_samples_per_second": 288.383}