{"eval_loss": 1.0113455057144165, "eval_accuracy": 0.579800009727478, "eval_mae": 0.4818, "eval_runtime": 17.5431, "eval_samples_per_second": 285.012}