{"eval_loss": 1.0247784852981567, "eval_accuracy": 0.5558000206947327, "eval_mae": 0.535, "eval_runtime": 17.2345, "eval_samples_per_second": 290.117}