{"eval_loss": 1.2295355796813965, "eval_accuracy": 0.506600022315979, "eval_mae": 0.6206, "eval_runtime": 19.5075, "eval_samples_per_second": 256.311}