{"eval_loss": 1.1481568813323975, "eval_accuracy": 0.5472000241279602, "eval_mae": 0.5834, "eval_runtime": 17.5086, "eval_samples_per_second": 285.574}