{"eval_loss": 1.023880124092102, "eval_accuracy": 0.5562000274658203, "eval_mae": 0.5346, "eval_runtime": 17.3102, "eval_samples_per_second": 288.848}