{"eval_loss": 1.0069166421890259, "eval_accuracy": 0.5934000015258789, "eval_mae": 0.4676, "eval_runtime": 17.3799, "eval_samples_per_second": 287.688}