{"eval_loss": 1.0844707489013672, "eval_accuracy": 0.5753999948501587, "eval_mae": 0.5108, "eval_runtime": 16.0439, "eval_samples_per_second": 311.646}