{"eval_loss": 1.0795987844467163, "eval_accuracy": 0.5568000078201294, "eval_mae": 0.564, "eval_runtime": 18.5661, "eval_samples_per_second": 269.307}