{"eval_loss": 1.2283117771148682, "eval_accuracy": 0.5067999958992004, "eval_mae": 0.6204, "eval_runtime": 21.0917, "eval_samples_per_second": 237.06}