{"eval_loss": 1.3921012878417969, "eval_accuracy": 0.48080000281333923, "eval_mae": 0.6738, "eval_runtime": 28.4888, "eval_samples_per_second": 175.508}