{"eval_loss": 1.242080807685852, "eval_accuracy": 0.5001999735832214, "eval_mae": 0.5954, "eval_runtime": 19.3031, "eval_samples_per_second": 259.026}