{"eval_loss": 1.0247544050216675, "eval_accuracy": 0.5568000078201294, "eval_mae": 0.5342, "eval_runtime": 17.4658, "eval_samples_per_second": 286.274}