{"eval_loss": 1.2310082912445068, "eval_accuracy": 0.506600022315979, "eval_mae": 0.6218, "eval_runtime": 20.4627, "eval_samples_per_second": 244.347}