{"eval_loss": 1.030194878578186, "eval_accuracy": 0.5460000038146973, "eval_mae": 0.538, "eval_runtime": 16.6766, "eval_samples_per_second": 299.821}