{"eval_loss": 0.9458070397377014, "eval_accuracy": 0.6037999987602234, "eval_mae": 0.457, "eval_runtime": 17.1439, "eval_samples_per_second": 291.649}