{"eval_loss": 1.3526461124420166, "eval_accuracy": 0.48240000009536743, "eval_mae": 0.6726, "eval_runtime": 20.4395, "eval_samples_per_second": 244.625}