{"eval_loss": 1.2287977933883667, "eval_accuracy": 0.5067999958992004, "eval_mae": 0.6208, "eval_runtime": 27.5799, "eval_samples_per_second": 181.291}