{"eval_loss": 0.9557296633720398, "eval_accuracy": 0.6001999974250793, "eval_mae": 0.4646, "eval_runtime": 17.28, "eval_samples_per_second": 289.352}