{"eval_loss": 1.0145792961120605, "eval_accuracy": 0.5655999779701233, "eval_mae": 0.5068, "eval_runtime": 17.0202, "eval_samples_per_second": 293.769}