{"eval_loss": 0.9557185769081116, "eval_accuracy": 0.5997999906539917, "eval_mae": 0.463, "eval_runtime": 16.5822, "eval_samples_per_second": 301.528}