{"eval_loss": 1.3488267660140991, "eval_accuracy": 0.4717999994754791, "eval_mae": 0.6892, "eval_runtime": 17.3823, "eval_samples_per_second": 287.648}