{"eval_loss": 0.9609556794166565, "eval_accuracy": 0.5920000076293945, "eval_mae": 0.484, "eval_runtime": 17.5018, "eval_samples_per_second": 285.686}