{"eval_loss": 0.9556216597557068, "eval_accuracy": 0.5997999906539917, "eval_mae": 0.4632, "eval_runtime": 16.6556, "eval_samples_per_second": 300.199}