{"eval_loss": 0.9787193536758423, "eval_accuracy": 0.58160001039505, "eval_mae": 0.488, "eval_runtime": 16.676, "eval_samples_per_second": 299.832}