{"eval_loss": 0.9356101751327515, "eval_accuracy": 0.6015999913215637, "eval_mae": 0.4544, "eval_runtime": 16.5277, "eval_samples_per_second": 302.522}