{"eval_loss": 1.3538031578063965, "eval_accuracy": 0.4830000102519989, "eval_mae": 0.6742, "eval_runtime": 17.8346, "eval_samples_per_second": 280.354}