{"eval_loss": 1.0841947793960571, "eval_accuracy": 0.574400007724762, "eval_mae": 0.5124, "eval_runtime": 17.0064, "eval_samples_per_second": 294.008}