{"eval_loss": 0.8889334797859192, "eval_accuracy": 0.6353999972343445, "eval_mae": 0.4158, "eval_runtime": 19.0466, "eval_samples_per_second": 262.514}