{"eval_loss": 0.9498918056488037, "eval_accuracy": 0.6068000197410583, "eval_mae": 0.4498, "eval_runtime": 19.4899, "eval_samples_per_second": 256.543}