{"eval_loss": 1.3934451341629028, "eval_accuracy": 0.4805999994277954, "eval_mae": 0.6744, "eval_runtime": 20.0239, "eval_samples_per_second": 249.702}