{"eval_loss": 1.0851035118103027, "eval_accuracy": 0.5756000280380249, "eval_mae": 0.5098, "eval_runtime": 16.1678, "eval_samples_per_second": 309.257}