{"eval_loss": 0.9782723784446716, "eval_accuracy": 0.5821999907493591, "eval_mae": 0.4878, "eval_runtime": 17.3978, "eval_samples_per_second": 287.392}