{"eval_loss": 0.9788593649864197, "eval_accuracy": 0.5824000239372253, "eval_mae": 0.488, "eval_runtime": 17.5191, "eval_samples_per_second": 285.403}