{"eval_loss": 1.014372706413269, "eval_accuracy": 0.5651999711990356, "eval_mae": 0.5068, "eval_runtime": 17.2301, "eval_samples_per_second": 290.19}