{"eval_loss": 1.0104092359542847, "eval_accuracy": 0.5812000036239624, "eval_mae": 0.482, "eval_runtime": 17.1119, "eval_samples_per_second": 292.194}