{"eval_loss": 1.3545787334442139, "eval_accuracy": 0.48240000009536743, "eval_mae": 0.6718, "eval_runtime": 18.2021, "eval_samples_per_second": 274.693}