{"eval_loss": 1.0864300727844238, "eval_accuracy": 0.5473999977111816, "eval_mae": 0.5418, "eval_runtime": 18.3217, "eval_samples_per_second": 272.901}