{"eval_loss": 1.3889731168746948, "eval_accuracy": 0.47760000824928284, "eval_mae": 0.678, "eval_runtime": 33.2283, "eval_samples_per_second": 150.474}