{"eval_loss": 1.3924285173416138, "eval_accuracy": 0.4812000095844269, "eval_mae": 0.6732, "eval_runtime": 19.6179, "eval_samples_per_second": 254.869}