{"eval_loss": 1.2286336421966553, "eval_accuracy": 0.5076000094413757, "eval_mae": 0.621, "eval_runtime": 22.3502, "eval_samples_per_second": 223.712}