{"eval_loss": 0.9899441599845886, "eval_accuracy": 0.5698000192642212, "eval_mae": 0.509, "eval_runtime": 16.1889, "eval_samples_per_second": 308.854}