{"eval_loss": 1.0289782285690308, "eval_accuracy": 0.5419999957084656, "eval_mae": 0.5434, "eval_runtime": 16.7967, "eval_samples_per_second": 297.677}