{"eval_loss": 1.3483489751815796, "eval_accuracy": 0.4715999960899353, "eval_mae": 0.6892, "eval_runtime": 16.6824, "eval_samples_per_second": 299.717}