{"eval_loss": 1.147549033164978, "eval_accuracy": 0.5509999990463257, "eval_mae": 0.581, "eval_runtime": 16.7955, "eval_samples_per_second": 297.698}