{"eval_loss": 1.2950968742370605, "eval_accuracy": 0.46860000491142273, "eval_mae": 0.6824, "eval_runtime": 18.508, "eval_samples_per_second": 270.154}