{"eval_loss": 1.3479734659194946, "eval_accuracy": 0.4715999960899353, "eval_mae": 0.6914, "eval_runtime": 17.2489, "eval_samples_per_second": 289.874}