{"eval_loss": 1.1531720161437988, "eval_accuracy": 0.5013999938964844, "eval_mae": 0.5862, "eval_runtime": 16.6238, "eval_samples_per_second": 300.774}