{"eval_loss": 1.339111089706421, "eval_accuracy": 0.46799999475479126, "eval_mae": 0.6886, "eval_runtime": 32.6025, "eval_samples_per_second": 153.363}