{"eval_loss": 0.9485138654708862, "eval_accuracy": 0.592199981212616, "eval_mae": 0.4704, "eval_runtime": 18.4789, "eval_samples_per_second": 270.58}