{"eval_loss": 1.078589677810669, "eval_accuracy": 0.5587999820709229, "eval_mae": 0.5306, "eval_runtime": 18.5953, "eval_samples_per_second": 268.886}