{"eval_loss": 1.3429114818572998, "eval_accuracy": 0.47540000081062317, "eval_mae": 0.694, "eval_runtime": 17.0352, "eval_samples_per_second": 293.509}