{"eval_loss": 1.3918156623840332, "eval_accuracy": 0.4803999960422516, "eval_mae": 0.674, "eval_runtime": 18.6558, "eval_samples_per_second": 268.013}