{"eval_loss": 0.9563496112823486, "eval_accuracy": 0.5992000102996826, "eval_mae": 0.4642, "eval_runtime": 17.4116, "eval_samples_per_second": 287.165}