{"eval_loss": 1.2980475425720215, "eval_accuracy": 0.4675999879837036, "eval_mae": 0.6842, "eval_runtime": 28.7498, "eval_samples_per_second": 173.914}