{"eval_loss": 1.018837571144104, "eval_accuracy": 0.579200029373169, "eval_mae": 0.4982, "eval_runtime": 24.0819, "eval_samples_per_second": 207.624}