{"eval_loss": 1.3520578145980835, "eval_accuracy": 0.48420000076293945, "eval_mae": 0.6696, "eval_runtime": 20.962, "eval_samples_per_second": 238.527}