{"eval_loss": 0.9485629796981812, "eval_accuracy": 0.5896000266075134, "eval_mae": 0.4644, "eval_runtime": 16.5903, "eval_samples_per_second": 301.381}