{"eval_loss": 1.3688863515853882, "eval_accuracy": 0.45719999074935913, "eval_mae": 0.7324, "eval_runtime": 16.462, "eval_samples_per_second": 303.73}