{"eval_loss": 1.178125023841858, "eval_accuracy": 0.5022000074386597, "eval_mae": 0.592, "eval_runtime": 17.38, "eval_samples_per_second": 287.687}