{"eval_loss": 1.347301721572876, "eval_accuracy": 0.48240000009536743, "eval_mae": 0.6718, "eval_runtime": 22.543, "eval_samples_per_second": 221.798}