{"eval_loss": 0.957927942276001, "eval_accuracy": 0.6019999980926514, "eval_mae": 0.46, "eval_runtime": 17.2884, "eval_samples_per_second": 289.211}