{"eval_loss": 0.9361030459403992, "eval_accuracy": 0.6014000177383423, "eval_mae": 0.4548, "eval_runtime": 16.5253, "eval_samples_per_second": 302.567}