{"eval_loss": 1.086908221244812, "eval_accuracy": 0.5465999841690063, "eval_mae": 0.5444, "eval_runtime": 35.1961, "eval_samples_per_second": 142.061}