{"eval_loss": 1.0874332189559937, "eval_accuracy": 0.5491999983787537, "eval_mae": 0.5406, "eval_runtime": 23.1291, "eval_samples_per_second": 216.178}