{"eval_loss": 1.0535221099853516, "eval_accuracy": 0.5303999781608582, "eval_mae": 0.5684, "eval_runtime": 15.9329, "eval_samples_per_second": 313.817}