{"eval_loss": 1.0797091722488403, "eval_accuracy": 0.5580000281333923, "eval_mae": 0.5312, "eval_runtime": 32.7946, "eval_samples_per_second": 152.464}