{"eval_loss": 0.9471239447593689, "eval_accuracy": 0.5914000272750854, "eval_mae": 0.4708, "eval_runtime": 20.7704, "eval_samples_per_second": 240.727}