{"eval_loss": 1.169045090675354, "eval_accuracy": 0.5070000290870667, "eval_mae": 0.5884, "eval_runtime": 16.6741, "eval_samples_per_second": 299.866}