{"eval_loss": 1.0184674263000488, "eval_accuracy": 0.5807999968528748, "eval_mae": 0.4944, "eval_runtime": 32.5109, "eval_samples_per_second": 153.795}