{"eval_loss": 1.2393661737442017, "eval_accuracy": 0.4966000020503998, "eval_mae": 0.6484, "eval_runtime": 31.0852, "eval_samples_per_second": 160.848}