{"eval_loss": 1.063144326210022, "eval_accuracy": 0.5569999814033508, "eval_mae": 0.5212, "eval_runtime": 29.757, "eval_samples_per_second": 168.027}