{"eval_loss": 1.0159566402435303, "eval_accuracy": 0.5633999705314636, "eval_mae": 0.5092, "eval_runtime": 17.183, "eval_samples_per_second": 290.985}