{"eval_loss": 1.0629751682281494, "eval_accuracy": 0.5562000274658203, "eval_mae": 0.5226, "eval_runtime": 18.3428, "eval_samples_per_second": 272.586}