{"eval_loss": 1.3671616315841675, "eval_accuracy": 0.4596000015735626, "eval_mae": 0.7306, "eval_runtime": 17.3471, "eval_samples_per_second": 288.233}