{"eval_loss": 1.0886173248291016, "eval_accuracy": 0.5745999813079834, "eval_mae": 0.5104, "eval_runtime": 16.3187, "eval_samples_per_second": 306.397}