{"eval_loss": 1.0235944986343384, "eval_accuracy": 0.5716000199317932, "eval_mae": 0.5074, "eval_runtime": 17.3779, "eval_samples_per_second": 287.722}