{"eval_loss": 1.3485455513000488, "eval_accuracy": 0.47119998931884766, "eval_mae": 0.6914, "eval_runtime": 16.6965, "eval_samples_per_second": 299.465}