{"eval_loss": 1.078365683555603, "eval_accuracy": 0.5586000084877014, "eval_mae": 0.5306, "eval_runtime": 19.2615, "eval_samples_per_second": 259.586}