{"eval_loss": 0.9463425874710083, "eval_accuracy": 0.605400025844574, "eval_mae": 0.4564, "eval_runtime": 17.2311, "eval_samples_per_second": 290.173}