{"eval_loss": 1.0053973197937012, "eval_accuracy": 0.5756000280380249, "eval_mae": 0.4962, "eval_runtime": 17.1547, "eval_samples_per_second": 291.465}