{"eval_loss": 1.3425240516662598, "eval_accuracy": 0.4772000014781952, "eval_mae": 0.691, "eval_runtime": 16.2748, "eval_samples_per_second": 307.223}