{"eval_loss": 1.0296871662139893, "eval_accuracy": 0.5478000044822693, "eval_mae": 0.5374, "eval_runtime": 18.0094, "eval_samples_per_second": 277.633}