{"eval_loss": 1.0115065574645996, "eval_accuracy": 0.5802000164985657, "eval_mae": 0.4978, "eval_runtime": 33.7564, "eval_samples_per_second": 148.12}