{"eval_loss": 1.0179369449615479, "eval_accuracy": 0.5789999961853027, "eval_mae": 0.4832, "eval_runtime": 17.6155, "eval_samples_per_second": 283.841}