{"eval_loss": 1.2300288677215576, "eval_accuracy": 0.49939998984336853, "eval_mae": 0.6018, "eval_runtime": 18.0441, "eval_samples_per_second": 277.098}