{"eval_loss": 0.9463707208633423, "eval_accuracy": 0.6037999987602234, "eval_mae": 0.458, "eval_runtime": 17.2072, "eval_samples_per_second": 290.576}