{"eval_loss": 1.0189778804779053, "eval_accuracy": 0.5807999968528748, "eval_mae": 0.4942, "eval_runtime": 18.8034, "eval_samples_per_second": 265.909}