{"eval_loss": 1.0540817975997925, "eval_accuracy": 0.5257999897003174, "eval_mae": 0.5714, "eval_runtime": 16.3974, "eval_samples_per_second": 304.926}