{"eval_loss": 0.9488624930381775, "eval_accuracy": 0.5899999737739563, "eval_mae": 0.4636, "eval_runtime": 17.5494, "eval_samples_per_second": 284.911}