{"eval_loss": 1.0246741771697998, "eval_accuracy": 0.5565999746322632, "eval_mae": 0.5338, "eval_runtime": 17.3226, "eval_samples_per_second": 288.64}