{"eval_loss": 1.228360891342163, "eval_accuracy": 0.5080000162124634, "eval_mae": 0.6186, "eval_runtime": 19.0893, "eval_samples_per_second": 261.926}