{"eval_loss": 1.372183918952942, "eval_accuracy": 0.4553999900817871, "eval_mae": 0.7362, "eval_runtime": 16.6872, "eval_samples_per_second": 299.631}