{"eval_loss": 1.147567868232727, "eval_accuracy": 0.5475999712944031, "eval_mae": 0.5828, "eval_runtime": 17.4119, "eval_samples_per_second": 287.161}