{"eval_loss": 1.3432488441467285, "eval_accuracy": 0.4747999906539917, "eval_mae": 0.6954, "eval_runtime": 16.5385, "eval_samples_per_second": 302.326}