{"eval_loss": 0.9499533176422119, "eval_accuracy": 0.621399998664856, "eval_mae": 0.4282, "eval_runtime": 17.489, "eval_samples_per_second": 285.894}