{"eval_loss": 0.9466644525527954, "eval_accuracy": 0.6060000061988831, "eval_mae": 0.4558, "eval_runtime": 16.5695, "eval_samples_per_second": 301.76}