{"eval_loss": 0.9908068180084229, "eval_accuracy": 0.5712000131607056, "eval_mae": 0.5066, "eval_runtime": 16.8999, "eval_samples_per_second": 295.86}