{"eval_loss": 1.155356764793396, "eval_accuracy": 0.49880000948905945, "eval_mae": 0.5916, "eval_runtime": 17.2859, "eval_samples_per_second": 289.253}