{"eval_loss": 1.0283348560333252, "eval_accuracy": 0.5461999773979187, "eval_mae": 0.538, "eval_runtime": 17.3305, "eval_samples_per_second": 288.508}