{"eval_loss": 0.9516478776931763, "eval_accuracy": 0.621399998664856, "eval_mae": 0.4278, "eval_runtime": 17.4333, "eval_samples_per_second": 286.807}