{"eval_loss": 1.016932487487793, "eval_accuracy": 0.5788000226020813, "eval_mae": 0.4834, "eval_runtime": 17.4124, "eval_samples_per_second": 287.152}