{"eval_loss": 1.346469759941101, "eval_accuracy": 0.47360000014305115, "eval_mae": 0.6886, "eval_runtime": 16.6054, "eval_samples_per_second": 301.107}