{"eval_loss": 1.0147815942764282, "eval_accuracy": 0.5649999976158142, "eval_mae": 0.508, "eval_runtime": 17.0928, "eval_samples_per_second": 292.521}