{"eval_loss": 1.2963560819625854, "eval_accuracy": 0.46720001101493835, "eval_mae": 0.686, "eval_runtime": 22.2944, "eval_samples_per_second": 224.272}