{"eval_loss": 1.2149525880813599, "eval_accuracy": 0.5112000107765198, "eval_mae": 0.6134, "eval_runtime": 18.7186, "eval_samples_per_second": 267.114}