{"eval_loss": 1.016675353050232, "eval_accuracy": 0.5799999833106995, "eval_mae": 0.482, "eval_runtime": 17.6583, "eval_samples_per_second": 283.153}