{"eval_loss": 0.955424427986145, "eval_accuracy": 0.599399983882904, "eval_mae": 0.463, "eval_runtime": 17.2546, "eval_samples_per_second": 289.777}