{"eval_loss": 0.948830783367157, "eval_accuracy": 0.5898000001907349, "eval_mae": 0.464, "eval_runtime": 16.6152, "eval_samples_per_second": 300.93}