{"eval_loss": 1.0117340087890625, "eval_accuracy": 0.5795999765396118, "eval_mae": 0.4822, "eval_runtime": 17.7991, "eval_samples_per_second": 280.913}