{"eval_loss": 1.296953797340393, "eval_accuracy": 0.46799999475479126, "eval_mae": 0.6814, "eval_runtime": 30.2153, "eval_samples_per_second": 165.479}