{"eval_loss": 1.0300376415252686, "eval_accuracy": 0.545199990272522, "eval_mae": 0.5398, "eval_runtime": 17.6671, "eval_samples_per_second": 283.012}