{"eval_loss": 1.3401484489440918, "eval_accuracy": 0.4681999981403351, "eval_mae": 0.6896, "eval_runtime": 23.722, "eval_samples_per_second": 210.775}