{"eval_loss": 0.9910168051719666, "eval_accuracy": 0.5723999738693237, "eval_mae": 0.5072, "eval_runtime": 16.9664, "eval_samples_per_second": 294.701}