{"eval_loss": 0.9570587873458862, "eval_accuracy": 0.5992000102996826, "eval_mae": 0.4652, "eval_runtime": 17.3204, "eval_samples_per_second": 288.678}