{"eval_loss": 0.9499160051345825, "eval_accuracy": 0.6060000061988831, "eval_mae": 0.4502, "eval_runtime": 21.3601, "eval_samples_per_second": 234.081}