{"eval_loss": 1.084525465965271, "eval_accuracy": 0.576200008392334, "eval_mae": 0.51, "eval_runtime": 16.4441, "eval_samples_per_second": 304.061}