{"eval_loss": 0.9356166124343872, "eval_accuracy": 0.6021999716758728, "eval_mae": 0.4538, "eval_runtime": 16.958, "eval_samples_per_second": 294.845}