{"eval_loss": 1.3893015384674072, "eval_accuracy": 0.4812000095844269, "eval_mae": 0.6754, "eval_runtime": 19.5793, "eval_samples_per_second": 255.371}