{"eval_loss": 1.339091420173645, "eval_accuracy": 0.4690000116825104, "eval_mae": 0.688, "eval_runtime": 34.9342, "eval_samples_per_second": 143.126}