{"eval_loss": 1.0171412229537964, "eval_accuracy": 0.5658000111579895, "eval_mae": 0.5066, "eval_runtime": 16.6556, "eval_samples_per_second": 300.199}