{"eval_loss": 1.0451220273971558, "eval_accuracy": 0.5608000159263611, "eval_mae": 0.5088, "eval_runtime": 22.7182, "eval_samples_per_second": 220.088}