{"eval_loss": 1.0182691812515259, "eval_accuracy": 0.5809999704360962, "eval_mae": 0.4938, "eval_runtime": 20.9618, "eval_samples_per_second": 238.529}