{"eval_loss": 1.4421671628952026, "eval_accuracy": 0.4392000138759613, "eval_mae": 0.7298, "eval_runtime": 27.1575, "eval_samples_per_second": 184.111}