{"eval_loss": 0.9610527157783508, "eval_accuracy": 0.5929999947547913, "eval_mae": 0.4822, "eval_runtime": 17.2701, "eval_samples_per_second": 289.518}