{"eval_loss": 1.0536038875579834, "eval_accuracy": 0.5271999835968018, "eval_mae": 0.57, "eval_runtime": 16.6827, "eval_samples_per_second": 299.711}