{"eval_loss": 1.0651906728744507, "eval_accuracy": 0.5573999881744385, "eval_mae": 0.5242, "eval_runtime": 18.3712, "eval_samples_per_second": 272.165}