{"eval_loss": 1.4437345266342163, "eval_accuracy": 0.4399999976158142, "eval_mae": 0.729, "eval_runtime": 21.5577, "eval_samples_per_second": 231.936}