{"eval_loss": 1.0808097124099731, "eval_accuracy": 0.5573999881744385, "eval_mae": 0.5328, "eval_runtime": 27.5761, "eval_samples_per_second": 181.316}