{"eval_loss": 1.024764895439148, "eval_accuracy": 0.5559999942779541, "eval_mae": 0.5346, "eval_runtime": 17.3478, "eval_samples_per_second": 288.222}