{"eval_loss": 0.9915199279785156, "eval_accuracy": 0.5717999935150146, "eval_mae": 0.508, "eval_runtime": 16.9365, "eval_samples_per_second": 295.221}