{"eval_loss": 1.0057082176208496, "eval_accuracy": 0.5928000211715698, "eval_mae": 0.4688, "eval_runtime": 17.2462, "eval_samples_per_second": 289.919}