{"eval_loss": 0.950524628162384, "eval_accuracy": 0.6209999918937683, "eval_mae": 0.4282, "eval_runtime": 17.4256, "eval_samples_per_second": 286.934}