{"eval_loss": 1.0529807806015015, "eval_accuracy": 0.5260000228881836, "eval_mae": 0.571, "eval_runtime": 15.9606, "eval_samples_per_second": 313.272}