{"eval_loss": 1.0240322351455688, "eval_accuracy": 0.5529999732971191, "eval_mae": 0.5374, "eval_runtime": 17.2516, "eval_samples_per_second": 289.829}