{"eval_loss": 1.2366843223571777, "eval_accuracy": 0.4975999891757965, "eval_mae": 0.6464, "eval_runtime": 25.6521, "eval_samples_per_second": 194.916}