{"eval_loss": 1.335830807685852, "eval_accuracy": 0.4699999988079071, "eval_mae": 0.6886, "eval_runtime": 21.6871, "eval_samples_per_second": 230.552}