{"eval_loss": 1.0061620473861694, "eval_accuracy": 0.5770000219345093, "eval_mae": 0.494, "eval_runtime": 17.5143, "eval_samples_per_second": 285.48}