{"eval_loss": 1.1619794368743896, "eval_accuracy": 0.5034000277519226, "eval_mae": 0.5936, "eval_runtime": 17.3796, "eval_samples_per_second": 287.694}