{"eval_loss": 0.9362308382987976, "eval_accuracy": 0.6015999913215637, "eval_mae": 0.4538, "eval_runtime": 17.0431, "eval_samples_per_second": 293.374}