{"eval_loss": 1.0859655141830444, "eval_accuracy": 0.5475999712944031, "eval_mae": 0.5412, "eval_runtime": 21.9529, "eval_samples_per_second": 227.761}