{"eval_loss": 1.442657232284546, "eval_accuracy": 0.4399999976158142, "eval_mae": 0.7286, "eval_runtime": 21.5981, "eval_samples_per_second": 231.502}