{"eval_loss": 1.2378119230270386, "eval_accuracy": 0.4975999891757965, "eval_mae": 0.6482, "eval_runtime": 29.8641, "eval_samples_per_second": 167.425}