{"eval_loss": 1.0171953439712524, "eval_accuracy": 0.5785999894142151, "eval_mae": 0.4842, "eval_runtime": 17.4669, "eval_samples_per_second": 286.256}