{"eval_loss": 1.3496997356414795, "eval_accuracy": 0.47200000286102295, "eval_mae": 0.69, "eval_runtime": 17.3001, "eval_samples_per_second": 289.016}