{"eval_loss": 1.0181400775909424, "eval_accuracy": 0.5785999894142151, "eval_mae": 0.484, "eval_runtime": 17.486, "eval_samples_per_second": 285.944}