{"eval_loss": 1.442183017730713, "eval_accuracy": 0.4359999895095825, "eval_mae": 0.7348, "eval_runtime": 20.0189, "eval_samples_per_second": 249.764}