{"eval_loss": 1.1781642436981201, "eval_accuracy": 0.5023999810218811, "eval_mae": 0.592, "eval_runtime": 17.3104, "eval_samples_per_second": 288.844}