{"eval_loss": 1.3484610319137573, "eval_accuracy": 0.4724000096321106, "eval_mae": 0.6896, "eval_runtime": 16.5626, "eval_samples_per_second": 301.884}