{"eval_loss": 1.3445037603378296, "eval_accuracy": 0.4740000069141388, "eval_mae": 0.6966, "eval_runtime": 16.549, "eval_samples_per_second": 302.134}