{"eval_loss": 1.296403408050537, "eval_accuracy": 0.4690000116825104, "eval_mae": 0.6812, "eval_runtime": 18.4642, "eval_samples_per_second": 270.794}