{"eval_loss": 1.0536353588104248, "eval_accuracy": 0.5278000235557556, "eval_mae": 0.5694, "eval_runtime": 16.8864, "eval_samples_per_second": 296.095}