{"eval_loss": 1.3448896408081055, "eval_accuracy": 0.47519999742507935, "eval_mae": 0.6944, "eval_runtime": 16.9987, "eval_samples_per_second": 294.14}