{"eval_loss": 0.9915533065795898, "eval_accuracy": 0.5712000131607056, "eval_mae": 0.5066, "eval_runtime": 16.9312, "eval_samples_per_second": 295.314}