{"eval_loss": 1.3478920459747314, "eval_accuracy": 0.4740000069141388, "eval_mae": 0.696, "eval_runtime": 16.4401, "eval_samples_per_second": 304.135}