{"eval_loss": 1.0540862083435059, "eval_accuracy": 0.527400016784668, "eval_mae": 0.5702, "eval_runtime": 16.0341, "eval_samples_per_second": 311.836}