{"eval_loss": 0.935889482498169, "eval_accuracy": 0.600600004196167, "eval_mae": 0.4558, "eval_runtime": 17.087, "eval_samples_per_second": 292.62}