{"eval_loss": 1.3435704708099365, "eval_accuracy": 0.47540000081062317, "eval_mae": 0.6934, "eval_runtime": 16.5596, "eval_samples_per_second": 301.939}