{"eval_loss": 1.0175585746765137, "eval_accuracy": 0.5795999765396118, "eval_mae": 0.4828, "eval_runtime": 17.509, "eval_samples_per_second": 285.567}