{"eval_loss": 1.351486086845398, "eval_accuracy": 0.48240000009536743, "eval_mae": 0.6718, "eval_runtime": 18.992, "eval_samples_per_second": 263.268}