{"eval_loss": 1.0055001974105835, "eval_accuracy": 0.5758000016212463, "eval_mae": 0.4958, "eval_runtime": 17.1441, "eval_samples_per_second": 291.646}