{"eval_loss": 1.3392109870910645, "eval_accuracy": 0.4666000008583069, "eval_mae": 0.6898, "eval_runtime": 23.6737, "eval_samples_per_second": 211.205}