{"eval_loss": 1.3427345752716064, "eval_accuracy": 0.4758000075817108, "eval_mae": 0.6934, "eval_runtime": 16.9559, "eval_samples_per_second": 294.883}