{"eval_loss": 1.3941986560821533, "eval_accuracy": 0.4758000075817108, "eval_mae": 0.6814, "eval_runtime": 20.0636, "eval_samples_per_second": 249.207}