{"eval_loss": 1.2256728410720825, "eval_accuracy": 0.4984000027179718, "eval_mae": 0.6044, "eval_runtime": 18.4441, "eval_samples_per_second": 271.089}