{"eval_loss": 1.2962427139282227, "eval_accuracy": 0.46860000491142273, "eval_mae": 0.6808, "eval_runtime": 25.4934, "eval_samples_per_second": 196.129}