{"eval_loss": 1.366694688796997, "eval_accuracy": 0.4575999975204468, "eval_mae": 0.73, "eval_runtime": 16.7373, "eval_samples_per_second": 298.734}