{"eval_loss": 0.9878527522087097, "eval_accuracy": 0.5699999928474426, "eval_mae": 0.5056, "eval_runtime": 16.9541, "eval_samples_per_second": 294.913}