{"eval_loss": 1.0629411935806274, "eval_accuracy": 0.5559999942779541, "eval_mae": 0.523, "eval_runtime": 18.3924, "eval_samples_per_second": 271.852}