{"eval_loss": 1.295815110206604, "eval_accuracy": 0.46779999136924744, "eval_mae": 0.6818, "eval_runtime": 34.5117, "eval_samples_per_second": 144.878}