{"eval_loss": 1.0853583812713623, "eval_accuracy": 0.5479999780654907, "eval_mae": 0.5408, "eval_runtime": 22.0483, "eval_samples_per_second": 226.774}