{"eval_loss": 0.9347778558731079, "eval_accuracy": 0.6019999980926514, "eval_mae": 0.4538, "eval_runtime": 17.0966, "eval_samples_per_second": 292.456}