{"eval_loss": 0.9591471552848816, "eval_accuracy": 0.592199981212616, "eval_mae": 0.4842, "eval_runtime": 17.3224, "eval_samples_per_second": 288.644}