{"eval_loss": 1.2959719896316528, "eval_accuracy": 0.4674000144004822, "eval_mae": 0.6822, "eval_runtime": 27.9454, "eval_samples_per_second": 178.92}