{"eval_loss": 1.024936556816101, "eval_accuracy": 0.5547999739646912, "eval_mae": 0.5366, "eval_runtime": 17.2772, "eval_samples_per_second": 289.398}