{"eval_loss": 1.4368135929107666, "eval_accuracy": 0.4408000111579895, "eval_mae": 0.729, "eval_runtime": 32.6549, "eval_samples_per_second": 153.116}