{"eval_loss": 1.1541050672531128, "eval_accuracy": 0.5012000203132629, "eval_mae": 0.589, "eval_runtime": 17.6601, "eval_samples_per_second": 283.123}