{"eval_loss": 1.0774943828582764, "eval_accuracy": 0.5587999820709229, "eval_mae": 0.531, "eval_runtime": 25.6556, "eval_samples_per_second": 194.889}