{"eval_loss": 1.020803451538086, "eval_accuracy": 0.5698000192642212, "eval_mae": 0.508, "eval_runtime": 16.6605, "eval_samples_per_second": 300.112}