{"eval_loss": 1.018736720085144, "eval_accuracy": 0.5812000036239624, "eval_mae": 0.4938, "eval_runtime": 19.9863, "eval_samples_per_second": 250.171}