{"eval_loss": 1.0119950771331787, "eval_accuracy": 0.5807999968528748, "eval_mae": 0.4818, "eval_runtime": 16.8625, "eval_samples_per_second": 296.516}