{"eval_loss": 1.0458840131759644, "eval_accuracy": 0.5612000226974487, "eval_mae": 0.5092, "eval_runtime": 18.4569, "eval_samples_per_second": 270.901}