{"eval_loss": 0.94754958152771, "eval_accuracy": 0.5925999879837036, "eval_mae": 0.469, "eval_runtime": 20.7198, "eval_samples_per_second": 241.315}