{"eval_loss": 1.2386165857315063, "eval_accuracy": 0.5040000081062317, "eval_mae": 0.5912, "eval_runtime": 26.4241, "eval_samples_per_second": 189.221}