{"eval_loss": 1.0301954746246338, "eval_accuracy": 0.545799970626831, "eval_mae": 0.5394, "eval_runtime": 16.9707, "eval_samples_per_second": 294.625}