{"eval_loss": 1.0191820859909058, "eval_accuracy": 0.5806000232696533, "eval_mae": 0.4956, "eval_runtime": 18.5738, "eval_samples_per_second": 269.196}