{"eval_loss": 1.0858064889907837, "eval_accuracy": 0.5472000241279602, "eval_mae": 0.5416, "eval_runtime": 21.7301, "eval_samples_per_second": 230.095}