{"eval_loss": 1.005508303642273, "eval_accuracy": 0.5947999954223633, "eval_mae": 0.4666, "eval_runtime": 17.2985, "eval_samples_per_second": 289.042}