{"eval_loss": 1.0057783126831055, "eval_accuracy": 0.5758000016212463, "eval_mae": 0.4958, "eval_runtime": 16.3997, "eval_samples_per_second": 304.883}