{"eval_loss": 1.0245617628097534, "eval_accuracy": 0.5555999875068665, "eval_mae": 0.536, "eval_runtime": 17.281, "eval_samples_per_second": 289.335}