{"eval_loss": 1.296657681465149, "eval_accuracy": 0.4681999981403351, "eval_mae": 0.6814, "eval_runtime": 25.2238, "eval_samples_per_second": 198.226}