{"eval_loss": 1.392335295677185, "eval_accuracy": 0.4812000095844269, "eval_mae": 0.6734, "eval_runtime": 32.063, "eval_samples_per_second": 155.943}