{"eval_loss": 1.0622185468673706, "eval_accuracy": 0.5600000023841858, "eval_mae": 0.5182, "eval_runtime": 17.9828, "eval_samples_per_second": 278.043}