{"eval_loss": 1.0146952867507935, "eval_accuracy": 0.5645999908447266, "eval_mae": 0.5076, "eval_runtime": 16.9956, "eval_samples_per_second": 294.194}