{"eval_loss": 1.242181420326233, "eval_accuracy": 0.5001999735832214, "eval_mae": 0.5954, "eval_runtime": 18.5527, "eval_samples_per_second": 269.503}