{"eval_loss": 1.0795161724090576, "eval_accuracy": 0.5598000288009644, "eval_mae": 0.5296, "eval_runtime": 28.7887, "eval_samples_per_second": 173.679}