{"eval_loss": 1.339081048965454, "eval_accuracy": 0.4675999879837036, "eval_mae": 0.689, "eval_runtime": 25.6586, "eval_samples_per_second": 194.867}