{"eval_loss": 0.9458454847335815, "eval_accuracy": 0.6043999791145325, "eval_mae": 0.4574, "eval_runtime": 17.2505, "eval_samples_per_second": 289.847}