{"eval_loss": 1.442934274673462, "eval_accuracy": 0.43959999084472656, "eval_mae": 0.7294, "eval_runtime": 18.8635, "eval_samples_per_second": 265.063}