{"eval_loss": 1.0535037517547607, "eval_accuracy": 0.5270000100135803, "eval_mae": 0.5704, "eval_runtime": 16.4731, "eval_samples_per_second": 303.526}