{"eval_loss": 1.1791658401489258, "eval_accuracy": 0.5016000270843506, "eval_mae": 0.5936, "eval_runtime": 17.3106, "eval_samples_per_second": 288.84}