{"eval_loss": 0.9357243180274963, "eval_accuracy": 0.6015999913215637, "eval_mae": 0.4544, "eval_runtime": 17.0779, "eval_samples_per_second": 292.776}