{"eval_loss": 0.9555633664131165, "eval_accuracy": 0.5997999906539917, "eval_mae": 0.462, "eval_runtime": 17.3124, "eval_samples_per_second": 288.81}