{"eval_loss": 1.0179412364959717, "eval_accuracy": 0.5795999765396118, "eval_mae": 0.4822, "eval_runtime": 17.6611, "eval_samples_per_second": 283.107}