{"eval_loss": 1.337608814239502, "eval_accuracy": 0.46799999475479126, "eval_mae": 0.6894, "eval_runtime": 18.351, "eval_samples_per_second": 272.464}