{"eval_loss": 0.9459941387176514, "eval_accuracy": 0.6051999926567078, "eval_mae": 0.4568, "eval_runtime": 17.347, "eval_samples_per_second": 288.234}