{"eval_loss": 0.9614399671554565, "eval_accuracy": 0.5924000144004822, "eval_mae": 0.4842, "eval_runtime": 17.3438, "eval_samples_per_second": 288.288}