{"eval_loss": 1.0266573429107666, "eval_accuracy": 0.5526000261306763, "eval_mae": 0.5398, "eval_runtime": 17.3551, "eval_samples_per_second": 288.099}