{"eval_loss": 0.9468120336532593, "eval_accuracy": 0.5925999879837036, "eval_mae": 0.4694, "eval_runtime": 27.545, "eval_samples_per_second": 181.521}