{"eval_loss": 1.063995122909546, "eval_accuracy": 0.5568000078201294, "eval_mae": 0.5236, "eval_runtime": 18.4022, "eval_samples_per_second": 271.707}