{"eval_loss": 1.159845232963562, "eval_accuracy": 0.5012000203132629, "eval_mae": 0.588, "eval_runtime": 16.1387, "eval_samples_per_second": 309.814}