{"eval_loss": 1.2387443780899048, "eval_accuracy": 0.4970000088214874, "eval_mae": 0.6478, "eval_runtime": 17.785, "eval_samples_per_second": 281.136}