{"eval_loss": 1.3945575952529907, "eval_accuracy": 0.47839999198913574, "eval_mae": 0.6774, "eval_runtime": 18.5974, "eval_samples_per_second": 268.854}