{"eval_loss": 1.0301519632339478, "eval_accuracy": 0.5460000038146973, "eval_mae": 0.5374, "eval_runtime": 16.3646, "eval_samples_per_second": 305.537}