{"eval_loss": 1.077822208404541, "eval_accuracy": 0.5582000017166138, "eval_mae": 0.5312, "eval_runtime": 31.7731, "eval_samples_per_second": 157.366}