{"eval_loss": 1.0143795013427734, "eval_accuracy": 0.5655999779701233, "eval_mae": 0.507, "eval_runtime": 17.2217, "eval_samples_per_second": 290.332}