{"eval_loss": 0.9462664127349854, "eval_accuracy": 0.6051999926567078, "eval_mae": 0.456, "eval_runtime": 17.1845, "eval_samples_per_second": 290.959}