{"eval_loss": 1.0142841339111328, "eval_accuracy": 0.5659999847412109, "eval_mae": 0.5056, "eval_runtime": 16.3878, "eval_samples_per_second": 305.105}