{"eval_loss": 1.079362154006958, "eval_accuracy": 0.5547999739646912, "eval_mae": 0.5672, "eval_runtime": 26.207, "eval_samples_per_second": 190.789}