{"eval_loss": 1.347269892692566, "eval_accuracy": 0.4690000116825104, "eval_mae": 0.6942, "eval_runtime": 16.6594, "eval_samples_per_second": 300.131}