{"eval_loss": 1.3418941497802734, "eval_accuracy": 0.4765999913215637, "eval_mae": 0.6922, "eval_runtime": 17.039, "eval_samples_per_second": 293.444}