{"eval_loss": 1.020993709564209, "eval_accuracy": 0.5703999996185303, "eval_mae": 0.5074, "eval_runtime": 16.3364, "eval_samples_per_second": 306.066}