{"eval_loss": 1.0129365921020508, "eval_accuracy": 0.5820000171661377, "eval_mae": 0.4812, "eval_runtime": 17.1262, "eval_samples_per_second": 291.95}