{"eval_loss": 1.0065823793411255, "eval_accuracy": 0.5946000218391418, "eval_mae": 0.4666, "eval_runtime": 17.2685, "eval_samples_per_second": 289.545}