{"eval_loss": 0.9554031491279602, "eval_accuracy": 0.6001999974250793, "eval_mae": 0.4626, "eval_runtime": 16.591, "eval_samples_per_second": 301.367}