{"eval_loss": 0.9746837615966797, "eval_accuracy": 0.5813999772071838, "eval_mae": 0.4882, "eval_runtime": 17.4017, "eval_samples_per_second": 287.329}