{"eval_loss": 1.4417321681976318, "eval_accuracy": 0.4392000138759613, "eval_mae": 0.7294, "eval_runtime": 19.7902, "eval_samples_per_second": 252.65}