{"eval_loss": 1.1554416418075562, "eval_accuracy": 0.5013999938964844, "eval_mae": 0.5892, "eval_runtime": 17.3373, "eval_samples_per_second": 288.396}