{"eval_loss": 1.22822904586792, "eval_accuracy": 0.4991999864578247, "eval_mae": 0.6036, "eval_runtime": 18.4672, "eval_samples_per_second": 270.75}