{"eval_loss": 1.3456529378890991, "eval_accuracy": 0.4717999994754791, "eval_mae": 0.7002, "eval_runtime": 16.9922, "eval_samples_per_second": 294.252}