{"eval_loss": 0.9481120109558105, "eval_accuracy": 0.5935999751091003, "eval_mae": 0.4684, "eval_runtime": 18.7167, "eval_samples_per_second": 267.141}