{"eval_loss": 1.0282539129257202, "eval_accuracy": 0.5406000018119812, "eval_mae": 0.5434, "eval_runtime": 16.7159, "eval_samples_per_second": 299.116}