{"eval_loss": 0.9554699063301086, "eval_accuracy": 0.5992000102996826, "eval_mae": 0.4644, "eval_runtime": 17.3769, "eval_samples_per_second": 287.738}