{"eval_loss": 1.0186761617660522, "eval_accuracy": 0.5809999704360962, "eval_mae": 0.4938, "eval_runtime": 24.9776, "eval_samples_per_second": 200.179}