{"eval_loss": 1.1769191026687622, "eval_accuracy": 0.503600001335144, "eval_mae": 0.5918, "eval_runtime": 16.7407, "eval_samples_per_second": 298.673}