{"eval_loss": 1.1748934984207153, "eval_accuracy": 0.49779999256134033, "eval_mae": 0.5992, "eval_runtime": 16.7078, "eval_samples_per_second": 299.261}