{"eval_loss": 0.935737133026123, "eval_accuracy": 0.6007999777793884, "eval_mae": 0.4556, "eval_runtime": 17.0758, "eval_samples_per_second": 292.812}