{"eval_loss": 1.1766260862350464, "eval_accuracy": 0.503000020980835, "eval_mae": 0.5924, "eval_runtime": 17.0006, "eval_samples_per_second": 294.107}