{"eval_loss": 1.4428411722183228, "eval_accuracy": 0.43939998745918274, "eval_mae": 0.7296, "eval_runtime": 30.8315, "eval_samples_per_second": 162.172}