{"eval_loss": 0.9358255863189697, "eval_accuracy": 0.6014000177383423, "eval_mae": 0.4544, "eval_runtime": 17.108, "eval_samples_per_second": 292.261}