{"eval_loss": 0.8896305561065674, "eval_accuracy": 0.6366000175476074, "eval_mae": 0.4144, "eval_runtime": 20.0458, "eval_samples_per_second": 249.428}