{"eval_loss": 1.1785242557525635, "eval_accuracy": 0.5012000203132629, "eval_mae": 0.5932, "eval_runtime": 17.3532, "eval_samples_per_second": 288.132}