{"eval_loss": 0.9793192148208618, "eval_accuracy": 0.5820000171661377, "eval_mae": 0.488, "eval_runtime": 17.3786, "eval_samples_per_second": 287.71}