{"eval_loss": 1.0303441286087036, "eval_accuracy": 0.5447999835014343, "eval_mae": 0.54, "eval_runtime": 17.1422, "eval_samples_per_second": 291.677}