{"eval_loss": 1.0144431591033936, "eval_accuracy": 0.5672000050544739, "eval_mae": 0.5062, "eval_runtime": 17.2357, "eval_samples_per_second": 290.095}