{"eval_loss": 1.4436829090118408, "eval_accuracy": 0.43799999356269836, "eval_mae": 0.728, "eval_runtime": 19.5557, "eval_samples_per_second": 255.68}