{"eval_loss": 0.979097843170166, "eval_accuracy": 0.5806000232696533, "eval_mae": 0.4882, "eval_runtime": 17.6381, "eval_samples_per_second": 283.478}