{"eval_loss": 1.349655270576477, "eval_accuracy": 0.4722000062465668, "eval_mae": 0.69, "eval_runtime": 17.3213, "eval_samples_per_second": 288.662}