{"eval_loss": 1.0174607038497925, "eval_accuracy": 0.5795999765396118, "eval_mae": 0.483, "eval_runtime": 17.4484, "eval_samples_per_second": 286.559}