{"eval_loss": 0.9931299686431885, "eval_accuracy": 0.5663999915122986, "eval_mae": 0.5106, "eval_runtime": 17.0399, "eval_samples_per_second": 293.429}