{"eval_loss": 1.3127301931381226, "eval_accuracy": 0.4636000096797943, "eval_mae": 0.689, "eval_runtime": 22.045, "eval_samples_per_second": 226.809}