{"eval_loss": 1.3462308645248413, "eval_accuracy": 0.4702000021934509, "eval_mae": 0.6924, "eval_runtime": 17.3061, "eval_samples_per_second": 288.915}