{"eval_loss": 1.2422438859939575, "eval_accuracy": 0.5001999735832214, "eval_mae": 0.5954, "eval_runtime": 18.8068, "eval_samples_per_second": 265.862}