{"eval_loss": 1.3366605043411255, "eval_accuracy": 0.46860000491142273, "eval_mae": 0.6858, "eval_runtime": 19.9426, "eval_samples_per_second": 250.719}