{"eval_loss": 1.0648936033248901, "eval_accuracy": 0.5568000078201294, "eval_mae": 0.5246, "eval_runtime": 18.0449, "eval_samples_per_second": 277.087}