{"eval_loss": 0.8894125819206238, "eval_accuracy": 0.6367999911308289, "eval_mae": 0.4142, "eval_runtime": 23.5728, "eval_samples_per_second": 212.108}