{"eval_loss": 1.0064177513122559, "eval_accuracy": 0.5929999947547913, "eval_mae": 0.4686, "eval_runtime": 17.2003, "eval_samples_per_second": 290.692}