{"eval_loss": 1.0800789594650269, "eval_accuracy": 0.5564000010490417, "eval_mae": 0.565, "eval_runtime": 26.4763, "eval_samples_per_second": 188.848}