{"eval_loss": 1.2969189882278442, "eval_accuracy": 0.4674000144004822, "eval_mae": 0.682, "eval_runtime": 19.0671, "eval_samples_per_second": 262.232}