{"eval_loss": 1.005442500114441, "eval_accuracy": 0.5774000287055969, "eval_mae": 0.4942, "eval_runtime": 17.3576, "eval_samples_per_second": 288.058}