{"eval_loss": 1.239193081855774, "eval_accuracy": 0.4966000020503998, "eval_mae": 0.648, "eval_runtime": 28.2238, "eval_samples_per_second": 177.155}