{"eval_loss": 1.3508914709091187, "eval_accuracy": 0.4832000136375427, "eval_mae": 0.6706, "eval_runtime": 18.3607, "eval_samples_per_second": 272.321}