{"eval_loss": 1.0855309963226318, "eval_accuracy": 0.5740000009536743, "eval_mae": 0.511, "eval_runtime": 17.2702, "eval_samples_per_second": 289.515}