{"eval_loss": 0.947152316570282, "eval_accuracy": 0.5934000015258789, "eval_mae": 0.47, "eval_runtime": 18.5553, "eval_samples_per_second": 269.465}