{"eval_loss": 1.339369297027588, "eval_accuracy": 0.46700000762939453, "eval_mae": 0.6892, "eval_runtime": 18.1485, "eval_samples_per_second": 275.505}