{"eval_loss": 1.338030219078064, "eval_accuracy": 0.4691999852657318, "eval_mae": 0.6862, "eval_runtime": 22.3083, "eval_samples_per_second": 224.132}