{"eval_loss": 1.0059704780578613, "eval_accuracy": 0.5942000150680542, "eval_mae": 0.4674, "eval_runtime": 17.1418, "eval_samples_per_second": 291.684}