{"eval_loss": 0.9605411291122437, "eval_accuracy": 0.5932000279426575, "eval_mae": 0.483, "eval_runtime": 17.4017, "eval_samples_per_second": 287.329}