{"eval_loss": 1.0213004350662231, "eval_accuracy": 0.5703999996185303, "eval_mae": 0.5074, "eval_runtime": 16.2249, "eval_samples_per_second": 308.168}