{"eval_loss": 0.8896277546882629, "eval_accuracy": 0.6363999843597412, "eval_mae": 0.4146, "eval_runtime": 32.8241, "eval_samples_per_second": 152.327}