{"eval_loss": 0.935722291469574, "eval_accuracy": 0.6010000109672546, "eval_mae": 0.4546, "eval_runtime": 16.3269, "eval_samples_per_second": 306.242}