{"eval_loss": 1.3441232442855835, "eval_accuracy": 0.4742000102996826, "eval_mae": 0.6962, "eval_runtime": 17.1414, "eval_samples_per_second": 291.691}