{"eval_loss": 1.0785695314407349, "eval_accuracy": 0.5590000152587891, "eval_mae": 0.5302, "eval_runtime": 19.9872, "eval_samples_per_second": 250.16}