{"eval_loss": 1.0059386491775513, "eval_accuracy": 0.5766000151634216, "eval_mae": 0.4954, "eval_runtime": 17.1772, "eval_samples_per_second": 291.083}