{"eval_loss": 1.0121937990188599, "eval_accuracy": 0.5685999989509583, "eval_mae": 0.5068, "eval_runtime": 17.0497, "eval_samples_per_second": 293.26}