{"eval_loss": 0.889610767364502, "eval_accuracy": 0.6363999843597412, "eval_mae": 0.4146, "eval_runtime": 19.3906, "eval_samples_per_second": 257.857}