{"eval_loss": 0.9475293159484863, "eval_accuracy": 0.5924000144004822, "eval_mae": 0.469, "eval_runtime": 26.6715, "eval_samples_per_second": 187.466}