{"eval_loss": 0.9906763434410095, "eval_accuracy": 0.5720000267028809, "eval_mae": 0.5054, "eval_runtime": 17.0732, "eval_samples_per_second": 292.856}