{"eval_loss": 1.0125089883804321, "eval_accuracy": 0.5799999833106995, "eval_mae": 0.482, "eval_runtime": 17.5613, "eval_samples_per_second": 284.716}