{"eval_loss": 1.228564739227295, "eval_accuracy": 0.4997999966144562, "eval_mae": 0.6028, "eval_runtime": 18.5255, "eval_samples_per_second": 269.898}