{"eval_loss": 1.1474061012268066, "eval_accuracy": 0.5022000074386597, "eval_mae": 0.5878, "eval_runtime": 17.2578, "eval_samples_per_second": 289.725}