{"eval_loss": 1.0852737426757812, "eval_accuracy": 0.5763999819755554, "eval_mae": 0.5102, "eval_runtime": 16.9572, "eval_samples_per_second": 294.86}