{"eval_loss": 1.0212002992630005, "eval_accuracy": 0.5694000124931335, "eval_mae": 0.509, "eval_runtime": 17.2701, "eval_samples_per_second": 289.517}