{"eval_loss": 1.0066295862197876, "eval_accuracy": 0.5938000082969666, "eval_mae": 0.4676, "eval_runtime": 17.3581, "eval_samples_per_second": 288.049}