{"eval_loss": 1.3534345626831055, "eval_accuracy": 0.4846000075340271, "eval_mae": 0.67, "eval_runtime": 18.5503, "eval_samples_per_second": 269.538}