{"eval_loss": 1.3498213291168213, "eval_accuracy": 0.4697999954223633, "eval_mae": 0.691, "eval_runtime": 17.5332, "eval_samples_per_second": 285.174}