{"eval_loss": 1.296497106552124, "eval_accuracy": 0.4675999879837036, "eval_mae": 0.682, "eval_runtime": 26.1132, "eval_samples_per_second": 191.474}