{"eval_loss": 1.349509596824646, "eval_accuracy": 0.4819999933242798, "eval_mae": 0.673, "eval_runtime": 17.8441, "eval_samples_per_second": 280.204}