{"eval_loss": 1.3577125072479248, "eval_accuracy": 0.45879998803138733, "eval_mae": 0.7308, "eval_runtime": 17.3149, "eval_samples_per_second": 288.769}