{"eval_loss": 1.1753790378570557, "eval_accuracy": 0.503000020980835, "eval_mae": 0.5918, "eval_runtime": 17.3894, "eval_samples_per_second": 287.531}