{"eval_loss": 1.3482669591903687, "eval_accuracy": 0.4717999994754791, "eval_mae": 0.6896, "eval_runtime": 17.3066, "eval_samples_per_second": 288.907}