{"eval_loss": 1.0861974954605103, "eval_accuracy": 0.5472000241279602, "eval_mae": 0.5424, "eval_runtime": 21.6399, "eval_samples_per_second": 231.055}