{"eval_loss": 1.0536853075027466, "eval_accuracy": 0.5264000296592712, "eval_mae": 0.5706, "eval_runtime": 16.3107, "eval_samples_per_second": 306.547}