{"eval_loss": 1.0452202558517456, "eval_accuracy": 0.5618000030517578, "eval_mae": 0.5082, "eval_runtime": 23.6647, "eval_samples_per_second": 211.285}