{"eval_loss": 1.0066255331039429, "eval_accuracy": 0.5756000280380249, "eval_mae": 0.4962, "eval_runtime": 16.3266, "eval_samples_per_second": 306.25}