{"eval_loss": 0.9552130699157715, "eval_accuracy": 0.6000000238418579, "eval_mae": 0.4634, "eval_runtime": 17.4968, "eval_samples_per_second": 285.767}