{"eval_loss": 1.3530302047729492, "eval_accuracy": 0.48260000348091125, "eval_mae": 0.6718, "eval_runtime": 20.508, "eval_samples_per_second": 243.807}