{"eval_loss": 1.350908637046814, "eval_accuracy": 0.48260000348091125, "eval_mae": 0.672, "eval_runtime": 21.412, "eval_samples_per_second": 233.514}