{"eval_loss": 1.392737865447998, "eval_accuracy": 0.48080000281333923, "eval_mae": 0.674, "eval_runtime": 35.0863, "eval_samples_per_second": 142.506}