{"eval_loss": 1.2958893775939941, "eval_accuracy": 0.46779999136924744, "eval_mae": 0.681, "eval_runtime": 32.0772, "eval_samples_per_second": 155.874}