{"eval_loss": 1.0132659673690796, "eval_accuracy": 0.5685999989509583, "eval_mae": 0.5042, "eval_runtime": 16.3052, "eval_samples_per_second": 306.65}