{"eval_loss": 1.2288810014724731, "eval_accuracy": 0.506600022315979, "eval_mae": 0.6208, "eval_runtime": 23.4858, "eval_samples_per_second": 212.895}