{"eval_loss": 0.9481067657470703, "eval_accuracy": 0.5917999744415283, "eval_mae": 0.4706, "eval_runtime": 21.9095, "eval_samples_per_second": 228.212}