{"eval_loss": 1.3383421897888184, "eval_accuracy": 0.4684000015258789, "eval_mae": 0.6882, "eval_runtime": 19.4258, "eval_samples_per_second": 257.39}