{"eval_loss": 1.0294088125228882, "eval_accuracy": 0.5446000099182129, "eval_mae": 0.5398, "eval_runtime": 16.4801, "eval_samples_per_second": 303.395}