{"eval_loss": 1.0528802871704102, "eval_accuracy": 0.5267999768257141, "eval_mae": 0.5708, "eval_runtime": 16.8979, "eval_samples_per_second": 295.895}