{"eval_loss": 0.9486941695213318, "eval_accuracy": 0.5911999940872192, "eval_mae": 0.4628, "eval_runtime": 16.5088, "eval_samples_per_second": 302.87}