{"eval_loss": 0.9492906332015991, "eval_accuracy": 0.6037999987602234, "eval_mae": 0.4536, "eval_runtime": 18.5844, "eval_samples_per_second": 269.043}