{"eval_loss": 1.1486103534698486, "eval_accuracy": 0.5483999848365784, "eval_mae": 0.5826, "eval_runtime": 18.0993, "eval_samples_per_second": 276.253}