{"eval_loss": 1.2390308380126953, "eval_accuracy": 0.4968000054359436, "eval_mae": 0.6476, "eval_runtime": 25.25, "eval_samples_per_second": 198.019}