{"eval_loss": 1.0215083360671997, "eval_accuracy": 0.5699999928474426, "eval_mae": 0.508, "eval_runtime": 17.2923, "eval_samples_per_second": 289.147}