{"eval_loss": 0.9359301924705505, "eval_accuracy": 0.6014000177383423, "eval_mae": 0.455, "eval_runtime": 16.3693, "eval_samples_per_second": 305.451}