{"eval_loss": 1.0066308975219727, "eval_accuracy": 0.5938000082969666, "eval_mae": 0.4678, "eval_runtime": 17.1956, "eval_samples_per_second": 290.773}