{"eval_loss": 1.282090425491333, "eval_accuracy": 0.4708000123500824, "eval_mae": 0.6716, "eval_runtime": 18.3683, "eval_samples_per_second": 272.209}