{"eval_loss": 1.2274090051651, "eval_accuracy": 0.4991999864578247, "eval_mae": 0.6032, "eval_runtime": 18.4646, "eval_samples_per_second": 270.788}