{"eval_loss": 1.0460413694381714, "eval_accuracy": 0.5605999827384949, "eval_mae": 0.5088, "eval_runtime": 21.8051, "eval_samples_per_second": 229.304}