{"eval_loss": 1.3384034633636475, "eval_accuracy": 0.46799999475479126, "eval_mae": 0.6892, "eval_runtime": 20.4169, "eval_samples_per_second": 244.896}