{"eval_loss": 0.9546926021575928, "eval_accuracy": 0.6003999710083008, "eval_mae": 0.4632, "eval_runtime": 17.444, "eval_samples_per_second": 286.631}