{"eval_loss": 0.9360038042068481, "eval_accuracy": 0.600600004196167, "eval_mae": 0.4562, "eval_runtime": 16.378, "eval_samples_per_second": 305.287}