{"eval_loss": 1.3432804346084595, "eval_accuracy": 0.475600004196167, "eval_mae": 0.6938, "eval_runtime": 17.1731, "eval_samples_per_second": 291.153}