{"eval_loss": 1.086356282234192, "eval_accuracy": 0.5756000280380249, "eval_mae": 0.5104, "eval_runtime": 16.9604, "eval_samples_per_second": 294.804}