{"eval_loss": 0.9470808506011963, "eval_accuracy": 0.5928000211715698, "eval_mae": 0.4706, "eval_runtime": 18.9819, "eval_samples_per_second": 263.408}