{"eval_loss": 1.355596661567688, "eval_accuracy": 0.4819999933242798, "eval_mae": 0.6718, "eval_runtime": 20.3983, "eval_samples_per_second": 245.118}