{"eval_loss": 1.025892734527588, "eval_accuracy": 0.5562000274658203, "eval_mae": 0.535, "eval_runtime": 17.2984, "eval_samples_per_second": 289.044}