{"eval_loss": 1.2274690866470337, "eval_accuracy": 0.5085999965667725, "eval_mae": 0.6178, "eval_runtime": 33.6988, "eval_samples_per_second": 148.373}