{"eval_loss": 1.3633052110671997, "eval_accuracy": 0.45339998602867126, "eval_mae": 0.7328, "eval_runtime": 17.524, "eval_samples_per_second": 285.323}