{"eval_loss": 0.9925169944763184, "eval_accuracy": 0.5698000192642212, "eval_mae": 0.508, "eval_runtime": 17.1526, "eval_samples_per_second": 291.5}