{"eval_loss": 0.9460650682449341, "eval_accuracy": 0.6047999858856201, "eval_mae": 0.4562, "eval_runtime": 16.7411, "eval_samples_per_second": 298.666}