{"eval_loss": 1.0538007020950317, "eval_accuracy": 0.527400016784668, "eval_mae": 0.5712, "eval_runtime": 17.0227, "eval_samples_per_second": 293.725}