{"eval_loss": 1.3484524488449097, "eval_accuracy": 0.4851999878883362, "eval_mae": 0.6694, "eval_runtime": 18.9362, "eval_samples_per_second": 264.044}