{"eval_loss": 1.0548908710479736, "eval_accuracy": 0.5281999707221985, "eval_mae": 0.569, "eval_runtime": 16.9807, "eval_samples_per_second": 294.452}