{"eval_loss": 1.078703761100769, "eval_accuracy": 0.5583999752998352, "eval_mae": 0.531, "eval_runtime": 30.3323, "eval_samples_per_second": 164.841}