{"eval_loss": 0.8915402293205261, "eval_accuracy": 0.6338000297546387, "eval_mae": 0.418, "eval_runtime": 28.1174, "eval_samples_per_second": 177.826}