{"eval_loss": 1.3428457975387573, "eval_accuracy": 0.47519999742507935, "eval_mae": 0.6928, "eval_runtime": 16.3711, "eval_samples_per_second": 305.415}