{"eval_loss": 1.0859524011611938, "eval_accuracy": 0.5486000180244446, "eval_mae": 0.5402, "eval_runtime": 29.1728, "eval_samples_per_second": 171.393}