{"eval_loss": 0.9609140753746033, "eval_accuracy": 0.5929999947547913, "eval_mae": 0.4826, "eval_runtime": 17.369, "eval_samples_per_second": 287.869}