{"eval_loss": 1.3433234691619873, "eval_accuracy": 0.47440001368522644, "eval_mae": 0.6944, "eval_runtime": 16.9613, "eval_samples_per_second": 294.788}