{"eval_loss": 1.3104374408721924, "eval_accuracy": 0.47360000014305115, "eval_mae": 0.6794, "eval_runtime": 19.4276, "eval_samples_per_second": 257.366}