{"eval_loss": 1.0851432085037231, "eval_accuracy": 0.5756000280380249, "eval_mae": 0.51, "eval_runtime": 16.4605, "eval_samples_per_second": 303.758}