{"eval_loss": 0.951256513595581, "eval_accuracy": 0.6212000250816345, "eval_mae": 0.4274, "eval_runtime": 17.4045, "eval_samples_per_second": 287.281}