{"eval_loss": 1.0624457597732544, "eval_accuracy": 0.5569999814033508, "eval_mae": 0.5222, "eval_runtime": 18.3253, "eval_samples_per_second": 272.847}