{"eval_loss": 1.1568523645401, "eval_accuracy": 0.4991999864578247, "eval_mae": 0.5912, "eval_runtime": 17.2393, "eval_samples_per_second": 290.035}