{"eval_loss": 1.085661768913269, "eval_accuracy": 0.5472000241279602, "eval_mae": 0.541, "eval_runtime": 18.1574, "eval_samples_per_second": 275.37}