{"eval_loss": 1.0177754163742065, "eval_accuracy": 0.5655999779701233, "eval_mae": 0.5072, "eval_runtime": 17.0834, "eval_samples_per_second": 292.681}