{"eval_loss": 1.0169970989227295, "eval_accuracy": 0.578000009059906, "eval_mae": 0.4842, "eval_runtime": 17.5469, "eval_samples_per_second": 284.951}