{"eval_loss": 1.4426970481872559, "eval_accuracy": 0.44040000438690186, "eval_mae": 0.7282, "eval_runtime": 21.9688, "eval_samples_per_second": 227.596}