{"eval_loss": 1.0181688070297241, "eval_accuracy": 0.5812000036239624, "eval_mae": 0.4938, "eval_runtime": 19.4144, "eval_samples_per_second": 257.541}