{"eval_loss": 1.0803148746490479, "eval_accuracy": 0.5559999942779541, "eval_mae": 0.5656, "eval_runtime": 18.4164, "eval_samples_per_second": 271.497}