{"eval_loss": 1.2965776920318604, "eval_accuracy": 0.4675999879837036, "eval_mae": 0.682, "eval_runtime": 36.5188, "eval_samples_per_second": 136.916}