{"eval_loss": 0.9485926032066345, "eval_accuracy": 0.5907999873161316, "eval_mae": 0.4626, "eval_runtime": 17.1026, "eval_samples_per_second": 292.354}