{"eval_loss": 0.8895550966262817, "eval_accuracy": 0.6362000107765198, "eval_mae": 0.4148, "eval_runtime": 25.2472, "eval_samples_per_second": 198.042}