{"eval_loss": 1.2969443798065186, "eval_accuracy": 0.4675999879837036, "eval_mae": 0.6818, "eval_runtime": 33.6962, "eval_samples_per_second": 148.385}