{"eval_loss": 1.364871621131897, "eval_accuracy": 0.45579999685287476, "eval_mae": 0.7342, "eval_runtime": 17.3682, "eval_samples_per_second": 287.883}