{"eval_loss": 1.0866714715957642, "eval_accuracy": 0.5486000180244446, "eval_mae": 0.5392, "eval_runtime": 23.2154, "eval_samples_per_second": 215.374}