{"eval_loss": 0.9501619338989258, "eval_accuracy": 0.6087999939918518, "eval_mae": 0.4478, "eval_runtime": 19.7457, "eval_samples_per_second": 253.22}