{"eval_loss": 0.9512274265289307, "eval_accuracy": 0.621399998664856, "eval_mae": 0.4278, "eval_runtime": 17.6127, "eval_samples_per_second": 283.885}