{"eval_loss": 1.0145703554153442, "eval_accuracy": 0.5663999915122986, "eval_mae": 0.505, "eval_runtime": 17.1222, "eval_samples_per_second": 292.018}