{"eval_loss": 1.3368655443191528, "eval_accuracy": 0.47540000081062317, "eval_mae": 0.6938, "eval_runtime": 16.9908, "eval_samples_per_second": 294.277}