{"eval_loss": 1.086012363433838, "eval_accuracy": 0.5473999977111816, "eval_mae": 0.5412, "eval_runtime": 27.9437, "eval_samples_per_second": 178.931}