{"eval_loss": 1.054504156112671, "eval_accuracy": 0.5264000296592712, "eval_mae": 0.572, "eval_runtime": 16.9058, "eval_samples_per_second": 295.757}