{"eval_loss": 1.0050204992294312, "eval_accuracy": 0.5907999873161316, "eval_mae": 0.4706, "eval_runtime": 17.2256, "eval_samples_per_second": 290.266}