{"eval_loss": 1.24600350856781, "eval_accuracy": 0.49380001425743103, "eval_mae": 0.6524, "eval_runtime": 32.0398, "eval_samples_per_second": 156.056}