{"eval_loss": 1.2978332042694092, "eval_accuracy": 0.4690000116825104, "eval_mae": 0.6824, "eval_runtime": 18.5677, "eval_samples_per_second": 269.284}