{"eval_loss": 0.9911001920700073, "eval_accuracy": 0.5727999806404114, "eval_mae": 0.505, "eval_runtime": 16.8532, "eval_samples_per_second": 296.68}