{"eval_loss": 1.085014820098877, "eval_accuracy": 0.5752000212669373, "eval_mae": 0.511, "eval_runtime": 16.4584, "eval_samples_per_second": 303.796}