{"eval_loss": 0.9356138706207275, "eval_accuracy": 0.6014000177383423, "eval_mae": 0.4546, "eval_runtime": 16.3846, "eval_samples_per_second": 305.164}