{"eval_loss": 1.0535075664520264, "eval_accuracy": 0.526199996471405, "eval_mae": 0.5714, "eval_runtime": 16.0397, "eval_samples_per_second": 311.727}