{"eval_loss": 1.0804319381713867, "eval_accuracy": 0.5562000274658203, "eval_mae": 0.5654, "eval_runtime": 18.4961, "eval_samples_per_second": 270.328}