{"eval_loss": 1.0450226068496704, "eval_accuracy": 0.5608000159263611, "eval_mae": 0.5086, "eval_runtime": 18.424, "eval_samples_per_second": 271.384}