{"eval_loss": 1.4465138912200928, "eval_accuracy": 0.43939998745918274, "eval_mae": 0.7296, "eval_runtime": 22.8494, "eval_samples_per_second": 218.824}