{"eval_loss": 0.9783572554588318, "eval_accuracy": 0.5809999704360962, "eval_mae": 0.4884, "eval_runtime": 17.3608, "eval_samples_per_second": 288.006}