{"eval_loss": 1.0239806175231934, "eval_accuracy": 0.5555999875068665, "eval_mae": 0.5368, "eval_runtime": 17.3412, "eval_samples_per_second": 288.33}