{"eval_loss": 1.080498456954956, "eval_accuracy": 0.5569999814033508, "eval_mae": 0.5646, "eval_runtime": 18.1979, "eval_samples_per_second": 274.756}