{"eval_loss": 1.0062998533248901, "eval_accuracy": 0.5753999948501587, "eval_mae": 0.4952, "eval_runtime": 16.5912, "eval_samples_per_second": 301.365}