{"eval_loss": 1.3438867330551147, "eval_accuracy": 0.47540000081062317, "eval_mae": 0.6936, "eval_runtime": 16.3857, "eval_samples_per_second": 305.144}