{"eval_loss": 1.147159218788147, "eval_accuracy": 0.5491999983787537, "eval_mae": 0.5822, "eval_runtime": 17.4716, "eval_samples_per_second": 286.179}