{"eval_loss": 1.2380871772766113, "eval_accuracy": 0.49720001220703125, "eval_mae": 0.647, "eval_runtime": 29.2102, "eval_samples_per_second": 171.173}