{"eval_loss": 1.2253413200378418, "eval_accuracy": 0.4986000061035156, "eval_mae": 0.604, "eval_runtime": 18.4762, "eval_samples_per_second": 270.618}