{"eval_loss": 1.2387919425964355, "eval_accuracy": 0.49720001220703125, "eval_mae": 0.6474, "eval_runtime": 29.7983, "eval_samples_per_second": 167.795}