{"eval_loss": 1.1788654327392578, "eval_accuracy": 0.4927999973297119, "eval_mae": 0.6042, "eval_runtime": 17.4405, "eval_samples_per_second": 286.688}