{"eval_loss": 0.9788489937782288, "eval_accuracy": 0.5802000164985657, "eval_mae": 0.4896, "eval_runtime": 17.4774, "eval_samples_per_second": 286.085}