{"eval_loss": 0.8889667987823486, "eval_accuracy": 0.6366000175476074, "eval_mae": 0.414, "eval_runtime": 18.7818, "eval_samples_per_second": 266.215}