{"eval_loss": 1.0786787271499634, "eval_accuracy": 0.5587999820709229, "eval_mae": 0.5312, "eval_runtime": 31.225, "eval_samples_per_second": 160.128}