{"eval_loss": 0.9786685705184937, "eval_accuracy": 0.5806000232696533, "eval_mae": 0.4892, "eval_runtime": 17.4103, "eval_samples_per_second": 287.187}