{"eval_loss": 0.9499793648719788, "eval_accuracy": 0.6069999933242798, "eval_mae": 0.4494, "eval_runtime": 18.4995, "eval_samples_per_second": 270.277}