{"eval_loss": 0.9793452024459839, "eval_accuracy": 0.5807999968528748, "eval_mae": 0.4892, "eval_runtime": 16.938, "eval_samples_per_second": 295.195}