{"eval_loss": 0.9910714626312256, "eval_accuracy": 0.5694000124931335, "eval_mae": 0.5088, "eval_runtime": 16.9078, "eval_samples_per_second": 295.722}