{"eval_loss": 1.087311029434204, "eval_accuracy": 0.5475999712944031, "eval_mae": 0.5418, "eval_runtime": 21.48, "eval_samples_per_second": 232.774}