{"eval_loss": 0.9478492140769958, "eval_accuracy": 0.5916000008583069, "eval_mae": 0.4706, "eval_runtime": 20.7454, "eval_samples_per_second": 241.017}