{"eval_loss": 1.3585410118103027, "eval_accuracy": 0.4832000136375427, "eval_mae": 0.6708, "eval_runtime": 18.1123, "eval_samples_per_second": 276.056}