{"eval_loss": 0.9785001873970032, "eval_accuracy": 0.58160001039505, "eval_mae": 0.4884, "eval_runtime": 16.7405, "eval_samples_per_second": 298.677}