{"eval_loss": 1.0860521793365479, "eval_accuracy": 0.5482000112533569, "eval_mae": 0.541, "eval_runtime": 21.4492, "eval_samples_per_second": 233.108}