{"eval_loss": 1.1475454568862915, "eval_accuracy": 0.5478000044822693, "eval_mae": 0.5832, "eval_runtime": 17.4368, "eval_samples_per_second": 286.75}