{"eval_loss": 0.9486250877380371, "eval_accuracy": 0.5907999873161316, "eval_mae": 0.4628, "eval_runtime": 17.3608, "eval_samples_per_second": 288.004}