{"eval_loss": 1.0052919387817383, "eval_accuracy": 0.5935999751091003, "eval_mae": 0.4678, "eval_runtime": 17.3602, "eval_samples_per_second": 288.014}