{"eval_loss": 1.1459072828292847, "eval_accuracy": 0.5490000247955322, "eval_mae": 0.583, "eval_runtime": 17.4507, "eval_samples_per_second": 286.522}