{"eval_loss": 1.3509490489959717, "eval_accuracy": 0.48339998722076416, "eval_mae": 0.6714, "eval_runtime": 18.3806, "eval_samples_per_second": 272.026}