{"eval_loss": 0.9509474635124207, "eval_accuracy": 0.621999979019165, "eval_mae": 0.4272, "eval_runtime": 17.4978, "eval_samples_per_second": 285.75}