{"eval_loss": 1.3930541276931763, "eval_accuracy": 0.4729999899864197, "eval_mae": 0.6866, "eval_runtime": 20.1853, "eval_samples_per_second": 247.705}