{"eval_loss": 1.0850944519042969, "eval_accuracy": 0.5745999813079834, "eval_mae": 0.5112, "eval_runtime": 16.4962, "eval_samples_per_second": 303.1}