{"eval_loss": 1.0803685188293457, "eval_accuracy": 0.5559999942779541, "eval_mae": 0.5654, "eval_runtime": 20.7769, "eval_samples_per_second": 240.652}