{"eval_loss": 1.078519344329834, "eval_accuracy": 0.5580000281333923, "eval_mae": 0.5312, "eval_runtime": 26.0078, "eval_samples_per_second": 192.25}