{"eval_loss": 1.2459962368011475, "eval_accuracy": 0.49540001153945923, "eval_mae": 0.6504, "eval_runtime": 18.5915, "eval_samples_per_second": 268.94}