{"eval_loss": 0.945866584777832, "eval_accuracy": 0.6050000190734863, "eval_mae": 0.4566, "eval_runtime": 16.4253, "eval_samples_per_second": 304.409}