{"eval_loss": 1.011595368385315, "eval_accuracy": 0.579200029373169, "eval_mae": 0.4824, "eval_runtime": 16.8305, "eval_samples_per_second": 297.079}