{"eval_loss": 1.0066016912460327, "eval_accuracy": 0.5924000144004822, "eval_mae": 0.4688, "eval_runtime": 17.2721, "eval_samples_per_second": 289.484}