{"eval_loss": 1.2375338077545166, "eval_accuracy": 0.4975999891757965, "eval_mae": 0.6464, "eval_runtime": 17.6741, "eval_samples_per_second": 282.899}