{"eval_loss": 1.155441164970398, "eval_accuracy": 0.4997999966144562, "eval_mae": 0.5908, "eval_runtime": 17.3475, "eval_samples_per_second": 288.226}