{"eval_loss": 1.0855522155761719, "eval_accuracy": 0.5475999712944031, "eval_mae": 0.5412, "eval_runtime": 20.2868, "eval_samples_per_second": 246.466}