{"eval_loss": 1.2285860776901245, "eval_accuracy": 0.506600022315979, "eval_mae": 0.6206, "eval_runtime": 34.1357, "eval_samples_per_second": 146.474}