{"eval_loss": 0.9357755780220032, "eval_accuracy": 0.6007999777793884, "eval_mae": 0.4552, "eval_runtime": 17.0355, "eval_samples_per_second": 293.504}