{"eval_loss": 1.0191187858581543, "eval_accuracy": 0.5785999894142151, "eval_mae": 0.4838, "eval_runtime": 17.4803, "eval_samples_per_second": 286.036}