{"eval_loss": 1.0074127912521362, "eval_accuracy": 0.5925999879837036, "eval_mae": 0.4688, "eval_runtime": 17.1203, "eval_samples_per_second": 292.051}