{"eval_loss": 1.3482296466827393, "eval_accuracy": 0.4867999851703644, "eval_mae": 0.666, "eval_runtime": 18.0852, "eval_samples_per_second": 276.469}