{"eval_loss": 0.9454063773155212, "eval_accuracy": 0.6055999994277954, "eval_mae": 0.456, "eval_runtime": 17.2009, "eval_samples_per_second": 290.682}