{"eval_loss": 0.9776291251182556, "eval_accuracy": 0.5821999907493591, "eval_mae": 0.487, "eval_runtime": 17.6167, "eval_samples_per_second": 283.821}