{"eval_loss": 0.9506974816322327, "eval_accuracy": 0.6204000115394592, "eval_mae": 0.4296, "eval_runtime": 17.5918, "eval_samples_per_second": 284.223}