{"eval_loss": 1.3485602140426636, "eval_accuracy": 0.4717999994754791, "eval_mae": 0.6898, "eval_runtime": 16.6885, "eval_samples_per_second": 299.607}