{"eval_loss": 1.3543704748153687, "eval_accuracy": 0.48420000076293945, "eval_mae": 0.6716, "eval_runtime": 18.5956, "eval_samples_per_second": 268.881}