{"eval_loss": 0.947766900062561, "eval_accuracy": 0.5929999947547913, "eval_mae": 0.4692, "eval_runtime": 22.1433, "eval_samples_per_second": 225.802}