{"eval_loss": 0.8895491361618042, "eval_accuracy": 0.6362000107765198, "eval_mae": 0.4148, "eval_runtime": 20.2257, "eval_samples_per_second": 247.21}