{"eval_loss": 1.3684825897216797, "eval_accuracy": 0.45719999074935913, "eval_mae": 0.733, "eval_runtime": 17.436, "eval_samples_per_second": 286.762}