{"eval_loss": 1.3488013744354248, "eval_accuracy": 0.4722000062465668, "eval_mae": 0.6906, "eval_runtime": 17.4004, "eval_samples_per_second": 287.349}