{"eval_loss": 0.9356579184532166, "eval_accuracy": 0.6011999845504761, "eval_mae": 0.4548, "eval_runtime": 16.5497, "eval_samples_per_second": 302.121}