{"eval_loss": 1.3426014184951782, "eval_accuracy": 0.47620001435279846, "eval_mae": 0.6958, "eval_runtime": 17.128, "eval_samples_per_second": 291.92}