{"eval_loss": 1.1480498313903809, "eval_accuracy": 0.5482000112533569, "eval_mae": 0.5834, "eval_runtime": 17.2943, "eval_samples_per_second": 289.112}