{"eval_loss": 1.0802603960037231, "eval_accuracy": 0.5562000274658203, "eval_mae": 0.565, "eval_runtime": 20.134, "eval_samples_per_second": 248.336}