{"eval_loss": 1.024884819984436, "eval_accuracy": 0.5544000267982483, "eval_mae": 0.5382, "eval_runtime": 16.5993, "eval_samples_per_second": 301.217}