{"eval_loss": 1.361336350440979, "eval_accuracy": 0.4821999967098236, "eval_mae": 0.673, "eval_runtime": 18.4263, "eval_samples_per_second": 271.351}