{"eval_loss": 0.9490216970443726, "eval_accuracy": 0.5899999737739563, "eval_mae": 0.4632, "eval_runtime": 17.1643, "eval_samples_per_second": 291.303}