{"eval_loss": 1.047286868095398, "eval_accuracy": 0.5616000294685364, "eval_mae": 0.5082, "eval_runtime": 23.9261, "eval_samples_per_second": 208.977}