{"eval_loss": 0.9477581977844238, "eval_accuracy": 0.5929999947547913, "eval_mae": 0.4696, "eval_runtime": 38.9624, "eval_samples_per_second": 128.329}