{"eval_loss": 1.15433931350708, "eval_accuracy": 0.4986000061035156, "eval_mae": 0.5908, "eval_runtime": 16.6773, "eval_samples_per_second": 299.809}