{"eval_loss": 1.3925648927688599, "eval_accuracy": 0.4805999994277954, "eval_mae": 0.674, "eval_runtime": 18.698, "eval_samples_per_second": 267.408}