{"eval_loss": 1.0801645517349243, "eval_accuracy": 0.5562000274658203, "eval_mae": 0.5656, "eval_runtime": 33.9044, "eval_samples_per_second": 147.474}