{"eval_loss": 1.1770155429840088, "eval_accuracy": 0.503000020980835, "eval_mae": 0.592, "eval_runtime": 17.3167, "eval_samples_per_second": 288.739}