{"eval_loss": 1.006197452545166, "eval_accuracy": 0.5758000016212463, "eval_mae": 0.4962, "eval_runtime": 17.2841, "eval_samples_per_second": 289.283}