{"eval_loss": 1.1467548608779907, "eval_accuracy": 0.5486000180244446, "eval_mae": 0.5816, "eval_runtime": 16.7939, "eval_samples_per_second": 297.728}