{"eval_loss": 0.946367084980011, "eval_accuracy": 0.603600025177002, "eval_mae": 0.4582, "eval_runtime": 17.2507, "eval_samples_per_second": 289.843}