{"eval_loss": 0.9473563432693481, "eval_accuracy": 0.5932000279426575, "eval_mae": 0.4696, "eval_runtime": 18.6162, "eval_samples_per_second": 268.583}