{"eval_loss": 1.0792882442474365, "eval_accuracy": 0.5564000010490417, "eval_mae": 0.5648, "eval_runtime": 19.0649, "eval_samples_per_second": 262.262}