{"eval_loss": 0.9485819339752197, "eval_accuracy": 0.5898000001907349, "eval_mae": 0.4638, "eval_runtime": 16.5517, "eval_samples_per_second": 302.084}