{"eval_loss": 0.9554579257965088, "eval_accuracy": 0.5989999771118164, "eval_mae": 0.4648, "eval_runtime": 17.5879, "eval_samples_per_second": 284.286}