{"eval_loss": 1.366674542427063, "eval_accuracy": 0.4596000015735626, "eval_mae": 0.73, "eval_runtime": 17.3163, "eval_samples_per_second": 288.745}