{"eval_loss": 0.9598373174667358, "eval_accuracy": 0.5914000272750854, "eval_mae": 0.485, "eval_runtime": 17.2628, "eval_samples_per_second": 289.641}