{"eval_loss": 1.1552269458770752, "eval_accuracy": 0.49939998984336853, "eval_mae": 0.5914, "eval_runtime": 17.3017, "eval_samples_per_second": 288.989}