{"eval_loss": 1.0108996629714966, "eval_accuracy": 0.5802000164985657, "eval_mae": 0.4812, "eval_runtime": 16.4737, "eval_samples_per_second": 303.514}