{"eval_loss": 1.0067975521087646, "eval_accuracy": 0.5752000212669373, "eval_mae": 0.4978, "eval_runtime": 17.2086, "eval_samples_per_second": 290.552}