{"eval_loss": 1.0464519262313843, "eval_accuracy": 0.5613999962806702, "eval_mae": 0.508, "eval_runtime": 18.4037, "eval_samples_per_second": 271.685}