{"eval_loss": 1.0781333446502686, "eval_accuracy": 0.557200014591217, "eval_mae": 0.5608, "eval_runtime": 18.4026, "eval_samples_per_second": 271.701}