{"eval_loss": 1.3388545513153076, "eval_accuracy": 0.46779999136924744, "eval_mae": 0.6888, "eval_runtime": 24.175, "eval_samples_per_second": 206.825}