{"eval_loss": 1.063844919204712, "eval_accuracy": 0.5576000213623047, "eval_mae": 0.5236, "eval_runtime": 18.3368, "eval_samples_per_second": 272.675}