{"eval_loss": 0.9480740427970886, "eval_accuracy": 0.5928000211715698, "eval_mae": 0.4698, "eval_runtime": 18.7391, "eval_samples_per_second": 266.822}