{"eval_loss": 0.9483935832977295, "eval_accuracy": 0.5893999934196472, "eval_mae": 0.4644, "eval_runtime": 16.5747, "eval_samples_per_second": 301.665}