{"eval_loss": 1.1552375555038452, "eval_accuracy": 0.5013999938964844, "eval_mae": 0.5884, "eval_runtime": 16.6206, "eval_samples_per_second": 300.832}