{"eval_loss": 1.3395185470581055, "eval_accuracy": 0.4684000015258789, "eval_mae": 0.6884, "eval_runtime": 19.8882, "eval_samples_per_second": 251.406}