{"eval_loss": 1.018524408340454, "eval_accuracy": 0.5803999900817871, "eval_mae": 0.4944, "eval_runtime": 24.8278, "eval_samples_per_second": 201.387}