{"eval_loss": 1.046017050743103, "eval_accuracy": 0.5608000159263611, "eval_mae": 0.5108, "eval_runtime": 21.0939, "eval_samples_per_second": 237.035}