{"eval_loss": 0.9901890754699707, "eval_accuracy": 0.5702000260353088, "eval_mae": 0.5086, "eval_runtime": 17.1201, "eval_samples_per_second": 292.054}