{"eval_loss": 1.0175973176956177, "eval_accuracy": 0.5795999765396118, "eval_mae": 0.483, "eval_runtime": 17.5073, "eval_samples_per_second": 285.595}