{"eval_loss": 0.9490665793418884, "eval_accuracy": 0.6060000061988831, "eval_mae": 0.4494, "eval_runtime": 17.9577, "eval_samples_per_second": 278.432}