{"eval_loss": 0.9552143812179565, "eval_accuracy": 0.599399983882904, "eval_mae": 0.4638, "eval_runtime": 17.5375, "eval_samples_per_second": 285.104}