{"eval_loss": 1.3950037956237793, "eval_accuracy": 0.48019999265670776, "eval_mae": 0.674, "eval_runtime": 27.8826, "eval_samples_per_second": 179.323}