{"eval_loss": 0.9566025137901306, "eval_accuracy": 0.599399983882904, "eval_mae": 0.463, "eval_runtime": 17.4722, "eval_samples_per_second": 286.169}