{"eval_loss": 1.0147249698638916, "eval_accuracy": 0.5651999711990356, "eval_mae": 0.5066, "eval_runtime": 17.0429, "eval_samples_per_second": 293.377}