{"eval_loss": 1.0608521699905396, "eval_accuracy": 0.5583999752998352, "eval_mae": 0.5204, "eval_runtime": 18.445, "eval_samples_per_second": 271.076}