{"eval_loss": 1.2272218465805054, "eval_accuracy": 0.510200023651123, "eval_mae": 0.6178, "eval_runtime": 19.0138, "eval_samples_per_second": 262.967}