{"eval_loss": 1.3441815376281738, "eval_accuracy": 0.47600001096725464, "eval_mae": 0.6936, "eval_runtime": 16.866, "eval_samples_per_second": 296.454}