{"eval_loss": 1.080383062362671, "eval_accuracy": 0.5558000206947327, "eval_mae": 0.5658, "eval_runtime": 19.8562, "eval_samples_per_second": 251.81}