{"eval_loss": 1.2240476608276367, "eval_accuracy": 0.5073999762535095, "eval_mae": 0.6184, "eval_runtime": 19.0245, "eval_samples_per_second": 262.82}