{"eval_loss": 1.018897294998169, "eval_accuracy": 0.5813999772071838, "eval_mae": 0.4934, "eval_runtime": 32.4396, "eval_samples_per_second": 154.132}