{"eval_loss": 1.0189238786697388, "eval_accuracy": 0.5806000232696533, "eval_mae": 0.4936, "eval_runtime": 18.7686, "eval_samples_per_second": 266.402}