{"eval_loss": 0.9476211071014404, "eval_accuracy": 0.5916000008583069, "eval_mae": 0.4706, "eval_runtime": 18.0584, "eval_samples_per_second": 276.879}