{"eval_loss": 1.3364816904067993, "eval_accuracy": 0.4691999852657318, "eval_mae": 0.6866, "eval_runtime": 27.5997, "eval_samples_per_second": 181.161}