{"eval_loss": 0.9369117021560669, "eval_accuracy": 0.6011999845504761, "eval_mae": 0.4558, "eval_runtime": 17.3878, "eval_samples_per_second": 287.558}