{"eval_loss": 0.9448279142379761, "eval_accuracy": 0.6051999926567078, "eval_mae": 0.4562, "eval_runtime": 16.4856, "eval_samples_per_second": 303.295}