{"eval_loss": 1.346469759941101, "eval_accuracy": 0.4740000069141388, "eval_mae": 0.6876, "eval_runtime": 17.5285, "eval_samples_per_second": 285.25}