{"eval_loss": 1.0145564079284668, "eval_accuracy": 0.5655999779701233, "eval_mae": 0.5068, "eval_runtime": 16.9538, "eval_samples_per_second": 294.919}