{"eval_loss": 1.3382452726364136, "eval_accuracy": 0.4684000015258789, "eval_mae": 0.6884, "eval_runtime": 23.9336, "eval_samples_per_second": 208.912}