{"eval_loss": 1.0058207511901855, "eval_accuracy": 0.5763999819755554, "eval_mae": 0.4956, "eval_runtime": 16.464, "eval_samples_per_second": 303.692}