{"eval_loss": 1.0534584522247314, "eval_accuracy": 0.5297999978065491, "eval_mae": 0.5674, "eval_runtime": 17.0349, "eval_samples_per_second": 293.515}