{"eval_loss": 1.240094780921936, "eval_accuracy": 0.5019999742507935, "eval_mae": 0.5926, "eval_runtime": 31.0085, "eval_samples_per_second": 161.246}