{"eval_loss": 1.2387582063674927, "eval_accuracy": 0.49720001220703125, "eval_mae": 0.647, "eval_runtime": 19.7429, "eval_samples_per_second": 253.256}