{"eval_loss": 1.0072917938232422, "eval_accuracy": 0.5924000144004822, "eval_mae": 0.469, "eval_runtime": 17.1718, "eval_samples_per_second": 291.175}