{"eval_loss": 1.0119144916534424, "eval_accuracy": 0.5807999968528748, "eval_mae": 0.4814, "eval_runtime": 16.664, "eval_samples_per_second": 300.048}