{"eval_loss": 1.3483483791351318, "eval_accuracy": 0.4715999960899353, "eval_mae": 0.6896, "eval_runtime": 17.2458, "eval_samples_per_second": 289.926}