{"eval_loss": 1.0187193155288696, "eval_accuracy": 0.5812000036239624, "eval_mae": 0.4936, "eval_runtime": 19.229, "eval_samples_per_second": 260.024}