{"eval_loss": 0.9358863234519958, "eval_accuracy": 0.6018000245094299, "eval_mae": 0.454, "eval_runtime": 17.0442, "eval_samples_per_second": 293.355}