{"eval_loss": 1.177146553993225, "eval_accuracy": 0.5034000277519226, "eval_mae": 0.5908, "eval_runtime": 17.3482, "eval_samples_per_second": 288.215}