{"eval_loss": 1.0068656206130981, "eval_accuracy": 0.5935999751091003, "eval_mae": 0.468, "eval_runtime": 17.1666, "eval_samples_per_second": 291.263}