{"eval_loss": 1.0058969259262085, "eval_accuracy": 0.5763999819755554, "eval_mae": 0.4954, "eval_runtime": 17.2126, "eval_samples_per_second": 290.486}