{"eval_loss": 1.0142484903335571, "eval_accuracy": 0.5651999711990356, "eval_mae": 0.5064, "eval_runtime": 17.0602, "eval_samples_per_second": 293.081}