{"eval_loss": 1.14680814743042, "eval_accuracy": 0.5491999983787537, "eval_mae": 0.5806, "eval_runtime": 16.4438, "eval_samples_per_second": 304.066}