{"eval_loss": 1.2491114139556885, "eval_accuracy": 0.4918000102043152, "eval_mae": 0.6548, "eval_runtime": 19.0412, "eval_samples_per_second": 262.588}