{"eval_loss": 1.080257773399353, "eval_accuracy": 0.5569999814033508, "eval_mae": 0.5676, "eval_runtime": 18.4409, "eval_samples_per_second": 271.136}