{"eval_loss": 1.024530053138733, "eval_accuracy": 0.5684000253677368, "eval_mae": 0.5116, "eval_runtime": 17.2988, "eval_samples_per_second": 289.037}