{"eval_loss": 1.0248517990112305, "eval_accuracy": 0.5562000274658203, "eval_mae": 0.5348, "eval_runtime": 17.2287, "eval_samples_per_second": 290.214}