{"eval_loss": 1.005356788635254, "eval_accuracy": 0.5756000280380249, "eval_mae": 0.4962, "eval_runtime": 17.2736, "eval_samples_per_second": 289.459}