{"eval_loss": 1.1689082384109497, "eval_accuracy": 0.5070000290870667, "eval_mae": 0.5886, "eval_runtime": 16.6455, "eval_samples_per_second": 300.382}