{"eval_loss": 1.0294989347457886, "eval_accuracy": 0.5465999841690063, "eval_mae": 0.538, "eval_runtime": 16.654, "eval_samples_per_second": 300.228}