{"eval_loss": 1.337957501411438, "eval_accuracy": 0.47040000557899475, "eval_mae": 0.6884, "eval_runtime": 19.5598, "eval_samples_per_second": 255.627}