{"eval_loss": 1.0066859722137451, "eval_accuracy": 0.593999981880188, "eval_mae": 0.4674, "eval_runtime": 17.0723, "eval_samples_per_second": 292.872}