{"eval_loss": 1.0186538696289062, "eval_accuracy": 0.5812000036239624, "eval_mae": 0.4936, "eval_runtime": 29.7964, "eval_samples_per_second": 167.805}