{"eval_loss": 1.146895170211792, "eval_accuracy": 0.5493999719619751, "eval_mae": 0.5812, "eval_runtime": 16.7344, "eval_samples_per_second": 298.786}