{"eval_loss": 1.0859935283660889, "eval_accuracy": 0.5478000044822693, "eval_mae": 0.541, "eval_runtime": 31.7264, "eval_samples_per_second": 157.597}