{"eval_loss": 1.3452777862548828, "eval_accuracy": 0.4717999994754791, "eval_mae": 0.6898, "eval_runtime": 16.5214, "eval_samples_per_second": 302.638}