{"eval_loss": 1.0854336023330688, "eval_accuracy": 0.574400007724762, "eval_mae": 0.5106, "eval_runtime": 16.986, "eval_samples_per_second": 294.36}