{"eval_loss": 1.0066275596618652, "eval_accuracy": 0.5928000211715698, "eval_mae": 0.4684, "eval_runtime": 17.0992, "eval_samples_per_second": 292.412}