{"eval_loss": 0.9910033941268921, "eval_accuracy": 0.5709999799728394, "eval_mae": 0.5068, "eval_runtime": 16.9949, "eval_samples_per_second": 294.205}