{"eval_loss": 0.8896461129188538, "eval_accuracy": 0.6362000107765198, "eval_mae": 0.4148, "eval_runtime": 18.9004, "eval_samples_per_second": 264.545}