{"eval_loss": 1.3394396305084229, "eval_accuracy": 0.46779999136924744, "eval_mae": 0.689, "eval_runtime": 22.9651, "eval_samples_per_second": 217.722}