{"eval_loss": 1.0185009241104126, "eval_accuracy": 0.5813999772071838, "eval_mae": 0.4934, "eval_runtime": 21.9551, "eval_samples_per_second": 227.737}