{"eval_loss": 1.0805554389953613, "eval_accuracy": 0.5573999881744385, "eval_mae": 0.5638, "eval_runtime": 18.5035, "eval_samples_per_second": 270.219}