{"eval_loss": 0.9505555629730225, "eval_accuracy": 0.6212000250816345, "eval_mae": 0.4276, "eval_runtime": 17.4392, "eval_samples_per_second": 286.711}