{"eval_loss": 1.0058882236480713, "eval_accuracy": 0.5758000016212463, "eval_mae": 0.4962, "eval_runtime": 16.3607, "eval_samples_per_second": 305.611}