{"eval_loss": 1.0173406600952148, "eval_accuracy": 0.5788000226020813, "eval_mae": 0.4836, "eval_runtime": 17.4744, "eval_samples_per_second": 286.133}