{"eval_loss": 1.0778475999832153, "eval_accuracy": 0.5577999949455261, "eval_mae": 0.5314, "eval_runtime": 21.4858, "eval_samples_per_second": 232.712}