{"eval_loss": 1.2425302267074585, "eval_accuracy": 0.5001999735832214, "eval_mae": 0.595, "eval_runtime": 18.6891, "eval_samples_per_second": 267.535}