{"eval_loss": 0.9905113577842712, "eval_accuracy": 0.5708000063896179, "eval_mae": 0.507, "eval_runtime": 16.2357, "eval_samples_per_second": 307.964}