{"eval_loss": 1.239025592803955, "eval_accuracy": 0.4968000054359436, "eval_mae": 0.6478, "eval_runtime": 23.0941, "eval_samples_per_second": 216.505}