{"eval_loss": 1.0628025531768799, "eval_accuracy": 0.5583999752998352, "eval_mae": 0.5204, "eval_runtime": 18.4975, "eval_samples_per_second": 270.306}