{"eval_loss": 1.045674204826355, "eval_accuracy": 0.5609999895095825, "eval_mae": 0.5084, "eval_runtime": 18.4893, "eval_samples_per_second": 270.427}