{"eval_loss": 1.3524388074874878, "eval_accuracy": 0.4830000102519989, "eval_mae": 0.6714, "eval_runtime": 18.5119, "eval_samples_per_second": 270.097}