{"eval_loss": 0.9908766746520996, "eval_accuracy": 0.5709999799728394, "eval_mae": 0.5082, "eval_runtime": 17.3017, "eval_samples_per_second": 288.989}