{"eval_loss": 1.2278850078582764, "eval_accuracy": 0.5062000155448914, "eval_mae": 0.6214, "eval_runtime": 18.8112, "eval_samples_per_second": 265.8}