{"eval_loss": 1.3895190954208374, "eval_accuracy": 0.4812000095844269, "eval_mae": 0.672, "eval_runtime": 33.7973, "eval_samples_per_second": 147.941}