{"eval_loss": 1.0250173807144165, "eval_accuracy": 0.5547999739646912, "eval_mae": 0.5358, "eval_runtime": 17.7168, "eval_samples_per_second": 282.218}