{"eval_loss": 1.3476399183273315, "eval_accuracy": 0.4726000130176544, "eval_mae": 0.6892, "eval_runtime": 17.3298, "eval_samples_per_second": 288.521}