{"eval_loss": 1.016839861869812, "eval_accuracy": 0.5785999894142151, "eval_mae": 0.4846, "eval_runtime": 17.6793, "eval_samples_per_second": 282.817}