{"eval_loss": 1.0150256156921387, "eval_accuracy": 0.5809999704360962, "eval_mae": 0.482, "eval_runtime": 19.5301, "eval_samples_per_second": 256.015}