{"eval_loss": 0.9477737545967102, "eval_accuracy": 0.5928000211715698, "eval_mae": 0.4696, "eval_runtime": 21.1659, "eval_samples_per_second": 236.229}