{"eval_loss": 1.1477950811386108, "eval_accuracy": 0.5482000112533569, "eval_mae": 0.583, "eval_runtime": 17.4663, "eval_samples_per_second": 286.266}