{"eval_loss": 1.0054506063461304, "eval_accuracy": 0.5759999752044678, "eval_mae": 0.4954, "eval_runtime": 16.4054, "eval_samples_per_second": 304.778}