{"eval_loss": 1.3673417568206787, "eval_accuracy": 0.45739999413490295, "eval_mae": 0.7312, "eval_runtime": 16.8059, "eval_samples_per_second": 297.515}