{"eval_loss": 1.0809539556503296, "eval_accuracy": 0.5564000010490417, "eval_mae": 0.565, "eval_runtime": 21.1109, "eval_samples_per_second": 236.845}