{"eval_loss": 1.062597632408142, "eval_accuracy": 0.5559999942779541, "eval_mae": 0.5226, "eval_runtime": 18.4157, "eval_samples_per_second": 271.507}