{"eval_loss": 0.9482336044311523, "eval_accuracy": 0.6060000061988831, "eval_mae": 0.4494, "eval_runtime": 20.0829, "eval_samples_per_second": 248.969}