{"eval_loss": 1.0449084043502808, "eval_accuracy": 0.5583999752998352, "eval_mae": 0.5126, "eval_runtime": 18.5404, "eval_samples_per_second": 269.681}