{"eval_loss": 1.2948864698410034, "eval_accuracy": 0.46720001101493835, "eval_mae": 0.6826, "eval_runtime": 33.8519, "eval_samples_per_second": 147.702}