{"eval_loss": 0.9358751177787781, "eval_accuracy": 0.6007999777793884, "eval_mae": 0.4544, "eval_runtime": 17.8896, "eval_samples_per_second": 279.493}