{"eval_loss": 1.3662428855895996, "eval_accuracy": 0.46000000834465027, "eval_mae": 0.7302, "eval_runtime": 17.287, "eval_samples_per_second": 289.235}