{"eval_loss": 1.3666023015975952, "eval_accuracy": 0.45879998803138733, "eval_mae": 0.7308, "eval_runtime": 16.7065, "eval_samples_per_second": 299.284}