{"eval_loss": 1.0861464738845825, "eval_accuracy": 0.548799991607666, "eval_mae": 0.5404, "eval_runtime": 23.9897, "eval_samples_per_second": 208.423}