{"eval_loss": 0.9496224522590637, "eval_accuracy": 0.6068000197410583, "eval_mae": 0.4494, "eval_runtime": 19.1311, "eval_samples_per_second": 261.355}