{"eval_loss": 1.0657258033752441, "eval_accuracy": 0.5577999949455261, "eval_mae": 0.5204, "eval_runtime": 18.5559, "eval_samples_per_second": 269.456}