{"eval_loss": 0.9358978271484375, "eval_accuracy": 0.6018000245094299, "eval_mae": 0.4544, "eval_runtime": 17.0525, "eval_samples_per_second": 293.212}