{"eval_loss": 0.9359915852546692, "eval_accuracy": 0.5996000170707703, "eval_mae": 0.457, "eval_runtime": 16.3743, "eval_samples_per_second": 305.356}