{"eval_loss": 1.3487294912338257, "eval_accuracy": 0.4706000089645386, "eval_mae": 0.6906, "eval_runtime": 17.3369, "eval_samples_per_second": 288.402}