{"eval_loss": 1.0142822265625, "eval_accuracy": 0.5649999976158142, "eval_mae": 0.5068, "eval_runtime": 17.0082, "eval_samples_per_second": 293.976}