{"eval_loss": 0.9484835863113403, "eval_accuracy": 0.5906000137329102, "eval_mae": 0.4636, "eval_runtime": 16.1183, "eval_samples_per_second": 310.207}