{"eval_loss": 1.0766501426696777, "eval_accuracy": 0.5587999820709229, "eval_mae": 0.5302, "eval_runtime": 34.9603, "eval_samples_per_second": 143.019}