{"eval_loss": 1.364927887916565, "eval_accuracy": 0.4578000009059906, "eval_mae": 0.729, "eval_runtime": 16.8871, "eval_samples_per_second": 296.084}