{"eval_loss": 1.0246388912200928, "eval_accuracy": 0.5565999746322632, "eval_mae": 0.5346, "eval_runtime": 17.2839, "eval_samples_per_second": 289.287}