{"eval_loss": 1.0153224468231201, "eval_accuracy": 0.5645999908447266, "eval_mae": 0.507, "eval_runtime": 17.0058, "eval_samples_per_second": 294.017}