{"eval_loss": 1.3398677110671997, "eval_accuracy": 0.4749999940395355, "eval_mae": 0.6952, "eval_runtime": 16.9718, "eval_samples_per_second": 294.607}