{"eval_loss": 1.020976185798645, "eval_accuracy": 0.5703999996185303, "eval_mae": 0.5072, "eval_runtime": 16.594, "eval_samples_per_second": 301.313}