{"eval_loss": 1.020992636680603, "eval_accuracy": 0.5703999996185303, "eval_mae": 0.5076, "eval_runtime": 16.6888, "eval_samples_per_second": 299.602}