{"eval_loss": 1.1468074321746826, "eval_accuracy": 0.5486000180244446, "eval_mae": 0.5822, "eval_runtime": 16.5237, "eval_samples_per_second": 302.596}