{"eval_loss": 1.3646777868270874, "eval_accuracy": 0.4575999975204468, "eval_mae": 0.7318, "eval_runtime": 17.4101, "eval_samples_per_second": 287.189}