{"eval_loss": 1.0431421995162964, "eval_accuracy": 0.5613999962806702, "eval_mae": 0.5088, "eval_runtime": 18.0732, "eval_samples_per_second": 276.653}