{"eval_loss": 0.9509544968605042, "eval_accuracy": 0.6209999918937683, "eval_mae": 0.428, "eval_runtime": 17.3723, "eval_samples_per_second": 287.814}