{"eval_loss": 0.946482241153717, "eval_accuracy": 0.6057999730110168, "eval_mae": 0.4564, "eval_runtime": 17.2523, "eval_samples_per_second": 289.817}