{"eval_loss": 0.8893564343452454, "eval_accuracy": 0.6363999843597412, "eval_mae": 0.4146, "eval_runtime": 19.8799, "eval_samples_per_second": 251.511}