{"eval_loss": 0.9558749198913574, "eval_accuracy": 0.5996000170707703, "eval_mae": 0.4652, "eval_runtime": 17.5632, "eval_samples_per_second": 284.686}