{"eval_loss": 1.0860025882720947, "eval_accuracy": 0.5479999780654907, "eval_mae": 0.5406, "eval_runtime": 23.2719, "eval_samples_per_second": 214.851}