{"eval_loss": 1.0520963668823242, "eval_accuracy": 0.5271999835968018, "eval_mae": 0.5704, "eval_runtime": 16.9085, "eval_samples_per_second": 295.71}