{"eval_loss": 1.3687573671340942, "eval_accuracy": 0.45739999413490295, "eval_mae": 0.7316, "eval_runtime": 17.3556, "eval_samples_per_second": 288.092}