{"eval_loss": 1.0532610416412354, "eval_accuracy": 0.527999997138977, "eval_mae": 0.5686, "eval_runtime": 16.9412, "eval_samples_per_second": 295.139}