{"eval_loss": 1.044958233833313, "eval_accuracy": 0.5622000098228455, "eval_mae": 0.5086, "eval_runtime": 18.3785, "eval_samples_per_second": 272.058}