{"eval_loss": 1.3489632606506348, "eval_accuracy": 0.4724000096321106, "eval_mae": 0.6904, "eval_runtime": 16.3621, "eval_samples_per_second": 305.585}