{"eval_loss": 1.0780056715011597, "eval_accuracy": 0.5740000009536743, "eval_mae": 0.513, "eval_runtime": 16.4133, "eval_samples_per_second": 304.63}