{"eval_loss": 0.9473058581352234, "eval_accuracy": 0.5911999940872192, "eval_mae": 0.4626, "eval_runtime": 16.2058, "eval_samples_per_second": 308.531}