{"eval_loss": 1.351396918296814, "eval_accuracy": 0.47200000286102295, "eval_mae": 0.6914, "eval_runtime": 17.3094, "eval_samples_per_second": 288.861}