{"eval_loss": 1.3429524898529053, "eval_accuracy": 0.4742000102996826, "eval_mae": 0.6958, "eval_runtime": 16.8883, "eval_samples_per_second": 296.064}