{"eval_loss": 1.0248229503631592, "eval_accuracy": 0.5564000010490417, "eval_mae": 0.5346, "eval_runtime": 17.3496, "eval_samples_per_second": 288.191}