{"eval_loss": 0.9489521384239197, "eval_accuracy": 0.5898000001907349, "eval_mae": 0.4634, "eval_runtime": 16.1695, "eval_samples_per_second": 309.224}