{"eval_loss": 1.3470650911331177, "eval_accuracy": 0.4708000123500824, "eval_mae": 0.6892, "eval_runtime": 17.2885, "eval_samples_per_second": 289.209}