{"eval_loss": 1.0626710653305054, "eval_accuracy": 0.5576000213623047, "eval_mae": 0.5218, "eval_runtime": 18.3426, "eval_samples_per_second": 272.59}