{"eval_loss": 1.3521032333374023, "eval_accuracy": 0.48260000348091125, "eval_mae": 0.6716, "eval_runtime": 20.0906, "eval_samples_per_second": 248.872}