{"eval_loss": 1.237660527229309, "eval_accuracy": 0.4973999857902527, "eval_mae": 0.647, "eval_runtime": 28.2559, "eval_samples_per_second": 176.954}