{"eval_loss": 0.9504139423370361, "eval_accuracy": 0.6212000250816345, "eval_mae": 0.4284, "eval_runtime": 17.3527, "eval_samples_per_second": 288.139}