{"eval_loss": 0.9791644811630249, "eval_accuracy": 0.5795999765396118, "eval_mae": 0.4904, "eval_runtime": 17.4567, "eval_samples_per_second": 286.423}