{"eval_loss": 1.2284886837005615, "eval_accuracy": 0.49799999594688416, "eval_mae": 0.6054, "eval_runtime": 18.351, "eval_samples_per_second": 272.464}