{"eval_loss": 0.9355863332748413, "eval_accuracy": 0.6010000109672546, "eval_mae": 0.4552, "eval_runtime": 17.0502, "eval_samples_per_second": 293.252}