{"eval_loss": 1.3678339719772339, "eval_accuracy": 0.45399999618530273, "eval_mae": 0.7374, "eval_runtime": 17.551, "eval_samples_per_second": 284.885}