{"eval_loss": 1.0454407930374146, "eval_accuracy": 0.5616000294685364, "eval_mae": 0.5078, "eval_runtime": 20.3933, "eval_samples_per_second": 245.179}