{"eval_loss": 1.0849356651306152, "eval_accuracy": 0.5748000144958496, "eval_mae": 0.5106, "eval_runtime": 16.3584, "eval_samples_per_second": 305.654}