{"eval_loss": 0.9609206914901733, "eval_accuracy": 0.5920000076293945, "eval_mae": 0.4842, "eval_runtime": 16.344, "eval_samples_per_second": 305.922}