{"eval_loss": 1.078354835510254, "eval_accuracy": 0.5587999820709229, "eval_mae": 0.5306, "eval_runtime": 18.515, "eval_samples_per_second": 270.052}