{"eval_loss": 1.0627402067184448, "eval_accuracy": 0.5577999949455261, "eval_mae": 0.5208, "eval_runtime": 18.4225, "eval_samples_per_second": 271.407}