{"eval_loss": 1.0183547735214233, "eval_accuracy": 0.5825999975204468, "eval_mae": 0.4944, "eval_runtime": 17.9444, "eval_samples_per_second": 278.639}