{"eval_loss": 0.9495885968208313, "eval_accuracy": 0.6074000000953674, "eval_mae": 0.4488, "eval_runtime": 18.8675, "eval_samples_per_second": 265.006}