{"eval_loss": 1.2275415658950806, "eval_accuracy": 0.5070000290870667, "eval_mae": 0.6208, "eval_runtime": 22.4002, "eval_samples_per_second": 223.213}