{"eval_loss": 1.0538235902786255, "eval_accuracy": 0.5264000296592712, "eval_mae": 0.5696, "eval_runtime": 16.1294, "eval_samples_per_second": 309.993}