{"eval_loss": 1.0543718338012695, "eval_accuracy": 0.5267999768257141, "eval_mae": 0.5738, "eval_runtime": 16.8859, "eval_samples_per_second": 296.105}