{"eval_loss": 1.0786552429199219, "eval_accuracy": 0.5586000084877014, "eval_mae": 0.5306, "eval_runtime": 28.1263, "eval_samples_per_second": 177.77}