{"eval_loss": 1.0869874954223633, "eval_accuracy": 0.5464000105857849, "eval_mae": 0.543, "eval_runtime": 32.656, "eval_samples_per_second": 153.111}