{"eval_loss": 0.9490529298782349, "eval_accuracy": 0.6064000129699707, "eval_mae": 0.4498, "eval_runtime": 18.4249, "eval_samples_per_second": 271.372}