{"eval_loss": 1.4437172412872314, "eval_accuracy": 0.43720000982284546, "eval_mae": 0.7318, "eval_runtime": 24.8034, "eval_samples_per_second": 201.585}