{"eval_loss": 1.014788031578064, "eval_accuracy": 0.5648000240325928, "eval_mae": 0.508, "eval_runtime": 16.4099, "eval_samples_per_second": 304.695}