{"eval_loss": 1.2330254316329956, "eval_accuracy": 0.49880000948905945, "eval_mae": 0.6454, "eval_runtime": 18.9624, "eval_samples_per_second": 263.68}