{"eval_loss": 0.9362537264823914, "eval_accuracy": 0.602400004863739, "eval_mae": 0.453, "eval_runtime": 16.9689, "eval_samples_per_second": 294.656}