{"eval_loss": 1.225899577140808, "eval_accuracy": 0.5088000297546387, "eval_mae": 0.6174, "eval_runtime": 18.7674, "eval_samples_per_second": 266.419}