{"eval_loss": 1.0749269723892212, "eval_accuracy": 0.5569999814033508, "eval_mae": 0.533, "eval_runtime": 18.59, "eval_samples_per_second": 268.962}