{"eval_loss": 1.0120625495910645, "eval_accuracy": 0.579200029373169, "eval_mae": 0.4834, "eval_runtime": 17.3958, "eval_samples_per_second": 287.426}