{"eval_loss": 1.047797679901123, "eval_accuracy": 0.5609999895095825, "eval_mae": 0.5094, "eval_runtime": 18.0757, "eval_samples_per_second": 276.615}