{"eval_loss": 1.3667798042297363, "eval_accuracy": 0.45719999074935913, "eval_mae": 0.7338, "eval_runtime": 17.4841, "eval_samples_per_second": 285.974}