{"eval_loss": 0.9905518293380737, "eval_accuracy": 0.5717999935150146, "eval_mae": 0.5064, "eval_runtime": 16.9148, "eval_samples_per_second": 295.599}