{"eval_loss": 1.0787222385406494, "eval_accuracy": 0.5582000017166138, "eval_mae": 0.531, "eval_runtime": 18.6297, "eval_samples_per_second": 268.388}