{"eval_loss": 1.3480619192123413, "eval_accuracy": 0.4717999994754791, "eval_mae": 0.69, "eval_runtime": 17.3208, "eval_samples_per_second": 288.671}