{"eval_loss": 0.990790605545044, "eval_accuracy": 0.5716000199317932, "eval_mae": 0.5072, "eval_runtime": 16.9873, "eval_samples_per_second": 294.338}