{"eval_loss": 0.9552526473999023, "eval_accuracy": 0.5989999771118164, "eval_mae": 0.4634, "eval_runtime": 16.6237, "eval_samples_per_second": 300.775}