{"eval_loss": 1.2286858558654785, "eval_accuracy": 0.506600022315979, "eval_mae": 0.6206, "eval_runtime": 29.0283, "eval_samples_per_second": 172.245}