{"eval_loss": 0.9467300772666931, "eval_accuracy": 0.6068000197410583, "eval_mae": 0.454, "eval_runtime": 17.3235, "eval_samples_per_second": 288.626}