{"eval_loss": 1.3498730659484863, "eval_accuracy": 0.46720001101493835, "eval_mae": 0.6924, "eval_runtime": 17.8045, "eval_samples_per_second": 280.828}