{"eval_loss": 1.018257737159729, "eval_accuracy": 0.5795999765396118, "eval_mae": 0.4822, "eval_runtime": 16.8265, "eval_samples_per_second": 297.15}