{"eval_loss": 1.349946141242981, "eval_accuracy": 0.46779999136924744, "eval_mae": 0.6958, "eval_runtime": 17.348, "eval_samples_per_second": 288.218}