{"eval_loss": 1.2388750314712524, "eval_accuracy": 0.4968000054359436, "eval_mae": 0.6478, "eval_runtime": 24.8797, "eval_samples_per_second": 200.967}