{"eval_loss": 1.2273832559585571, "eval_accuracy": 0.4986000061035156, "eval_mae": 0.6036, "eval_runtime": 18.4245, "eval_samples_per_second": 271.378}