{"eval_loss": 1.0189093351364136, "eval_accuracy": 0.5817999839782715, "eval_mae": 0.4934, "eval_runtime": 26.8755, "eval_samples_per_second": 186.043}