{"eval_loss": 0.978628933429718, "eval_accuracy": 0.5807999968528748, "eval_mae": 0.49, "eval_runtime": 16.3982, "eval_samples_per_second": 304.911}