{"eval_loss": 1.0249325037002563, "eval_accuracy": 0.5558000206947327, "eval_mae": 0.5356, "eval_runtime": 17.5711, "eval_samples_per_second": 284.558}