{"eval_loss": 1.0814900398254395, "eval_accuracy": 0.5537999868392944, "eval_mae": 0.5654, "eval_runtime": 21.9313, "eval_samples_per_second": 227.985}