{"eval_loss": 1.0067371129989624, "eval_accuracy": 0.5932000279426575, "eval_mae": 0.4684, "eval_runtime": 17.2251, "eval_samples_per_second": 290.275}