{"eval_loss": 1.0108611583709717, "eval_accuracy": 0.5813999772071838, "eval_mae": 0.4796, "eval_runtime": 17.4322, "eval_samples_per_second": 286.825}