{"eval_loss": 0.945675790309906, "eval_accuracy": 0.6043999791145325, "eval_mae": 0.458, "eval_runtime": 17.2203, "eval_samples_per_second": 290.355}