{"eval_loss": 0.9791663289070129, "eval_accuracy": 0.5824000239372253, "eval_mae": 0.4874, "eval_runtime": 17.5703, "eval_samples_per_second": 284.571}