{"eval_loss": 1.0627586841583252, "eval_accuracy": 0.5568000078201294, "eval_mae": 0.522, "eval_runtime": 18.3458, "eval_samples_per_second": 272.542}