{"eval_loss": 1.3528742790222168, "eval_accuracy": 0.4828000068664551, "eval_mae": 0.673, "eval_runtime": 18.3865, "eval_samples_per_second": 271.939}