{"eval_loss": 1.0625429153442383, "eval_accuracy": 0.5573999881744385, "eval_mae": 0.521, "eval_runtime": 18.3312, "eval_samples_per_second": 272.758}