{"eval_loss": 1.0816476345062256, "eval_accuracy": 0.5550000071525574, "eval_mae": 0.5358, "eval_runtime": 33.6417, "eval_samples_per_second": 148.625}