{"eval_loss": 1.228035807609558, "eval_accuracy": 0.49959999322891235, "eval_mae": 0.603, "eval_runtime": 18.4038, "eval_samples_per_second": 271.683}