{"eval_loss": 1.2389389276504517, "eval_accuracy": 0.4970000088214874, "eval_mae": 0.6476, "eval_runtime": 21.6442, "eval_samples_per_second": 231.009}