{"eval_loss": 1.3923131227493286, "eval_accuracy": 0.4805999994277954, "eval_mae": 0.674, "eval_runtime": 20.287, "eval_samples_per_second": 246.463}