{"eval_loss": 1.0056198835372925, "eval_accuracy": 0.5763999819755554, "eval_mae": 0.4954, "eval_runtime": 17.6277, "eval_samples_per_second": 283.644}