{"eval_loss": 0.9513298869132996, "eval_accuracy": 0.6209999918937683, "eval_mae": 0.4282, "eval_runtime": 17.4327, "eval_samples_per_second": 286.817}