{"eval_loss": 0.8897500038146973, "eval_accuracy": 0.6371999979019165, "eval_mae": 0.4138, "eval_runtime": 17.8755, "eval_samples_per_second": 279.713}