{"eval_loss": 1.0061450004577637, "eval_accuracy": 0.5934000015258789, "eval_mae": 0.4686, "eval_runtime": 17.1537, "eval_samples_per_second": 291.482}