{"eval_loss": 1.1536144018173218, "eval_accuracy": 0.506600022315979, "eval_mae": 0.5862, "eval_runtime": 17.3188, "eval_samples_per_second": 288.703}