{"eval_loss": 1.3667339086532593, "eval_accuracy": 0.4562000036239624, "eval_mae": 0.7326, "eval_runtime": 16.4176, "eval_samples_per_second": 304.552}