{"eval_loss": 0.9474402070045471, "eval_accuracy": 0.6000000238418579, "eval_mae": 0.4616, "eval_runtime": 16.4607, "eval_samples_per_second": 303.754}