{"eval_loss": 0.8895151615142822, "eval_accuracy": 0.6366000175476074, "eval_mae": 0.4144, "eval_runtime": 19.2039, "eval_samples_per_second": 260.364}