{"eval_loss": 1.0173648595809937, "eval_accuracy": 0.5794000029563904, "eval_mae": 0.4832, "eval_runtime": 17.6312, "eval_samples_per_second": 283.587}