{"eval_loss": 1.3643286228179932, "eval_accuracy": 0.45719999074935913, "eval_mae": 0.73, "eval_runtime": 17.3305, "eval_samples_per_second": 288.508}