{"eval_loss": 1.0302048921585083, "eval_accuracy": 0.5446000099182129, "eval_mae": 0.5412, "eval_runtime": 17.3771, "eval_samples_per_second": 287.736}