{"eval_loss": 1.0846543312072754, "eval_accuracy": 0.5748000144958496, "eval_mae": 0.5108, "eval_runtime": 16.3924, "eval_samples_per_second": 305.019}