{"eval_loss": 0.9915980696678162, "eval_accuracy": 0.5702000260353088, "eval_mae": 0.5082, "eval_runtime": 16.1192, "eval_samples_per_second": 310.189}