{"eval_loss": 0.9475493431091309, "eval_accuracy": 0.5917999744415283, "eval_mae": 0.4706, "eval_runtime": 23.6174, "eval_samples_per_second": 211.709}