{"eval_loss": 0.9623333215713501, "eval_accuracy": 0.5924000144004822, "eval_mae": 0.4838, "eval_runtime": 17.2823, "eval_samples_per_second": 289.314}