{"eval_loss": 1.0618029832839966, "eval_accuracy": 0.5576000213623047, "eval_mae": 0.5206, "eval_runtime": 18.4103, "eval_samples_per_second": 271.587}