{"eval_loss": 1.2453868389129639, "eval_accuracy": 0.5001999735832214, "eval_mae": 0.595, "eval_runtime": 18.0212, "eval_samples_per_second": 277.451}