{"eval_loss": 1.348642349243164, "eval_accuracy": 0.4713999927043915, "eval_mae": 0.6916, "eval_runtime": 16.7578, "eval_samples_per_second": 298.368}