{"eval_loss": 1.0467349290847778, "eval_accuracy": 0.5608000159263611, "eval_mae": 0.509, "eval_runtime": 18.4975, "eval_samples_per_second": 270.307}