{"eval_loss": 1.0114854574203491, "eval_accuracy": 0.579800009727478, "eval_mae": 0.4822, "eval_runtime": 16.8129, "eval_samples_per_second": 297.39}