{"eval_loss": 1.0865535736083984, "eval_accuracy": 0.5475999712944031, "eval_mae": 0.542, "eval_runtime": 18.5182, "eval_samples_per_second": 270.005}