{"eval_loss": 1.388996958732605, "eval_accuracy": 0.47859999537467957, "eval_mae": 0.676, "eval_runtime": 32.4711, "eval_samples_per_second": 153.983}