{"eval_loss": 0.9782421588897705, "eval_accuracy": 0.5820000171661377, "eval_mae": 0.4874, "eval_runtime": 17.4317, "eval_samples_per_second": 286.833}