{"eval_loss": 1.0142786502838135, "eval_accuracy": 0.5651999711990356, "eval_mae": 0.5074, "eval_runtime": 17.0003, "eval_samples_per_second": 294.113}