{"eval_loss": 1.3430842161178589, "eval_accuracy": 0.47440001368522644, "eval_mae": 0.696, "eval_runtime": 17.0145, "eval_samples_per_second": 293.867}