{"eval_loss": 1.018622636795044, "eval_accuracy": 0.5812000036239624, "eval_mae": 0.4938, "eval_runtime": 20.5213, "eval_samples_per_second": 243.649}