{"eval_loss": 1.019736409187317, "eval_accuracy": 0.5680000185966492, "eval_mae": 0.51, "eval_runtime": 17.4104, "eval_samples_per_second": 287.184}