{"eval_loss": 1.053565263748169, "eval_accuracy": 0.5278000235557556, "eval_mae": 0.5692, "eval_runtime": 16.0204, "eval_samples_per_second": 312.103}