{"eval_loss": 1.0061442852020264, "eval_accuracy": 0.5934000015258789, "eval_mae": 0.4678, "eval_runtime": 17.1783, "eval_samples_per_second": 291.065}