{"eval_loss": 0.888924241065979, "eval_accuracy": 0.6370000243186951, "eval_mae": 0.414, "eval_runtime": 18.9804, "eval_samples_per_second": 263.43}