{"eval_loss": 1.4435070753097534, "eval_accuracy": 0.4397999942302704, "eval_mae": 0.7292, "eval_runtime": 31.7488, "eval_samples_per_second": 157.486}