{"eval_loss": 1.3943533897399902, "eval_accuracy": 0.48179998993873596, "eval_mae": 0.6768, "eval_runtime": 20.1576, "eval_samples_per_second": 248.046}