{"eval_loss": 0.9560704231262207, "eval_accuracy": 0.5982000231742859, "eval_mae": 0.4646, "eval_runtime": 17.2892, "eval_samples_per_second": 289.197}