{"eval_loss": 1.0187095403671265, "eval_accuracy": 0.5812000036239624, "eval_mae": 0.4936, "eval_runtime": 19.7113, "eval_samples_per_second": 253.662}