{"eval_loss": 0.9907058477401733, "eval_accuracy": 0.5716000199317932, "eval_mae": 0.507, "eval_runtime": 16.9854, "eval_samples_per_second": 294.371}