{"eval_loss": 1.0621337890625, "eval_accuracy": 0.5573999881744385, "eval_mae": 0.5212, "eval_runtime": 18.3564, "eval_samples_per_second": 272.385}