{"eval_loss": 0.9359164237976074, "eval_accuracy": 0.6014000177383423, "eval_mae": 0.4552, "eval_runtime": 17.073, "eval_samples_per_second": 292.86}