{"eval_loss": 1.1470928192138672, "eval_accuracy": 0.5479999780654907, "eval_mae": 0.5832, "eval_runtime": 16.8068, "eval_samples_per_second": 297.498}