{"eval_loss": 1.2384113073349, "eval_accuracy": 0.4975999891757965, "eval_mae": 0.647, "eval_runtime": 20.0966, "eval_samples_per_second": 248.799}