{"eval_loss": 1.337670922279358, "eval_accuracy": 0.4681999981403351, "eval_mae": 0.686, "eval_runtime": 19.9096, "eval_samples_per_second": 251.135}