{"eval_loss": 1.3538111448287964, "eval_accuracy": 0.48179998993873596, "eval_mae": 0.6746, "eval_runtime": 18.1299, "eval_samples_per_second": 275.787}