{"eval_loss": 1.1555982828140259, "eval_accuracy": 0.5013999938964844, "eval_mae": 0.5892, "eval_runtime": 18.1557, "eval_samples_per_second": 275.396}