{"eval_loss": 1.2977368831634521, "eval_accuracy": 0.4684000015258789, "eval_mae": 0.6816, "eval_runtime": 27.5973, "eval_samples_per_second": 181.177}