{"eval_loss": 1.086112141609192, "eval_accuracy": 0.5717999935150146, "eval_mae": 0.513, "eval_runtime": 16.101, "eval_samples_per_second": 310.541}