{"eval_loss": 1.0867571830749512, "eval_accuracy": 0.5752000212669373, "eval_mae": 0.5084, "eval_runtime": 16.4702, "eval_samples_per_second": 303.579}