{"eval_loss": 1.0849946737289429, "eval_accuracy": 0.5752000212669373, "eval_mae": 0.5112, "eval_runtime": 16.4369, "eval_samples_per_second": 304.194}