{"eval_loss": 1.241957426071167, "eval_accuracy": 0.5001999735832214, "eval_mae": 0.5954, "eval_runtime": 21.6913, "eval_samples_per_second": 230.507}