{"eval_loss": 1.0238394737243652, "eval_accuracy": 0.5544000267982483, "eval_mae": 0.5366, "eval_runtime": 17.2763, "eval_samples_per_second": 289.414}