{"eval_loss": 1.2195340394973755, "eval_accuracy": 0.4941999912261963, "eval_mae": 0.61, "eval_runtime": 18.3205, "eval_samples_per_second": 272.918}