{"eval_loss": 0.9467439651489258, "eval_accuracy": 0.6050000190734863, "eval_mae": 0.4564, "eval_runtime": 17.1542, "eval_samples_per_second": 291.474}