{"eval_loss": 1.0532375574111938, "eval_accuracy": 0.526199996471405, "eval_mae": 0.5712, "eval_runtime": 16.3019, "eval_samples_per_second": 306.713}