{"eval_loss": 1.0630568265914917, "eval_accuracy": 0.5586000084877014, "eval_mae": 0.5206, "eval_runtime": 18.0834, "eval_samples_per_second": 276.497}