{"eval_loss": 1.0306895971298218, "eval_accuracy": 0.5411999821662903, "eval_mae": 0.5438, "eval_runtime": 16.8559, "eval_samples_per_second": 296.631}