{"eval_loss": 1.0037529468536377, "eval_accuracy": 0.5745999813079834, "eval_mae": 0.4972, "eval_runtime": 16.6887, "eval_samples_per_second": 299.604}