{"eval_loss": 1.062988042831421, "eval_accuracy": 0.5583999752998352, "eval_mae": 0.5208, "eval_runtime": 18.3963, "eval_samples_per_second": 271.793}