{"eval_loss": 1.2280452251434326, "eval_accuracy": 0.5009999871253967, "eval_mae": 0.6016, "eval_runtime": 18.5009, "eval_samples_per_second": 270.257}