{"eval_loss": 0.9908395409584045, "eval_accuracy": 0.5702000260353088, "eval_mae": 0.5078, "eval_runtime": 16.9668, "eval_samples_per_second": 294.693}