{"eval_loss": 0.9603941440582275, "eval_accuracy": 0.592199981212616, "eval_mae": 0.484, "eval_runtime": 17.4338, "eval_samples_per_second": 286.799}