{"eval_loss": 1.0066832304000854, "eval_accuracy": 0.593999981880188, "eval_mae": 0.4674, "eval_runtime": 17.2243, "eval_samples_per_second": 290.288}