{"eval_loss": 0.9361037015914917, "eval_accuracy": 0.6018000245094299, "eval_mae": 0.4546, "eval_runtime": 17.0092, "eval_samples_per_second": 293.959}