{"eval_loss": 1.1716564893722534, "eval_accuracy": 0.5045999884605408, "eval_mae": 0.5898, "eval_runtime": 17.4805, "eval_samples_per_second": 286.032}