{"eval_loss": 0.9358949065208435, "eval_accuracy": 0.6014000177383423, "eval_mae": 0.4546, "eval_runtime": 16.7004, "eval_samples_per_second": 299.395}