{"eval_loss": 1.0626238584518433, "eval_accuracy": 0.5576000213623047, "eval_mae": 0.5208, "eval_runtime": 18.1041, "eval_samples_per_second": 276.181}