{"eval_loss": 1.0228734016418457, "eval_accuracy": 0.5582000017166138, "eval_mae": 0.5324, "eval_runtime": 17.4987, "eval_samples_per_second": 285.735}