{"eval_loss": 1.0043323040008545, "eval_accuracy": 0.5758000016212463, "eval_mae": 0.4952, "eval_runtime": 17.1477, "eval_samples_per_second": 291.585}