{"eval_loss": 1.0856423377990723, "eval_accuracy": 0.5483999848365784, "eval_mae": 0.54, "eval_runtime": 21.1077, "eval_samples_per_second": 236.88}