{"eval_loss": 1.1472095251083374, "eval_accuracy": 0.5478000044822693, "eval_mae": 0.5838, "eval_runtime": 17.4223, "eval_samples_per_second": 286.988}