{"eval_loss": 1.3924000263214111, "eval_accuracy": 0.48080000281333923, "eval_mae": 0.6736, "eval_runtime": 21.101, "eval_samples_per_second": 236.956}