{"eval_loss": 1.3373216390609741, "eval_accuracy": 0.4779999852180481, "eval_mae": 0.6934, "eval_runtime": 17.0387, "eval_samples_per_second": 293.449}