{"eval_loss": 1.2306891679763794, "eval_accuracy": 0.49939998984336853, "eval_mae": 0.6026, "eval_runtime": 18.4858, "eval_samples_per_second": 270.478}