{"eval_loss": 0.8888902068138123, "eval_accuracy": 0.6362000107765198, "eval_mae": 0.415, "eval_runtime": 20.0805, "eval_samples_per_second": 248.998}