{"eval_loss": 0.9516103267669678, "eval_accuracy": 0.6050000190734863, "eval_mae": 0.4524, "eval_runtime": 20.4659, "eval_samples_per_second": 244.309}