{"eval_loss": 1.1770215034484863, "eval_accuracy": 0.5034000277519226, "eval_mae": 0.5908, "eval_runtime": 17.3852, "eval_samples_per_second": 287.601}