{"eval_loss": 0.9474684596061707, "eval_accuracy": 0.5914000272750854, "eval_mae": 0.4722, "eval_runtime": 17.9182, "eval_samples_per_second": 279.045}