{"eval_loss": 1.018742561340332, "eval_accuracy": 0.5812000036239624, "eval_mae": 0.4946, "eval_runtime": 23.9736, "eval_samples_per_second": 208.562}