{"eval_loss": 1.3507617712020874, "eval_accuracy": 0.4828000068664551, "eval_mae": 0.6714, "eval_runtime": 23.0786, "eval_samples_per_second": 216.651}