{"eval_loss": 1.0626380443572998, "eval_accuracy": 0.5580000281333923, "eval_mae": 0.521, "eval_runtime": 18.3355, "eval_samples_per_second": 272.695}