{"eval_loss": 1.3418418169021606, "eval_accuracy": 0.4758000075817108, "eval_mae": 0.6936, "eval_runtime": 16.9911, "eval_samples_per_second": 294.272}