{"eval_loss": 0.9452818632125854, "eval_accuracy": 0.6057999730110168, "eval_mae": 0.4554, "eval_runtime": 17.1918, "eval_samples_per_second": 290.837}