{"eval_loss": 1.3506593704223633, "eval_accuracy": 0.4837999939918518, "eval_mae": 0.6704, "eval_runtime": 18.118, "eval_samples_per_second": 275.969}