{"eval_loss": 1.227737307548523, "eval_accuracy": 0.5062000155448914, "eval_mae": 0.6226, "eval_runtime": 18.9822, "eval_samples_per_second": 263.405}