{"eval_loss": 1.351166844367981, "eval_accuracy": 0.48260000348091125, "eval_mae": 0.6702, "eval_runtime": 24.2525, "eval_samples_per_second": 206.164}