{"eval_loss": 1.349718689918518, "eval_accuracy": 0.47119998931884766, "eval_mae": 0.692, "eval_runtime": 17.2626, "eval_samples_per_second": 289.643}