{"eval_loss": 1.054280161857605, "eval_accuracy": 0.5266000032424927, "eval_mae": 0.5712, "eval_runtime": 16.2754, "eval_samples_per_second": 307.212}