{"eval_loss": 1.030820369720459, "eval_accuracy": 0.5464000105857849, "eval_mae": 0.5404, "eval_runtime": 17.0358, "eval_samples_per_second": 293.5}