{"eval_loss": 1.366947889328003, "eval_accuracy": 0.45820000767707825, "eval_mae": 0.7314, "eval_runtime": 17.3117, "eval_samples_per_second": 288.821}