{"eval_loss": 0.9477121233940125, "eval_accuracy": 0.5925999879837036, "eval_mae": 0.4694, "eval_runtime": 18.8435, "eval_samples_per_second": 265.343}