{"eval_loss": 1.0054653882980347, "eval_accuracy": 0.574999988079071, "eval_mae": 0.4966, "eval_runtime": 17.5102, "eval_samples_per_second": 285.549}