{"eval_loss": 1.3492698669433594, "eval_accuracy": 0.4830000102519989, "eval_mae": 0.677, "eval_runtime": 18.671, "eval_samples_per_second": 267.796}