{"eval_loss": 1.0098755359649658, "eval_accuracy": 0.5803999900817871, "eval_mae": 0.4816, "eval_runtime": 17.5012, "eval_samples_per_second": 285.695}