{"eval_loss": 0.9354369044303894, "eval_accuracy": 0.6021999716758728, "eval_mae": 0.4542, "eval_runtime": 16.3873, "eval_samples_per_second": 305.114}