{"eval_loss": 1.0056301355361938, "eval_accuracy": 0.576200008392334, "eval_mae": 0.4958, "eval_runtime": 17.6254, "eval_samples_per_second": 283.681}