{"eval_loss": 1.0252128839492798, "eval_accuracy": 0.5544000267982483, "eval_mae": 0.538, "eval_runtime": 17.5684, "eval_samples_per_second": 284.602}