{"eval_loss": 1.020874261856079, "eval_accuracy": 0.5702000260353088, "eval_mae": 0.5076, "eval_runtime": 17.3839, "eval_samples_per_second": 287.622}