{"eval_loss": 1.0061302185058594, "eval_accuracy": 0.5932000279426575, "eval_mae": 0.468, "eval_runtime": 17.2668, "eval_samples_per_second": 289.573}