{"eval_loss": 0.9361226558685303, "eval_accuracy": 0.6001999974250793, "eval_mae": 0.4558, "eval_runtime": 16.5285, "eval_samples_per_second": 302.507}