{"eval_loss": 1.0061662197113037, "eval_accuracy": 0.576200008392334, "eval_mae": 0.4952, "eval_runtime": 17.1097, "eval_samples_per_second": 292.232}