{"eval_loss": 1.0216058492660522, "eval_accuracy": 0.5703999996185303, "eval_mae": 0.5074, "eval_runtime": 17.2847, "eval_samples_per_second": 289.273}