{"eval_loss": 1.3497101068496704, "eval_accuracy": 0.475600004196167, "eval_mae": 0.695, "eval_runtime": 17.1198, "eval_samples_per_second": 292.059}