{"eval_loss": 0.889614462852478, "eval_accuracy": 0.6371999979019165, "eval_mae": 0.4138, "eval_runtime": 21.0975, "eval_samples_per_second": 236.995}