{"eval_loss": 1.029673457145691, "eval_accuracy": 0.5425999760627747, "eval_mae": 0.5434, "eval_runtime": 16.5254, "eval_samples_per_second": 302.565}