{"eval_loss": 1.1553468704223633, "eval_accuracy": 0.4997999966144562, "eval_mae": 0.5908, "eval_runtime": 16.6931, "eval_samples_per_second": 299.524}