{"eval_loss": 0.9480142593383789, "eval_accuracy": 0.5902000069618225, "eval_mae": 0.4636, "eval_runtime": 17.2123, "eval_samples_per_second": 290.489}