{"eval_loss": 0.9486316442489624, "eval_accuracy": 0.5907999873161316, "eval_mae": 0.4628, "eval_runtime": 16.4883, "eval_samples_per_second": 303.245}