{"eval_loss": 1.0843158960342407, "eval_accuracy": 0.5753999948501587, "eval_mae": 0.5098, "eval_runtime": 16.8359, "eval_samples_per_second": 296.984}