{"eval_loss": 1.0163168907165527, "eval_accuracy": 0.5658000111579895, "eval_mae": 0.5064, "eval_runtime": 17.2066, "eval_samples_per_second": 290.586}