{"eval_loss": 0.9487422108650208, "eval_accuracy": 0.5914000272750854, "eval_mae": 0.4624, "eval_runtime": 16.6513, "eval_samples_per_second": 300.276}