{"eval_loss": 1.441794514656067, "eval_accuracy": 0.4392000138759613, "eval_mae": 0.73, "eval_runtime": 18.5346, "eval_samples_per_second": 269.765}