{"eval_loss": 1.0297930240631104, "eval_accuracy": 0.5460000038146973, "eval_mae": 0.539, "eval_runtime": 16.4665, "eval_samples_per_second": 303.646}