{"eval_loss": 1.1791895627975464, "eval_accuracy": 0.503000020980835, "eval_mae": 0.5932, "eval_runtime": 17.2918, "eval_samples_per_second": 289.154}