{"eval_loss": 1.0299007892608643, "eval_accuracy": 0.5465999841690063, "eval_mae": 0.539, "eval_runtime": 16.6063, "eval_samples_per_second": 301.091}