{"eval_loss": 0.9461175799369812, "eval_accuracy": 0.6050000190734863, "eval_mae": 0.457, "eval_runtime": 16.4106, "eval_samples_per_second": 304.681}