{"eval_loss": 1.016751766204834, "eval_accuracy": 0.5799999833106995, "eval_mae": 0.4816, "eval_runtime": 17.4698, "eval_samples_per_second": 286.207}