{"eval_loss": 1.154921531677246, "eval_accuracy": 0.5004000067710876, "eval_mae": 0.5918, "eval_runtime": 17.3057, "eval_samples_per_second": 288.922}