{"eval_loss": 1.0863871574401855, "eval_accuracy": 0.5479999780654907, "eval_mae": 0.541, "eval_runtime": 18.9274, "eval_samples_per_second": 264.167}