{"eval_loss": 0.9472441673278809, "eval_accuracy": 0.5910000205039978, "eval_mae": 0.4622, "eval_runtime": 16.6031, "eval_samples_per_second": 301.149}