{"eval_loss": 1.2528927326202393, "eval_accuracy": 0.4997999966144562, "eval_mae": 0.5982, "eval_runtime": 22.9218, "eval_samples_per_second": 218.133}