{"eval_loss": 1.1613861322402954, "eval_accuracy": 0.49799999594688416, "eval_mae": 0.5964, "eval_runtime": 17.2801, "eval_samples_per_second": 289.351}