{"eval_loss": 1.4414777755737305, "eval_accuracy": 0.4392000138759613, "eval_mae": 0.7284, "eval_runtime": 37.0306, "eval_samples_per_second": 135.024}