{"eval_loss": 1.0116616487503052, "eval_accuracy": 0.579200029373169, "eval_mae": 0.4832, "eval_runtime": 17.3928, "eval_samples_per_second": 287.475}