{"eval_loss": 1.2386270761489868, "eval_accuracy": 0.49720001220703125, "eval_mae": 0.6474, "eval_runtime": 22.6705, "eval_samples_per_second": 220.551}