{"eval_loss": 1.0125306844711304, "eval_accuracy": 0.5626000165939331, "eval_mae": 0.5092, "eval_runtime": 17.0286, "eval_samples_per_second": 293.623}