{"eval_loss": 1.2395554780960083, "eval_accuracy": 0.5001999735832214, "eval_mae": 0.5948, "eval_runtime": 26.6991, "eval_samples_per_second": 187.272}