{"eval_loss": 0.9905908107757568, "eval_accuracy": 0.5730000138282776, "eval_mae": 0.505, "eval_runtime": 15.8136, "eval_samples_per_second": 316.184}