{"eval_loss": 0.9603428840637207, "eval_accuracy": 0.5925999879837036, "eval_mae": 0.4832, "eval_runtime": 17.353, "eval_samples_per_second": 288.135}