{"eval_loss": 1.3918074369430542, "eval_accuracy": 0.4787999987602234, "eval_mae": 0.6766, "eval_runtime": 18.7024, "eval_samples_per_second": 267.345}