{"eval_loss": 1.3670918941497803, "eval_accuracy": 0.4586000144481659, "eval_mae": 0.7308, "eval_runtime": 17.2173, "eval_samples_per_second": 290.405}