{"eval_loss": 1.3694655895233154, "eval_accuracy": 0.4578000009059906, "eval_mae": 0.73, "eval_runtime": 17.3633, "eval_samples_per_second": 287.964}