{"eval_loss": 1.013567566871643, "eval_accuracy": 0.5813999772071838, "eval_mae": 0.4814, "eval_runtime": 17.391, "eval_samples_per_second": 287.505}