{"eval_loss": 1.0803602933883667, "eval_accuracy": 0.5562000274658203, "eval_mae": 0.5652, "eval_runtime": 27.1528, "eval_samples_per_second": 184.143}