{"eval_loss": 1.0806564092636108, "eval_accuracy": 0.5558000206947327, "eval_mae": 0.565, "eval_runtime": 18.5119, "eval_samples_per_second": 270.097}