{"eval_loss": 1.0801019668579102, "eval_accuracy": 0.5559999942779541, "eval_mae": 0.5648, "eval_runtime": 23.8991, "eval_samples_per_second": 209.213}