{"eval_loss": 1.0111960172653198, "eval_accuracy": 0.5813999772071838, "eval_mae": 0.4808, "eval_runtime": 17.3751, "eval_samples_per_second": 287.769}