{"eval_loss": 0.88944411277771, "eval_accuracy": 0.6363999843597412, "eval_mae": 0.4146, "eval_runtime": 20.9007, "eval_samples_per_second": 239.226}