{"eval_loss": 1.4427375793457031, "eval_accuracy": 0.4399999976158142, "eval_mae": 0.729, "eval_runtime": 21.1607, "eval_samples_per_second": 236.287}