{"eval_loss": 1.0851144790649414, "eval_accuracy": 0.5756000280380249, "eval_mae": 0.5096, "eval_runtime": 17.1269, "eval_samples_per_second": 291.939}