{"eval_loss": 1.2396334409713745, "eval_accuracy": 0.4970000088214874, "eval_mae": 0.6478, "eval_runtime": 26.6007, "eval_samples_per_second": 187.965}