{"eval_loss": 1.0452936887741089, "eval_accuracy": 0.5609999895095825, "eval_mae": 0.5088, "eval_runtime": 20.8942, "eval_samples_per_second": 239.301}