{"eval_loss": 1.243218183517456, "eval_accuracy": 0.5019999742507935, "eval_mae": 0.5934, "eval_runtime": 18.3206, "eval_samples_per_second": 272.917}