{"eval_loss": 1.0055581331253052, "eval_accuracy": 0.5753999948501587, "eval_mae": 0.4964, "eval_runtime": 17.2101, "eval_samples_per_second": 290.527}