{"eval_loss": 1.0433379411697388, "eval_accuracy": 0.5595999956130981, "eval_mae": 0.5088, "eval_runtime": 19.676, "eval_samples_per_second": 254.116}