{"eval_loss": 0.9780568480491638, "eval_accuracy": 0.5807999968528748, "eval_mae": 0.489, "eval_runtime": 17.3434, "eval_samples_per_second": 288.294}