{"eval_loss": 0.951492965221405, "eval_accuracy": 0.6215999722480774, "eval_mae": 0.4284, "eval_runtime": 16.7876, "eval_samples_per_second": 297.838}