{"eval_loss": 1.0110276937484741, "eval_accuracy": 0.579800009727478, "eval_mae": 0.4834, "eval_runtime": 16.7422, "eval_samples_per_second": 298.646}