{"eval_loss": 0.9495353698730469, "eval_accuracy": 0.6069999933242798, "eval_mae": 0.4498, "eval_runtime": 19.1987, "eval_samples_per_second": 260.434}