{"eval_loss": 0.9606832265853882, "eval_accuracy": 0.5932000279426575, "eval_mae": 0.4826, "eval_runtime": 16.6771, "eval_samples_per_second": 299.813}