{"eval_loss": 1.0186132192611694, "eval_accuracy": 0.579800009727478, "eval_mae": 0.4832, "eval_runtime": 16.9363, "eval_samples_per_second": 295.224}