{"eval_loss": 1.1768932342529297, "eval_accuracy": 0.501800000667572, "eval_mae": 0.592, "eval_runtime": 17.4782, "eval_samples_per_second": 286.071}