{"eval_loss": 0.9908487200737, "eval_accuracy": 0.5703999996185303, "eval_mae": 0.508, "eval_runtime": 17.1036, "eval_samples_per_second": 292.336}