{"eval_loss": 0.9786993861198425, "eval_accuracy": 0.5820000171661377, "eval_mae": 0.4872, "eval_runtime": 17.3698, "eval_samples_per_second": 287.856}