{"eval_loss": 0.9457874894142151, "eval_accuracy": 0.6047999858856201, "eval_mae": 0.4562, "eval_runtime": 17.437, "eval_samples_per_second": 286.747}