{"eval_loss": 1.0306919813156128, "eval_accuracy": 0.5454000234603882, "eval_mae": 0.541, "eval_runtime": 17.2772, "eval_samples_per_second": 289.398}