{"eval_loss": 1.3418910503387451, "eval_accuracy": 0.4742000102996826, "eval_mae": 0.6966, "eval_runtime": 16.3698, "eval_samples_per_second": 305.44}