{"eval_loss": 0.9459447264671326, "eval_accuracy": 0.6051999926567078, "eval_mae": 0.4568, "eval_runtime": 17.3892, "eval_samples_per_second": 287.534}