{"eval_loss": 1.0212174654006958, "eval_accuracy": 0.5702000260353088, "eval_mae": 0.5086, "eval_runtime": 16.5242, "eval_samples_per_second": 302.587}