{"eval_loss": 0.990824818611145, "eval_accuracy": 0.569599986076355, "eval_mae": 0.509, "eval_runtime": 16.2055, "eval_samples_per_second": 308.536}