{"eval_loss": 1.0632339715957642, "eval_accuracy": 0.5576000213623047, "eval_mae": 0.5216, "eval_runtime": 18.323, "eval_samples_per_second": 272.882}