{"eval_loss": 0.9564892649650574, "eval_accuracy": 0.5992000102996826, "eval_mae": 0.4646, "eval_runtime": 17.3045, "eval_samples_per_second": 288.941}