{"eval_loss": 0.9457224607467651, "eval_accuracy": 0.604200005531311, "eval_mae": 0.4578, "eval_runtime": 17.2411, "eval_samples_per_second": 290.005}