{"eval_loss": 1.1472570896148682, "eval_accuracy": 0.5478000044822693, "eval_mae": 0.5848, "eval_runtime": 17.4442, "eval_samples_per_second": 286.628}