{"eval_loss": 1.0178312063217163, "eval_accuracy": 0.5789999961853027, "eval_mae": 0.4828, "eval_runtime": 17.5692, "eval_samples_per_second": 284.589}