{"eval_loss": 1.2984415292739868, "eval_accuracy": 0.4675999879837036, "eval_mae": 0.6814, "eval_runtime": 24.5207, "eval_samples_per_second": 203.909}