{"eval_loss": 0.947350800037384, "eval_accuracy": 0.5938000082969666, "eval_mae": 0.4688, "eval_runtime": 30.2805, "eval_samples_per_second": 165.123}