{"eval_loss": 1.296600341796875, "eval_accuracy": 0.4674000144004822, "eval_mae": 0.6822, "eval_runtime": 25.7029, "eval_samples_per_second": 194.531}