{"eval_loss": 1.0802172422409058, "eval_accuracy": 0.5562000274658203, "eval_mae": 0.565, "eval_runtime": 24.2585, "eval_samples_per_second": 206.114}