{"eval_loss": 0.9473161101341248, "eval_accuracy": 0.6047999858856201, "eval_mae": 0.4572, "eval_runtime": 17.2309, "eval_samples_per_second": 290.177}