{"eval_loss": 1.0087701082229614, "eval_accuracy": 0.5956000089645386, "eval_mae": 0.4662, "eval_runtime": 16.5495, "eval_samples_per_second": 302.124}