{"eval_loss": 1.229033350944519, "eval_accuracy": 0.5063999891281128, "eval_mae": 0.621, "eval_runtime": 18.996, "eval_samples_per_second": 263.213}