{"eval_loss": 1.228699803352356, "eval_accuracy": 0.5063999891281128, "eval_mae": 0.621, "eval_runtime": 22.3244, "eval_samples_per_second": 223.97}