{"eval_loss": 0.9775271415710449, "eval_accuracy": 0.5809999704360962, "eval_mae": 0.4892, "eval_runtime": 17.3309, "eval_samples_per_second": 288.502}