{"eval_loss": 0.8897031545639038, "eval_accuracy": 0.6366000175476074, "eval_mae": 0.4144, "eval_runtime": 20.307, "eval_samples_per_second": 246.22}