{"eval_loss": 1.018082618713379, "eval_accuracy": 0.5788000226020813, "eval_mae": 0.4834, "eval_runtime": 17.4965, "eval_samples_per_second": 285.772}