{"eval_loss": 1.2286771535873413, "eval_accuracy": 0.5004000067710876, "eval_mae": 0.6022, "eval_runtime": 18.3577, "eval_samples_per_second": 272.365}