{"eval_loss": 0.9776836633682251, "eval_accuracy": 0.58160001039505, "eval_mae": 0.4882, "eval_runtime": 17.5803, "eval_samples_per_second": 284.409}