{"eval_loss": 0.9555462598800659, "eval_accuracy": 0.6007999777793884, "eval_mae": 0.4636, "eval_runtime": 17.3033, "eval_samples_per_second": 288.963}