{"eval_loss": 0.9478141665458679, "eval_accuracy": 0.607200026512146, "eval_mae": 0.454, "eval_runtime": 17.2402, "eval_samples_per_second": 290.02}