{"eval_loss": 1.0190978050231934, "eval_accuracy": 0.5785999894142151, "eval_mae": 0.4836, "eval_runtime": 17.4199, "eval_samples_per_second": 287.028}