{"eval_loss": 0.9485577344894409, "eval_accuracy": 0.592199981212616, "eval_mae": 0.4618, "eval_runtime": 17.3932, "eval_samples_per_second": 287.469}