{"eval_loss": 1.0117533206939697, "eval_accuracy": 0.5802000164985657, "eval_mae": 0.4816, "eval_runtime": 17.6755, "eval_samples_per_second": 282.878}