{"eval_loss": 1.0859501361846924, "eval_accuracy": 0.5475999712944031, "eval_mae": 0.5414, "eval_runtime": 19.6158, "eval_samples_per_second": 254.896}