{"eval_loss": 0.9604045152664185, "eval_accuracy": 0.5938000082969666, "eval_mae": 0.4818, "eval_runtime": 17.2812, "eval_samples_per_second": 289.332}