{"eval_loss": 1.017846703529358, "eval_accuracy": 0.5784000158309937, "eval_mae": 0.4834, "eval_runtime": 16.5035, "eval_samples_per_second": 302.965}