{"eval_loss": 1.084580421447754, "eval_accuracy": 0.5703999996185303, "eval_mae": 0.513, "eval_runtime": 16.4469, "eval_samples_per_second": 304.008}