{"eval_loss": 0.9471148252487183, "eval_accuracy": 0.6037999987602234, "eval_mae": 0.4576, "eval_runtime": 17.367, "eval_samples_per_second": 287.903}