{"eval_loss": 1.0056507587432861, "eval_accuracy": 0.5758000016212463, "eval_mae": 0.4956, "eval_runtime": 16.4931, "eval_samples_per_second": 303.158}