{"eval_loss": 1.018641710281372, "eval_accuracy": 0.5813999772071838, "eval_mae": 0.4934, "eval_runtime": 29.8788, "eval_samples_per_second": 167.342}