{"eval_loss": 1.1783273220062256, "eval_accuracy": 0.5044000148773193, "eval_mae": 0.591, "eval_runtime": 16.6644, "eval_samples_per_second": 300.041}