{"eval_loss": 1.0772510766983032, "eval_accuracy": 0.5586000084877014, "eval_mae": 0.5304, "eval_runtime": 18.3158, "eval_samples_per_second": 272.989}