{"eval_loss": 1.0785890817642212, "eval_accuracy": 0.5577999949455261, "eval_mae": 0.5314, "eval_runtime": 18.706, "eval_samples_per_second": 267.294}