{"eval_loss": 0.9477300047874451, "eval_accuracy": 0.5935999751091003, "eval_mae": 0.4692, "eval_runtime": 19.0266, "eval_samples_per_second": 262.79}