{"eval_loss": 0.889540433883667, "eval_accuracy": 0.6363999843597412, "eval_mae": 0.4146, "eval_runtime": 18.6391, "eval_samples_per_second": 268.253}