{"eval_loss": 1.0270919799804688, "eval_accuracy": 0.5555999875068665, "eval_mae": 0.535, "eval_runtime": 17.3864, "eval_samples_per_second": 287.582}