{"eval_loss": 0.8894081115722656, "eval_accuracy": 0.6366000175476074, "eval_mae": 0.4144, "eval_runtime": 20.141, "eval_samples_per_second": 248.25}