{"eval_loss": 1.0791579484939575, "eval_accuracy": 0.5580000281333923, "eval_mae": 0.533, "eval_runtime": 25.6731, "eval_samples_per_second": 194.757}