{"eval_loss": 1.2407904863357544, "eval_accuracy": 0.49619999527931213, "eval_mae": 0.6486, "eval_runtime": 34.8328, "eval_samples_per_second": 143.543}