{"eval_loss": 0.9506591558456421, "eval_accuracy": 0.6205999851226807, "eval_mae": 0.4288, "eval_runtime": 17.4965, "eval_samples_per_second": 285.771}