{"eval_loss": 0.9549039006233215, "eval_accuracy": 0.5997999906539917, "eval_mae": 0.4634, "eval_runtime": 17.4543, "eval_samples_per_second": 286.462}