{"eval_loss": 1.0540879964828491, "eval_accuracy": 0.5270000100135803, "eval_mae": 0.5696, "eval_runtime": 15.9974, "eval_samples_per_second": 312.551}