{"eval_loss": 0.945900022983551, "eval_accuracy": 0.6057999730110168, "eval_mae": 0.4556, "eval_runtime": 17.2599, "eval_samples_per_second": 289.69}