{"eval_loss": 0.9476367235183716, "eval_accuracy": 0.5920000076293945, "eval_mae": 0.4704, "eval_runtime": 21.1391, "eval_samples_per_second": 236.528}