{"eval_loss": 1.0184253454208374, "eval_accuracy": 0.5807999968528748, "eval_mae": 0.4952, "eval_runtime": 18.4794, "eval_samples_per_second": 270.572}