{"eval_loss": 1.2386796474456787, "eval_accuracy": 0.4970000088214874, "eval_mae": 0.6476, "eval_runtime": 22.4682, "eval_samples_per_second": 222.537}