{"eval_loss": 1.3425140380859375, "eval_accuracy": 0.475600004196167, "eval_mae": 0.6944, "eval_runtime": 16.9684, "eval_samples_per_second": 294.666}