{"eval_loss": 1.071043848991394, "eval_accuracy": 0.5582000017166138, "eval_mae": 0.5288, "eval_runtime": 18.4447, "eval_samples_per_second": 271.08}