{"eval_loss": 0.8894922137260437, "eval_accuracy": 0.6366000175476074, "eval_mae": 0.4144, "eval_runtime": 24.6668, "eval_samples_per_second": 202.702}