{"eval_loss": 1.0845106840133667, "eval_accuracy": 0.5740000009536743, "eval_mae": 0.511, "eval_runtime": 17.1182, "eval_samples_per_second": 292.086}