{"eval_loss": 0.9572548866271973, "eval_accuracy": 0.5956000089645386, "eval_mae": 0.4778, "eval_runtime": 17.303, "eval_samples_per_second": 288.967}