{"eval_loss": 1.343141794204712, "eval_accuracy": 0.4749999940395355, "eval_mae": 0.693, "eval_runtime": 17.0216, "eval_samples_per_second": 293.745}