{"eval_loss": 1.1793771982192993, "eval_accuracy": 0.501800000667572, "eval_mae": 0.5932, "eval_runtime": 17.3313, "eval_samples_per_second": 288.495}