{"eval_loss": 0.9909902215003967, "eval_accuracy": 0.5708000063896179, "eval_mae": 0.508, "eval_runtime": 17.1823, "eval_samples_per_second": 290.996}