{"eval_loss": 1.0178039073944092, "eval_accuracy": 0.5794000029563904, "eval_mae": 0.4832, "eval_runtime": 17.0039, "eval_samples_per_second": 294.05}