{"eval_loss": 1.0115488767623901, "eval_accuracy": 0.579800009727478, "eval_mae": 0.4826, "eval_runtime": 17.4117, "eval_samples_per_second": 287.162}