{"eval_loss": 1.081666350364685, "eval_accuracy": 0.555400013923645, "eval_mae": 0.5342, "eval_runtime": 17.9415, "eval_samples_per_second": 278.683}