{"eval_loss": 1.0250571966171265, "eval_accuracy": 0.5555999875068665, "eval_mae": 0.535, "eval_runtime": 17.2909, "eval_samples_per_second": 289.17}