{"eval_loss": 1.0251749753952026, "eval_accuracy": 0.5555999875068665, "eval_mae": 0.5358, "eval_runtime": 17.4674, "eval_samples_per_second": 286.248}