{"eval_loss": 1.1484270095825195, "eval_accuracy": 0.5504000186920166, "eval_mae": 0.5798, "eval_runtime": 17.4557, "eval_samples_per_second": 286.439}