{"eval_loss": 1.2329256534576416, "eval_accuracy": 0.5059999823570251, "eval_mae": 0.6232, "eval_runtime": 19.0827, "eval_samples_per_second": 262.018}