{"eval_loss": 1.3958238363265991, "eval_accuracy": 0.47940000891685486, "eval_mae": 0.6788, "eval_runtime": 21.4732, "eval_samples_per_second": 232.849}