{"eval_loss": 1.0053021907806396, "eval_accuracy": 0.5752000212669373, "eval_mae": 0.4966, "eval_runtime": 17.1965, "eval_samples_per_second": 290.757}