{"eval_loss": 1.0091378688812256, "eval_accuracy": 0.5812000036239624, "eval_mae": 0.4802, "eval_runtime": 17.4231, "eval_samples_per_second": 286.975}