{"eval_loss": 0.9491217732429504, "eval_accuracy": 0.6060000061988831, "eval_mae": 0.4494, "eval_runtime": 18.7506, "eval_samples_per_second": 266.658}