{"eval_loss": 1.019861102104187, "eval_accuracy": 0.5705999732017517, "eval_mae": 0.508, "eval_runtime": 17.3115, "eval_samples_per_second": 288.825}