{"eval_loss": 1.1558314561843872, "eval_accuracy": 0.49959999322891235, "eval_mae": 0.5912, "eval_runtime": 17.3353, "eval_samples_per_second": 288.428}