{"eval_loss": 1.1560142040252686, "eval_accuracy": 0.49900001287460327, "eval_mae": 0.5914, "eval_runtime": 17.2666, "eval_samples_per_second": 289.576}