{"eval_loss": 1.1471930742263794, "eval_accuracy": 0.5491999983787537, "eval_mae": 0.5814, "eval_runtime": 16.7799, "eval_samples_per_second": 297.975}