{"eval_loss": 0.9610453844070435, "eval_accuracy": 0.5938000082969666, "eval_mae": 0.4818, "eval_runtime": 17.6126, "eval_samples_per_second": 283.888}