{"eval_loss": 1.1471260786056519, "eval_accuracy": 0.548799991607666, "eval_mae": 0.581, "eval_runtime": 17.4404, "eval_samples_per_second": 286.691}