{"eval_loss": 1.0799429416656494, "eval_accuracy": 0.5565999746322632, "eval_mae": 0.5644, "eval_runtime": 18.8231, "eval_samples_per_second": 265.631}