{"eval_loss": 0.9469314217567444, "eval_accuracy": 0.6060000061988831, "eval_mae": 0.4554, "eval_runtime": 16.5231, "eval_samples_per_second": 302.607}