{"eval_loss": 0.948719322681427, "eval_accuracy": 0.5920000076293945, "eval_mae": 0.4706, "eval_runtime": 18.4336, "eval_samples_per_second": 271.244}