{"eval_loss": 0.9570949077606201, "eval_accuracy": 0.599399983882904, "eval_mae": 0.464, "eval_runtime": 17.3664, "eval_samples_per_second": 287.913}