{"eval_loss": 1.0849692821502686, "eval_accuracy": 0.5753999948501587, "eval_mae": 0.51, "eval_runtime": 16.2097, "eval_samples_per_second": 308.458}