{"eval_loss": 1.0619585514068604, "eval_accuracy": 0.5577999949455261, "eval_mae": 0.521, "eval_runtime": 18.3927, "eval_samples_per_second": 271.847}