{"eval_loss": 1.3468732833862305, "eval_accuracy": 0.48339998722076416, "eval_mae": 0.6698, "eval_runtime": 18.5793, "eval_samples_per_second": 269.116}