{"eval_loss": 1.0144476890563965, "eval_accuracy": 0.5637999773025513, "eval_mae": 0.509, "eval_runtime": 16.4566, "eval_samples_per_second": 303.829}