{"eval_loss": 1.062902569770813, "eval_accuracy": 0.5582000017166138, "eval_mae": 0.5198, "eval_runtime": 18.3265, "eval_samples_per_second": 272.829}