{"eval_loss": 0.9461566209793091, "eval_accuracy": 0.6046000123023987, "eval_mae": 0.4568, "eval_runtime": 17.3166, "eval_samples_per_second": 288.74}