{"eval_loss": 1.0188039541244507, "eval_accuracy": 0.5812000036239624, "eval_mae": 0.4936, "eval_runtime": 33.4383, "eval_samples_per_second": 149.529}