{"eval_loss": 1.3485511541366577, "eval_accuracy": 0.4729999899864197, "eval_mae": 0.6864, "eval_runtime": 17.3612, "eval_samples_per_second": 287.998}