{"eval_loss": 0.9518821239471436, "eval_accuracy": 0.6208000183105469, "eval_mae": 0.4304, "eval_runtime": 17.4061, "eval_samples_per_second": 287.256}