{"eval_loss": 1.021397352218628, "eval_accuracy": 0.5698000192642212, "eval_mae": 0.5078, "eval_runtime": 17.4151, "eval_samples_per_second": 287.107}