{"eval_loss": 0.9358757734298706, "eval_accuracy": 0.6010000109672546, "eval_mae": 0.4554, "eval_runtime": 16.4305, "eval_samples_per_second": 304.312}