{"eval_loss": 1.0859863758087158, "eval_accuracy": 0.5735999941825867, "eval_mae": 0.5112, "eval_runtime": 16.1601, "eval_samples_per_second": 309.405}