{"eval_loss": 1.0648536682128906, "eval_accuracy": 0.5573999881744385, "eval_mae": 0.522, "eval_runtime": 18.3369, "eval_samples_per_second": 272.674}