{"eval_loss": 0.9496574401855469, "eval_accuracy": 0.6029999852180481, "eval_mae": 0.4566, "eval_runtime": 20.1759, "eval_samples_per_second": 247.82}