{"eval_loss": 1.0789011716842651, "eval_accuracy": 0.5555999875068665, "eval_mae": 0.5646, "eval_runtime": 19.5214, "eval_samples_per_second": 256.129}