{"eval_loss": 1.0442442893981934, "eval_accuracy": 0.5622000098228455, "eval_mae": 0.5094, "eval_runtime": 18.3941, "eval_samples_per_second": 271.826}