{"eval_loss": 0.9515466094017029, "eval_accuracy": 0.605400025844574, "eval_mae": 0.451, "eval_runtime": 20.8021, "eval_samples_per_second": 240.361}