{"eval_loss": 0.9463410973548889, "eval_accuracy": 0.6050000190734863, "eval_mae": 0.4568, "eval_runtime": 16.5967, "eval_samples_per_second": 301.265}