{"eval_loss": 1.0528990030288696, "eval_accuracy": 0.5285999774932861, "eval_mae": 0.5682, "eval_runtime": 17.1019, "eval_samples_per_second": 292.365}