{"eval_loss": 1.012250542640686, "eval_accuracy": 0.5802000164985657, "eval_mae": 0.4822, "eval_runtime": 16.8826, "eval_samples_per_second": 296.162}