{"eval_loss": 1.0247254371643066, "eval_accuracy": 0.5558000206947327, "eval_mae": 0.5346, "eval_runtime": 16.8823, "eval_samples_per_second": 296.169}