{"eval_loss": 0.9612224698066711, "eval_accuracy": 0.5929999947547913, "eval_mae": 0.484, "eval_runtime": 17.2836, "eval_samples_per_second": 289.291}