{"eval_loss": 0.9370158314704895, "eval_accuracy": 0.6014000177383423, "eval_mae": 0.455, "eval_runtime": 17.062, "eval_samples_per_second": 293.049}