{"eval_loss": 1.1584395170211792, "eval_accuracy": 0.49900001287460327, "eval_mae": 0.591, "eval_runtime": 17.476, "eval_samples_per_second": 286.106}