{"eval_loss": 0.9495788812637329, "eval_accuracy": 0.5907999873161316, "eval_mae": 0.4632, "eval_runtime": 17.2274, "eval_samples_per_second": 290.236}