{"eval_loss": 1.0825961828231812, "eval_accuracy": 0.5726000070571899, "eval_mae": 0.5128, "eval_runtime": 16.5008, "eval_samples_per_second": 303.016}