{"eval_loss": 1.2289819717407227, "eval_accuracy": 0.49959999322891235, "eval_mae": 0.6032, "eval_runtime": 18.3804, "eval_samples_per_second": 272.029}