{"eval_loss": 1.4429503679275513, "eval_accuracy": 0.44040000438690186, "eval_mae": 0.7286, "eval_runtime": 20.7071, "eval_samples_per_second": 241.463}