{"eval_loss": 1.0535306930541992, "eval_accuracy": 0.5270000100135803, "eval_mae": 0.5702, "eval_runtime": 16.1827, "eval_samples_per_second": 308.972}