{"eval_loss": 1.0291863679885864, "eval_accuracy": 0.545199990272522, "eval_mae": 0.5392, "eval_runtime": 16.8094, "eval_samples_per_second": 297.452}