{"eval_loss": 1.3423993587493896, "eval_accuracy": 0.47600001096725464, "eval_mae": 0.6946, "eval_runtime": 16.9482, "eval_samples_per_second": 295.016}