{"eval_loss": 0.9510849714279175, "eval_accuracy": 0.6205999851226807, "eval_mae": 0.4296, "eval_runtime": 17.6096, "eval_samples_per_second": 283.935}