{"eval_loss": 0.9514390826225281, "eval_accuracy": 0.6205999851226807, "eval_mae": 0.4316, "eval_runtime": 17.3991, "eval_samples_per_second": 287.371}