{"eval_loss": 1.147049069404602, "eval_accuracy": 0.5479999780654907, "eval_mae": 0.5812, "eval_runtime": 16.4835, "eval_samples_per_second": 303.333}