{"eval_loss": 0.9358150362968445, "eval_accuracy": 0.6018000245094299, "eval_mae": 0.454, "eval_runtime": 16.5109, "eval_samples_per_second": 302.829}