{"eval_loss": 1.2964814901351929, "eval_accuracy": 0.4675999879837036, "eval_mae": 0.682, "eval_runtime": 18.4386, "eval_samples_per_second": 271.171}