{"eval_loss": 1.0595014095306396, "eval_accuracy": 0.5586000084877014, "eval_mae": 0.52, "eval_runtime": 18.8702, "eval_samples_per_second": 264.968}