{"eval_loss": 0.8895338773727417, "eval_accuracy": 0.6363999843597412, "eval_mae": 0.4146, "eval_runtime": 20.0956, "eval_samples_per_second": 248.811}