{"eval_loss": 1.0181691646575928, "eval_accuracy": 0.5789999961853027, "eval_mae": 0.4832, "eval_runtime": 17.3272, "eval_samples_per_second": 288.563}