{"eval_loss": 1.0064033269882202, "eval_accuracy": 0.5946000218391418, "eval_mae": 0.4668, "eval_runtime": 17.3552, "eval_samples_per_second": 288.099}