{"eval_loss": 1.1475703716278076, "eval_accuracy": 0.550000011920929, "eval_mae": 0.581, "eval_runtime": 17.4849, "eval_samples_per_second": 285.961}