{"eval_loss": 1.0048598051071167, "eval_accuracy": 0.5734000205993652, "eval_mae": 0.4996, "eval_runtime": 16.5633, "eval_samples_per_second": 301.873}