{"eval_loss": 1.0857125520706177, "eval_accuracy": 0.5753999948501587, "eval_mae": 0.5112, "eval_runtime": 16.4299, "eval_samples_per_second": 304.324}