{"eval_loss": 1.297022819519043, "eval_accuracy": 0.46939998865127563, "eval_mae": 0.68, "eval_runtime": 27.4671, "eval_samples_per_second": 182.036}