{"eval_loss": 1.3392716646194458, "eval_accuracy": 0.4674000144004822, "eval_mae": 0.6894, "eval_runtime": 30.3131, "eval_samples_per_second": 164.945}