{"eval_loss": 1.2416366338729858, "eval_accuracy": 0.4997999966144562, "eval_mae": 0.5958, "eval_runtime": 20.8056, "eval_samples_per_second": 240.32}