{"eval_loss": 1.0203492641448975, "eval_accuracy": 0.5702000260353088, "eval_mae": 0.5076, "eval_runtime": 17.2547, "eval_samples_per_second": 289.776}