{"eval_loss": 1.4436784982681274, "eval_accuracy": 0.4399999976158142, "eval_mae": 0.7288, "eval_runtime": 21.6597, "eval_samples_per_second": 230.843}