{"eval_loss": 1.3907546997070312, "eval_accuracy": 0.4797999858856201, "eval_mae": 0.6748, "eval_runtime": 18.6007, "eval_samples_per_second": 268.808}