{"eval_loss": 1.0575920343399048, "eval_accuracy": 0.5594000220298767, "eval_mae": 0.519, "eval_runtime": 18.6912, "eval_samples_per_second": 267.506}