{"eval_loss": 1.22932767868042, "eval_accuracy": 0.5062000155448914, "eval_mae": 0.622, "eval_runtime": 18.979, "eval_samples_per_second": 263.45}