{"eval_loss": 0.8903684616088867, "eval_accuracy": 0.635200023651123, "eval_mae": 0.4154, "eval_runtime": 19.517, "eval_samples_per_second": 256.187}