{"eval_loss": 0.9483484625816345, "eval_accuracy": 0.5953999757766724, "eval_mae": 0.4664, "eval_runtime": 18.995, "eval_samples_per_second": 263.227}