{"eval_loss": 0.9474693536758423, "eval_accuracy": 0.5924000144004822, "eval_mae": 0.4706, "eval_runtime": 20.6646, "eval_samples_per_second": 241.959}