{"eval_loss": 1.3921864032745361, "eval_accuracy": 0.4812000095844269, "eval_mae": 0.6734, "eval_runtime": 18.7039, "eval_samples_per_second": 267.324}