{"eval_loss": 1.2390258312225342, "eval_accuracy": 0.4966000020503998, "eval_mae": 0.6482, "eval_runtime": 18.1915, "eval_samples_per_second": 274.854}