{"eval_loss": 1.085549235343933, "eval_accuracy": 0.5472000241279602, "eval_mae": 0.5414, "eval_runtime": 18.5035, "eval_samples_per_second": 270.219}