{"eval_loss": 1.3479763269424438, "eval_accuracy": 0.4763999879360199, "eval_mae": 0.6932, "eval_runtime": 17.0262, "eval_samples_per_second": 293.666}