{"eval_loss": 1.012052297592163, "eval_accuracy": 0.579800009727478, "eval_mae": 0.4822, "eval_runtime": 17.4592, "eval_samples_per_second": 286.382}