{"eval_loss": 1.0848585367202759, "eval_accuracy": 0.5752000212669373, "eval_mae": 0.5108, "eval_runtime": 16.5578, "eval_samples_per_second": 301.972}