{"eval_loss": 1.2394136190414429, "eval_accuracy": 0.503600001335144, "eval_mae": 0.5936, "eval_runtime": 20.4722, "eval_samples_per_second": 244.233}