{"eval_loss": 1.3479269742965698, "eval_accuracy": 0.4708000123500824, "eval_mae": 0.6912, "eval_runtime": 17.3853, "eval_samples_per_second": 287.6}