{"eval_loss": 1.0425230264663696, "eval_accuracy": 0.5623999834060669, "eval_mae": 0.508, "eval_runtime": 18.5516, "eval_samples_per_second": 269.518}