{"eval_loss": 0.948582112789154, "eval_accuracy": 0.5910000205039978, "eval_mae": 0.4624, "eval_runtime": 17.1944, "eval_samples_per_second": 290.792}