{"eval_loss": 1.2269400358200073, "eval_accuracy": 0.4991999864578247, "eval_mae": 0.6036, "eval_runtime": 18.3867, "eval_samples_per_second": 271.936}