{"eval_loss": 1.0045093297958374, "eval_accuracy": 0.574999988079071, "eval_mae": 0.4952, "eval_runtime": 17.149, "eval_samples_per_second": 291.562}