{"eval_loss": 1.240841269493103, "eval_accuracy": 0.4968000054359436, "eval_mae": 0.6492, "eval_runtime": 20.267, "eval_samples_per_second": 246.706}