{"eval_loss": 1.0069063901901245, "eval_accuracy": 0.5938000082969666, "eval_mae": 0.4678, "eval_runtime": 17.476, "eval_samples_per_second": 286.107}