{"eval_loss": 0.9906690716743469, "eval_accuracy": 0.5680000185966492, "eval_mae": 0.509, "eval_runtime": 16.2547, "eval_samples_per_second": 307.604}