{"eval_loss": 0.9908029437065125, "eval_accuracy": 0.5712000131607056, "eval_mae": 0.5062, "eval_runtime": 17.198, "eval_samples_per_second": 290.732}