{"eval_loss": 0.9554651379585266, "eval_accuracy": 0.6003999710083008, "eval_mae": 0.4624, "eval_runtime": 17.5107, "eval_samples_per_second": 285.54}