{"eval_loss": 1.2290892601013184, "eval_accuracy": 0.506600022315979, "eval_mae": 0.6208, "eval_runtime": 33.175, "eval_samples_per_second": 150.716}