{"eval_loss": 1.2968145608901978, "eval_accuracy": 0.46779999136924744, "eval_mae": 0.682, "eval_runtime": 31.8917, "eval_samples_per_second": 156.781}