{"eval_loss": 1.0149478912353516, "eval_accuracy": 0.5648000240325928, "eval_mae": 0.5078, "eval_runtime": 17.051, "eval_samples_per_second": 293.238}