{"eval_loss": 0.9557030200958252, "eval_accuracy": 0.599399983882904, "eval_mae": 0.464, "eval_runtime": 17.3706, "eval_samples_per_second": 287.843}