{"eval_loss": 1.4424221515655518, "eval_accuracy": 0.44040000438690186, "eval_mae": 0.7282, "eval_runtime": 18.8574, "eval_samples_per_second": 265.148}