{"eval_loss": 0.9478593468666077, "eval_accuracy": 0.5920000076293945, "eval_mae": 0.4704, "eval_runtime": 18.717, "eval_samples_per_second": 267.137}