{"eval_loss": 0.9907137751579285, "eval_accuracy": 0.5705999732017517, "eval_mae": 0.5078, "eval_runtime": 16.9476, "eval_samples_per_second": 295.026}