{"eval_loss": 1.0860660076141357, "eval_accuracy": 0.5473999977111816, "eval_mae": 0.5412, "eval_runtime": 20.704, "eval_samples_per_second": 241.499}