{"eval_loss": 1.2385762929916382, "eval_accuracy": 0.4970000088214874, "eval_mae": 0.6478, "eval_runtime": 23.6572, "eval_samples_per_second": 211.352}