{"eval_loss": 1.0117017030715942, "eval_accuracy": 0.5803999900817871, "eval_mae": 0.4816, "eval_runtime": 17.4529, "eval_samples_per_second": 286.485}