{"eval_loss": 1.1656582355499268, "eval_accuracy": 0.49619999527931213, "eval_mae": 0.5944, "eval_runtime": 17.3163, "eval_samples_per_second": 288.745}