{"eval_loss": 0.9607025384902954, "eval_accuracy": 0.5934000015258789, "eval_mae": 0.4828, "eval_runtime": 17.4832, "eval_samples_per_second": 285.988}