{"eval_loss": 1.0623360872268677, "eval_accuracy": 0.5569999814033508, "eval_mae": 0.523, "eval_runtime": 18.3256, "eval_samples_per_second": 272.843}