{"eval_loss": 1.238539695739746, "eval_accuracy": 0.49619999527931213, "eval_mae": 0.648, "eval_runtime": 18.9987, "eval_samples_per_second": 263.175}