{"eval_loss": 0.9909929633140564, "eval_accuracy": 0.5705999732017517, "eval_mae": 0.5076, "eval_runtime": 16.9275, "eval_samples_per_second": 295.378}