{"eval_loss": 0.9514372944831848, "eval_accuracy": 0.6060000061988831, "eval_mae": 0.4502, "eval_runtime": 20.3608, "eval_samples_per_second": 245.57}