{"eval_loss": 0.8894488215446472, "eval_accuracy": 0.6366000175476074, "eval_mae": 0.4144, "eval_runtime": 19.6696, "eval_samples_per_second": 254.2}