{"eval_loss": 0.8894738554954529, "eval_accuracy": 0.6366000175476074, "eval_mae": 0.4144, "eval_runtime": 20.578, "eval_samples_per_second": 242.977}