{"eval_loss": 1.156524419784546, "eval_accuracy": 0.5008000135421753, "eval_mae": 0.591, "eval_runtime": 16.2596, "eval_samples_per_second": 307.511}