{"eval_loss": 1.0782462358474731, "eval_accuracy": 0.5583999752998352, "eval_mae": 0.5308, "eval_runtime": 19.1154, "eval_samples_per_second": 261.569}