{"eval_loss": 0.950118362903595, "eval_accuracy": 0.6061999797821045, "eval_mae": 0.451, "eval_runtime": 18.5855, "eval_samples_per_second": 269.026}