{"eval_loss": 1.0783984661102295, "eval_accuracy": 0.5586000084877014, "eval_mae": 0.531, "eval_runtime": 17.9349, "eval_samples_per_second": 278.786}