{"eval_loss": 1.080801010131836, "eval_accuracy": 0.5565999746322632, "eval_mae": 0.564, "eval_runtime": 27.1373, "eval_samples_per_second": 184.249}