{"eval_loss": 0.979128897190094, "eval_accuracy": 0.5817999839782715, "eval_mae": 0.4886, "eval_runtime": 17.3429, "eval_samples_per_second": 288.302}