{"eval_loss": 0.9789845943450928, "eval_accuracy": 0.5821999907493591, "eval_mae": 0.4886, "eval_runtime": 16.459, "eval_samples_per_second": 303.784}