{"eval_loss": 1.006595253944397, "eval_accuracy": 0.5929999947547913, "eval_mae": 0.4682, "eval_runtime": 17.2145, "eval_samples_per_second": 290.453}