{"eval_loss": 0.9491652250289917, "eval_accuracy": 0.5910000205039978, "eval_mae": 0.4626, "eval_runtime": 16.5523, "eval_samples_per_second": 302.072}