{"eval_loss": 0.9489201307296753, "eval_accuracy": 0.5899999737739563, "eval_mae": 0.463, "eval_runtime": 17.1838, "eval_samples_per_second": 290.972}