{"eval_loss": 1.015713095664978, "eval_accuracy": 0.5641999840736389, "eval_mae": 0.5082, "eval_runtime": 16.4746, "eval_samples_per_second": 303.497}