{"eval_loss": 1.1771130561828613, "eval_accuracy": 0.5023999810218811, "eval_mae": 0.5914, "eval_runtime": 17.3523, "eval_samples_per_second": 288.146}