{"eval_loss": 1.0618103742599487, "eval_accuracy": 0.5582000017166138, "eval_mae": 0.5194, "eval_runtime": 18.302, "eval_samples_per_second": 273.194}