{"eval_loss": 1.1763041019439697, "eval_accuracy": 0.5023999810218811, "eval_mae": 0.5924, "eval_runtime": 17.3468, "eval_samples_per_second": 288.238}