{"eval_loss": 1.0846400260925293, "eval_accuracy": 0.5756000280380249, "eval_mae": 0.51, "eval_runtime": 16.3879, "eval_samples_per_second": 305.103}