{"eval_loss": 1.3672161102294922, "eval_accuracy": 0.45719999074935913, "eval_mae": 0.7308, "eval_runtime": 17.2738, "eval_samples_per_second": 289.455}