{"eval_loss": 1.0215734243392944, "eval_accuracy": 0.5708000063896179, "eval_mae": 0.5072, "eval_runtime": 16.595, "eval_samples_per_second": 301.295}