{"eval_loss": 1.0516506433486938, "eval_accuracy": 0.5257999897003174, "eval_mae": 0.5718, "eval_runtime": 16.3616, "eval_samples_per_second": 305.593}