{"eval_loss": 0.9473289251327515, "eval_accuracy": 0.5925999879837036, "eval_mae": 0.4694, "eval_runtime": 19.561, "eval_samples_per_second": 255.611}