{"eval_loss": 1.0860860347747803, "eval_accuracy": 0.5720000267028809, "eval_mae": 0.512, "eval_runtime": 17.1363, "eval_samples_per_second": 291.778}