{"eval_loss": 1.3390504121780396, "eval_accuracy": 0.46720001101493835, "eval_mae": 0.6902, "eval_runtime": 18.3622, "eval_samples_per_second": 272.298}