{"eval_loss": 1.0458259582519531, "eval_accuracy": 0.5608000159263611, "eval_mae": 0.508, "eval_runtime": 18.4415, "eval_samples_per_second": 271.128}