{"eval_loss": 1.3707658052444458, "eval_accuracy": 0.45680001378059387, "eval_mae": 0.7328, "eval_runtime": 17.2102, "eval_samples_per_second": 290.525}