{"eval_loss": 1.174404501914978, "eval_accuracy": 0.501800000667572, "eval_mae": 0.5956, "eval_runtime": 16.7219, "eval_samples_per_second": 299.009}