{"eval_loss": 1.0872400999069214, "eval_accuracy": 0.5490000247955322, "eval_mae": 0.5406, "eval_runtime": 18.4917, "eval_samples_per_second": 270.392}