{"eval_loss": 1.086038589477539, "eval_accuracy": 0.5478000044822693, "eval_mae": 0.5406, "eval_runtime": 18.3809, "eval_samples_per_second": 272.022}