{"eval_loss": 0.9505775570869446, "eval_accuracy": 0.602400004863739, "eval_mae": 0.4556, "eval_runtime": 18.5488, "eval_samples_per_second": 269.559}