{"eval_loss": 1.0535658597946167, "eval_accuracy": 0.5252000093460083, "eval_mae": 0.5722, "eval_runtime": 16.8933, "eval_samples_per_second": 295.975}