{"eval_loss": 0.9499098658561707, "eval_accuracy": 0.6061999797821045, "eval_mae": 0.449, "eval_runtime": 24.0906, "eval_samples_per_second": 207.55}