{"eval_loss": 1.0104714632034302, "eval_accuracy": 0.579800009727478, "eval_mae": 0.484, "eval_runtime": 16.7525, "eval_samples_per_second": 298.464}