{"eval_loss": 1.0043580532073975, "eval_accuracy": 0.5770000219345093, "eval_mae": 0.4944, "eval_runtime": 17.1723, "eval_samples_per_second": 291.166}