{"eval_loss": 1.3920629024505615, "eval_accuracy": 0.48080000281333923, "eval_mae": 0.6738, "eval_runtime": 21.1528, "eval_samples_per_second": 236.375}