{"eval_loss": 0.9788435697555542, "eval_accuracy": 0.5812000036239624, "eval_mae": 0.49, "eval_runtime": 17.6762, "eval_samples_per_second": 282.866}