{"eval_loss": 1.0839078426361084, "eval_accuracy": 0.5468000173568726, "eval_mae": 0.542, "eval_runtime": 26.628, "eval_samples_per_second": 187.772}