{"eval_loss": 1.0056312084197998, "eval_accuracy": 0.5766000151634216, "eval_mae": 0.4946, "eval_runtime": 16.4942, "eval_samples_per_second": 303.137}