{"eval_loss": 1.1474463939666748, "eval_accuracy": 0.5482000112533569, "eval_mae": 0.5818, "eval_runtime": 17.4563, "eval_samples_per_second": 286.43}