{"eval_loss": 1.2289955615997314, "eval_accuracy": 0.506600022315979, "eval_mae": 0.6208, "eval_runtime": 29.0538, "eval_samples_per_second": 172.094}