{"eval_loss": 1.0295050144195557, "eval_accuracy": 0.5460000038146973, "eval_mae": 0.5392, "eval_runtime": 16.7542, "eval_samples_per_second": 298.433}