{"eval_loss": 1.086491584777832, "eval_accuracy": 0.5468000173568726, "eval_mae": 0.5416, "eval_runtime": 26.2168, "eval_samples_per_second": 190.718}