{"eval_loss": 1.002281904220581, "eval_accuracy": 0.5748000144958496, "eval_mae": 0.4968, "eval_runtime": 17.2038, "eval_samples_per_second": 290.633}