{"eval_loss": 0.9358558654785156, "eval_accuracy": 0.6007999777793884, "eval_mae": 0.4558, "eval_runtime": 17.0265, "eval_samples_per_second": 293.661}