{"eval_loss": 1.0842617750167847, "eval_accuracy": 0.5740000009536743, "eval_mae": 0.5124, "eval_runtime": 17.0355, "eval_samples_per_second": 293.505}