{"eval_loss": 1.0185399055480957, "eval_accuracy": 0.58160001039505, "eval_mae": 0.493, "eval_runtime": 28.1909, "eval_samples_per_second": 177.362}