{"eval_loss": 0.9357431530952454, "eval_accuracy": 0.6021999716758728, "eval_mae": 0.4532, "eval_runtime": 16.4265, "eval_samples_per_second": 304.387}