{"eval_loss": 1.4426677227020264, "eval_accuracy": 0.43939998745918274, "eval_mae": 0.729, "eval_runtime": 29.1048, "eval_samples_per_second": 171.793}