{"eval_loss": 1.3702001571655273, "eval_accuracy": 0.45739999413490295, "eval_mae": 0.7312, "eval_runtime": 17.3675, "eval_samples_per_second": 287.895}