{"eval_loss": 1.086222529411316, "eval_accuracy": 0.5473999977111816, "eval_mae": 0.5414, "eval_runtime": 19.1798, "eval_samples_per_second": 260.691}