{"eval_loss": 1.1553386449813843, "eval_accuracy": 0.5004000067710876, "eval_mae": 0.5898, "eval_runtime": 17.5676, "eval_samples_per_second": 284.615}