{"eval_loss": 0.9555668234825134, "eval_accuracy": 0.5996000170707703, "eval_mae": 0.4638, "eval_runtime": 17.3191, "eval_samples_per_second": 288.699}