{"eval_loss": 1.07866370677948, "eval_accuracy": 0.5583999752998352, "eval_mae": 0.531, "eval_runtime": 19.049, "eval_samples_per_second": 262.481}