{"eval_loss": 0.9781640768051147, "eval_accuracy": 0.5813999772071838, "eval_mae": 0.4886, "eval_runtime": 17.3517, "eval_samples_per_second": 288.156}