{"eval_loss": 1.079797625541687, "eval_accuracy": 0.5562000274658203, "eval_mae": 0.565, "eval_runtime": 17.8738, "eval_samples_per_second": 279.739}