{"eval_loss": 0.9601010680198669, "eval_accuracy": 0.5925999879837036, "eval_mae": 0.4838, "eval_runtime": 17.3357, "eval_samples_per_second": 288.422}