{"eval_loss": 1.0248818397521973, "eval_accuracy": 0.5547999739646912, "eval_mae": 0.5382, "eval_runtime": 17.552, "eval_samples_per_second": 284.868}