{"eval_loss": 1.3383933305740356, "eval_accuracy": 0.4681999981403351, "eval_mae": 0.6884, "eval_runtime": 30.1375, "eval_samples_per_second": 165.906}