{"eval_loss": 0.9607347846031189, "eval_accuracy": 0.5924000144004822, "eval_mae": 0.484, "eval_runtime": 17.4996, "eval_samples_per_second": 285.72}