{"eval_loss": 1.3891441822052002, "eval_accuracy": 0.4787999987602234, "eval_mae": 0.6762, "eval_runtime": 19.0982, "eval_samples_per_second": 261.805}