{"eval_loss": 0.9477593898773193, "eval_accuracy": 0.5920000076293945, "eval_mae": 0.471, "eval_runtime": 20.9295, "eval_samples_per_second": 238.898}