{"eval_loss": 1.4429785013198853, "eval_accuracy": 0.43860000371932983, "eval_mae": 0.7306, "eval_runtime": 18.2894, "eval_samples_per_second": 273.383}