{"eval_loss": 1.0849515199661255, "eval_accuracy": 0.5758000016212463, "eval_mae": 0.509, "eval_runtime": 16.1122, "eval_samples_per_second": 310.323}