{"eval_loss": 1.0299654006958008, "eval_accuracy": 0.5472000241279602, "eval_mae": 0.536, "eval_runtime": 17.3657, "eval_samples_per_second": 287.924}