{"eval_loss": 1.3459497690200806, "eval_accuracy": 0.4702000021934509, "eval_mae": 0.6904, "eval_runtime": 17.3396, "eval_samples_per_second": 288.357}