{"eval_loss": 0.9793081283569336, "eval_accuracy": 0.5817999839782715, "eval_mae": 0.4876, "eval_runtime": 16.915, "eval_samples_per_second": 295.596}