{"eval_loss": 1.3526118993759155, "eval_accuracy": 0.4851999878883362, "eval_mae": 0.668, "eval_runtime": 18.6754, "eval_samples_per_second": 267.732}