{"eval_loss": 1.2966638803482056, "eval_accuracy": 0.4674000144004822, "eval_mae": 0.682, "eval_runtime": 23.4926, "eval_samples_per_second": 212.833}