{"eval_loss": 1.3440240621566772, "eval_accuracy": 0.47540000081062317, "eval_mae": 0.6936, "eval_runtime": 16.2293, "eval_samples_per_second": 308.085}