{"eval_loss": 1.3429605960845947, "eval_accuracy": 0.4772000014781952, "eval_mae": 0.6904, "eval_runtime": 16.9952, "eval_samples_per_second": 294.201}