{"eval_loss": 1.2255295515060425, "eval_accuracy": 0.4991999864578247, "eval_mae": 0.6026, "eval_runtime": 18.4321, "eval_samples_per_second": 271.266}