{"eval_loss": 1.080262541770935, "eval_accuracy": 0.555400013923645, "eval_mae": 0.5662, "eval_runtime": 21.1017, "eval_samples_per_second": 236.948}