{"eval_loss": 1.0462291240692139, "eval_accuracy": 0.5609999895095825, "eval_mae": 0.5082, "eval_runtime": 17.9038, "eval_samples_per_second": 279.27}