{"eval_loss": 0.9913137555122375, "eval_accuracy": 0.5699999928474426, "eval_mae": 0.5078, "eval_runtime": 16.9251, "eval_samples_per_second": 295.42}