{"eval_loss": 1.0838218927383423, "eval_accuracy": 0.5461999773979187, "eval_mae": 0.5422, "eval_runtime": 18.6768, "eval_samples_per_second": 267.712}