{"eval_loss": 1.08074951171875, "eval_accuracy": 0.5568000078201294, "eval_mae": 0.5648, "eval_runtime": 23.1018, "eval_samples_per_second": 216.433}