{"eval_loss": 0.9387921690940857, "eval_accuracy": 0.6019999980926514, "eval_mae": 0.4544, "eval_runtime": 16.4095, "eval_samples_per_second": 304.702}