{"eval_loss": 1.0458390712738037, "eval_accuracy": 0.5598000288009644, "eval_mae": 0.5094, "eval_runtime": 23.7833, "eval_samples_per_second": 210.232}