{"eval_loss": 1.01906156539917, "eval_accuracy": 0.5806000232696533, "eval_mae": 0.494, "eval_runtime": 18.7947, "eval_samples_per_second": 266.033}