{"eval_loss": 0.8910263776779175, "eval_accuracy": 0.6370000243186951, "eval_mae": 0.4154, "eval_runtime": 18.9049, "eval_samples_per_second": 264.482}