{"eval_loss": 1.014587163925171, "eval_accuracy": 0.5658000111579895, "eval_mae": 0.506, "eval_runtime": 17.0152, "eval_samples_per_second": 293.854}