{"eval_loss": 1.0067567825317383, "eval_accuracy": 0.576200008392334, "eval_mae": 0.4954, "eval_runtime": 17.1515, "eval_samples_per_second": 291.52}