{"eval_loss": 1.227310299873352, "eval_accuracy": 0.49939998984336853, "eval_mae": 0.604, "eval_runtime": 18.3915, "eval_samples_per_second": 271.864}