{"eval_loss": 1.14581298828125, "eval_accuracy": 0.5491999983787537, "eval_mae": 0.579, "eval_runtime": 17.4861, "eval_samples_per_second": 285.941}