{"eval_loss": 1.0534322261810303, "eval_accuracy": 0.5281999707221985, "eval_mae": 0.5696, "eval_runtime": 16.4226, "eval_samples_per_second": 304.458}