{"eval_loss": 0.9465980529785156, "eval_accuracy": 0.6055999994277954, "eval_mae": 0.4562, "eval_runtime": 17.2467, "eval_samples_per_second": 289.911}