{"eval_loss": 1.3524761199951172, "eval_accuracy": 0.4830000102519989, "eval_mae": 0.6722, "eval_runtime": 20.1185, "eval_samples_per_second": 248.528}