{"eval_loss": 1.156386375427246, "eval_accuracy": 0.5009999871253967, "eval_mae": 0.5896, "eval_runtime": 17.2934, "eval_samples_per_second": 289.127}