{"eval_loss": 1.0172853469848633, "eval_accuracy": 0.5777999758720398, "eval_mae": 0.485, "eval_runtime": 17.4543, "eval_samples_per_second": 286.462}