{"eval_loss": 1.2266333103179932, "eval_accuracy": 0.5004000067710876, "eval_mae": 0.602, "eval_runtime": 18.4721, "eval_samples_per_second": 270.678}