{"eval_loss": 0.9361929893493652, "eval_accuracy": 0.6011999845504761, "eval_mae": 0.4542, "eval_runtime": 16.0729, "eval_samples_per_second": 311.082}