{"eval_loss": 0.9579414129257202, "eval_accuracy": 0.5983999967575073, "eval_mae": 0.4648, "eval_runtime": 17.2605, "eval_samples_per_second": 289.679}