{"eval_loss": 1.0069185495376587, "eval_accuracy": 0.5956000089645386, "eval_mae": 0.4662, "eval_runtime": 17.5379, "eval_samples_per_second": 285.096}