{"eval_loss": 1.0231539011001587, "eval_accuracy": 0.5702000260353088, "eval_mae": 0.5096, "eval_runtime": 17.3298, "eval_samples_per_second": 288.52}