{"eval_loss": 1.2470487356185913, "eval_accuracy": 0.4936000108718872, "eval_mae": 0.6536, "eval_runtime": 19.5912, "eval_samples_per_second": 255.217}