{"eval_loss": 1.2273030281066895, "eval_accuracy": 0.49900001287460327, "eval_mae": 0.6048, "eval_runtime": 18.3659, "eval_samples_per_second": 272.244}