{"eval_loss": 1.3428707122802734, "eval_accuracy": 0.4758000075817108, "eval_mae": 0.6942, "eval_runtime": 17.2662, "eval_samples_per_second": 289.583}