{"eval_loss": 1.0188331604003906, "eval_accuracy": 0.5813999772071838, "eval_mae": 0.493, "eval_runtime": 27.6195, "eval_samples_per_second": 181.032}