{"eval_loss": 1.0535564422607422, "eval_accuracy": 0.5278000235557556, "eval_mae": 0.5706, "eval_runtime": 16.3372, "eval_samples_per_second": 306.051}