{"eval_loss": 1.0248754024505615, "eval_accuracy": 0.5568000078201294, "eval_mae": 0.5342, "eval_runtime": 17.2778, "eval_samples_per_second": 289.389}