{"eval_loss": 1.4408512115478516, "eval_accuracy": 0.4390000104904175, "eval_mae": 0.7306, "eval_runtime": 27.4964, "eval_samples_per_second": 181.842}