{"eval_loss": 1.2319048643112183, "eval_accuracy": 0.4984000027179718, "eval_mae": 0.6038, "eval_runtime": 18.4079, "eval_samples_per_second": 271.623}