{"eval_loss": 1.018673300743103, "eval_accuracy": 0.5809999704360962, "eval_mae": 0.4938, "eval_runtime": 23.4659, "eval_samples_per_second": 213.075}