{"eval_loss": 1.0242177248001099, "eval_accuracy": 0.5546000003814697, "eval_mae": 0.5356, "eval_runtime": 17.3075, "eval_samples_per_second": 288.892}