{"eval_loss": 0.9480916261672974, "eval_accuracy": 0.6065999865531921, "eval_mae": 0.4494, "eval_runtime": 18.8166, "eval_samples_per_second": 265.723}