{"eval_loss": 1.0760304927825928, "eval_accuracy": 0.5583999752998352, "eval_mae": 0.5308, "eval_runtime": 18.3943, "eval_samples_per_second": 271.823}