{"eval_loss": 0.947959840297699, "eval_accuracy": 0.592199981212616, "eval_mae": 0.47, "eval_runtime": 20.2037, "eval_samples_per_second": 247.479}