{"eval_loss": 0.9355251789093018, "eval_accuracy": 0.6011999845504761, "eval_mae": 0.4538, "eval_runtime": 16.3989, "eval_samples_per_second": 304.899}