{"eval_loss": 0.949526846408844, "eval_accuracy": 0.6064000129699707, "eval_mae": 0.4498, "eval_runtime": 18.3211, "eval_samples_per_second": 272.91}