{"eval_loss": 0.9462426900863647, "eval_accuracy": 0.6057999730110168, "eval_mae": 0.4564, "eval_runtime": 17.2578, "eval_samples_per_second": 289.725}