{"eval_loss": 1.2277913093566895, "eval_accuracy": 0.49939998984336853, "eval_mae": 0.6042, "eval_runtime": 18.3852, "eval_samples_per_second": 271.958}