{"eval_loss": 0.9464882612228394, "eval_accuracy": 0.604200005531311, "eval_mae": 0.457, "eval_runtime": 17.3965, "eval_samples_per_second": 287.414}