{"eval_loss": 1.0057828426361084, "eval_accuracy": 0.5756000280380249, "eval_mae": 0.4964, "eval_runtime": 16.1623, "eval_samples_per_second": 309.362}