{"eval_loss": 1.0802576541900635, "eval_accuracy": 0.5568000078201294, "eval_mae": 0.5646, "eval_runtime": 18.4692, "eval_samples_per_second": 270.721}