{"eval_loss": 0.9503455758094788, "eval_accuracy": 0.6055999994277954, "eval_mae": 0.4498, "eval_runtime": 29.9711, "eval_samples_per_second": 166.827}