{"eval_loss": 1.2967890501022339, "eval_accuracy": 0.46799999475479126, "eval_mae": 0.6814, "eval_runtime": 31.0015, "eval_samples_per_second": 161.283}