{"eval_loss": 1.0124884843826294, "eval_accuracy": 0.5794000029563904, "eval_mae": 0.4828, "eval_runtime": 17.8108, "eval_samples_per_second": 280.729}