{"eval_loss": 1.0187575817108154, "eval_accuracy": 0.5813999772071838, "eval_mae": 0.493, "eval_runtime": 17.8771, "eval_samples_per_second": 279.688}