{"eval_loss": 0.9363831877708435, "eval_accuracy": 0.6015999913215637, "eval_mae": 0.4546, "eval_runtime": 17.2971, "eval_samples_per_second": 289.066}