{"eval_loss": 1.1475564241409302, "eval_accuracy": 0.5493999719619751, "eval_mae": 0.5822, "eval_runtime": 16.7576, "eval_samples_per_second": 298.372}