{"eval_loss": 1.0689798593521118, "eval_accuracy": 0.5672000050544739, "eval_mae": 0.5196, "eval_runtime": 16.1023, "eval_samples_per_second": 310.515}