{"eval_loss": 1.4425840377807617, "eval_accuracy": 0.4397999942302704, "eval_mae": 0.7286, "eval_runtime": 22.4087, "eval_samples_per_second": 223.127}