{"eval_loss": 1.080520510673523, "eval_accuracy": 0.5573999881744385, "eval_mae": 0.5624, "eval_runtime": 18.4937, "eval_samples_per_second": 270.363}