{"eval_loss": 0.9532257914543152, "eval_accuracy": 0.6204000115394592, "eval_mae": 0.4298, "eval_runtime": 17.6116, "eval_samples_per_second": 283.904}