{"eval_loss": 0.9480124711990356, "eval_accuracy": 0.6078000068664551, "eval_mae": 0.4538, "eval_runtime": 16.6147, "eval_samples_per_second": 300.938}