{"eval_loss": 0.9489415287971497, "eval_accuracy": 0.5902000069618225, "eval_mae": 0.4638, "eval_runtime": 17.1596, "eval_samples_per_second": 291.382}