{"eval_loss": 1.2419910430908203, "eval_accuracy": 0.5001999735832214, "eval_mae": 0.5952, "eval_runtime": 22.1296, "eval_samples_per_second": 225.941}