{"eval_loss": 1.02370023727417, "eval_accuracy": 0.5568000078201294, "eval_mae": 0.5344, "eval_runtime": 17.2894, "eval_samples_per_second": 289.195}