{"eval_loss": 0.9787077903747559, "eval_accuracy": 0.5817999839782715, "eval_mae": 0.4882, "eval_runtime": 17.403, "eval_samples_per_second": 287.307}