{"eval_loss": 0.9515818357467651, "eval_accuracy": 0.6215999722480774, "eval_mae": 0.4278, "eval_runtime": 17.3836, "eval_samples_per_second": 287.627}