{"eval_loss": 0.9479835033416748, "eval_accuracy": 0.5907999873161316, "eval_mae": 0.4714, "eval_runtime": 21.9086, "eval_samples_per_second": 228.221}