{"eval_loss": 1.0039658546447754, "eval_accuracy": 0.5763999819755554, "eval_mae": 0.4946, "eval_runtime": 16.4069, "eval_samples_per_second": 304.75}