{"eval_loss": 1.22976815700531, "eval_accuracy": 0.5054000020027161, "eval_mae": 0.6222, "eval_runtime": 19.0485, "eval_samples_per_second": 262.488}