{"eval_loss": 1.0170894861221313, "eval_accuracy": 0.5813999772071838, "eval_mae": 0.4938, "eval_runtime": 17.7859, "eval_samples_per_second": 281.122}