{"eval_loss": 0.9487130641937256, "eval_accuracy": 0.6069999933242798, "eval_mae": 0.4498, "eval_runtime": 18.2807, "eval_samples_per_second": 273.512}