{"eval_loss": 0.9795417785644531, "eval_accuracy": 0.5812000036239624, "eval_mae": 0.4888, "eval_runtime": 17.3578, "eval_samples_per_second": 288.054}