{"eval_loss": 1.3559160232543945, "eval_accuracy": 0.4860000014305115, "eval_mae": 0.6728, "eval_runtime": 17.7732, "eval_samples_per_second": 281.323}