{"eval_loss": 0.9461515545845032, "eval_accuracy": 0.6050000190734863, "eval_mae": 0.4576, "eval_runtime": 16.726, "eval_samples_per_second": 298.935}