{"eval_loss": 1.0592148303985596, "eval_accuracy": 0.5573999881744385, "eval_mae": 0.5214, "eval_runtime": 18.4128, "eval_samples_per_second": 271.55}