{"eval_loss": 1.0299170017242432, "eval_accuracy": 0.5455999970436096, "eval_mae": 0.5404, "eval_runtime": 16.4438, "eval_samples_per_second": 304.066}