{"eval_loss": 0.9603205323219299, "eval_accuracy": 0.5928000211715698, "eval_mae": 0.4832, "eval_runtime": 17.5632, "eval_samples_per_second": 284.686}