{"eval_loss": 0.949150025844574, "eval_accuracy": 0.5917999744415283, "eval_mae": 0.4618, "eval_runtime": 17.3391, "eval_samples_per_second": 288.365}