{"eval_loss": 1.062833547592163, "eval_accuracy": 0.557200014591217, "eval_mae": 0.5224, "eval_runtime": 18.3561, "eval_samples_per_second": 272.389}