{"eval_loss": 0.991058886051178, "eval_accuracy": 0.5716000199317932, "eval_mae": 0.5066, "eval_runtime": 16.8933, "eval_samples_per_second": 295.975}