{"eval_loss": 1.340335488319397, "eval_accuracy": 0.46720001101493835, "eval_mae": 0.6906, "eval_runtime": 18.5209, "eval_samples_per_second": 269.966}