{"eval_loss": 1.0055084228515625, "eval_accuracy": 0.5740000009536743, "eval_mae": 0.4974, "eval_runtime": 16.5747, "eval_samples_per_second": 301.665}