{"eval_loss": 0.9465059638023376, "eval_accuracy": 0.605400025844574, "eval_mae": 0.457, "eval_runtime": 17.1904, "eval_samples_per_second": 290.86}