{"eval_loss": 1.0212366580963135, "eval_accuracy": 0.5694000124931335, "eval_mae": 0.5088, "eval_runtime": 16.6205, "eval_samples_per_second": 300.834}