{"eval_loss": 1.15420663356781, "eval_accuracy": 0.5013999938964844, "eval_mae": 0.5898, "eval_runtime": 16.7016, "eval_samples_per_second": 299.372}