{"eval_loss": 1.0785914659500122, "eval_accuracy": 0.5583999752998352, "eval_mae": 0.531, "eval_runtime": 19.6017, "eval_samples_per_second": 255.08}