{"eval_loss": 0.978797435760498, "eval_accuracy": 0.5825999975204468, "eval_mae": 0.4868, "eval_runtime": 16.3619, "eval_samples_per_second": 305.588}