{"eval_loss": 1.013028860092163, "eval_accuracy": 0.5827999711036682, "eval_mae": 0.48, "eval_runtime": 16.2971, "eval_samples_per_second": 306.804}