{"eval_loss": 0.9923888444900513, "eval_accuracy": 0.5687999725341797, "eval_mae": 0.5066, "eval_runtime": 16.9282, "eval_samples_per_second": 295.365}