{"eval_loss": 1.016046166419983, "eval_accuracy": 0.5809999704360962, "eval_mae": 0.4802, "eval_runtime": 17.4781, "eval_samples_per_second": 286.073}