{"eval_loss": 1.0187948942184448, "eval_accuracy": 0.5809999704360962, "eval_mae": 0.494, "eval_runtime": 19.8555, "eval_samples_per_second": 251.819}