{"eval_loss": 1.007243275642395, "eval_accuracy": 0.5935999751091003, "eval_mae": 0.4678, "eval_runtime": 17.1551, "eval_samples_per_second": 291.459}