{"eval_loss": 0.8897859454154968, "eval_accuracy": 0.6362000107765198, "eval_mae": 0.4148, "eval_runtime": 18.8119, "eval_samples_per_second": 265.79}