{"eval_loss": 1.0621356964111328, "eval_accuracy": 0.5577999949455261, "eval_mae": 0.5206, "eval_runtime": 18.4231, "eval_samples_per_second": 271.399}