{"eval_loss": 1.1774927377700806, "eval_accuracy": 0.5008000135421753, "eval_mae": 0.5934, "eval_runtime": 17.3117, "eval_samples_per_second": 288.822}