{"eval_loss": 0.9296001195907593, "eval_accuracy": 0.6010000109672546, "eval_mae": 0.451, "eval_runtime": 16.0743, "eval_samples_per_second": 311.056}