{"eval_loss": 1.2284796237945557, "eval_accuracy": 0.4997999966144562, "eval_mae": 0.6032, "eval_runtime": 18.3734, "eval_samples_per_second": 272.133}