{"eval_loss": 1.0145822763442993, "eval_accuracy": 0.5641999840736389, "eval_mae": 0.5086, "eval_runtime": 17.3103, "eval_samples_per_second": 288.846}