{"eval_loss": 1.0047820806503296, "eval_accuracy": 0.5763999819755554, "eval_mae": 0.4952, "eval_runtime": 17.39, "eval_samples_per_second": 287.522}