{"eval_loss": 0.9488283395767212, "eval_accuracy": 0.5906000137329102, "eval_mae": 0.463, "eval_runtime": 17.1937, "eval_samples_per_second": 290.805}