{"eval_loss": 1.1484707593917847, "eval_accuracy": 0.5483999848365784, "eval_mae": 0.583, "eval_runtime": 16.8644, "eval_samples_per_second": 296.483}