{"eval_loss": 1.0063765048980713, "eval_accuracy": 0.5924000144004822, "eval_mae": 0.469, "eval_runtime": 17.1225, "eval_samples_per_second": 292.013}