{"eval_loss": 1.2302062511444092, "eval_accuracy": 0.5081999897956848, "eval_mae": 0.621, "eval_runtime": 19.4719, "eval_samples_per_second": 256.781}