{"eval_loss": 1.1728705167770386, "eval_accuracy": 0.5054000020027161, "eval_mae": 0.5898, "eval_runtime": 17.0295, "eval_samples_per_second": 293.609}