{"eval_loss": 1.1762070655822754, "eval_accuracy": 0.5031999945640564, "eval_mae": 0.5918, "eval_runtime": 17.382, "eval_samples_per_second": 287.654}