{"eval_loss": 1.3424478769302368, "eval_accuracy": 0.4749999940395355, "eval_mae": 0.6938, "eval_runtime": 16.3422, "eval_samples_per_second": 305.955}