{"eval_loss": 0.9463170170783997, "eval_accuracy": 0.605400025844574, "eval_mae": 0.456, "eval_runtime": 16.4305, "eval_samples_per_second": 304.311}