{"eval_loss": 0.9493564367294312, "eval_accuracy": 0.6065999865531921, "eval_mae": 0.4498, "eval_runtime": 29.3388, "eval_samples_per_second": 170.423}