{"eval_loss": 1.078619360923767, "eval_accuracy": 0.5591999888420105, "eval_mae": 0.5302, "eval_runtime": 35.5545, "eval_samples_per_second": 140.629}