{"eval_loss": 1.0242563486099243, "eval_accuracy": 0.5559999942779541, "eval_mae": 0.534, "eval_runtime": 17.2955, "eval_samples_per_second": 289.093}