{"eval_loss": 1.2311652898788452, "eval_accuracy": 0.5070000290870667, "eval_mae": 0.6216, "eval_runtime": 19.856, "eval_samples_per_second": 251.813}