{"eval_loss": 0.9506626129150391, "eval_accuracy": 0.6194000244140625, "eval_mae": 0.4308, "eval_runtime": 16.8373, "eval_samples_per_second": 296.959}