{"eval_loss": 1.0057164430618286, "eval_accuracy": 0.5759999752044678, "eval_mae": 0.4964, "eval_runtime": 17.2272, "eval_samples_per_second": 290.238}