{"eval_loss": 1.0298645496368408, "eval_accuracy": 0.5454000234603882, "eval_mae": 0.5396, "eval_runtime": 16.7589, "eval_samples_per_second": 298.348}