{"eval_loss": 1.0213775634765625, "eval_accuracy": 0.5703999996185303, "eval_mae": 0.5084, "eval_runtime": 17.2833, "eval_samples_per_second": 289.296}