{"eval_loss": 1.0543822050094604, "eval_accuracy": 0.527400016784668, "eval_mae": 0.5706, "eval_runtime": 16.3504, "eval_samples_per_second": 305.803}