{"eval_loss": 1.0201083421707153, "eval_accuracy": 0.578000009059906, "eval_mae": 0.4972, "eval_runtime": 25.5106, "eval_samples_per_second": 195.997}