{"eval_loss": 1.0108909606933594, "eval_accuracy": 0.5812000036239624, "eval_mae": 0.481, "eval_runtime": 17.4242, "eval_samples_per_second": 286.958}