{"eval_loss": 0.9486125111579895, "eval_accuracy": 0.5924000144004822, "eval_mae": 0.461, "eval_runtime": 16.5922, "eval_samples_per_second": 301.347}