{"eval_loss": 1.3392223119735718, "eval_accuracy": 0.4681999981403351, "eval_mae": 0.6884, "eval_runtime": 22.4261, "eval_samples_per_second": 222.955}