{"eval_loss": 1.0252927541732788, "eval_accuracy": 0.555400013923645, "eval_mae": 0.5364, "eval_runtime": 17.3819, "eval_samples_per_second": 287.655}