{"eval_loss": 1.0208759307861328, "eval_accuracy": 0.5809999704360962, "eval_mae": 0.4942, "eval_runtime": 28.3007, "eval_samples_per_second": 176.674}