{"eval_loss": 0.9459068179130554, "eval_accuracy": 0.6057999730110168, "eval_mae": 0.456, "eval_runtime": 17.2882, "eval_samples_per_second": 289.214}