{"eval_loss": 1.024786353111267, "eval_accuracy": 0.5551999807357788, "eval_mae": 0.5358, "eval_runtime": 17.2363, "eval_samples_per_second": 290.086}