{"eval_loss": 1.3389430046081543, "eval_accuracy": 0.4675999879837036, "eval_mae": 0.689, "eval_runtime": 23.1331, "eval_samples_per_second": 216.141}