{"eval_loss": 0.9554499983787537, "eval_accuracy": 0.6000000238418579, "eval_mae": 0.4632, "eval_runtime": 17.2678, "eval_samples_per_second": 289.556}