{"eval_loss": 1.1544300317764282, "eval_accuracy": 0.49959999322891235, "eval_mae": 0.5914, "eval_runtime": 17.2781, "eval_samples_per_second": 289.383}