{"eval_loss": 1.2279982566833496, "eval_accuracy": 0.506600022315979, "eval_mae": 0.6206, "eval_runtime": 23.3078, "eval_samples_per_second": 214.52}