{"eval_loss": 1.2420204877853394, "eval_accuracy": 0.4997999966144562, "eval_mae": 0.5958, "eval_runtime": 19.7558, "eval_samples_per_second": 253.09}