{"eval_loss": 1.0628681182861328, "eval_accuracy": 0.5569999814033508, "eval_mae": 0.522, "eval_runtime": 18.3586, "eval_samples_per_second": 272.352}