{"eval_loss": 1.0176643133163452, "eval_accuracy": 0.5774000287055969, "eval_mae": 0.4852, "eval_runtime": 17.4773, "eval_samples_per_second": 286.086}