{"eval_loss": 1.3470897674560547, "eval_accuracy": 0.47440001368522644, "eval_mae": 0.688, "eval_runtime": 16.3729, "eval_samples_per_second": 305.382}