{"eval_loss": 1.030592918395996, "eval_accuracy": 0.5447999835014343, "eval_mae": 0.5406, "eval_runtime": 17.3748, "eval_samples_per_second": 287.773}