{"eval_loss": 1.0114552974700928, "eval_accuracy": 0.5813999772071838, "eval_mae": 0.4816, "eval_runtime": 17.3872, "eval_samples_per_second": 287.567}