{"eval_loss": 1.053064227104187, "eval_accuracy": 0.5264000296592712, "eval_mae": 0.5686, "eval_runtime": 16.8867, "eval_samples_per_second": 296.091}