{"eval_loss": 1.0839859247207642, "eval_accuracy": 0.5735999941825867, "eval_mae": 0.512, "eval_runtime": 16.0708, "eval_samples_per_second": 311.123}