{"eval_loss": 1.0854896306991577, "eval_accuracy": 0.573199987411499, "eval_mae": 0.5112, "eval_runtime": 16.6065, "eval_samples_per_second": 301.087}