{"eval_loss": 1.0954453945159912, "eval_accuracy": 0.5745999813079834, "eval_mae": 0.5096, "eval_runtime": 16.0655, "eval_samples_per_second": 311.227}