{"eval_loss": 1.0055211782455444, "eval_accuracy": 0.576200008392334, "eval_mae": 0.4954, "eval_runtime": 17.2047, "eval_samples_per_second": 290.618}