{"eval_loss": 1.1787571907043457, "eval_accuracy": 0.5023999810218811, "eval_mae": 0.5924, "eval_runtime": 16.8409, "eval_samples_per_second": 296.897}