{"eval_loss": 1.024112582206726, "eval_accuracy": 0.5569999814033508, "eval_mae": 0.5344, "eval_runtime": 17.3175, "eval_samples_per_second": 288.726}