{"eval_loss": 0.9365893602371216, "eval_accuracy": 0.600600004196167, "eval_mae": 0.4542, "eval_runtime": 16.6598, "eval_samples_per_second": 300.124}