{"eval_loss": 1.0469632148742676, "eval_accuracy": 0.5559999942779541, "eval_mae": 0.5136, "eval_runtime": 18.2199, "eval_samples_per_second": 274.426}