{"eval_loss": 1.4411754608154297, "eval_accuracy": 0.4390000104904175, "eval_mae": 0.7296, "eval_runtime": 18.4992, "eval_samples_per_second": 270.281}