{"eval_loss": 1.0143940448760986, "eval_accuracy": 0.5648000240325928, "eval_mae": 0.5072, "eval_runtime": 16.9247, "eval_samples_per_second": 295.425}