{"eval_loss": 1.4441107511520386, "eval_accuracy": 0.43700000643730164, "eval_mae": 0.73, "eval_runtime": 20.4355, "eval_samples_per_second": 244.672}