{"eval_loss": 1.012116551399231, "eval_accuracy": 0.5802000164985657, "eval_mae": 0.4818, "eval_runtime": 17.3794, "eval_samples_per_second": 287.698}