{"eval_loss": 0.9508679509162903, "eval_accuracy": 0.621399998664856, "eval_mae": 0.4276, "eval_runtime": 17.4962, "eval_samples_per_second": 285.776}