{"eval_loss": 0.9357529282569885, "eval_accuracy": 0.6014000177383423, "eval_mae": 0.4538, "eval_runtime": 17.2035, "eval_samples_per_second": 290.639}