{"eval_loss": 0.9469797611236572, "eval_accuracy": 0.6037999987602234, "eval_mae": 0.4572, "eval_runtime": 16.5974, "eval_samples_per_second": 301.251}