{"eval_loss": 0.9616725444793701, "eval_accuracy": 0.5925999879837036, "eval_mae": 0.4836, "eval_runtime": 16.8183, "eval_samples_per_second": 297.295}