{"eval_loss": 1.0248379707336426, "eval_accuracy": 0.5550000071525574, "eval_mae": 0.537, "eval_runtime": 17.4005, "eval_samples_per_second": 287.347}