{"eval_loss": 1.4411953687667847, "eval_accuracy": 0.4392000138759613, "eval_mae": 0.73, "eval_runtime": 18.655, "eval_samples_per_second": 268.025}