{"eval_loss": 1.1554346084594727, "eval_accuracy": 0.49880000948905945, "eval_mae": 0.592, "eval_runtime": 17.2361, "eval_samples_per_second": 290.089}