{"eval_loss": 1.0047506093978882, "eval_accuracy": 0.5785999894142151, "eval_mae": 0.4938, "eval_runtime": 17.3822, "eval_samples_per_second": 287.651}