{"eval_loss": 1.007167100906372, "eval_accuracy": 0.5938000082969666, "eval_mae": 0.4676, "eval_runtime": 17.2272, "eval_samples_per_second": 290.239}