{"eval_loss": 1.0116890668869019, "eval_accuracy": 0.579800009727478, "eval_mae": 0.482, "eval_runtime": 17.3796, "eval_samples_per_second": 287.694}