{"eval_loss": 1.0626540184020996, "eval_accuracy": 0.5576000213623047, "eval_mae": 0.5216, "eval_runtime": 18.3616, "eval_samples_per_second": 272.307}