{"eval_loss": 0.9477463960647583, "eval_accuracy": 0.5925999879837036, "eval_mae": 0.4694, "eval_runtime": 21.8104, "eval_samples_per_second": 229.249}