{"eval_loss": 1.0787380933761597, "eval_accuracy": 0.5565999746322632, "eval_mae": 0.5334, "eval_runtime": 20.7736, "eval_samples_per_second": 240.69}