{"eval_loss": 1.155794382095337, "eval_accuracy": 0.5005999803543091, "eval_mae": 0.589, "eval_runtime": 17.7989, "eval_samples_per_second": 280.916}