{"eval_loss": 1.2294690608978271, "eval_accuracy": 0.506600022315979, "eval_mae": 0.621, "eval_runtime": 19.19, "eval_samples_per_second": 260.552}