{"eval_loss": 1.1569106578826904, "eval_accuracy": 0.49880000948905945, "eval_mae": 0.592, "eval_runtime": 16.7731, "eval_samples_per_second": 298.096}