{"eval_loss": 1.0850780010223389, "eval_accuracy": 0.5752000212669373, "eval_mae": 0.5104, "eval_runtime": 16.096, "eval_samples_per_second": 310.637}