{"eval_loss": 1.3907984495162964, "eval_accuracy": 0.48019999265670776, "eval_mae": 0.6774, "eval_runtime": 21.8508, "eval_samples_per_second": 228.824}