{"eval_loss": 1.2951068878173828, "eval_accuracy": 0.46720001101493835, "eval_mae": 0.6848, "eval_runtime": 27.3101, "eval_samples_per_second": 183.082}