{"eval_loss": 1.17483651638031, "eval_accuracy": 0.5008000135421753, "eval_mae": 0.5936, "eval_runtime": 17.3013, "eval_samples_per_second": 288.995}