{"eval_loss": 0.9506964683532715, "eval_accuracy": 0.620199978351593, "eval_mae": 0.4302, "eval_runtime": 17.4321, "eval_samples_per_second": 286.828}