{"eval_loss": 0.9606378674507141, "eval_accuracy": 0.5928000211715698, "eval_mae": 0.4832, "eval_runtime": 17.4668, "eval_samples_per_second": 286.258}