{"eval_loss": 1.3427305221557617, "eval_accuracy": 0.475600004196167, "eval_mae": 0.6938, "eval_runtime": 16.9698, "eval_samples_per_second": 294.641}