{"eval_loss": 1.0859599113464355, "eval_accuracy": 0.5478000044822693, "eval_mae": 0.5412, "eval_runtime": 18.1967, "eval_samples_per_second": 274.775}