{"eval_loss": 1.3922580480575562, "eval_accuracy": 0.4803999960422516, "eval_mae": 0.674, "eval_runtime": 18.2726, "eval_samples_per_second": 273.634}