{"eval_loss": 1.2386404275894165, "eval_accuracy": 0.4968000054359436, "eval_mae": 0.6476, "eval_runtime": 21.022, "eval_samples_per_second": 237.846}