{"eval_loss": 1.017569661140442, "eval_accuracy": 0.5789999961853027, "eval_mae": 0.483, "eval_runtime": 17.5584, "eval_samples_per_second": 284.764}