{"eval_loss": 1.4415992498397827, "eval_accuracy": 0.43720000982284546, "eval_mae": 0.7322, "eval_runtime": 18.8274, "eval_samples_per_second": 265.571}