{"eval_loss": 1.2281773090362549, "eval_accuracy": 0.4997999966144562, "eval_mae": 0.603, "eval_runtime": 18.423, "eval_samples_per_second": 271.399}