{"eval_loss": 0.9488849639892578, "eval_accuracy": 0.6068000197410583, "eval_mae": 0.4496, "eval_runtime": 18.6765, "eval_samples_per_second": 267.717}