{"eval_loss": 1.2327073812484741, "eval_accuracy": 0.4997999966144562, "eval_mae": 0.6256, "eval_runtime": 18.6554, "eval_samples_per_second": 268.02}