{"eval_loss": 0.9487665891647339, "eval_accuracy": 0.6065999865531921, "eval_mae": 0.4486, "eval_runtime": 18.7236, "eval_samples_per_second": 267.043}