{"eval_loss": 1.2403337955474854, "eval_accuracy": 0.49779999256134033, "eval_mae": 0.6472, "eval_runtime": 18.1013, "eval_samples_per_second": 276.223}