{"eval_loss": 1.0539284944534302, "eval_accuracy": 0.5267999768257141, "eval_mae": 0.5692, "eval_runtime": 16.2275, "eval_samples_per_second": 308.119}