{"eval_loss": 0.9485257863998413, "eval_accuracy": 0.6060000061988831, "eval_mae": 0.4506, "eval_runtime": 18.8523, "eval_samples_per_second": 265.22}