{"eval_loss": 1.0625745058059692, "eval_accuracy": 0.557200014591217, "eval_mae": 0.5222, "eval_runtime": 18.3356, "eval_samples_per_second": 272.694}