{"eval_loss": 1.3477349281311035, "eval_accuracy": 0.47099998593330383, "eval_mae": 0.6898, "eval_runtime": 17.427, "eval_samples_per_second": 286.911}