{"eval_loss": 1.0642558336257935, "eval_accuracy": 0.5580000281333923, "eval_mae": 0.521, "eval_runtime": 18.3034, "eval_samples_per_second": 273.173}