{"eval_loss": 1.1487104892730713, "eval_accuracy": 0.5497999787330627, "eval_mae": 0.581, "eval_runtime": 16.3871, "eval_samples_per_second": 305.119}