{"eval_loss": 1.0066850185394287, "eval_accuracy": 0.5947999954223633, "eval_mae": 0.4664, "eval_runtime": 16.5934, "eval_samples_per_second": 301.324}