{"eval_loss": 1.2243502140045166, "eval_accuracy": 0.4991999864578247, "eval_mae": 0.6038, "eval_runtime": 18.459, "eval_samples_per_second": 270.871}