{"eval_loss": 1.340423822402954, "eval_accuracy": 0.46540001034736633, "eval_mae": 0.6922, "eval_runtime": 36.3603, "eval_samples_per_second": 137.513}