{"eval_loss": 1.0048631429672241, "eval_accuracy": 0.5774000287055969, "eval_mae": 0.4934, "eval_runtime": 17.1556, "eval_samples_per_second": 291.451}