{"eval_loss": 1.0450222492218018, "eval_accuracy": 0.5618000030517578, "eval_mae": 0.509, "eval_runtime": 18.3305, "eval_samples_per_second": 272.769}