{"eval_loss": 1.0210902690887451, "eval_accuracy": 0.569599986076355, "eval_mae": 0.5088, "eval_runtime": 16.4909, "eval_samples_per_second": 303.197}