{"eval_loss": 1.376707673072815, "eval_accuracy": 0.47940000891685486, "eval_mae": 0.6714, "eval_runtime": 28.0189, "eval_samples_per_second": 178.451}