{"eval_loss": 1.0849288702011108, "eval_accuracy": 0.5756000280380249, "eval_mae": 0.5106, "eval_runtime": 16.9854, "eval_samples_per_second": 294.371}