{"eval_loss": 1.0230165719985962, "eval_accuracy": 0.5544000267982483, "eval_mae": 0.5352, "eval_runtime": 17.2305, "eval_samples_per_second": 290.183}