{"eval_loss": 1.3415974378585815, "eval_accuracy": 0.4763999879360199, "eval_mae": 0.6946, "eval_runtime": 16.3478, "eval_samples_per_second": 305.852}