{"eval_loss": 1.3922919034957886, "eval_accuracy": 0.4812000095844269, "eval_mae": 0.6734, "eval_runtime": 21.0581, "eval_samples_per_second": 237.439}