{"eval_loss": 0.9906903505325317, "eval_accuracy": 0.571399986743927, "eval_mae": 0.5062, "eval_runtime": 17.1928, "eval_samples_per_second": 290.819}