{"eval_loss": 1.018999457359314, "eval_accuracy": 0.5807999968528748, "eval_mae": 0.4958, "eval_runtime": 18.5845, "eval_samples_per_second": 269.042}