{"eval_loss": 0.9495847821235657, "eval_accuracy": 0.6078000068664551, "eval_mae": 0.4488, "eval_runtime": 20.9172, "eval_samples_per_second": 239.037}