{"eval_loss": 1.2381646633148193, "eval_accuracy": 0.4970000088214874, "eval_mae": 0.6472, "eval_runtime": 18.0644, "eval_samples_per_second": 276.788}