{"eval_loss": 1.0176347494125366, "eval_accuracy": 0.5781999826431274, "eval_mae": 0.484, "eval_runtime": 16.9035, "eval_samples_per_second": 295.797}