{"eval_loss": 1.0632987022399902, "eval_accuracy": 0.5587999820709229, "eval_mae": 0.5202, "eval_runtime": 17.7102, "eval_samples_per_second": 282.323}