{"eval_loss": 1.0112824440002441, "eval_accuracy": 0.5812000036239624, "eval_mae": 0.4806, "eval_runtime": 17.4381, "eval_samples_per_second": 286.729}