{"eval_loss": 1.0794349908828735, "eval_accuracy": 0.5568000078201294, "eval_mae": 0.5652, "eval_runtime": 19.0572, "eval_samples_per_second": 262.367}