{"eval_loss": 1.0293322801589966, "eval_accuracy": 0.5425999760627747, "eval_mae": 0.5406, "eval_runtime": 16.5118, "eval_samples_per_second": 302.814}