{"eval_loss": 0.9478964805603027, "eval_accuracy": 0.5917999744415283, "eval_mae": 0.4608, "eval_runtime": 16.5579, "eval_samples_per_second": 301.97}