{"eval_loss": 0.9403093457221985, "eval_accuracy": 0.6236000061035156, "eval_mae": 0.4246, "eval_runtime": 17.6427, "eval_samples_per_second": 283.403}