{"eval_loss": 1.3423105478286743, "eval_accuracy": 0.47540000081062317, "eval_mae": 0.6948, "eval_runtime": 17.1657, "eval_samples_per_second": 291.278}