{"eval_loss": 1.0805368423461914, "eval_accuracy": 0.5569999814033508, "eval_mae": 0.5642, "eval_runtime": 21.0906, "eval_samples_per_second": 237.073}