{"eval_loss": 1.014634132385254, "eval_accuracy": 0.5654000043869019, "eval_mae": 0.5072, "eval_runtime": 17.1823, "eval_samples_per_second": 290.998}