{"eval_loss": 0.9506780505180359, "eval_accuracy": 0.621399998664856, "eval_mae": 0.4274, "eval_runtime": 17.3775, "eval_samples_per_second": 287.729}