{"eval_loss": 0.9547812342643738, "eval_accuracy": 0.5983999967575073, "eval_mae": 0.4648, "eval_runtime": 17.4388, "eval_samples_per_second": 286.717}