{"eval_loss": 1.0219135284423828, "eval_accuracy": 0.5702000260353088, "eval_mae": 0.5086, "eval_runtime": 17.3964, "eval_samples_per_second": 287.416}