{"eval_loss": 1.0610672235488892, "eval_accuracy": 0.5573999881744385, "eval_mae": 0.5212, "eval_runtime": 18.318, "eval_samples_per_second": 272.956}