{"eval_loss": 1.0057778358459473, "eval_accuracy": 0.5947999954223633, "eval_mae": 0.4666, "eval_runtime": 17.287, "eval_samples_per_second": 289.235}