{"eval_loss": 1.3377195596694946, "eval_accuracy": 0.4674000144004822, "eval_mae": 0.6888, "eval_runtime": 28.8804, "eval_samples_per_second": 173.128}