{"eval_loss": 1.4429172277450562, "eval_accuracy": 0.4397999942302704, "eval_mae": 0.7294, "eval_runtime": 32.1612, "eval_samples_per_second": 155.467}