{"eval_loss": 1.2418107986450195, "eval_accuracy": 0.5009999871253967, "eval_mae": 0.5946, "eval_runtime": 23.615, "eval_samples_per_second": 211.729}