{"eval_loss": 0.9476785063743591, "eval_accuracy": 0.592199981212616, "eval_mae": 0.47, "eval_runtime": 18.5372, "eval_samples_per_second": 269.728}