{"eval_loss": 0.9511865377426147, "eval_accuracy": 0.620199978351593, "eval_mae": 0.4296, "eval_runtime": 17.3026, "eval_samples_per_second": 288.975}