{"eval_loss": 0.9785471558570862, "eval_accuracy": 0.5809999704360962, "eval_mae": 0.4884, "eval_runtime": 17.0502, "eval_samples_per_second": 293.252}