{"eval_loss": 1.4428119659423828, "eval_accuracy": 0.4397999942302704, "eval_mae": 0.729, "eval_runtime": 18.836, "eval_samples_per_second": 265.45}