{"eval_loss": 1.0055431127548218, "eval_accuracy": 0.5753999948501587, "eval_mae": 0.4968, "eval_runtime": 17.7422, "eval_samples_per_second": 281.814}