{"eval_loss": 1.239058494567871, "eval_accuracy": 0.4970000088214874, "eval_mae": 0.6474, "eval_runtime": 31.5646, "eval_samples_per_second": 158.405}