{"eval_loss": 1.080285668373108, "eval_accuracy": 0.5562000274658203, "eval_mae": 0.5652, "eval_runtime": 27.3403, "eval_samples_per_second": 182.88}