{"eval_loss": 1.07241952419281, "eval_accuracy": 0.5595999956130981, "eval_mae": 0.5268, "eval_runtime": 17.9463, "eval_samples_per_second": 278.609}