{"eval_loss": 0.8893833160400391, "eval_accuracy": 0.6367999911308289, "eval_mae": 0.414, "eval_runtime": 19.7528, "eval_samples_per_second": 253.128}