{"eval_loss": 0.9516640901565552, "eval_accuracy": 0.6051999926567078, "eval_mae": 0.4522, "eval_runtime": 19.4413, "eval_samples_per_second": 257.185}