{"eval_loss": 0.9521138668060303, "eval_accuracy": 0.6205999851226807, "eval_mae": 0.4298, "eval_runtime": 18.0271, "eval_samples_per_second": 277.36}