{"eval_loss": 0.9498816132545471, "eval_accuracy": 0.6069999933242798, "eval_mae": 0.4488, "eval_runtime": 18.6541, "eval_samples_per_second": 268.038}