{"eval_loss": 1.3372328281402588, "eval_accuracy": 0.4779999852180481, "eval_mae": 0.6922, "eval_runtime": 16.9586, "eval_samples_per_second": 294.836}