{"eval_loss": 1.0151431560516357, "eval_accuracy": 0.5651999711990356, "eval_mae": 0.5078, "eval_runtime": 16.3862, "eval_samples_per_second": 305.136}