{"eval_loss": 1.0527325868606567, "eval_accuracy": 0.527400016784668, "eval_mae": 0.5692, "eval_runtime": 16.2391, "eval_samples_per_second": 307.898}