{"eval_loss": 0.9606910943984985, "eval_accuracy": 0.592199981212616, "eval_mae": 0.483, "eval_runtime": 17.3645, "eval_samples_per_second": 287.944}