{"eval_loss": 1.0184299945831299, "eval_accuracy": 0.574999988079071, "eval_mae": 0.4858, "eval_runtime": 17.4961, "eval_samples_per_second": 285.778}