{"eval_loss": 1.0448284149169922, "eval_accuracy": 0.5605999827384949, "eval_mae": 0.509, "eval_runtime": 19.0752, "eval_samples_per_second": 262.12}