{"eval_loss": 0.9509289264678955, "eval_accuracy": 0.6209999918937683, "eval_mae": 0.429, "eval_runtime": 17.4977, "eval_samples_per_second": 285.752}