{"eval_loss": 1.022813320159912, "eval_accuracy": 0.5685999989509583, "eval_mae": 0.5116, "eval_runtime": 17.2744, "eval_samples_per_second": 289.446}