{"eval_loss": 1.3369029760360718, "eval_accuracy": 0.46779999136924744, "eval_mae": 0.688, "eval_runtime": 18.4225, "eval_samples_per_second": 271.407}