{"eval_loss": 1.3442515134811401, "eval_accuracy": 0.47519999742507935, "eval_mae": 0.6942, "eval_runtime": 16.9415, "eval_samples_per_second": 295.133}