{"eval_loss": 1.3484299182891846, "eval_accuracy": 0.4717999994754791, "eval_mae": 0.691, "eval_runtime": 17.3051, "eval_samples_per_second": 288.932}