{"eval_loss": 1.2275044918060303, "eval_accuracy": 0.5004000067710876, "eval_mae": 0.6024, "eval_runtime": 18.4472, "eval_samples_per_second": 271.044}