{"eval_loss": 0.9486986398696899, "eval_accuracy": 0.5896000266075134, "eval_mae": 0.464, "eval_runtime": 16.8938, "eval_samples_per_second": 295.967}