{"eval_loss": 1.348840594291687, "eval_accuracy": 0.4851999878883362, "eval_mae": 0.6692, "eval_runtime": 18.3775, "eval_samples_per_second": 272.072}