{"eval_loss": 1.0608552694320679, "eval_accuracy": 0.5573999881744385, "eval_mae": 0.5208, "eval_runtime": 18.3536, "eval_samples_per_second": 272.425}