{"eval_loss": 1.0179705619812012, "eval_accuracy": 0.5784000158309937, "eval_mae": 0.4844, "eval_runtime": 16.5042, "eval_samples_per_second": 302.953}