{"eval_loss": 1.0795066356658936, "eval_accuracy": 0.5565999746322632, "eval_mae": 0.5646, "eval_runtime": 24.0854, "eval_samples_per_second": 207.594}