{"eval_loss": 1.4041032791137695, "eval_accuracy": 0.47519999742507935, "eval_mae": 0.6838, "eval_runtime": 19.1214, "eval_samples_per_second": 261.487}