{"eval_loss": 0.9564656019210815, "eval_accuracy": 0.5992000102996826, "eval_mae": 0.4638, "eval_runtime": 17.2737, "eval_samples_per_second": 289.458}