{"eval_loss": 1.08588707447052, "eval_accuracy": 0.5475999712944031, "eval_mae": 0.541, "eval_runtime": 19.0521, "eval_samples_per_second": 262.438}