{"eval_loss": 1.3790137767791748, "eval_accuracy": 0.475600004196167, "eval_mae": 0.6774, "eval_runtime": 31.6614, "eval_samples_per_second": 157.921}