{"eval_loss": 1.1782519817352295, "eval_accuracy": 0.5012000203132629, "eval_mae": 0.5934, "eval_runtime": 17.2517, "eval_samples_per_second": 289.826}