{"eval_loss": 1.3671729564666748, "eval_accuracy": 0.4575999975204468, "eval_mae": 0.7324, "eval_runtime": 17.4225, "eval_samples_per_second": 286.986}