{"eval_loss": 1.0192179679870605, "eval_accuracy": 0.5812000036239624, "eval_mae": 0.4946, "eval_runtime": 18.4632, "eval_samples_per_second": 270.809}