{"eval_loss": 1.2289847135543823, "eval_accuracy": 0.5073999762535095, "eval_mae": 0.6204, "eval_runtime": 20.0421, "eval_samples_per_second": 249.475}