{"eval_loss": 0.9550372362136841, "eval_accuracy": 0.6007999777793884, "eval_mae": 0.4616, "eval_runtime": 17.3308, "eval_samples_per_second": 288.504}