{"eval_loss": 1.0525082349777222, "eval_accuracy": 0.5275999903678894, "eval_mae": 0.5712, "eval_runtime": 16.9519, "eval_samples_per_second": 294.953}