{"eval_loss": 0.9458411931991577, "eval_accuracy": 0.6051999926567078, "eval_mae": 0.4572, "eval_runtime": 17.4478, "eval_samples_per_second": 286.569}