{"eval_loss": 1.2263444662094116, "eval_accuracy": 0.5081999897956848, "eval_mae": 0.6188, "eval_runtime": 19.0226, "eval_samples_per_second": 262.845}