{"eval_loss": 1.0809398889541626, "eval_accuracy": 0.5734000205993652, "eval_mae": 0.5098, "eval_runtime": 16.2999, "eval_samples_per_second": 306.751}