{"eval_loss": 1.045884132385254, "eval_accuracy": 0.5595999956130981, "eval_mae": 0.5094, "eval_runtime": 18.3701, "eval_samples_per_second": 272.181}