{"eval_loss": 1.2321748733520508, "eval_accuracy": 0.5054000020027161, "eval_mae": 0.6228, "eval_runtime": 18.9578, "eval_samples_per_second": 263.744}