{"eval_loss": 1.019639492034912, "eval_accuracy": 0.5785999894142151, "eval_mae": 0.4838, "eval_runtime": 17.421, "eval_samples_per_second": 287.01}