{"eval_loss": 0.96134352684021, "eval_accuracy": 0.5924000144004822, "eval_mae": 0.4838, "eval_runtime": 17.4184, "eval_samples_per_second": 287.053}