{"eval_loss": 0.9461292028427124, "eval_accuracy": 0.6051999926567078, "eval_mae": 0.4566, "eval_runtime": 17.3304, "eval_samples_per_second": 288.51}