{"eval_loss": 1.0454548597335815, "eval_accuracy": 0.5598000288009644, "eval_mae": 0.5096, "eval_runtime": 18.5295, "eval_samples_per_second": 269.84}