{"eval_loss": 1.0082060098648071, "eval_accuracy": 0.5907999873161316, "eval_mae": 0.4708, "eval_runtime": 17.2581, "eval_samples_per_second": 289.719}