{"eval_loss": 1.0298478603363037, "eval_accuracy": 0.5446000099182129, "eval_mae": 0.542, "eval_runtime": 16.7072, "eval_samples_per_second": 299.271}