{"eval_loss": 0.9581049084663391, "eval_accuracy": 0.5920000076293945, "eval_mae": 0.4824, "eval_runtime": 17.3413, "eval_samples_per_second": 288.329}