{"eval_loss": 1.343283772468567, "eval_accuracy": 0.4742000102996826, "eval_mae": 0.6964, "eval_runtime": 16.9837, "eval_samples_per_second": 294.399}