{"eval_loss": 1.0175561904907227, "eval_accuracy": 0.5802000164985657, "eval_mae": 0.4826, "eval_runtime": 16.9259, "eval_samples_per_second": 295.405}