{"eval_loss": 1.0801583528518677, "eval_accuracy": 0.5555999875068665, "eval_mae": 0.5662, "eval_runtime": 17.8546, "eval_samples_per_second": 280.039}