{"eval_loss": 1.0146141052246094, "eval_accuracy": 0.5644000172615051, "eval_mae": 0.5076, "eval_runtime": 17.0058, "eval_samples_per_second": 294.017}