{"eval_loss": 1.2972042560577393, "eval_accuracy": 0.4675999879837036, "eval_mae": 0.6822, "eval_runtime": 23.9026, "eval_samples_per_second": 209.182}