{"eval_loss": 0.8893082141876221, "eval_accuracy": 0.6366000175476074, "eval_mae": 0.4144, "eval_runtime": 20.4933, "eval_samples_per_second": 243.982}