{"eval_loss": 1.0059083700180054, "eval_accuracy": 0.5767999887466431, "eval_mae": 0.495, "eval_runtime": 17.2496, "eval_samples_per_second": 289.862}