{"eval_loss": 1.3517370223999023, "eval_accuracy": 0.4729999899864197, "eval_mae": 0.6898, "eval_runtime": 17.2421, "eval_samples_per_second": 289.988}