{"eval_loss": 1.0083588361740112, "eval_accuracy": 0.5835999846458435, "eval_mae": 0.477, "eval_runtime": 16.7021, "eval_samples_per_second": 299.363}