{"eval_loss": 1.0163823366165161, "eval_accuracy": 0.5809999704360962, "eval_mae": 0.4932, "eval_runtime": 28.0858, "eval_samples_per_second": 178.026}