{"eval_loss": 0.9513099789619446, "eval_accuracy": 0.6204000115394592, "eval_mae": 0.429, "eval_runtime": 17.3823, "eval_samples_per_second": 287.648}