{"eval_loss": 1.0296927690505981, "eval_accuracy": 0.5437999963760376, "eval_mae": 0.5398, "eval_runtime": 16.4607, "eval_samples_per_second": 303.754}