{"eval_loss": 1.0633398294448853, "eval_accuracy": 0.5598000288009644, "eval_mae": 0.52, "eval_runtime": 18.0562, "eval_samples_per_second": 276.913}