{"eval_loss": 1.2291682958602905, "eval_accuracy": 0.5004000067710876, "eval_mae": 0.6026, "eval_runtime": 18.3948, "eval_samples_per_second": 271.816}