{"eval_loss": 0.889015257358551, "eval_accuracy": 0.6367999911308289, "eval_mae": 0.4144, "eval_runtime": 18.8242, "eval_samples_per_second": 265.615}