{"eval_loss": 1.3419636487960815, "eval_accuracy": 0.4675999879837036, "eval_mae": 0.6894, "eval_runtime": 18.4805, "eval_samples_per_second": 270.555}