{"eval_loss": 0.9474183320999146, "eval_accuracy": 0.5925999879837036, "eval_mae": 0.4698, "eval_runtime": 18.7778, "eval_samples_per_second": 266.272}