{"eval_loss": 0.9617613554000854, "eval_accuracy": 0.5914000272750854, "eval_mae": 0.4852, "eval_runtime": 17.3197, "eval_samples_per_second": 288.688}