{"eval_loss": 1.1475980281829834, "eval_accuracy": 0.5491999983787537, "eval_mae": 0.5816, "eval_runtime": 16.8267, "eval_samples_per_second": 297.148}