{"eval_loss": 1.1761773824691772, "eval_accuracy": 0.5031999945640564, "eval_mae": 0.5924, "eval_runtime": 17.6327, "eval_samples_per_second": 283.565}