{"eval_loss": 1.0176033973693848, "eval_accuracy": 0.5812000036239624, "eval_mae": 0.4958, "eval_runtime": 21.6316, "eval_samples_per_second": 231.143}