{"eval_loss": 1.0807751417160034, "eval_accuracy": 0.5594000220298767, "eval_mae": 0.5618, "eval_runtime": 22.6142, "eval_samples_per_second": 221.1}