{"eval_loss": 0.9497404098510742, "eval_accuracy": 0.6061999797821045, "eval_mae": 0.4502, "eval_runtime": 22.742, "eval_samples_per_second": 219.857}