{"eval_loss": 0.960494339466095, "eval_accuracy": 0.5935999751091003, "eval_mae": 0.4816, "eval_runtime": 17.4715, "eval_samples_per_second": 286.181}