{"eval_loss": 0.9505910277366638, "eval_accuracy": 0.6205999851226807, "eval_mae": 0.4288, "eval_runtime": 17.4288, "eval_samples_per_second": 286.881}