{"eval_loss": 0.992658793926239, "eval_accuracy": 0.567799985408783, "eval_mae": 0.5118, "eval_runtime": 16.9315, "eval_samples_per_second": 295.308}