{"eval_loss": 1.0085738897323608, "eval_accuracy": 0.5934000015258789, "eval_mae": 0.4688, "eval_runtime": 17.4847, "eval_samples_per_second": 285.965}