{"eval_loss": 0.9357779026031494, "eval_accuracy": 0.6003999710083008, "eval_mae": 0.4558, "eval_runtime": 17.076, "eval_samples_per_second": 292.808}