{"eval_loss": 1.1553951501846313, "eval_accuracy": 0.498199999332428, "eval_mae": 0.5928, "eval_runtime": 17.2487, "eval_samples_per_second": 289.878}