{"eval_loss": 1.4404428005218506, "eval_accuracy": 0.44040000438690186, "eval_mae": 0.728, "eval_runtime": 20.5527, "eval_samples_per_second": 243.277}