{"eval_loss": 0.9562050700187683, "eval_accuracy": 0.5992000102996826, "eval_mae": 0.4632, "eval_runtime": 16.6828, "eval_samples_per_second": 299.709}