{"eval_loss": 1.0514155626296997, "eval_accuracy": 0.5252000093460083, "eval_mae": 0.573, "eval_runtime": 16.2513, "eval_samples_per_second": 307.667}