{"eval_loss": 1.2964987754821777, "eval_accuracy": 0.46779999136924744, "eval_mae": 0.6814, "eval_runtime": 24.4441, "eval_samples_per_second": 204.548}