{"eval_loss": 0.9941874742507935, "eval_accuracy": 0.5699999928474426, "eval_mae": 0.5086, "eval_runtime": 17.0324, "eval_samples_per_second": 293.559}