{"eval_loss": 0.9794631600379944, "eval_accuracy": 0.5809999704360962, "eval_mae": 0.49, "eval_runtime": 16.7888, "eval_samples_per_second": 297.818}