{"eval_loss": 1.011351227760315, "eval_accuracy": 0.5806000232696533, "eval_mae": 0.4818, "eval_runtime": 17.4988, "eval_samples_per_second": 285.733}