{"eval_loss": 1.0628068447113037, "eval_accuracy": 0.5591999888420105, "eval_mae": 0.5204, "eval_runtime": 21.4919, "eval_samples_per_second": 232.645}