{"eval_loss": 1.1770473718643188, "eval_accuracy": 0.503600001335144, "eval_mae": 0.5908, "eval_runtime": 17.3854, "eval_samples_per_second": 287.597}