{"eval_loss": 1.0811101198196411, "eval_accuracy": 0.5558000206947327, "eval_mae": 0.5646, "eval_runtime": 18.1922, "eval_samples_per_second": 274.843}