{"eval_loss": 1.0176016092300415, "eval_accuracy": 0.5802000164985657, "eval_mae": 0.4818, "eval_runtime": 16.8485, "eval_samples_per_second": 296.763}