{"eval_loss": 1.0142923593521118, "eval_accuracy": 0.5658000111579895, "eval_mae": 0.5056, "eval_runtime": 17.1265, "eval_samples_per_second": 291.945}