{"eval_loss": 1.3670825958251953, "eval_accuracy": 0.45879998803138733, "eval_mae": 0.731, "eval_runtime": 17.5419, "eval_samples_per_second": 285.033}