{"eval_loss": 1.0048681497573853, "eval_accuracy": 0.5776000022888184, "eval_mae": 0.4934, "eval_runtime": 17.2162, "eval_samples_per_second": 290.424}