{"eval_loss": 0.9488048553466797, "eval_accuracy": 0.5917999744415283, "eval_mae": 0.462, "eval_runtime": 16.2297, "eval_samples_per_second": 308.077}