{"eval_loss": 1.0853228569030762, "eval_accuracy": 0.576200008392334, "eval_mae": 0.5094, "eval_runtime": 17.106, "eval_samples_per_second": 292.295}