{"eval_loss": 1.2966904640197754, "eval_accuracy": 0.4674000144004822, "eval_mae": 0.682, "eval_runtime": 20.0324, "eval_samples_per_second": 249.596}