{"eval_loss": 0.9792821407318115, "eval_accuracy": 0.5802000164985657, "eval_mae": 0.4896, "eval_runtime": 16.3565, "eval_samples_per_second": 305.689}