{"eval_loss": 1.2961822748184204, "eval_accuracy": 0.4681999981403351, "eval_mae": 0.6812, "eval_runtime": 19.7671, "eval_samples_per_second": 252.946}