{"eval_loss": 1.0640162229537964, "eval_accuracy": 0.5616000294685364, "eval_mae": 0.5178, "eval_runtime": 17.9941, "eval_samples_per_second": 277.869}