{"eval_loss": 1.0116060972213745, "eval_accuracy": 0.579200029373169, "eval_mae": 0.4822, "eval_runtime": 16.7941, "eval_samples_per_second": 297.723}