{"eval_loss": 1.239496111869812, "eval_accuracy": 0.49720001220703125, "eval_mae": 0.6458, "eval_runtime": 21.2081, "eval_samples_per_second": 235.759}