{"eval_loss": 1.0026628971099854, "eval_accuracy": 0.5758000016212463, "eval_mae": 0.4952, "eval_runtime": 16.5032, "eval_samples_per_second": 302.972}