{"eval_loss": 1.1761482954025269, "eval_accuracy": 0.5023999810218811, "eval_mae": 0.592, "eval_runtime": 16.6735, "eval_samples_per_second": 299.878}