{"eval_loss": 0.9909662008285522, "eval_accuracy": 0.5716000199317932, "eval_mae": 0.506, "eval_runtime": 17.0135, "eval_samples_per_second": 293.884}