{"eval_loss": 0.9489793181419373, "eval_accuracy": 0.5889999866485596, "eval_mae": 0.4646, "eval_runtime": 16.6142, "eval_samples_per_second": 300.947}