{"eval_loss": 0.9906755685806274, "eval_accuracy": 0.5708000063896179, "eval_mae": 0.5086, "eval_runtime": 17.1764, "eval_samples_per_second": 291.097}