{"eval_loss": 1.17158842086792, "eval_accuracy": 0.5016000270843506, "eval_mae": 0.5926, "eval_runtime": 17.3956, "eval_samples_per_second": 287.429}