{"eval_loss": 1.2397514581680298, "eval_accuracy": 0.49540001153945923, "eval_mae": 0.6488, "eval_runtime": 18.5695, "eval_samples_per_second": 269.259}