{"eval_loss": 0.9787083864212036, "eval_accuracy": 0.5817999839782715, "eval_mae": 0.4876, "eval_runtime": 17.3115, "eval_samples_per_second": 288.825}