{"eval_loss": 1.0144832134246826, "eval_accuracy": 0.5645999908447266, "eval_mae": 0.507, "eval_runtime": 17.2433, "eval_samples_per_second": 289.968}