{"eval_loss": 1.0244159698486328, "eval_accuracy": 0.5562000274658203, "eval_mae": 0.5354, "eval_runtime": 17.3434, "eval_samples_per_second": 288.294}