{"eval_loss": 1.0534542798995972, "eval_accuracy": 0.5281999707221985, "eval_mae": 0.5686, "eval_runtime": 16.3623, "eval_samples_per_second": 305.58}