{"eval_loss": 0.9497601389884949, "eval_accuracy": 0.5914000272750854, "eval_mae": 0.4628, "eval_runtime": 16.6611, "eval_samples_per_second": 300.1}