{"eval_loss": 1.4442720413208008, "eval_accuracy": 0.4399999976158142, "eval_mae": 0.7278, "eval_runtime": 25.0237, "eval_samples_per_second": 199.81}