{"eval_loss": 1.021170735359192, "eval_accuracy": 0.5703999996185303, "eval_mae": 0.5092, "eval_runtime": 17.2823, "eval_samples_per_second": 289.313}