{"eval_loss": 1.062619686126709, "eval_accuracy": 0.5576000213623047, "eval_mae": 0.5218, "eval_runtime": 18.2879, "eval_samples_per_second": 273.404}