{"eval_loss": 1.349022388458252, "eval_accuracy": 0.4733999967575073, "eval_mae": 0.6892, "eval_runtime": 16.7586, "eval_samples_per_second": 298.354}