{"eval_loss": 1.2165659666061401, "eval_accuracy": 0.5076000094413757, "eval_mae": 0.6178, "eval_runtime": 22.7733, "eval_samples_per_second": 219.556}