{"eval_loss": 1.062590479850769, "eval_accuracy": 0.5573999881744385, "eval_mae": 0.522, "eval_runtime": 18.3405, "eval_samples_per_second": 272.62}