{"eval_loss": 0.8893947005271912, "eval_accuracy": 0.6370000243186951, "eval_mae": 0.414, "eval_runtime": 23.9024, "eval_samples_per_second": 209.184}