{"eval_loss": 0.9611259698867798, "eval_accuracy": 0.592199981212616, "eval_mae": 0.4838, "eval_runtime": 17.3027, "eval_samples_per_second": 288.973}