{"eval_loss": 1.4442508220672607, "eval_accuracy": 0.43939998745918274, "eval_mae": 0.7296, "eval_runtime": 35.0431, "eval_samples_per_second": 142.682}