{"eval_loss": 1.1759002208709717, "eval_accuracy": 0.5040000081062317, "eval_mae": 0.5912, "eval_runtime": 17.3274, "eval_samples_per_second": 288.56}