{"eval_loss": 1.1484334468841553, "eval_accuracy": 0.5486000180244446, "eval_mae": 0.583, "eval_runtime": 16.8618, "eval_samples_per_second": 296.528}