{"eval_loss": 0.93551105260849, "eval_accuracy": 0.6018000245094299, "eval_mae": 0.4544, "eval_runtime": 16.434, "eval_samples_per_second": 304.246}