{"eval_loss": 1.0063797235488892, "eval_accuracy": 0.593999981880188, "eval_mae": 0.4672, "eval_runtime": 17.2379, "eval_samples_per_second": 290.058}