{"eval_loss": 0.8894025683403015, "eval_accuracy": 0.6363999843597412, "eval_mae": 0.4146, "eval_runtime": 21.1489, "eval_samples_per_second": 236.419}