{"eval_loss": 1.0247159004211426, "eval_accuracy": 0.5559999942779541, "eval_mae": 0.535, "eval_runtime": 17.3132, "eval_samples_per_second": 288.797}