{"eval_loss": 0.950631856918335, "eval_accuracy": 0.6078000068664551, "eval_mae": 0.4482, "eval_runtime": 18.6596, "eval_samples_per_second": 267.959}