{"eval_loss": 1.2312387228012085, "eval_accuracy": 0.5045999884605408, "eval_mae": 0.6234, "eval_runtime": 36.1828, "eval_samples_per_second": 138.187}