{"eval_loss": 1.0067294836044312, "eval_accuracy": 0.5932000279426575, "eval_mae": 0.4682, "eval_runtime": 17.2898, "eval_samples_per_second": 289.187}