{"eval_loss": 0.9907272458076477, "eval_accuracy": 0.5726000070571899, "eval_mae": 0.5046, "eval_runtime": 16.9304, "eval_samples_per_second": 295.328}