{"eval_loss": 0.9464161992073059, "eval_accuracy": 0.6047999858856201, "eval_mae": 0.457, "eval_runtime": 17.1458, "eval_samples_per_second": 291.617}