{"eval_loss": 0.9489602446556091, "eval_accuracy": 0.6047999858856201, "eval_mae": 0.4512, "eval_runtime": 21.0881, "eval_samples_per_second": 237.1}