{"eval_loss": 1.1478344202041626, "eval_accuracy": 0.5496000051498413, "eval_mae": 0.581, "eval_runtime": 16.7958, "eval_samples_per_second": 297.694}