{"eval_loss": 1.0876327753067017, "eval_accuracy": 0.5418000221252441, "eval_mae": 0.5468, "eval_runtime": 30.8796, "eval_samples_per_second": 161.919}