{"eval_loss": 0.9508058428764343, "eval_accuracy": 0.6194000244140625, "eval_mae": 0.4298, "eval_runtime": 17.4301, "eval_samples_per_second": 286.86}