{"eval_loss": 0.9793407917022705, "eval_accuracy": 0.5817999839782715, "eval_mae": 0.4882, "eval_runtime": 17.6206, "eval_samples_per_second": 283.758}