{"eval_loss": 0.9606866240501404, "eval_accuracy": 0.5920000076293945, "eval_mae": 0.4844, "eval_runtime": 17.3733, "eval_samples_per_second": 287.797}