{"eval_loss": 1.0623403787612915, "eval_accuracy": 0.5564000010490417, "eval_mae": 0.522, "eval_runtime": 18.3495, "eval_samples_per_second": 272.486}