{"eval_loss": 0.9504400491714478, "eval_accuracy": 0.6187999844551086, "eval_mae": 0.431, "eval_runtime": 17.4164, "eval_samples_per_second": 287.085}