{"eval_loss": 1.3434805870056152, "eval_accuracy": 0.475600004196167, "eval_mae": 0.6948, "eval_runtime": 16.9077, "eval_samples_per_second": 295.722}