{"eval_loss": 1.0457912683486938, "eval_accuracy": 0.5613999962806702, "eval_mae": 0.5092, "eval_runtime": 18.5603, "eval_samples_per_second": 269.392}