{"eval_loss": 1.1474838256835938, "eval_accuracy": 0.5496000051498413, "eval_mae": 0.5816, "eval_runtime": 17.4115, "eval_samples_per_second": 287.166}