{"eval_loss": 1.086039423942566, "eval_accuracy": 0.5504000186920166, "eval_mae": 0.5376, "eval_runtime": 18.6656, "eval_samples_per_second": 267.873}