{"eval_loss": 1.0214462280273438, "eval_accuracy": 0.5708000063896179, "eval_mae": 0.5068, "eval_runtime": 16.0875, "eval_samples_per_second": 310.801}