{"eval_loss": 1.024439811706543, "eval_accuracy": 0.5540000200271606, "eval_mae": 0.537, "eval_runtime": 17.2544, "eval_samples_per_second": 289.78}