{"eval_loss": 1.1469491720199585, "eval_accuracy": 0.5491999983787537, "eval_mae": 0.5812, "eval_runtime": 16.7744, "eval_samples_per_second": 298.074}