{"eval_loss": 0.9452768564224243, "eval_accuracy": 0.5935999751091003, "eval_mae": 0.4678, "eval_runtime": 21.4935, "eval_samples_per_second": 232.629}