{"eval_loss": 1.0114020109176636, "eval_accuracy": 0.5802000164985657, "eval_mae": 0.4814, "eval_runtime": 17.5652, "eval_samples_per_second": 284.655}