{"eval_loss": 0.9786413908004761, "eval_accuracy": 0.5821999907493591, "eval_mae": 0.4882, "eval_runtime": 17.3175, "eval_samples_per_second": 288.725}