{"eval_loss": 1.1775612831115723, "eval_accuracy": 0.501800000667572, "eval_mae": 0.5928, "eval_runtime": 17.2885, "eval_samples_per_second": 289.21}