{"eval_loss": 0.9905103445053101, "eval_accuracy": 0.571399986743927, "eval_mae": 0.5072, "eval_runtime": 16.9899, "eval_samples_per_second": 294.293}