{"eval_loss": 0.950810432434082, "eval_accuracy": 0.6186000108718872, "eval_mae": 0.4312, "eval_runtime": 17.467, "eval_samples_per_second": 286.255}