{"eval_loss": 1.1471726894378662, "eval_accuracy": 0.5491999983787537, "eval_mae": 0.5812, "eval_runtime": 16.8097, "eval_samples_per_second": 297.448}