{"eval_loss": 1.2396224737167358, "eval_accuracy": 0.49720001220703125, "eval_mae": 0.6472, "eval_runtime": 32.7281, "eval_samples_per_second": 152.774}