{"eval_loss": 1.1481057405471802, "eval_accuracy": 0.5475999712944031, "eval_mae": 0.5828, "eval_runtime": 17.5622, "eval_samples_per_second": 284.703}