{"eval_loss": 1.0241178274154663, "eval_accuracy": 0.5547999739646912, "eval_mae": 0.5364, "eval_runtime": 17.6219, "eval_samples_per_second": 283.738}