{"eval_loss": 1.0808346271514893, "eval_accuracy": 0.5716000199317932, "eval_mae": 0.5134, "eval_runtime": 16.0497, "eval_samples_per_second": 311.533}