{"eval_loss": 1.2425481081008911, "eval_accuracy": 0.49900001287460327, "eval_mae": 0.597, "eval_runtime": 23.9839, "eval_samples_per_second": 208.473}