{"eval_loss": 0.961948812007904, "eval_accuracy": 0.5935999751091003, "eval_mae": 0.4822, "eval_runtime": 17.5929, "eval_samples_per_second": 284.205}