{"eval_loss": 1.0066032409667969, "eval_accuracy": 0.5943999886512756, "eval_mae": 0.4668, "eval_runtime": 17.2828, "eval_samples_per_second": 289.305}