{"eval_loss": 0.9906114339828491, "eval_accuracy": 0.5703999996185303, "eval_mae": 0.5078, "eval_runtime": 16.8724, "eval_samples_per_second": 296.342}