{"eval_loss": 1.390600562095642, "eval_accuracy": 0.4814000129699707, "eval_mae": 0.6728, "eval_runtime": 20.6419, "eval_samples_per_second": 242.225}