{"eval_loss": 1.0173105001449585, "eval_accuracy": 0.5789999961853027, "eval_mae": 0.4836, "eval_runtime": 17.5221, "eval_samples_per_second": 285.354}