{"eval_loss": 0.9461841583251953, "eval_accuracy": 0.6055999994277954, "eval_mae": 0.4564, "eval_runtime": 16.4612, "eval_samples_per_second": 303.744}