{"eval_loss": 1.0117007493972778, "eval_accuracy": 0.5794000029563904, "eval_mae": 0.482, "eval_runtime": 17.3515, "eval_samples_per_second": 288.159}