{"eval_loss": 0.9600071310997009, "eval_accuracy": 0.5914000272750854, "eval_mae": 0.4838, "eval_runtime": 18.1934, "eval_samples_per_second": 274.825}