{"eval_loss": 0.8895537257194519, "eval_accuracy": 0.6363999843597412, "eval_mae": 0.4146, "eval_runtime": 19.3322, "eval_samples_per_second": 258.636}