{"eval_loss": 1.4429036378860474, "eval_accuracy": 0.4399999976158142, "eval_mae": 0.7288, "eval_runtime": 32.2977, "eval_samples_per_second": 154.81}