{"eval_loss": 0.9789562225341797, "eval_accuracy": 0.5820000171661377, "eval_mae": 0.488, "eval_runtime": 17.3345, "eval_samples_per_second": 288.443}