{"eval_loss": 1.3376123905181885, "eval_accuracy": 0.46860000491142273, "eval_mae": 0.6886, "eval_runtime": 18.3191, "eval_samples_per_second": 272.94}