{"eval_loss": 0.990921676158905, "eval_accuracy": 0.571399986743927, "eval_mae": 0.507, "eval_runtime": 16.9981, "eval_samples_per_second": 294.15}