{"eval_loss": 1.0179699659347534, "eval_accuracy": 0.5809999704360962, "eval_mae": 0.4942, "eval_runtime": 24.5606, "eval_samples_per_second": 203.578}