{"eval_loss": 0.9470323324203491, "eval_accuracy": 0.6033999919891357, "eval_mae": 0.4578, "eval_runtime": 17.2492, "eval_samples_per_second": 289.869}