{"eval_loss": 1.078605055809021, "eval_accuracy": 0.5590000152587891, "eval_mae": 0.5304, "eval_runtime": 21.7271, "eval_samples_per_second": 230.127}