{"eval_loss": 0.9616488218307495, "eval_accuracy": 0.5924000144004822, "eval_mae": 0.4846, "eval_runtime": 17.3279, "eval_samples_per_second": 288.553}