{"eval_loss": 1.0801771879196167, "eval_accuracy": 0.5580000281333923, "eval_mae": 0.5322, "eval_runtime": 18.6544, "eval_samples_per_second": 268.034}