{"eval_loss": 1.290036678314209, "eval_accuracy": 0.4697999954223633, "eval_mae": 0.6776, "eval_runtime": 20.2453, "eval_samples_per_second": 246.971}