{"eval_loss": 1.0300068855285645, "eval_accuracy": 0.5460000038146973, "eval_mae": 0.5394, "eval_runtime": 17.3995, "eval_samples_per_second": 287.365}