{"eval_loss": 1.3927758932113647, "eval_accuracy": 0.47999998927116394, "eval_mae": 0.6746, "eval_runtime": 28.8703, "eval_samples_per_second": 173.188}