{"eval_loss": 1.2977309226989746, "eval_accuracy": 0.46779999136924744, "eval_mae": 0.682, "eval_runtime": 25.5019, "eval_samples_per_second": 196.064}