{"eval_loss": 1.006355881690979, "eval_accuracy": 0.5920000076293945, "eval_mae": 0.4696, "eval_runtime": 17.3529, "eval_samples_per_second": 288.136}