{"eval_loss": 1.0194000005722046, "eval_accuracy": 0.5781999826431274, "eval_mae": 0.4976, "eval_runtime": 18.5199, "eval_samples_per_second": 269.98}