{"eval_loss": 1.018288016319275, "eval_accuracy": 0.58160001039505, "eval_mae": 0.4818, "eval_runtime": 16.4296, "eval_samples_per_second": 304.328}