{"eval_loss": 1.0803866386413574, "eval_accuracy": 0.5562000274658203, "eval_mae": 0.5652, "eval_runtime": 22.8003, "eval_samples_per_second": 219.295}