{"eval_loss": 0.9568254947662354, "eval_accuracy": 0.5989999771118164, "eval_mae": 0.4642, "eval_runtime": 16.5842, "eval_samples_per_second": 301.491}