{"eval_loss": 1.179777979850769, "eval_accuracy": 0.5016000270843506, "eval_mae": 0.594, "eval_runtime": 17.5466, "eval_samples_per_second": 284.956}