{"eval_loss": 1.0118687152862549, "eval_accuracy": 0.579800009727478, "eval_mae": 0.4816, "eval_runtime": 17.4783, "eval_samples_per_second": 286.07}