{"eval_loss": 0.9571623206138611, "eval_accuracy": 0.598800003528595, "eval_mae": 0.4634, "eval_runtime": 17.3902, "eval_samples_per_second": 287.518}