{"eval_loss": 0.9621058702468872, "eval_accuracy": 0.5934000015258789, "eval_mae": 0.483, "eval_runtime": 17.3753, "eval_samples_per_second": 287.765}