{"eval_loss": 1.0452591180801392, "eval_accuracy": 0.5619999766349792, "eval_mae": 0.5072, "eval_runtime": 23.5935, "eval_samples_per_second": 211.922}