{"eval_loss": 1.0300700664520264, "eval_accuracy": 0.5464000105857849, "eval_mae": 0.538, "eval_runtime": 16.4285, "eval_samples_per_second": 304.35}