{"eval_loss": 1.0296645164489746, "eval_accuracy": 0.5442000031471252, "eval_mae": 0.5406, "eval_runtime": 17.5058, "eval_samples_per_second": 285.619}