{"eval_loss": 1.018822193145752, "eval_accuracy": 0.5812000036239624, "eval_mae": 0.494, "eval_runtime": 22.8835, "eval_samples_per_second": 218.498}