{"eval_loss": 0.889571487903595, "eval_accuracy": 0.6371999979019165, "eval_mae": 0.4138, "eval_runtime": 18.9386, "eval_samples_per_second": 264.011}