{"eval_loss": 0.990296483039856, "eval_accuracy": 0.5699999928474426, "eval_mae": 0.5078, "eval_runtime": 16.8951, "eval_samples_per_second": 295.944}