{"eval_loss": 0.9488060474395752, "eval_accuracy": 0.5893999934196472, "eval_mae": 0.4646, "eval_runtime": 17.2609, "eval_samples_per_second": 289.672}