{"eval_loss": 1.0799349546432495, "eval_accuracy": 0.5590000152587891, "eval_mae": 0.5314, "eval_runtime": 34.2824, "eval_samples_per_second": 145.848}