{"eval_loss": 1.0120309591293335, "eval_accuracy": 0.5806000232696533, "eval_mae": 0.4812, "eval_runtime": 17.2825, "eval_samples_per_second": 289.311}