{"eval_loss": 1.4429326057434082, "eval_accuracy": 0.4397999942302704, "eval_mae": 0.729, "eval_runtime": 19.373, "eval_samples_per_second": 258.091}