{"eval_loss": 1.391565203666687, "eval_accuracy": 0.4790000021457672, "eval_mae": 0.677, "eval_runtime": 23.6526, "eval_samples_per_second": 211.393}