{"eval_loss": 1.3524973392486572, "eval_accuracy": 0.4830000102519989, "eval_mae": 0.6712, "eval_runtime": 18.3815, "eval_samples_per_second": 272.012}