{"eval_loss": 0.9611052870750427, "eval_accuracy": 0.5925999879837036, "eval_mae": 0.4836, "eval_runtime": 17.2759, "eval_samples_per_second": 289.42}