{"eval_loss": 1.156603455543518, "eval_accuracy": 0.49880000948905945, "eval_mae": 0.5916, "eval_runtime": 17.2382, "eval_samples_per_second": 290.054}