{"eval_loss": 1.0109429359436035, "eval_accuracy": 0.5809999704360962, "eval_mae": 0.483, "eval_runtime": 16.7971, "eval_samples_per_second": 297.67}