{"eval_loss": 1.0109803676605225, "eval_accuracy": 0.5806000232696533, "eval_mae": 0.4816, "eval_runtime": 17.4335, "eval_samples_per_second": 286.804}