{"eval_loss": 0.9479129910469055, "eval_accuracy": 0.5917999744415283, "eval_mae": 0.4708, "eval_runtime": 21.3643, "eval_samples_per_second": 234.035}