{"eval_loss": 0.8897228240966797, "eval_accuracy": 0.6363999843597412, "eval_mae": 0.4156, "eval_runtime": 20.649, "eval_samples_per_second": 242.143}