{"eval_loss": 1.043807864189148, "eval_accuracy": 0.5649999976158142, "eval_mae": 0.507, "eval_runtime": 17.8363, "eval_samples_per_second": 280.327}