{"eval_loss": 1.342341423034668, "eval_accuracy": 0.4749999940395355, "eval_mae": 0.695, "eval_runtime": 16.3644, "eval_samples_per_second": 305.541}