{"eval_loss": 1.3714121580123901, "eval_accuracy": 0.4569999873638153, "eval_mae": 0.7334, "eval_runtime": 17.2522, "eval_samples_per_second": 289.818}