{"eval_loss": 1.3402177095413208, "eval_accuracy": 0.47920000553131104, "eval_mae": 0.693, "eval_runtime": 17.0999, "eval_samples_per_second": 292.4}