{"eval_loss": 1.0186898708343506, "eval_accuracy": 0.5809999704360962, "eval_mae": 0.4938, "eval_runtime": 28.8868, "eval_samples_per_second": 173.089}