{"eval_loss": 1.0471858978271484, "eval_accuracy": 0.5600000023841858, "eval_mae": 0.5112, "eval_runtime": 18.5564, "eval_samples_per_second": 269.448}