{"eval_loss": 1.0802290439605713, "eval_accuracy": 0.5573999881744385, "eval_mae": 0.5646, "eval_runtime": 26.0297, "eval_samples_per_second": 192.088}