{"eval_loss": 1.019189476966858, "eval_accuracy": 0.5807999968528748, "eval_mae": 0.4942, "eval_runtime": 18.5795, "eval_samples_per_second": 269.114}