{"eval_loss": 1.4438650608062744, "eval_accuracy": 0.4392000138759613, "eval_mae": 0.7292, "eval_runtime": 28.9763, "eval_samples_per_second": 172.555}