{"eval_loss": 0.9501591920852661, "eval_accuracy": 0.6208000183105469, "eval_mae": 0.4286, "eval_runtime": 17.7584, "eval_samples_per_second": 281.556}