{"eval_loss": 0.962153434753418, "eval_accuracy": 0.5950000286102295, "eval_mae": 0.4826, "eval_runtime": 17.3638, "eval_samples_per_second": 287.955}