{"eval_loss": 0.8896287083625793, "eval_accuracy": 0.6362000107765198, "eval_mae": 0.4144, "eval_runtime": 21.0868, "eval_samples_per_second": 237.115}