{"eval_loss": 0.9609363079071045, "eval_accuracy": 0.5916000008583069, "eval_mae": 0.485, "eval_runtime": 17.3812, "eval_samples_per_second": 287.667}