{"eval_loss": 0.9510179758071899, "eval_accuracy": 0.6205999851226807, "eval_mae": 0.4284, "eval_runtime": 17.4966, "eval_samples_per_second": 285.769}