{"eval_loss": 1.0608539581298828, "eval_accuracy": 0.5573999881744385, "eval_mae": 0.5208, "eval_runtime": 18.3522, "eval_samples_per_second": 272.446}