{"eval_loss": 1.2389448881149292, "eval_accuracy": 0.4941999912261963, "eval_mae": 0.652, "eval_runtime": 19.6464, "eval_samples_per_second": 254.5}