{"eval_loss": 1.0872020721435547, "eval_accuracy": 0.5473999977111816, "eval_mae": 0.542, "eval_runtime": 36.6834, "eval_samples_per_second": 136.302}