{"eval_loss": 1.017818808555603, "eval_accuracy": 0.5803999900817871, "eval_mae": 0.4954, "eval_runtime": 28.7366, "eval_samples_per_second": 173.994}