{"eval_loss": 1.0177414417266846, "eval_accuracy": 0.5813999772071838, "eval_mae": 0.4956, "eval_runtime": 19.48, "eval_samples_per_second": 256.673}