{"eval_loss": 1.3387852907180786, "eval_accuracy": 0.47279998660087585, "eval_mae": 0.6892, "eval_runtime": 17.3049, "eval_samples_per_second": 288.935}