{"eval_loss": 1.0069390535354614, "eval_accuracy": 0.5916000008583069, "eval_mae": 0.4698, "eval_runtime": 17.4644, "eval_samples_per_second": 286.297}