{"eval_loss": 1.3393217325210571, "eval_accuracy": 0.46799999475479126, "eval_mae": 0.6886, "eval_runtime": 30.8945, "eval_samples_per_second": 161.841}