{"eval_loss": 0.9555935263633728, "eval_accuracy": 0.598800003528595, "eval_mae": 0.4648, "eval_runtime": 17.2314, "eval_samples_per_second": 290.168}