{"eval_loss": 1.3377963304519653, "eval_accuracy": 0.46779999136924744, "eval_mae": 0.689, "eval_runtime": 25.3802, "eval_samples_per_second": 197.004}