{"eval_loss": 1.3915067911148071, "eval_accuracy": 0.4796000123023987, "eval_mae": 0.6754, "eval_runtime": 19.4305, "eval_samples_per_second": 257.327}