{"eval_loss": 1.3573607206344604, "eval_accuracy": 0.48240000009536743, "eval_mae": 0.6724, "eval_runtime": 22.0211, "eval_samples_per_second": 227.055}