{"eval_loss": 1.1540359258651733, "eval_accuracy": 0.5012000203132629, "eval_mae": 0.591, "eval_runtime": 17.2531, "eval_samples_per_second": 289.803}