{"eval_loss": 0.9562142491340637, "eval_accuracy": 0.5997999906539917, "eval_mae": 0.464, "eval_runtime": 17.2301, "eval_samples_per_second": 290.19}