{"eval_loss": 0.9503271579742432, "eval_accuracy": 0.6209999918937683, "eval_mae": 0.4282, "eval_runtime": 17.3, "eval_samples_per_second": 289.018}