{"eval_loss": 1.1774829626083374, "eval_accuracy": 0.5031999945640564, "eval_mae": 0.591, "eval_runtime": 17.6075, "eval_samples_per_second": 283.969}