{"eval_loss": 1.0059542655944824, "eval_accuracy": 0.5738000273704529, "eval_mae": 0.4964, "eval_runtime": 17.1322, "eval_samples_per_second": 291.848}