{"eval_loss": 1.0860220193862915, "eval_accuracy": 0.5478000044822693, "eval_mae": 0.5408, "eval_runtime": 22.9386, "eval_samples_per_second": 217.973}