{"eval_loss": 0.9499650597572327, "eval_accuracy": 0.6057999730110168, "eval_mae": 0.4498, "eval_runtime": 20.3988, "eval_samples_per_second": 245.113}