{"eval_loss": 1.2427232265472412, "eval_accuracy": 0.5004000067710876, "eval_mae": 0.5952, "eval_runtime": 17.9582, "eval_samples_per_second": 278.424}