{"eval_loss": 1.0813974142074585, "eval_accuracy": 0.571399986743927, "eval_mae": 0.5144, "eval_runtime": 16.4896, "eval_samples_per_second": 303.222}