{"eval_loss": 0.9479515552520752, "eval_accuracy": 0.5916000008583069, "eval_mae": 0.4708, "eval_runtime": 19.2799, "eval_samples_per_second": 259.337}