{"eval_loss": 1.3514089584350586, "eval_accuracy": 0.4828000068664551, "eval_mae": 0.6716, "eval_runtime": 19.766, "eval_samples_per_second": 252.959}