{"eval_loss": 0.9518120884895325, "eval_accuracy": 0.6212000250816345, "eval_mae": 0.4284, "eval_runtime": 17.4573, "eval_samples_per_second": 286.414}