{"eval_loss": 0.9597938656806946, "eval_accuracy": 0.5929999947547913, "eval_mae": 0.4834, "eval_runtime": 17.5147, "eval_samples_per_second": 285.474}