{"eval_loss": 1.152868390083313, "eval_accuracy": 0.4997999966144562, "eval_mae": 0.5912, "eval_runtime": 17.3521, "eval_samples_per_second": 288.149}