{"eval_loss": 0.9459432363510132, "eval_accuracy": 0.6057999730110168, "eval_mae": 0.4546, "eval_runtime": 17.3332, "eval_samples_per_second": 288.463}