{"eval_loss": 0.9931513667106628, "eval_accuracy": 0.5705999732017517, "eval_mae": 0.5056, "eval_runtime": 17.0236, "eval_samples_per_second": 293.71}