{"eval_loss": 1.1548770666122437, "eval_accuracy": 0.5005999803543091, "eval_mae": 0.5908, "eval_runtime": 17.2838, "eval_samples_per_second": 289.288}