{"eval_loss": 0.9610570073127747, "eval_accuracy": 0.5938000082969666, "eval_mae": 0.4832, "eval_runtime": 17.3783, "eval_samples_per_second": 287.716}