{"eval_loss": 1.1484097242355347, "eval_accuracy": 0.5504000186920166, "eval_mae": 0.5792, "eval_runtime": 16.4158, "eval_samples_per_second": 304.584}