{"eval_loss": 1.340345859527588, "eval_accuracy": 0.4747999906539917, "eval_mae": 0.6972, "eval_runtime": 15.9838, "eval_samples_per_second": 312.818}