{"eval_loss": 0.9477667808532715, "eval_accuracy": 0.5925999879837036, "eval_mae": 0.47, "eval_runtime": 23.8804, "eval_samples_per_second": 209.377}