{"eval_loss": 1.0848430395126343, "eval_accuracy": 0.5748000144958496, "eval_mae": 0.5104, "eval_runtime": 16.9946, "eval_samples_per_second": 294.21}