{"eval_loss": 1.0808916091918945, "eval_accuracy": 0.5595999956130981, "eval_mae": 0.5322, "eval_runtime": 18.6143, "eval_samples_per_second": 268.61}