{"eval_loss": 1.4434680938720703, "eval_accuracy": 0.4381999969482422, "eval_mae": 0.7314, "eval_runtime": 31.2028, "eval_samples_per_second": 160.242}