{"eval_loss": 1.0246526002883911, "eval_accuracy": 0.5558000206947327, "eval_mae": 0.535, "eval_runtime": 17.3975, "eval_samples_per_second": 287.398}