{"eval_loss": 1.0850095748901367, "eval_accuracy": 0.5759999752044678, "eval_mae": 0.5084, "eval_runtime": 17.1222, "eval_samples_per_second": 292.019}