{"eval_loss": 1.296478509902954, "eval_accuracy": 0.46799999475479126, "eval_mae": 0.6818, "eval_runtime": 24.3324, "eval_samples_per_second": 205.487}