{"eval_loss": 0.9786614179611206, "eval_accuracy": 0.5813999772071838, "eval_mae": 0.4882, "eval_runtime": 17.3391, "eval_samples_per_second": 288.365}