{"eval_loss": 1.0187082290649414, "eval_accuracy": 0.5809999704360962, "eval_mae": 0.4938, "eval_runtime": 32.2262, "eval_samples_per_second": 155.153}