{"eval_loss": 1.0448856353759766, "eval_accuracy": 0.5622000098228455, "eval_mae": 0.5076, "eval_runtime": 18.4833, "eval_samples_per_second": 270.514}