{"eval_loss": 1.2390098571777344, "eval_accuracy": 0.4975999891757965, "eval_mae": 0.6466, "eval_runtime": 32.0236, "eval_samples_per_second": 156.135}