{"eval_loss": 1.0241308212280273, "eval_accuracy": 0.5551999807357788, "eval_mae": 0.5354, "eval_runtime": 17.3207, "eval_samples_per_second": 288.673}