{"eval_loss": 1.1776095628738403, "eval_accuracy": 0.5031999945640564, "eval_mae": 0.5912, "eval_runtime": 17.386, "eval_samples_per_second": 287.587}