{"eval_loss": 1.3402756452560425, "eval_accuracy": 0.4717999994754791, "eval_mae": 0.6862, "eval_runtime": 19.9402, "eval_samples_per_second": 250.75}