{"eval_loss": 1.0292404890060425, "eval_accuracy": 0.5465999841690063, "eval_mae": 0.5386, "eval_runtime": 16.6718, "eval_samples_per_second": 299.907}