{"eval_loss": 1.238708257675171, "eval_accuracy": 0.49720001220703125, "eval_mae": 0.6474, "eval_runtime": 28.0295, "eval_samples_per_second": 178.384}