{"eval_loss": 1.0186978578567505, "eval_accuracy": 0.5813999772071838, "eval_mae": 0.4936, "eval_runtime": 18.6223, "eval_samples_per_second": 268.495}