{"eval_loss": 1.295130729675293, "eval_accuracy": 0.4684000015258789, "eval_mae": 0.681, "eval_runtime": 30.8519, "eval_samples_per_second": 162.064}