{"eval_loss": 0.991436243057251, "eval_accuracy": 0.5709999799728394, "eval_mae": 0.5066, "eval_runtime": 16.271, "eval_samples_per_second": 307.295}