{"eval_loss": 1.2420618534088135, "eval_accuracy": 0.5004000067710876, "eval_mae": 0.5952, "eval_runtime": 21.3848, "eval_samples_per_second": 233.81}