{"eval_loss": 1.343100666999817, "eval_accuracy": 0.4749999940395355, "eval_mae": 0.694, "eval_runtime": 16.9898, "eval_samples_per_second": 294.295}