{"eval_loss": 0.9909161925315857, "eval_accuracy": 0.571399986743927, "eval_mae": 0.508, "eval_runtime": 16.8672, "eval_samples_per_second": 296.433}