{"eval_loss": 1.0058295726776123, "eval_accuracy": 0.5748000144958496, "eval_mae": 0.4972, "eval_runtime": 17.2492, "eval_samples_per_second": 289.869}