{"eval_loss": 1.3433483839035034, "eval_accuracy": 0.46700000762939453, "eval_mae": 0.6908, "eval_runtime": 18.4469, "eval_samples_per_second": 271.049}