{"eval_loss": 1.052948236465454, "eval_accuracy": 0.5264000296592712, "eval_mae": 0.57, "eval_runtime": 16.9209, "eval_samples_per_second": 295.492}