{"eval_loss": 1.0456846952438354, "eval_accuracy": 0.5612000226974487, "eval_mae": 0.5084, "eval_runtime": 18.7107, "eval_samples_per_second": 267.227}