{"eval_loss": 0.9606207013130188, "eval_accuracy": 0.5932000279426575, "eval_mae": 0.4824, "eval_runtime": 17.4201, "eval_samples_per_second": 287.026}