{"eval_loss": 0.9902133941650391, "eval_accuracy": 0.5708000063896179, "eval_mae": 0.5084, "eval_runtime": 16.9413, "eval_samples_per_second": 295.136}