{"eval_loss": 1.3516088724136353, "eval_accuracy": 0.483599990606308, "eval_mae": 0.6696, "eval_runtime": 17.6695, "eval_samples_per_second": 282.973}