{"eval_loss": 1.0174593925476074, "eval_accuracy": 0.5789999961853027, "eval_mae": 0.4836, "eval_runtime": 17.4251, "eval_samples_per_second": 286.942}