{"eval_loss": 1.2286396026611328, "eval_accuracy": 0.5001999735832214, "eval_mae": 0.6026, "eval_runtime": 18.4762, "eval_samples_per_second": 270.619}