{"eval_loss": 1.1559480428695679, "eval_accuracy": 0.4997999966144562, "eval_mae": 0.5902, "eval_runtime": 16.5126, "eval_samples_per_second": 302.8}