{"eval_loss": 1.3921672105789185, "eval_accuracy": 0.48080000281333923, "eval_mae": 0.6738, "eval_runtime": 20.0934, "eval_samples_per_second": 248.838}