{"eval_loss": 1.364713430404663, "eval_accuracy": 0.4586000144481659, "eval_mae": 0.7288, "eval_runtime": 17.2349, "eval_samples_per_second": 290.11}