{"eval_loss": 1.348420262336731, "eval_accuracy": 0.4722000062465668, "eval_mae": 0.6892, "eval_runtime": 16.7061, "eval_samples_per_second": 299.291}