{"eval_loss": 0.9359318614006042, "eval_accuracy": 0.6029999852180481, "eval_mae": 0.4522, "eval_runtime": 17.3314, "eval_samples_per_second": 288.494}