{"eval_loss": 1.0792769193649292, "eval_accuracy": 0.5582000017166138, "eval_mae": 0.5308, "eval_runtime": 27.5388, "eval_samples_per_second": 181.562}