{"eval_loss": 0.9492902159690857, "eval_accuracy": 0.6065999865531921, "eval_mae": 0.4492, "eval_runtime": 26.7994, "eval_samples_per_second": 186.572}