{"eval_loss": 0.9616857171058655, "eval_accuracy": 0.5924000144004822, "eval_mae": 0.4838, "eval_runtime": 17.269, "eval_samples_per_second": 289.537}