{"eval_loss": 1.2352070808410645, "eval_accuracy": 0.498199999332428, "eval_mae": 0.6446, "eval_runtime": 18.0646, "eval_samples_per_second": 276.784}