{"eval_loss": 0.9553600549697876, "eval_accuracy": 0.6003999710083008, "eval_mae": 0.4624, "eval_runtime": 17.409, "eval_samples_per_second": 287.207}