{"eval_loss": 1.007475733757019, "eval_accuracy": 0.5925999879837036, "eval_mae": 0.4692, "eval_runtime": 16.1735, "eval_samples_per_second": 309.147}