{"eval_loss": 1.3672521114349365, "eval_accuracy": 0.45879998803138733, "eval_mae": 0.7308, "eval_runtime": 16.7122, "eval_samples_per_second": 299.182}