{"eval_loss": 0.9357425570487976, "eval_accuracy": 0.600600004196167, "eval_mae": 0.4552, "eval_runtime": 17.1365, "eval_samples_per_second": 291.775}