{"eval_loss": 1.3534131050109863, "eval_accuracy": 0.48399999737739563, "eval_mae": 0.6702, "eval_runtime": 22.5326, "eval_samples_per_second": 221.9}