{"eval_loss": 1.0183074474334717, "eval_accuracy": 0.5785999894142151, "eval_mae": 0.4836, "eval_runtime": 16.8658, "eval_samples_per_second": 296.459}