{"eval_loss": 1.230212926864624, "eval_accuracy": 0.5080000162124634, "eval_mae": 0.6206, "eval_runtime": 18.6607, "eval_samples_per_second": 267.943}