{"eval_loss": 1.339995265007019, "eval_accuracy": 0.47540000081062317, "eval_mae": 0.6958, "eval_runtime": 16.3433, "eval_samples_per_second": 305.935}