{"eval_loss": 1.2431883811950684, "eval_accuracy": 0.5044000148773193, "eval_mae": 0.592, "eval_runtime": 19.204, "eval_samples_per_second": 260.362}