{"eval_loss": 0.8898050785064697, "eval_accuracy": 0.6363999843597412, "eval_mae": 0.415, "eval_runtime": 20.4135, "eval_samples_per_second": 244.936}