{"eval_loss": 0.988383412361145, "eval_accuracy": 0.5727999806404114, "eval_mae": 0.5024, "eval_runtime": 16.9599, "eval_samples_per_second": 294.813}