{"eval_loss": 0.9497437477111816, "eval_accuracy": 0.6057999730110168, "eval_mae": 0.4506, "eval_runtime": 18.5686, "eval_samples_per_second": 269.271}