{"eval_loss": 1.3391056060791016, "eval_accuracy": 0.4681999981403351, "eval_mae": 0.6882, "eval_runtime": 23.0879, "eval_samples_per_second": 216.564}