{"eval_loss": 0.9522668123245239, "eval_accuracy": 0.6043999791145325, "eval_mae": 0.4572, "eval_runtime": 17.1632, "eval_samples_per_second": 291.322}