{"eval_loss": 0.9358422756195068, "eval_accuracy": 0.600600004196167, "eval_mae": 0.4552, "eval_runtime": 16.3701, "eval_samples_per_second": 305.435}