{"eval_loss": 1.0630078315734863, "eval_accuracy": 0.5577999949455261, "eval_mae": 0.5208, "eval_runtime": 18.3346, "eval_samples_per_second": 272.709}