{"eval_loss": 1.030152678489685, "eval_accuracy": 0.5465999841690063, "eval_mae": 0.539, "eval_runtime": 16.8907, "eval_samples_per_second": 296.021}