{"eval_loss": 0.9558362364768982, "eval_accuracy": 0.5997999906539917, "eval_mae": 0.4642, "eval_runtime": 17.2565, "eval_samples_per_second": 289.745}