{"eval_loss": 1.0209802389144897, "eval_accuracy": 0.5803999900817871, "eval_mae": 0.4822, "eval_runtime": 17.4582, "eval_samples_per_second": 286.398}