{"eval_loss": 0.9354677796363831, "eval_accuracy": 0.6010000109672546, "eval_mae": 0.4552, "eval_runtime": 17.067, "eval_samples_per_second": 292.962}