{"eval_loss": 0.9452343583106995, "eval_accuracy": 0.605400025844574, "eval_mae": 0.4556, "eval_runtime": 17.2027, "eval_samples_per_second": 290.652}