{"eval_loss": 0.9488092064857483, "eval_accuracy": 0.5910000205039978, "eval_mae": 0.463, "eval_runtime": 16.1637, "eval_samples_per_second": 309.335}