{"eval_loss": 0.949842095375061, "eval_accuracy": 0.6064000129699707, "eval_mae": 0.4496, "eval_runtime": 18.4318, "eval_samples_per_second": 271.27}