{"eval_loss": 1.0218576192855835, "eval_accuracy": 0.5690000057220459, "eval_mae": 0.5096, "eval_runtime": 16.4947, "eval_samples_per_second": 303.128}