{"eval_loss": 1.176465630531311, "eval_accuracy": 0.5009999871253967, "eval_mae": 0.5942, "eval_runtime": 17.5069, "eval_samples_per_second": 285.602}