{"eval_loss": 0.9500988125801086, "eval_accuracy": 0.6209999918937683, "eval_mae": 0.4272, "eval_runtime": 17.3557, "eval_samples_per_second": 288.089}