{"eval_loss": 1.2274281978607178, "eval_accuracy": 0.49900001287460327, "eval_mae": 0.6038, "eval_runtime": 18.3597, "eval_samples_per_second": 272.336}