{"eval_loss": 1.0229042768478394, "eval_accuracy": 0.5559999942779541, "eval_mae": 0.5334, "eval_runtime": 17.4391, "eval_samples_per_second": 286.712}