{"eval_loss": 1.158065676689148, "eval_accuracy": 0.49959999322891235, "eval_mae": 0.59, "eval_runtime": 17.3124, "eval_samples_per_second": 288.81}