{"eval_loss": 1.3929976224899292, "eval_accuracy": 0.47940000891685486, "eval_mae": 0.6752, "eval_runtime": 33.7479, "eval_samples_per_second": 148.157}