{"eval_loss": 1.3666903972625732, "eval_accuracy": 0.45840001106262207, "eval_mae": 0.7306, "eval_runtime": 16.4476, "eval_samples_per_second": 303.995}