{"eval_loss": 0.9355464577674866, "eval_accuracy": 0.6015999913215637, "eval_mae": 0.4542, "eval_runtime": 17.1374, "eval_samples_per_second": 291.76}