{"eval_loss": 0.9491328001022339, "eval_accuracy": 0.5907999873161316, "eval_mae": 0.4628, "eval_runtime": 17.1373, "eval_samples_per_second": 291.761}