{"eval_loss": 1.0118130445480347, "eval_accuracy": 0.5813999772071838, "eval_mae": 0.4806, "eval_runtime": 17.4767, "eval_samples_per_second": 286.096}