{"eval_loss": 0.9495529532432556, "eval_accuracy": 0.5911999940872192, "eval_mae": 0.4624, "eval_runtime": 17.458, "eval_samples_per_second": 286.402}