{"eval_loss": 1.2983622550964355, "eval_accuracy": 0.46880000829696655, "eval_mae": 0.6822, "eval_runtime": 21.6205, "eval_samples_per_second": 231.262}