{"eval_loss": 1.3668287992477417, "eval_accuracy": 0.45820000767707825, "eval_mae": 0.7298, "eval_runtime": 17.3579, "eval_samples_per_second": 288.053}