{"eval_loss": 0.9485839605331421, "eval_accuracy": 0.590399980545044, "eval_mae": 0.4632, "eval_runtime": 16.5975, "eval_samples_per_second": 301.249}