{"eval_loss": 1.0865648984909058, "eval_accuracy": 0.573199987411499, "eval_mae": 0.5112, "eval_runtime": 16.0268, "eval_samples_per_second": 311.977}