{"eval_loss": 1.1857916116714478, "eval_accuracy": 0.5026000142097473, "eval_mae": 0.5982, "eval_runtime": 17.4236, "eval_samples_per_second": 286.967}