{"eval_loss": 1.0210767984390259, "eval_accuracy": 0.5698000192642212, "eval_mae": 0.5076, "eval_runtime": 17.3232, "eval_samples_per_second": 288.631}