{"eval_loss": 1.0070624351501465, "eval_accuracy": 0.5917999744415283, "eval_mae": 0.4704, "eval_runtime": 16.2367, "eval_samples_per_second": 307.945}