{"eval_loss": 0.9738867878913879, "eval_accuracy": 0.5848000049591064, "eval_mae": 0.4846, "eval_runtime": 17.5907, "eval_samples_per_second": 284.24}