{"eval_loss": 1.3543822765350342, "eval_accuracy": 0.483599990606308, "eval_mae": 0.669, "eval_runtime": 18.4336, "eval_samples_per_second": 271.243}