{"eval_loss": 1.0082650184631348, "eval_accuracy": 0.579800009727478, "eval_mae": 0.4808, "eval_runtime": 17.4253, "eval_samples_per_second": 286.94}