{"eval_loss": 1.2968168258666992, "eval_accuracy": 0.4675999879837036, "eval_mae": 0.6822, "eval_runtime": 31.5077, "eval_samples_per_second": 158.691}