{"eval_loss": 1.3432172536849976, "eval_accuracy": 0.4781999886035919, "eval_mae": 0.6922, "eval_runtime": 16.9501, "eval_samples_per_second": 294.984}