{"eval_loss": 0.9556552767753601, "eval_accuracy": 0.5989999771118164, "eval_mae": 0.4638, "eval_runtime": 17.3428, "eval_samples_per_second": 288.304}