{"eval_loss": 1.3487600088119507, "eval_accuracy": 0.4697999954223633, "eval_mae": 0.692, "eval_runtime": 17.3837, "eval_samples_per_second": 287.626}