{"eval_loss": 1.0803495645523071, "eval_accuracy": 0.5562000274658203, "eval_mae": 0.5654, "eval_runtime": 27.0483, "eval_samples_per_second": 184.854}