{"eval_loss": 1.0806083679199219, "eval_accuracy": 0.5559999942779541, "eval_mae": 0.5656, "eval_runtime": 18.1476, "eval_samples_per_second": 275.519}