{"eval_loss": 1.0799713134765625, "eval_accuracy": 0.5591999888420105, "eval_mae": 0.5304, "eval_runtime": 21.6341, "eval_samples_per_second": 231.117}