{"eval_loss": 1.0800375938415527, "eval_accuracy": 0.5558000206947327, "eval_mae": 0.5658, "eval_runtime": 35.2145, "eval_samples_per_second": 141.987}