{"eval_loss": 1.0182775259017944, "eval_accuracy": 0.5806000232696533, "eval_mae": 0.4938, "eval_runtime": 18.2715, "eval_samples_per_second": 273.65}