{"eval_loss": 1.026760458946228, "eval_accuracy": 0.5562000274658203, "eval_mae": 0.536, "eval_runtime": 17.3028, "eval_samples_per_second": 288.97}