{"eval_loss": 1.1810177564620972, "eval_accuracy": 0.5027999877929688, "eval_mae": 0.5938, "eval_runtime": 17.2969, "eval_samples_per_second": 289.07}