{"eval_loss": 1.0061371326446533, "eval_accuracy": 0.5767999887466431, "eval_mae": 0.4952, "eval_runtime": 16.5316, "eval_samples_per_second": 302.45}