{"eval_loss": 1.3425462245941162, "eval_accuracy": 0.4749999940395355, "eval_mae": 0.6954, "eval_runtime": 16.289, "eval_samples_per_second": 306.955}