{"eval_loss": 0.9485355615615845, "eval_accuracy": 0.5896000266075134, "eval_mae": 0.4642, "eval_runtime": 16.2717, "eval_samples_per_second": 307.281}