{"eval_loss": 1.0660834312438965, "eval_accuracy": 0.5569999814033508, "eval_mae": 0.5224, "eval_runtime": 18.2819, "eval_samples_per_second": 273.495}