{"eval_loss": 1.1561238765716553, "eval_accuracy": 0.49900001287460327, "eval_mae": 0.5918, "eval_runtime": 17.4863, "eval_samples_per_second": 285.938}