{"eval_loss": 1.0452415943145752, "eval_accuracy": 0.5609999895095825, "eval_mae": 0.5078, "eval_runtime": 18.4866, "eval_samples_per_second": 270.466}