{"eval_loss": 0.9787863492965698, "eval_accuracy": 0.5799999833106995, "eval_mae": 0.4894, "eval_runtime": 17.3412, "eval_samples_per_second": 288.331}