{"eval_loss": 1.0055540800094604, "eval_accuracy": 0.5758000016212463, "eval_mae": 0.496, "eval_runtime": 17.2206, "eval_samples_per_second": 290.35}