{"eval_loss": 1.4364566802978516, "eval_accuracy": 0.43959999084472656, "eval_mae": 0.7272, "eval_runtime": 26.1338, "eval_samples_per_second": 191.323}