{"eval_loss": 1.3531886339187622, "eval_accuracy": 0.4832000136375427, "eval_mae": 0.6714, "eval_runtime": 18.1326, "eval_samples_per_second": 275.747}