{"eval_loss": 0.9908273220062256, "eval_accuracy": 0.5703999996185303, "eval_mae": 0.5086, "eval_runtime": 16.2407, "eval_samples_per_second": 307.869}