{"eval_loss": 0.9462279081344604, "eval_accuracy": 0.6047999858856201, "eval_mae": 0.4566, "eval_runtime": 16.4336, "eval_samples_per_second": 304.254}