{"eval_loss": 1.045267939567566, "eval_accuracy": 0.5605999827384949, "eval_mae": 0.509, "eval_runtime": 18.3352, "eval_samples_per_second": 272.7}