{"eval_loss": 1.342665433883667, "eval_accuracy": 0.4742000102996826, "eval_mae": 0.695, "eval_runtime": 16.9895, "eval_samples_per_second": 294.299}