{"eval_loss": 1.0297530889511108, "eval_accuracy": 0.545199990272522, "eval_mae": 0.5396, "eval_runtime": 17.4371, "eval_samples_per_second": 286.746}