{"eval_loss": 1.3921489715576172, "eval_accuracy": 0.4803999960422516, "eval_mae": 0.6752, "eval_runtime": 19.9693, "eval_samples_per_second": 250.385}