{"eval_loss": 1.0784564018249512, "eval_accuracy": 0.5577999949455261, "eval_mae": 0.5316, "eval_runtime": 19.767, "eval_samples_per_second": 252.947}