{"eval_loss": 0.9368492364883423, "eval_accuracy": 0.602400004863739, "eval_mae": 0.4532, "eval_runtime": 16.4875, "eval_samples_per_second": 303.26}