{"eval_loss": 1.3558273315429688, "eval_accuracy": 0.48179998993873596, "eval_mae": 0.6732, "eval_runtime": 19.9154, "eval_samples_per_second": 251.061}