{"eval_loss": 0.9557017683982849, "eval_accuracy": 0.6001999974250793, "eval_mae": 0.4626, "eval_runtime": 17.1893, "eval_samples_per_second": 290.878}