{"eval_loss": 0.9605488181114197, "eval_accuracy": 0.5920000076293945, "eval_mae": 0.4822, "eval_runtime": 17.3693, "eval_samples_per_second": 287.865}