{"eval_loss": 0.9461593627929688, "eval_accuracy": 0.6050000190734863, "eval_mae": 0.4572, "eval_runtime": 17.2891, "eval_samples_per_second": 289.2}