{"eval_loss": 1.0783774852752686, "eval_accuracy": 0.5582000017166138, "eval_mae": 0.531, "eval_runtime": 19.9284, "eval_samples_per_second": 250.898}