{"eval_loss": 0.9493137001991272, "eval_accuracy": 0.5916000008583069, "eval_mae": 0.4628, "eval_runtime": 16.5233, "eval_samples_per_second": 302.603}