{"eval_loss": 0.9499995112419128, "eval_accuracy": 0.5911999940872192, "eval_mae": 0.4626, "eval_runtime": 16.6114, "eval_samples_per_second": 300.997}