{"eval_loss": 1.3696858882904053, "eval_accuracy": 0.4580000042915344, "eval_mae": 0.7318, "eval_runtime": 17.3632, "eval_samples_per_second": 287.966}