{"eval_loss": 1.0453542470932007, "eval_accuracy": 0.5631999969482422, "eval_mae": 0.506, "eval_runtime": 18.5039, "eval_samples_per_second": 270.214}