{"eval_loss": 1.0212302207946777, "eval_accuracy": 0.5705999732017517, "eval_mae": 0.5074, "eval_runtime": 17.4457, "eval_samples_per_second": 286.604}