{"eval_loss": 1.2421501874923706, "eval_accuracy": 0.5001999735832214, "eval_mae": 0.5954, "eval_runtime": 18.8441, "eval_samples_per_second": 265.335}