{"eval_loss": 1.0802031755447388, "eval_accuracy": 0.5558000206947327, "eval_mae": 0.5656, "eval_runtime": 34.2192, "eval_samples_per_second": 146.117}