{"eval_loss": 1.1478323936462402, "eval_accuracy": 0.548799991607666, "eval_mae": 0.5828, "eval_runtime": 18.2101, "eval_samples_per_second": 274.572}