{"eval_loss": 1.3498636484146118, "eval_accuracy": 0.4697999954223633, "eval_mae": 0.692, "eval_runtime": 17.3212, "eval_samples_per_second": 288.663}