{"eval_loss": 1.160157561302185, "eval_accuracy": 0.501800000667572, "eval_mae": 0.5906, "eval_runtime": 17.3089, "eval_samples_per_second": 288.869}