{"eval_loss": 1.0065985918045044, "eval_accuracy": 0.5942000150680542, "eval_mae": 0.4672, "eval_runtime": 17.2454, "eval_samples_per_second": 289.932}