{"eval_loss": 1.086041808128357, "eval_accuracy": 0.5475999712944031, "eval_mae": 0.5414, "eval_runtime": 22.9136, "eval_samples_per_second": 218.211}