{"eval_loss": 1.0855854749679565, "eval_accuracy": 0.5465999841690063, "eval_mae": 0.5424, "eval_runtime": 18.756, "eval_samples_per_second": 266.581}