{"eval_loss": 1.1769492626190186, "eval_accuracy": 0.5023999810218811, "eval_mae": 0.5918, "eval_runtime": 16.667, "eval_samples_per_second": 299.993}