{"eval_loss": 1.07852303981781, "eval_accuracy": 0.5586000084877014, "eval_mae": 0.5306, "eval_runtime": 32.072, "eval_samples_per_second": 155.899}