{"eval_loss": 1.2436131238937378, "eval_accuracy": 0.5013999938964844, "eval_mae": 0.594, "eval_runtime": 21.3291, "eval_samples_per_second": 234.422}