{"eval_loss": 1.0548514127731323, "eval_accuracy": 0.5281999707221985, "eval_mae": 0.5684, "eval_runtime": 16.9609, "eval_samples_per_second": 294.795}