{"eval_loss": 1.3899167776107788, "eval_accuracy": 0.4779999852180481, "eval_mae": 0.6766, "eval_runtime": 19.9427, "eval_samples_per_second": 250.719}