{"eval_loss": 1.017478108406067, "eval_accuracy": 0.5803999900817871, "eval_mae": 0.4816, "eval_runtime": 17.4456, "eval_samples_per_second": 286.604}