{"eval_loss": 1.1471526622772217, "eval_accuracy": 0.548799991607666, "eval_mae": 0.5798, "eval_runtime": 16.7937, "eval_samples_per_second": 297.731}