{"eval_loss": 1.3667290210723877, "eval_accuracy": 0.45820000767707825, "eval_mae": 0.7316, "eval_runtime": 17.3156, "eval_samples_per_second": 288.757}