{"eval_loss": 1.3675663471221924, "eval_accuracy": 0.4569999873638153, "eval_mae": 0.7324, "eval_runtime": 17.909, "eval_samples_per_second": 279.189}