{"eval_loss": 1.0308988094329834, "eval_accuracy": 0.54339998960495, "eval_mae": 0.5422, "eval_runtime": 16.8133, "eval_samples_per_second": 297.384}