{"eval_loss": 0.9516769647598267, "eval_accuracy": 0.6191999912261963, "eval_mae": 0.4298, "eval_runtime": 16.8565, "eval_samples_per_second": 296.622}