{"eval_loss": 1.0797566175460815, "eval_accuracy": 0.5723999738693237, "eval_mae": 0.5112, "eval_runtime": 16.0921, "eval_samples_per_second": 310.712}