{"eval_loss": 1.0143357515335083, "eval_accuracy": 0.5641999840736389, "eval_mae": 0.5078, "eval_runtime": 17.0023, "eval_samples_per_second": 294.078}