{"eval_loss": 1.347300410270691, "eval_accuracy": 0.47099998593330383, "eval_mae": 0.6918, "eval_runtime": 17.2451, "eval_samples_per_second": 289.938}