{"eval_loss": 0.947089433670044, "eval_accuracy": 0.5917999744415283, "eval_mae": 0.4702, "eval_runtime": 18.6713, "eval_samples_per_second": 267.79}