{"eval_loss": 1.258142352104187, "eval_accuracy": 0.4848000109195709, "eval_mae": 0.6138, "eval_runtime": 26.1174, "eval_samples_per_second": 191.443}