{"eval_loss": 1.297424554824829, "eval_accuracy": 0.46799999475479126, "eval_mae": 0.6818, "eval_runtime": 25.3761, "eval_samples_per_second": 197.036}