{"eval_loss": 1.2962945699691772, "eval_accuracy": 0.4652000069618225, "eval_mae": 0.685, "eval_runtime": 18.8595, "eval_samples_per_second": 265.119}