{"eval_loss": 1.3419556617736816, "eval_accuracy": 0.46720001101493835, "eval_mae": 0.6888, "eval_runtime": 18.4459, "eval_samples_per_second": 271.063}