{"eval_loss": 1.0147371292114258, "eval_accuracy": 0.5645999908447266, "eval_mae": 0.5082, "eval_runtime": 16.9937, "eval_samples_per_second": 294.227}