{"eval_loss": 0.9555732607841492, "eval_accuracy": 0.5997999906539917, "eval_mae": 0.4632, "eval_runtime": 17.334, "eval_samples_per_second": 288.451}