{"eval_loss": 1.3477363586425781, "eval_accuracy": 0.4702000021934509, "eval_mae": 0.6916, "eval_runtime": 17.5429, "eval_samples_per_second": 285.016}