{"eval_loss": 1.3407758474349976, "eval_accuracy": 0.47540000081062317, "eval_mae": 0.694, "eval_runtime": 16.3446, "eval_samples_per_second": 305.911}