{"eval_loss": 1.240138292312622, "eval_accuracy": 0.5009999871253967, "eval_mae": 0.595, "eval_runtime": 33.3708, "eval_samples_per_second": 149.832}