{"eval_loss": 1.0248031616210938, "eval_accuracy": 0.5540000200271606, "eval_mae": 0.538, "eval_runtime": 17.3158, "eval_samples_per_second": 288.753}