{"eval_loss": 1.2286325693130493, "eval_accuracy": 0.5063999891281128, "eval_mae": 0.6214, "eval_runtime": 18.8893, "eval_samples_per_second": 264.7}