{"eval_loss": 0.9509357213973999, "eval_accuracy": 0.621999979019165, "eval_mae": 0.427, "eval_runtime": 17.3675, "eval_samples_per_second": 287.894}