{"eval_loss": 0.949851393699646, "eval_accuracy": 0.6061999797821045, "eval_mae": 0.449, "eval_runtime": 18.5486, "eval_samples_per_second": 269.562}