{"eval_loss": 1.0183699131011963, "eval_accuracy": 0.5795999765396118, "eval_mae": 0.495, "eval_runtime": 24.136, "eval_samples_per_second": 207.16}