{"eval_loss": 1.3399109840393066, "eval_accuracy": 0.47540000081062317, "eval_mae": 0.693, "eval_runtime": 17.4987, "eval_samples_per_second": 285.735}