{"eval_loss": 1.0534429550170898, "eval_accuracy": 0.5267999768257141, "eval_mae": 0.5712, "eval_runtime": 16.2797, "eval_samples_per_second": 307.131}