{"eval_loss": 0.9778890609741211, "eval_accuracy": 0.5825999975204468, "eval_mae": 0.4882, "eval_runtime": 17.2679, "eval_samples_per_second": 289.554}