{"eval_loss": 1.1764252185821533, "eval_accuracy": 0.5023999810218811, "eval_mae": 0.595, "eval_runtime": 16.7269, "eval_samples_per_second": 298.92}