{"eval_loss": 0.9462728500366211, "eval_accuracy": 0.605400025844574, "eval_mae": 0.4564, "eval_runtime": 17.3273, "eval_samples_per_second": 288.563}