{"eval_loss": 1.2116639614105225, "eval_accuracy": 0.5055999755859375, "eval_mae": 0.6192, "eval_runtime": 19.5967, "eval_samples_per_second": 255.145}