{"eval_loss": 0.9362508058547974, "eval_accuracy": 0.6018000245094299, "eval_mae": 0.4538, "eval_runtime": 16.4088, "eval_samples_per_second": 304.714}