{"eval_loss": 1.0136840343475342, "eval_accuracy": 0.5631999969482422, "eval_mae": 0.5086, "eval_runtime": 16.2997, "eval_samples_per_second": 306.754}