{"eval_loss": 1.1567593812942505, "eval_accuracy": 0.49959999322891235, "eval_mae": 0.59, "eval_runtime": 17.3106, "eval_samples_per_second": 288.841}