{"eval_loss": 1.4464079141616821, "eval_accuracy": 0.43540000915527344, "eval_mae": 0.7324, "eval_runtime": 22.4216, "eval_samples_per_second": 222.999}