{"eval_loss": 1.0801645517349243, "eval_accuracy": 0.5555999875068665, "eval_mae": 0.5646, "eval_runtime": 18.4029, "eval_samples_per_second": 271.697}