{"eval_loss": 0.9351006150245667, "eval_accuracy": 0.6021999716758728, "eval_mae": 0.4534, "eval_runtime": 17.0906, "eval_samples_per_second": 292.558}