{"eval_loss": 1.0174551010131836, "eval_accuracy": 0.5795999765396118, "eval_mae": 0.4826, "eval_runtime": 17.4435, "eval_samples_per_second": 286.639}