{"eval_loss": 0.9479743242263794, "eval_accuracy": 0.5934000015258789, "eval_mae": 0.468, "eval_runtime": 18.4169, "eval_samples_per_second": 271.49}