{"eval_loss": 1.2452425956726074, "eval_accuracy": 0.49900001287460327, "eval_mae": 0.5986, "eval_runtime": 20.8096, "eval_samples_per_second": 240.273}