{"eval_loss": 0.9492488503456116, "eval_accuracy": 0.607200026512146, "eval_mae": 0.4492, "eval_runtime": 20.7481, "eval_samples_per_second": 240.986}