{"eval_loss": 0.9493874311447144, "eval_accuracy": 0.6069999933242798, "eval_mae": 0.4496, "eval_runtime": 19.7822, "eval_samples_per_second": 252.753}