{"eval_loss": 1.3681062459945679, "eval_accuracy": 0.4564000070095062, "eval_mae": 0.7338, "eval_runtime": 17.2977, "eval_samples_per_second": 289.055}