{"eval_loss": 0.9361097812652588, "eval_accuracy": 0.6018000245094299, "eval_mae": 0.4544, "eval_runtime": 17.1154, "eval_samples_per_second": 292.135}