{"eval_loss": 1.0804922580718994, "eval_accuracy": 0.5564000010490417, "eval_mae": 0.565, "eval_runtime": 18.5814, "eval_samples_per_second": 269.086}