{"eval_loss": 1.0849859714508057, "eval_accuracy": 0.5740000009536743, "eval_mae": 0.512, "eval_runtime": 16.2823, "eval_samples_per_second": 307.081}