{"eval_loss": 1.2296273708343506, "eval_accuracy": 0.5090000033378601, "eval_mae": 0.618, "eval_runtime": 20.0053, "eval_samples_per_second": 249.934}