{"eval_loss": 1.0214836597442627, "eval_accuracy": 0.5709999799728394, "eval_mae": 0.5068, "eval_runtime": 17.2444, "eval_samples_per_second": 289.949}