{"eval_loss": 1.1841933727264404, "eval_accuracy": 0.4975999891757965, "eval_mae": 0.5996, "eval_runtime": 17.331, "eval_samples_per_second": 288.5}