{"eval_loss": 1.088167428970337, "eval_accuracy": 0.545799970626831, "eval_mae": 0.5442, "eval_runtime": 25.2834, "eval_samples_per_second": 197.759}