{"eval_loss": 1.006711483001709, "eval_accuracy": 0.5925999879837036, "eval_mae": 0.4692, "eval_runtime": 17.4039, "eval_samples_per_second": 287.292}