{"eval_loss": 0.9476781487464905, "eval_accuracy": 0.5928000211715698, "eval_mae": 0.4694, "eval_runtime": 21.3358, "eval_samples_per_second": 234.348}