{"eval_loss": 1.0852549076080322, "eval_accuracy": 0.5753999948501587, "eval_mae": 0.5094, "eval_runtime": 16.9887, "eval_samples_per_second": 294.313}