{"eval_loss": 1.3398990631103516, "eval_accuracy": 0.46720001101493835, "eval_mae": 0.6902, "eval_runtime": 26.4265, "eval_samples_per_second": 189.204}