{"eval_loss": 1.3529471158981323, "eval_accuracy": 0.4819999933242798, "eval_mae": 0.6726, "eval_runtime": 18.3733, "eval_samples_per_second": 272.135}