{"eval_loss": 1.1559348106384277, "eval_accuracy": 0.49939998984336853, "eval_mae": 0.5918, "eval_runtime": 17.321, "eval_samples_per_second": 288.667}