{"eval_loss": 1.076336145401001, "eval_accuracy": 0.5569999814033508, "eval_mae": 0.5326, "eval_runtime": 19.0489, "eval_samples_per_second": 262.483}