{"eval_loss": 1.025967001914978, "eval_accuracy": 0.5562000274658203, "eval_mae": 0.5348, "eval_runtime": 17.2654, "eval_samples_per_second": 289.597}