{"eval_loss": 1.0113800764083862, "eval_accuracy": 0.5820000171661377, "eval_mae": 0.4802, "eval_runtime": 16.8361, "eval_samples_per_second": 296.98}