{"eval_loss": 1.0796290636062622, "eval_accuracy": 0.5590000152587891, "eval_mae": 0.5302, "eval_runtime": 28.0637, "eval_samples_per_second": 178.166}