{"eval_loss": 1.157905101776123, "eval_accuracy": 0.4984000027179718, "eval_mae": 0.591, "eval_runtime": 16.6616, "eval_samples_per_second": 300.092}