{"eval_loss": 1.0538126230239868, "eval_accuracy": 0.5271999835968018, "eval_mae": 0.5704, "eval_runtime": 16.3642, "eval_samples_per_second": 305.545}