{"eval_loss": 1.0786473751068115, "eval_accuracy": 0.5587999820709229, "eval_mae": 0.5304, "eval_runtime": 18.2823, "eval_samples_per_second": 273.489}