{"eval_loss": 1.013068675994873, "eval_accuracy": 0.5645999908447266, "eval_mae": 0.5082, "eval_runtime": 17.1171, "eval_samples_per_second": 292.105}