{"eval_loss": 0.8893819451332092, "eval_accuracy": 0.635200023651123, "eval_mae": 0.416, "eval_runtime": 25.1776, "eval_samples_per_second": 198.589}