{"eval_loss": 0.9358918070793152, "eval_accuracy": 0.6018000245094299, "eval_mae": 0.4546, "eval_runtime": 16.6056, "eval_samples_per_second": 301.103}