{"eval_loss": 1.0846974849700928, "eval_accuracy": 0.5745999813079834, "eval_mae": 0.51, "eval_runtime": 16.4131, "eval_samples_per_second": 304.635}