{"eval_loss": 1.2319598197937012, "eval_accuracy": 0.5081999897956848, "eval_mae": 0.621, "eval_runtime": 32.3946, "eval_samples_per_second": 154.347}