{"eval_loss": 1.053706407546997, "eval_accuracy": 0.5267999768257141, "eval_mae": 0.57, "eval_runtime": 16.001, "eval_samples_per_second": 312.481}