{"eval_loss": 0.9784755110740662, "eval_accuracy": 0.58160001039505, "eval_mae": 0.4892, "eval_runtime": 16.8562, "eval_samples_per_second": 296.627}