{"eval_loss": 0.9459208846092224, "eval_accuracy": 0.6043999791145325, "eval_mae": 0.4576, "eval_runtime": 16.3917, "eval_samples_per_second": 305.033}