{"eval_loss": 1.3701932430267334, "eval_accuracy": 0.4564000070095062, "eval_mae": 0.7316, "eval_runtime": 16.7198, "eval_samples_per_second": 299.047}