{"eval_loss": 1.0458143949508667, "eval_accuracy": 0.5608000159263611, "eval_mae": 0.5086, "eval_runtime": 19.295, "eval_samples_per_second": 259.135}