{"eval_loss": 1.3522926568984985, "eval_accuracy": 0.47040000557899475, "eval_mae": 0.694, "eval_runtime": 17.3918, "eval_samples_per_second": 287.492}