{"eval_loss": 1.0177727937698364, "eval_accuracy": 0.5799999833106995, "eval_mae": 0.4816, "eval_runtime": 17.5156, "eval_samples_per_second": 285.46}