{"eval_loss": 1.3480032682418823, "eval_accuracy": 0.4832000136375427, "eval_mae": 0.6702, "eval_runtime": 18.4516, "eval_samples_per_second": 270.979}