{"eval_loss": 1.0219558477401733, "eval_accuracy": 0.5716000199317932, "eval_mae": 0.5074, "eval_runtime": 17.4318, "eval_samples_per_second": 286.832}