{"eval_loss": 1.1458548307418823, "eval_accuracy": 0.5486000180244446, "eval_mae": 0.582, "eval_runtime": 17.3705, "eval_samples_per_second": 287.844}