{"eval_loss": 1.350386619567871, "eval_accuracy": 0.4697999954223633, "eval_mae": 0.6922, "eval_runtime": 17.3936, "eval_samples_per_second": 287.461}