{"eval_loss": 1.0061113834381104, "eval_accuracy": 0.5748000144958496, "eval_mae": 0.4962, "eval_runtime": 17.2554, "eval_samples_per_second": 289.765}