{"eval_loss": 1.0834630727767944, "eval_accuracy": 0.5741999745368958, "eval_mae": 0.5118, "eval_runtime": 17.0229, "eval_samples_per_second": 293.722}