{"eval_loss": 0.9794941544532776, "eval_accuracy": 0.5812000036239624, "eval_mae": 0.4884, "eval_runtime": 17.3106, "eval_samples_per_second": 288.841}