{"eval_loss": 1.078078031539917, "eval_accuracy": 0.5582000017166138, "eval_mae": 0.531, "eval_runtime": 19.912, "eval_samples_per_second": 251.104}