{"eval_loss": 1.0148144960403442, "eval_accuracy": 0.5663999915122986, "eval_mae": 0.5072, "eval_runtime": 16.8834, "eval_samples_per_second": 296.149}