{"eval_loss": 1.3912776708602905, "eval_accuracy": 0.48019999265670776, "eval_mae": 0.6744, "eval_runtime": 37.6651, "eval_samples_per_second": 132.749}