{"eval_loss": 1.0055755376815796, "eval_accuracy": 0.5756000280380249, "eval_mae": 0.496, "eval_runtime": 17.2182, "eval_samples_per_second": 290.39}