{"eval_loss": 0.9488017559051514, "eval_accuracy": 0.6065999865531921, "eval_mae": 0.4498, "eval_runtime": 18.8462, "eval_samples_per_second": 265.305}