{"eval_loss": 1.0147836208343506, "eval_accuracy": 0.5649999976158142, "eval_mae": 0.5078, "eval_runtime": 17.2256, "eval_samples_per_second": 290.266}