{"eval_loss": 0.9486141800880432, "eval_accuracy": 0.5906000137329102, "eval_mae": 0.4636, "eval_runtime": 16.2321, "eval_samples_per_second": 308.032}