{"eval_loss": 1.2982796430587769, "eval_accuracy": 0.46799999475479126, "eval_mae": 0.6836, "eval_runtime": 19.266, "eval_samples_per_second": 259.524}