{"eval_loss": 1.0097404718399048, "eval_accuracy": 0.5763999819755554, "eval_mae": 0.4964, "eval_runtime": 16.4464, "eval_samples_per_second": 304.017}