{"eval_loss": 1.2967791557312012, "eval_accuracy": 0.4675999879837036, "eval_mae": 0.6818, "eval_runtime": 19.7475, "eval_samples_per_second": 253.197}