{"eval_loss": 1.0754917860031128, "eval_accuracy": 0.5594000220298767, "eval_mae": 0.5294, "eval_runtime": 36.2786, "eval_samples_per_second": 137.822}