{"eval_loss": 1.3489258289337158, "eval_accuracy": 0.4713999927043915, "eval_mae": 0.6898, "eval_runtime": 16.7372, "eval_samples_per_second": 298.736}