{"eval_loss": 1.0801905393600464, "eval_accuracy": 0.5559999942779541, "eval_mae": 0.5652, "eval_runtime": 24.8922, "eval_samples_per_second": 200.866}