{"eval_loss": 0.9476468563079834, "eval_accuracy": 0.592199981212616, "eval_mae": 0.4704, "eval_runtime": 18.7174, "eval_samples_per_second": 267.131}