{"eval_loss": 0.949741005897522, "eval_accuracy": 0.6197999715805054, "eval_mae": 0.43, "eval_runtime": 16.4545, "eval_samples_per_second": 303.867}