{"eval_loss": 1.0848171710968018, "eval_accuracy": 0.5753999948501587, "eval_mae": 0.5102, "eval_runtime": 16.2033, "eval_samples_per_second": 308.58}