{"eval_loss": 1.0301626920700073, "eval_accuracy": 0.545799970626831, "eval_mae": 0.5396, "eval_runtime": 16.2265, "eval_samples_per_second": 308.138}