{"eval_loss": 1.0802648067474365, "eval_accuracy": 0.5558000206947327, "eval_mae": 0.5656, "eval_runtime": 25.7593, "eval_samples_per_second": 194.105}