{"eval_loss": 0.9565787315368652, "eval_accuracy": 0.6011999845504761, "eval_mae": 0.4612, "eval_runtime": 17.3823, "eval_samples_per_second": 287.649}