{"eval_loss": 1.3475360870361328, "eval_accuracy": 0.47279998660087585, "eval_mae": 0.6884, "eval_runtime": 17.5012, "eval_samples_per_second": 285.695}