{"eval_loss": 1.0154738426208496, "eval_accuracy": 0.5824000239372253, "eval_mae": 0.4806, "eval_runtime": 17.5473, "eval_samples_per_second": 284.944}