{"eval_loss": 1.0244314670562744, "eval_accuracy": 0.5558000206947327, "eval_mae": 0.535, "eval_runtime": 17.3957, "eval_samples_per_second": 287.427}