{"eval_loss": 1.3469054698944092, "eval_accuracy": 0.4717999994754791, "eval_mae": 0.6878, "eval_runtime": 17.5057, "eval_samples_per_second": 285.622}