{"eval_loss": 1.024949073791504, "eval_accuracy": 0.5547999739646912, "eval_mae": 0.5366, "eval_runtime": 17.2489, "eval_samples_per_second": 289.873}