{"eval_loss": 0.960702121257782, "eval_accuracy": 0.5907999873161316, "eval_mae": 0.4846, "eval_runtime": 16.7877, "eval_samples_per_second": 297.837}