{"eval_loss": 0.9559138417243958, "eval_accuracy": 0.6000000238418579, "eval_mae": 0.463, "eval_runtime": 17.4535, "eval_samples_per_second": 286.476}