{"eval_loss": 1.0078461170196533, "eval_accuracy": 0.5820000171661377, "eval_mae": 0.4798, "eval_runtime": 17.5773, "eval_samples_per_second": 284.458}