{"eval_loss": 1.0186716318130493, "eval_accuracy": 0.5809999704360962, "eval_mae": 0.4938, "eval_runtime": 25.6946, "eval_samples_per_second": 194.593}