{"eval_loss": 1.3493056297302246, "eval_accuracy": 0.4726000130176544, "eval_mae": 0.689, "eval_runtime": 17.3474, "eval_samples_per_second": 288.228}