{"eval_loss": 1.0124894380569458, "eval_accuracy": 0.5685999989509583, "eval_mae": 0.5038, "eval_runtime": 17.0836, "eval_samples_per_second": 292.678}