{"eval_loss": 1.2289015054702759, "eval_accuracy": 0.506600022315979, "eval_mae": 0.6208, "eval_runtime": 35.018, "eval_samples_per_second": 142.784}