{"eval_loss": 1.0802197456359863, "eval_accuracy": 0.5562000274658203, "eval_mae": 0.5652, "eval_runtime": 29.991, "eval_samples_per_second": 166.717}