{"eval_loss": 1.155732274055481, "eval_accuracy": 0.49939998984336853, "eval_mae": 0.5916, "eval_runtime": 17.736, "eval_samples_per_second": 281.913}