{"eval_loss": 1.0183357000350952, "eval_accuracy": 0.5807999968528748, "eval_mae": 0.4942, "eval_runtime": 22.067, "eval_samples_per_second": 226.582}