{"eval_loss": 1.030608057975769, "eval_accuracy": 0.545199990272522, "eval_mae": 0.5404, "eval_runtime": 16.6661, "eval_samples_per_second": 300.01}