{"eval_loss": 1.3426792621612549, "eval_accuracy": 0.47620001435279846, "eval_mae": 0.693, "eval_runtime": 17.01, "eval_samples_per_second": 293.945}