{"eval_loss": 1.1598132848739624, "eval_accuracy": 0.5004000067710876, "eval_mae": 0.5902, "eval_runtime": 17.1841, "eval_samples_per_second": 290.967}