{"eval_loss": 0.9504148364067078, "eval_accuracy": 0.6200000047683716, "eval_mae": 0.429, "eval_runtime": 17.4466, "eval_samples_per_second": 286.588}