{"eval_loss": 0.948322057723999, "eval_accuracy": 0.6075999736785889, "eval_mae": 0.4482, "eval_runtime": 18.2897, "eval_samples_per_second": 273.378}