{"eval_loss": 0.9495392441749573, "eval_accuracy": 0.607200026512146, "eval_mae": 0.449, "eval_runtime": 19.035, "eval_samples_per_second": 262.674}