{"eval_loss": 0.9557550549507141, "eval_accuracy": 0.598800003528595, "eval_mae": 0.4644, "eval_runtime": 16.7575, "eval_samples_per_second": 298.374}