{"eval_loss": 0.9907701015472412, "eval_accuracy": 0.5705999732017517, "eval_mae": 0.508, "eval_runtime": 16.9832, "eval_samples_per_second": 294.409}