{"eval_loss": 1.0635937452316284, "eval_accuracy": 0.5569999814033508, "eval_mae": 0.5216, "eval_runtime": 18.2903, "eval_samples_per_second": 273.368}