{"eval_loss": 1.3408793210983276, "eval_accuracy": 0.46939998865127563, "eval_mae": 0.6868, "eval_runtime": 19.173, "eval_samples_per_second": 260.784}