{"eval_loss": 1.0563722848892212, "eval_accuracy": 0.5257999897003174, "eval_mae": 0.5724, "eval_runtime": 16.2638, "eval_samples_per_second": 307.431}