{"eval_loss": 1.3438305854797363, "eval_accuracy": 0.4749999940395355, "eval_mae": 0.6938, "eval_runtime": 16.321, "eval_samples_per_second": 306.354}