{"eval_loss": 0.9487798810005188, "eval_accuracy": 0.5896000266075134, "eval_mae": 0.4636, "eval_runtime": 16.5888, "eval_samples_per_second": 301.408}