{"eval_loss": 1.1472941637039185, "eval_accuracy": 0.548799991607666, "eval_mae": 0.5822, "eval_runtime": 16.8329, "eval_samples_per_second": 297.037}