{"eval_loss": 1.3395479917526245, "eval_accuracy": 0.4674000144004822, "eval_mae": 0.6898, "eval_runtime": 25.7778, "eval_samples_per_second": 193.966}