{"eval_loss": 1.3485198020935059, "eval_accuracy": 0.4844000041484833, "eval_mae": 0.6692, "eval_runtime": 20.8693, "eval_samples_per_second": 239.587}