{"eval_loss": 1.1476832628250122, "eval_accuracy": 0.5486000180244446, "eval_mae": 0.5818, "eval_runtime": 16.776, "eval_samples_per_second": 298.045}