{"eval_loss": 1.05292809009552, "eval_accuracy": 0.5252000093460083, "eval_mae": 0.5684, "eval_runtime": 16.3462, "eval_samples_per_second": 305.882}