{"eval_loss": 0.9471675753593445, "eval_accuracy": 0.5917999744415283, "eval_mae": 0.471, "eval_runtime": 20.6031, "eval_samples_per_second": 242.682}