{"eval_loss": 1.017878532409668, "eval_accuracy": 0.58160001039505, "eval_mae": 0.48, "eval_runtime": 17.4608, "eval_samples_per_second": 286.356}