{"eval_loss": 1.295714259147644, "eval_accuracy": 0.46939998865127563, "eval_mae": 0.6796, "eval_runtime": 36.7652, "eval_samples_per_second": 135.998}