{"eval_loss": 1.0063148736953735, "eval_accuracy": 0.5932000279426575, "eval_mae": 0.4682, "eval_runtime": 17.1641, "eval_samples_per_second": 291.306}