{"eval_loss": 1.052980661392212, "eval_accuracy": 0.5281999707221985, "eval_mae": 0.5696, "eval_runtime": 16.9364, "eval_samples_per_second": 295.223}