{"eval_loss": 1.0113738775253296, "eval_accuracy": 0.5794000029563904, "eval_mae": 0.4826, "eval_runtime": 17.5073, "eval_samples_per_second": 285.595}