{"eval_loss": 1.0860041379928589, "eval_accuracy": 0.5473999977111816, "eval_mae": 0.5416, "eval_runtime": 18.275, "eval_samples_per_second": 273.598}