{"eval_loss": 1.076411485671997, "eval_accuracy": 0.5577999949455261, "eval_mae": 0.532, "eval_runtime": 18.7587, "eval_samples_per_second": 266.543}