{"eval_loss": 1.1477032899856567, "eval_accuracy": 0.5486000180244446, "eval_mae": 0.582, "eval_runtime": 17.4604, "eval_samples_per_second": 286.362}