{"eval_loss": 1.0786126852035522, "eval_accuracy": 0.5587999820709229, "eval_mae": 0.5306, "eval_runtime": 19.1864, "eval_samples_per_second": 260.601}