{"eval_loss": 0.9503475427627563, "eval_accuracy": 0.6209999918937683, "eval_mae": 0.429, "eval_runtime": 17.3804, "eval_samples_per_second": 287.681}