{"eval_loss": 1.0255016088485718, "eval_accuracy": 0.5533999800682068, "eval_mae": 0.5374, "eval_runtime": 17.2679, "eval_samples_per_second": 289.554}