{"eval_loss": 1.083148717880249, "eval_accuracy": 0.5562000274658203, "eval_mae": 0.5656, "eval_runtime": 19.7966, "eval_samples_per_second": 252.568}