{"eval_loss": 1.1765146255493164, "eval_accuracy": 0.503000020980835, "eval_mae": 0.5908, "eval_runtime": 17.3644, "eval_samples_per_second": 287.946}