{"eval_loss": 1.0628166198730469, "eval_accuracy": 0.5564000010490417, "eval_mae": 0.5228, "eval_runtime": 18.3182, "eval_samples_per_second": 272.952}