{"eval_loss": 1.349629282951355, "eval_accuracy": 0.4722000062465668, "eval_mae": 0.6894, "eval_runtime": 16.5368, "eval_samples_per_second": 302.357}