{"eval_loss": 0.9489514827728271, "eval_accuracy": 0.5911999940872192, "eval_mae": 0.463, "eval_runtime": 16.6643, "eval_samples_per_second": 300.043}