{"eval_loss": 1.2397396564483643, "eval_accuracy": 0.4952000081539154, "eval_mae": 0.6014, "eval_runtime": 20.3908, "eval_samples_per_second": 245.209}