{"eval_loss": 1.0146931409835815, "eval_accuracy": 0.5640000104904175, "eval_mae": 0.5074, "eval_runtime": 16.9763, "eval_samples_per_second": 294.529}