{"eval_loss": 0.9462676048278809, "eval_accuracy": 0.6051999926567078, "eval_mae": 0.4568, "eval_runtime": 17.2433, "eval_samples_per_second": 289.968}