{"eval_loss": 1.0532735586166382, "eval_accuracy": 0.5281999707221985, "eval_mae": 0.568, "eval_runtime": 15.9924, "eval_samples_per_second": 312.649}