{"eval_loss": 1.347106695175171, "eval_accuracy": 0.47540000081062317, "eval_mae": 0.697, "eval_runtime": 16.3896, "eval_samples_per_second": 305.071}