{"eval_loss": 1.1598199605941772, "eval_accuracy": 0.4986000061035156, "eval_mae": 0.5928, "eval_runtime": 17.219, "eval_samples_per_second": 290.377}