{"eval_loss": 0.9365907907485962, "eval_accuracy": 0.6018000245094299, "eval_mae": 0.4546, "eval_runtime": 17.0271, "eval_samples_per_second": 293.65}