{"eval_loss": 1.0186976194381714, "eval_accuracy": 0.5812000036239624, "eval_mae": 0.4938, "eval_runtime": 19.8626, "eval_samples_per_second": 251.73}