{"eval_loss": 1.2388999462127686, "eval_accuracy": 0.49720001220703125, "eval_mae": 0.6478, "eval_runtime": 18.1554, "eval_samples_per_second": 275.401}