{"eval_loss": 1.1800541877746582, "eval_accuracy": 0.5013999938964844, "eval_mae": 0.5948, "eval_runtime": 17.3676, "eval_samples_per_second": 287.892}