{"eval_loss": 1.0197407007217407, "eval_accuracy": 0.5712000131607056, "eval_mae": 0.5064, "eval_runtime": 16.5633, "eval_samples_per_second": 301.872}