{"eval_loss": 1.0054408311843872, "eval_accuracy": 0.576200008392334, "eval_mae": 0.4956, "eval_runtime": 17.1592, "eval_samples_per_second": 291.388}