{"eval_loss": 1.3556137084960938, "eval_accuracy": 0.48339998722076416, "eval_mae": 0.671, "eval_runtime": 18.3515, "eval_samples_per_second": 272.458}