{"eval_loss": 1.0821239948272705, "eval_accuracy": 0.5558000206947327, "eval_mae": 0.5636, "eval_runtime": 18.4182, "eval_samples_per_second": 271.471}