{"eval_loss": 1.0185949802398682, "eval_accuracy": 0.5812000036239624, "eval_mae": 0.4936, "eval_runtime": 23.5709, "eval_samples_per_second": 212.126}