{"eval_loss": 1.005499005317688, "eval_accuracy": 0.5763999819755554, "eval_mae": 0.494, "eval_runtime": 16.5366, "eval_samples_per_second": 302.36}