{"eval_loss": 1.339203953742981, "eval_accuracy": 0.46779999136924744, "eval_mae": 0.6888, "eval_runtime": 19.5877, "eval_samples_per_second": 255.262}