{"eval_loss": 1.3640975952148438, "eval_accuracy": 0.4580000042915344, "eval_mae": 0.7318, "eval_runtime": 16.8433, "eval_samples_per_second": 296.855}