{"eval_loss": 1.3411592245101929, "eval_accuracy": 0.4668000042438507, "eval_mae": 0.6888, "eval_runtime": 18.4978, "eval_samples_per_second": 270.303}