{"eval_loss": 1.0297573804855347, "eval_accuracy": 0.5461999773979187, "eval_mae": 0.5388, "eval_runtime": 16.6428, "eval_samples_per_second": 300.431}