{"eval_loss": 1.0847389698028564, "eval_accuracy": 0.5752000212669373, "eval_mae": 0.5102, "eval_runtime": 16.3566, "eval_samples_per_second": 305.687}