{"eval_loss": 1.391695261001587, "eval_accuracy": 0.48019999265670776, "eval_mae": 0.674, "eval_runtime": 18.3569, "eval_samples_per_second": 272.378}