{"eval_loss": 1.0530285835266113, "eval_accuracy": 0.5267999768257141, "eval_mae": 0.5696, "eval_runtime": 16.9226, "eval_samples_per_second": 295.463}