{"eval_loss": 0.8902096748352051, "eval_accuracy": 0.6376000046730042, "eval_mae": 0.4142, "eval_runtime": 24.9857, "eval_samples_per_second": 200.114}