{"eval_loss": 0.9497761726379395, "eval_accuracy": 0.6057999730110168, "eval_mae": 0.4502, "eval_runtime": 18.5787, "eval_samples_per_second": 269.126}