{"eval_loss": 0.9781914949417114, "eval_accuracy": 0.5817999839782715, "eval_mae": 0.4888, "eval_runtime": 16.695, "eval_samples_per_second": 299.491}