{"eval_loss": 0.9463040828704834, "eval_accuracy": 0.6043999791145325, "eval_mae": 0.4578, "eval_runtime": 17.2421, "eval_samples_per_second": 289.988}