{"eval_loss": 0.9606449007987976, "eval_accuracy": 0.5928000211715698, "eval_mae": 0.483, "eval_runtime": 17.371, "eval_samples_per_second": 287.837}