{"eval_loss": 1.0299711227416992, "eval_accuracy": 0.545199990272522, "eval_mae": 0.5398, "eval_runtime": 17.3752, "eval_samples_per_second": 287.767}