{"eval_loss": 1.3333228826522827, "eval_accuracy": 0.4668000042438507, "eval_mae": 0.6886, "eval_runtime": 27.4327, "eval_samples_per_second": 182.265}