{"eval_loss": 1.0048929452896118, "eval_accuracy": 0.5758000016212463, "eval_mae": 0.496, "eval_runtime": 16.3686, "eval_samples_per_second": 305.463}