{"eval_loss": 1.0112632513046265, "eval_accuracy": 0.5799999833106995, "eval_mae": 0.482, "eval_runtime": 17.4199, "eval_samples_per_second": 287.028}