{"eval_loss": 0.9487214088439941, "eval_accuracy": 0.5920000076293945, "eval_mae": 0.4618, "eval_runtime": 17.4307, "eval_samples_per_second": 286.85}