{"eval_loss": 1.0802817344665527, "eval_accuracy": 0.5559999942779541, "eval_mae": 0.5652, "eval_runtime": 18.5398, "eval_samples_per_second": 269.689}