{"eval_loss": 1.0148236751556396, "eval_accuracy": 0.5637999773025513, "eval_mae": 0.5084, "eval_runtime": 17.0324, "eval_samples_per_second": 293.558}