{"eval_loss": 1.0538972616195679, "eval_accuracy": 0.5275999903678894, "eval_mae": 0.5694, "eval_runtime": 16.8966, "eval_samples_per_second": 295.918}