{"eval_loss": 1.0852112770080566, "eval_accuracy": 0.5756000280380249, "eval_mae": 0.5102, "eval_runtime": 16.4342, "eval_samples_per_second": 304.244}