{"eval_loss": 1.4427393674850464, "eval_accuracy": 0.4397999942302704, "eval_mae": 0.7292, "eval_runtime": 20.129, "eval_samples_per_second": 248.398}