{"eval_loss": 1.227569341659546, "eval_accuracy": 0.506600022315979, "eval_mae": 0.621, "eval_runtime": 19.3166, "eval_samples_per_second": 258.845}