{"eval_loss": 1.2302124500274658, "eval_accuracy": 0.5005999803543091, "eval_mae": 0.6012, "eval_runtime": 19.8152, "eval_samples_per_second": 252.331}