{"eval_loss": 1.3432523012161255, "eval_accuracy": 0.4722000062465668, "eval_mae": 0.6868, "eval_runtime": 17.3254, "eval_samples_per_second": 288.594}