{"eval_loss": 1.3507211208343506, "eval_accuracy": 0.4828000068664551, "eval_mae": 0.6718, "eval_runtime": 22.0263, "eval_samples_per_second": 227.002}