{"eval_loss": 1.366687536239624, "eval_accuracy": 0.45879998803138733, "eval_mae": 0.7304, "eval_runtime": 17.3669, "eval_samples_per_second": 287.904}