{"eval_loss": 1.0802873373031616, "eval_accuracy": 0.5562000274658203, "eval_mae": 0.5654, "eval_runtime": 22.449, "eval_samples_per_second": 222.727}