{"eval_loss": 1.3675743341445923, "eval_accuracy": 0.4586000144481659, "eval_mae": 0.731, "eval_runtime": 16.7093, "eval_samples_per_second": 299.234}