{"eval_loss": 1.2286286354064941, "eval_accuracy": 0.49880000948905945, "eval_mae": 0.6044, "eval_runtime": 18.3657, "eval_samples_per_second": 272.247}