{"eval_loss": 1.3486474752426147, "eval_accuracy": 0.47519999742507935, "eval_mae": 0.6958, "eval_runtime": 16.9849, "eval_samples_per_second": 294.379}