{"eval_loss": 1.084903359413147, "eval_accuracy": 0.5753999948501587, "eval_mae": 0.5106, "eval_runtime": 17.0113, "eval_samples_per_second": 293.922}