{"eval_loss": 1.2932995557785034, "eval_accuracy": 0.4697999954223633, "eval_mae": 0.6774, "eval_runtime": 19.2386, "eval_samples_per_second": 259.895}