{"eval_loss": 0.8895338177680969, "eval_accuracy": 0.6377999782562256, "eval_mae": 0.413, "eval_runtime": 19.7307, "eval_samples_per_second": 253.412}