{"eval_loss": 0.935615599155426, "eval_accuracy": 0.6019999980926514, "eval_mae": 0.454, "eval_runtime": 17.0391, "eval_samples_per_second": 293.442}