{"eval_loss": 1.0054084062576294, "eval_accuracy": 0.5756000280380249, "eval_mae": 0.4962, "eval_runtime": 17.2172, "eval_samples_per_second": 290.407}