{"eval_loss": 0.9461696147918701, "eval_accuracy": 0.6047999858856201, "eval_mae": 0.4568, "eval_runtime": 17.2525, "eval_samples_per_second": 289.813}