{"eval_loss": 1.007446050643921, "eval_accuracy": 0.5952000021934509, "eval_mae": 0.4658, "eval_runtime": 17.1038, "eval_samples_per_second": 292.333}