{"eval_loss": 1.0801730155944824, "eval_accuracy": 0.5562000274658203, "eval_mae": 0.5652, "eval_runtime": 19.2452, "eval_samples_per_second": 259.805}