{"eval_loss": 1.012345552444458, "eval_accuracy": 0.5799999833106995, "eval_mae": 0.4818, "eval_runtime": 16.8606, "eval_samples_per_second": 296.55}