{"eval_loss": 1.0209710597991943, "eval_accuracy": 0.5687999725341797, "eval_mae": 0.5098, "eval_runtime": 17.4476, "eval_samples_per_second": 286.572}