{"eval_loss": 1.0149695873260498, "eval_accuracy": 0.5649999976158142, "eval_mae": 0.5076, "eval_runtime": 17.2585, "eval_samples_per_second": 289.712}