{"eval_loss": 1.155519723892212, "eval_accuracy": 0.5004000067710876, "eval_mae": 0.5908, "eval_runtime": 16.2765, "eval_samples_per_second": 307.192}