{"eval_loss": 0.9485667943954468, "eval_accuracy": 0.5910000205039978, "eval_mae": 0.4626, "eval_runtime": 17.2106, "eval_samples_per_second": 290.519}