{"eval_loss": 1.3498687744140625, "eval_accuracy": 0.4706000089645386, "eval_mae": 0.6924, "eval_runtime": 17.2512, "eval_samples_per_second": 289.834}