{"eval_loss": 1.0795323848724365, "eval_accuracy": 0.5573999881744385, "eval_mae": 0.5642, "eval_runtime": 27.785, "eval_samples_per_second": 179.953}