{"eval_loss": 1.0286229848861694, "eval_accuracy": 0.5465999841690063, "eval_mae": 0.5376, "eval_runtime": 17.457, "eval_samples_per_second": 286.419}