{"eval_loss": 1.4429486989974976, "eval_accuracy": 0.43959999084472656, "eval_mae": 0.7296, "eval_runtime": 21.8709, "eval_samples_per_second": 228.615}