{"eval_loss": 0.9463984370231628, "eval_accuracy": 0.6039999723434448, "eval_mae": 0.457, "eval_runtime": 17.1996, "eval_samples_per_second": 290.705}