{"eval_loss": 1.392009973526001, "eval_accuracy": 0.47859999537467957, "eval_mae": 0.679, "eval_runtime": 21.7369, "eval_samples_per_second": 230.024}