{"eval_loss": 1.3502857685089111, "eval_accuracy": 0.47200000286102295, "eval_mae": 0.6878, "eval_runtime": 17.2929, "eval_samples_per_second": 289.136}