{"eval_loss": 1.0554625988006592, "eval_accuracy": 0.527999997138977, "eval_mae": 0.5708, "eval_runtime": 16.8797, "eval_samples_per_second": 296.214}