{"eval_loss": 1.2273035049438477, "eval_accuracy": 0.4984000027179718, "eval_mae": 0.605, "eval_runtime": 18.4504, "eval_samples_per_second": 270.997}