{"eval_loss": 1.3030505180358887, "eval_accuracy": 0.4675999879837036, "eval_mae": 0.682, "eval_runtime": 19.0698, "eval_samples_per_second": 262.194}