{"eval_loss": 1.0617636442184448, "eval_accuracy": 0.5565999746322632, "eval_mae": 0.5224, "eval_runtime": 18.3741, "eval_samples_per_second": 272.122}