{"eval_loss": 1.0303138494491577, "eval_accuracy": 0.5429999828338623, "eval_mae": 0.542, "eval_runtime": 16.3973, "eval_samples_per_second": 304.929}