{"eval_loss": 1.242210865020752, "eval_accuracy": 0.5004000067710876, "eval_mae": 0.5952, "eval_runtime": 18.1097, "eval_samples_per_second": 276.095}