{"eval_loss": 1.442809820175171, "eval_accuracy": 0.4343999922275543, "eval_mae": 0.7356, "eval_runtime": 19.1747, "eval_samples_per_second": 260.761}