{"eval_loss": 1.2287471294403076, "eval_accuracy": 0.4991999864578247, "eval_mae": 0.604, "eval_runtime": 18.3992, "eval_samples_per_second": 271.751}