{"eval_loss": 1.0451784133911133, "eval_accuracy": 0.5613999962806702, "eval_mae": 0.5082, "eval_runtime": 21.7717, "eval_samples_per_second": 229.656}