{"eval_loss": 1.2965881824493408, "eval_accuracy": 0.4675999879837036, "eval_mae": 0.6818, "eval_runtime": 21.9151, "eval_samples_per_second": 228.153}