{"eval_loss": 1.0148236751556396, "eval_accuracy": 0.5663999915122986, "eval_mae": 0.506, "eval_runtime": 16.9469, "eval_samples_per_second": 295.039}