{"eval_loss": 1.006623387336731, "eval_accuracy": 0.5935999751091003, "eval_mae": 0.4678, "eval_runtime": 17.2204, "eval_samples_per_second": 290.353}