{"eval_loss": 1.0450153350830078, "eval_accuracy": 0.5595999956130981, "eval_mae": 0.5118, "eval_runtime": 18.493, "eval_samples_per_second": 270.372}