{"eval_loss": 1.3928583860397339, "eval_accuracy": 0.48159998655319214, "eval_mae": 0.6726, "eval_runtime": 30.701, "eval_samples_per_second": 162.861}