{"eval_loss": 1.083884358406067, "eval_accuracy": 0.5763999819755554, "eval_mae": 0.5094, "eval_runtime": 16.3623, "eval_samples_per_second": 305.581}