{"eval_loss": 0.990364670753479, "eval_accuracy": 0.5712000131607056, "eval_mae": 0.5074, "eval_runtime": 16.9079, "eval_samples_per_second": 295.72}