{"eval_loss": 1.2283642292022705, "eval_accuracy": 0.5012000203132629, "eval_mae": 0.601, "eval_runtime": 18.355, "eval_samples_per_second": 272.406}