{"eval_loss": 1.3519819974899292, "eval_accuracy": 0.4837999939918518, "eval_mae": 0.6708, "eval_runtime": 19.3377, "eval_samples_per_second": 258.563}