{"eval_loss": 1.0146478414535522, "eval_accuracy": 0.5644000172615051, "eval_mae": 0.5074, "eval_runtime": 16.2814, "eval_samples_per_second": 307.099}