{"eval_loss": 1.063459038734436, "eval_accuracy": 0.557200014591217, "eval_mae": 0.5218, "eval_runtime": 18.3367, "eval_samples_per_second": 272.677}