{"eval_loss": 0.9357351660728455, "eval_accuracy": 0.602400004863739, "eval_mae": 0.4534, "eval_runtime": 17.0241, "eval_samples_per_second": 293.702}