{"eval_loss": 1.3658515214920044, "eval_accuracy": 0.45820000767707825, "eval_mae": 0.7352, "eval_runtime": 17.282, "eval_samples_per_second": 289.319}