{"eval_loss": 1.2410746812820435, "eval_accuracy": 0.5016000270843506, "eval_mae": 0.5938, "eval_runtime": 19.1288, "eval_samples_per_second": 261.386}