{"eval_loss": 1.1548036336898804, "eval_accuracy": 0.4984000027179718, "eval_mae": 0.5922, "eval_runtime": 17.2902, "eval_samples_per_second": 289.181}