{"eval_loss": 0.9356655478477478, "eval_accuracy": 0.6010000109672546, "eval_mae": 0.4548, "eval_runtime": 17.0189, "eval_samples_per_second": 293.791}