{"eval_loss": 1.3496415615081787, "eval_accuracy": 0.4717999994754791, "eval_mae": 0.6904, "eval_runtime": 17.4796, "eval_samples_per_second": 286.048}