{"eval_loss": 1.1595925092697144, "eval_accuracy": 0.5001999735832214, "eval_mae": 0.5902, "eval_runtime": 17.2388, "eval_samples_per_second": 290.043}