{"eval_loss": 0.9513340592384338, "eval_accuracy": 0.6209999918937683, "eval_mae": 0.4286, "eval_runtime": 17.4072, "eval_samples_per_second": 287.238}