{"eval_loss": 1.2422595024108887, "eval_accuracy": 0.4997999966144562, "eval_mae": 0.5958, "eval_runtime": 18.9327, "eval_samples_per_second": 264.093}