{"eval_loss": 1.2974807024002075, "eval_accuracy": 0.46700000762939453, "eval_mae": 0.6822, "eval_runtime": 26.5945, "eval_samples_per_second": 188.009}