{"eval_loss": 0.9362015724182129, "eval_accuracy": 0.5996000170707703, "eval_mae": 0.4556, "eval_runtime": 17.0328, "eval_samples_per_second": 293.552}