{"eval_loss": 1.3484711647033691, "eval_accuracy": 0.47200000286102295, "eval_mae": 0.69, "eval_runtime": 17.3223, "eval_samples_per_second": 288.646}