{"eval_loss": 1.0147056579589844, "eval_accuracy": 0.5645999908447266, "eval_mae": 0.5082, "eval_runtime": 17.3116, "eval_samples_per_second": 288.824}