{"eval_loss": 1.2421300411224365, "eval_accuracy": 0.4997999966144562, "eval_mae": 0.5956, "eval_runtime": 19.4707, "eval_samples_per_second": 256.797}