{"eval_loss": 0.9612675905227661, "eval_accuracy": 0.5935999751091003, "eval_mae": 0.4822, "eval_runtime": 17.494, "eval_samples_per_second": 285.813}