{"eval_loss": 1.0536847114562988, "eval_accuracy": 0.527999997138977, "eval_mae": 0.571, "eval_runtime": 15.9902, "eval_samples_per_second": 312.692}