{"eval_loss": 0.937401294708252, "eval_accuracy": 0.5996000170707703, "eval_mae": 0.4554, "eval_runtime": 17.0367, "eval_samples_per_second": 293.484}