{"eval_loss": 1.0119093656539917, "eval_accuracy": 0.5788000226020813, "eval_mae": 0.4834, "eval_runtime": 17.2192, "eval_samples_per_second": 290.373}