{"eval_loss": 1.0785609483718872, "eval_accuracy": 0.5586000084877014, "eval_mae": 0.5306, "eval_runtime": 19.181, "eval_samples_per_second": 260.674}