{"eval_loss": 1.146594762802124, "eval_accuracy": 0.5511999726295471, "eval_mae": 0.5784, "eval_runtime": 17.5333, "eval_samples_per_second": 285.172}