{"eval_loss": 1.2417359352111816, "eval_accuracy": 0.4997999966144562, "eval_mae": 0.5956, "eval_runtime": 19.1392, "eval_samples_per_second": 261.244}