{"eval_loss": 1.1531689167022705, "eval_accuracy": 0.5004000067710876, "eval_mae": 0.5902, "eval_runtime": 17.5664, "eval_samples_per_second": 284.634}