{"eval_loss": 0.9501699209213257, "eval_accuracy": 0.6209999918937683, "eval_mae": 0.4282, "eval_runtime": 17.525, "eval_samples_per_second": 285.306}