{"eval_loss": 0.9348228573799133, "eval_accuracy": 0.6014000177383423, "eval_mae": 0.4542, "eval_runtime": 17.0837, "eval_samples_per_second": 292.677}