{"eval_loss": 1.046308159828186, "eval_accuracy": 0.5604000091552734, "eval_mae": 0.5088, "eval_runtime": 18.5243, "eval_samples_per_second": 269.915}