{"eval_loss": 1.025026559829712, "eval_accuracy": 0.5547999739646912, "eval_mae": 0.5372, "eval_runtime": 17.3036, "eval_samples_per_second": 288.957}