{"eval_loss": 1.0839357376098633, "eval_accuracy": 0.5748000144958496, "eval_mae": 0.5108, "eval_runtime": 16.1953, "eval_samples_per_second": 308.732}