{"eval_loss": 1.2258762121200562, "eval_accuracy": 0.4986000061035156, "eval_mae": 0.603, "eval_runtime": 18.3654, "eval_samples_per_second": 272.251}