{"eval_loss": 1.2963708639144897, "eval_accuracy": 0.46779999136924744, "eval_mae": 0.6818, "eval_runtime": 30.1479, "eval_samples_per_second": 165.849}