{"eval_loss": 0.9480581879615784, "eval_accuracy": 0.6197999715805054, "eval_mae": 0.43, "eval_runtime": 17.752, "eval_samples_per_second": 281.659}