{"eval_loss": 1.157533049583435, "eval_accuracy": 0.49939998984336853, "eval_mae": 0.5904, "eval_runtime": 16.5455, "eval_samples_per_second": 302.197}