{"eval_loss": 1.0165085792541504, "eval_accuracy": 0.5649999976158142, "eval_mae": 0.5086, "eval_runtime": 24.1538, "eval_samples_per_second": 207.007}