{"eval_loss": 1.2296109199523926, "eval_accuracy": 0.5063999891281128, "eval_mae": 0.6214, "eval_runtime": 21.8588, "eval_samples_per_second": 228.741}