{"eval_loss": 0.9464372992515564, "eval_accuracy": 0.6029999852180481, "eval_mae": 0.4586, "eval_runtime": 17.2842, "eval_samples_per_second": 289.281}