{"eval_loss": 1.3440556526184082, "eval_accuracy": 0.4715999960899353, "eval_mae": 0.69, "eval_runtime": 16.6444, "eval_samples_per_second": 300.401}