{"eval_loss": 0.9460493922233582, "eval_accuracy": 0.6051999926567078, "eval_mae": 0.4572, "eval_runtime": 16.4711, "eval_samples_per_second": 303.561}