{"eval_loss": 1.338240623474121, "eval_accuracy": 0.46700000762939453, "eval_mae": 0.69, "eval_runtime": 37.276, "eval_samples_per_second": 134.135}