{"eval_loss": 0.889762282371521, "eval_accuracy": 0.6367999911308289, "eval_mae": 0.4146, "eval_runtime": 21.2769, "eval_samples_per_second": 234.997}