{"eval_loss": 1.017686128616333, "eval_accuracy": 0.5784000158309937, "eval_mae": 0.4838, "eval_runtime": 17.4487, "eval_samples_per_second": 286.554}