{"eval_loss": 1.0859895944595337, "eval_accuracy": 0.5486000180244446, "eval_mae": 0.5402, "eval_runtime": 37.0102, "eval_samples_per_second": 135.098}