{"eval_loss": 1.0187524557113647, "eval_accuracy": 0.5813999772071838, "eval_mae": 0.4934, "eval_runtime": 22.3959, "eval_samples_per_second": 223.255}