{"eval_loss": 1.0116784572601318, "eval_accuracy": 0.5803999900817871, "eval_mae": 0.4812, "eval_runtime": 17.4821, "eval_samples_per_second": 286.007}