{"eval_loss": 1.1473673582077026, "eval_accuracy": 0.546999990940094, "eval_mae": 0.5818, "eval_runtime": 17.2563, "eval_samples_per_second": 289.75}