{"eval_loss": 1.3700294494628906, "eval_accuracy": 0.4569999873638153, "eval_mae": 0.7328, "eval_runtime": 17.339, "eval_samples_per_second": 288.368}