{"eval_loss": 1.0787855386734009, "eval_accuracy": 0.5547999739646912, "eval_mae": 0.566, "eval_runtime": 18.5857, "eval_samples_per_second": 269.024}