{"eval_loss": 1.0071327686309814, "eval_accuracy": 0.5924000144004822, "eval_mae": 0.4688, "eval_runtime": 17.4812, "eval_samples_per_second": 286.022}