{"eval_loss": 0.9472171068191528, "eval_accuracy": 0.5928000211715698, "eval_mae": 0.4696, "eval_runtime": 21.0942, "eval_samples_per_second": 237.032}