{"eval_loss": 0.9903486371040344, "eval_accuracy": 0.5708000063896179, "eval_mae": 0.5072, "eval_runtime": 16.9099, "eval_samples_per_second": 295.685}