{"eval_loss": 1.0179709196090698, "eval_accuracy": 0.5809999704360962, "eval_mae": 0.4944, "eval_runtime": 19.8875, "eval_samples_per_second": 251.414}