{"eval_loss": 1.2301803827285767, "eval_accuracy": 0.4984000027179718, "eval_mae": 0.605, "eval_runtime": 18.3843, "eval_samples_per_second": 271.972}