{"eval_loss": 0.8906369209289551, "eval_accuracy": 0.6355999708175659, "eval_mae": 0.4158, "eval_runtime": 18.724, "eval_samples_per_second": 267.038}