{"eval_loss": 1.2421293258666992, "eval_accuracy": 0.49959999322891235, "eval_mae": 0.596, "eval_runtime": 20.2456, "eval_samples_per_second": 246.967}