{"eval_loss": 1.2427847385406494, "eval_accuracy": 0.5005999803543091, "eval_mae": 0.5948, "eval_runtime": 19.533, "eval_samples_per_second": 255.977}