{"eval_loss": 0.9331650137901306, "eval_accuracy": 0.6011999845504761, "eval_mae": 0.454, "eval_runtime": 17.0502, "eval_samples_per_second": 293.252}