{"eval_loss": 1.2289011478424072, "eval_accuracy": 0.5067999958992004, "eval_mae": 0.6204, "eval_runtime": 20.1899, "eval_samples_per_second": 247.648}