{"eval_loss": 1.078249216079712, "eval_accuracy": 0.5565999746322632, "eval_mae": 0.5326, "eval_runtime": 26.8491, "eval_samples_per_second": 186.226}