{"eval_loss": 1.2304706573486328, "eval_accuracy": 0.498199999332428, "eval_mae": 0.6446, "eval_runtime": 17.8463, "eval_samples_per_second": 280.169}