{"eval_loss": 1.08597993850708, "eval_accuracy": 0.5479999780654907, "eval_mae": 0.5408, "eval_runtime": 23.3157, "eval_samples_per_second": 214.448}