{"eval_loss": 1.0444780588150024, "eval_accuracy": 0.5583999752998352, "eval_mae": 0.511, "eval_runtime": 18.3749, "eval_samples_per_second": 272.11}