{"eval_loss": 1.1478019952774048, "eval_accuracy": 0.550000011920929, "eval_mae": 0.5804, "eval_runtime": 16.4106, "eval_samples_per_second": 304.682}