{"eval_loss": 0.9932007789611816, "eval_accuracy": 0.571399986743927, "eval_mae": 0.5058, "eval_runtime": 17.0213, "eval_samples_per_second": 293.75}