{"eval_loss": 1.0469170808792114, "eval_accuracy": 0.5605999827384949, "eval_mae": 0.5102, "eval_runtime": 18.1153, "eval_samples_per_second": 276.01}