{"eval_loss": 0.9463039040565491, "eval_accuracy": 0.6046000123023987, "eval_mae": 0.456, "eval_runtime": 17.3258, "eval_samples_per_second": 288.587}