{"eval_loss": 1.3921250104904175, "eval_accuracy": 0.4805999994277954, "eval_mae": 0.6738, "eval_runtime": 23.7223, "eval_samples_per_second": 210.772}