{"eval_loss": 1.077559232711792, "eval_accuracy": 0.5590000152587891, "eval_mae": 0.5298, "eval_runtime": 24.6344, "eval_samples_per_second": 202.968}