{"eval_loss": 1.2300852537155151, "eval_accuracy": 0.5070000290870667, "eval_mae": 0.621, "eval_runtime": 18.9067, "eval_samples_per_second": 264.457}