{"eval_loss": 1.239545464515686, "eval_accuracy": 0.5022000074386597, "eval_mae": 0.5938, "eval_runtime": 18.8108, "eval_samples_per_second": 265.804}