{"eval_loss": 1.0856261253356934, "eval_accuracy": 0.5479999780654907, "eval_mae": 0.5418, "eval_runtime": 24.0335, "eval_samples_per_second": 208.043}