{"eval_loss": 1.2386105060577393, "eval_accuracy": 0.4970000088214874, "eval_mae": 0.6474, "eval_runtime": 18.3168, "eval_samples_per_second": 272.974}