{"eval_loss": 0.9466283917427063, "eval_accuracy": 0.6051999926567078, "eval_mae": 0.4564, "eval_runtime": 16.6554, "eval_samples_per_second": 300.203}