{"eval_loss": 1.0311405658721924, "eval_accuracy": 0.546999990940094, "eval_mae": 0.5382, "eval_runtime": 16.7795, "eval_samples_per_second": 297.983}