{"eval_loss": 1.0298480987548828, "eval_accuracy": 0.545799970626831, "eval_mae": 0.5386, "eval_runtime": 17.0723, "eval_samples_per_second": 292.872}