{"eval_loss": 0.9608576893806458, "eval_accuracy": 0.5929999947547913, "eval_mae": 0.4832, "eval_runtime": 17.2904, "eval_samples_per_second": 289.179}