{"eval_loss": 1.1470894813537598, "eval_accuracy": 0.5493999719619751, "eval_mae": 0.5812, "eval_runtime": 16.6936, "eval_samples_per_second": 299.517}