{"eval_loss": 1.2330811023712158, "eval_accuracy": 0.4984000027179718, "eval_mae": 0.6052, "eval_runtime": 18.3434, "eval_samples_per_second": 272.577}