{"eval_loss": 1.0866096019744873, "eval_accuracy": 0.5468000173568726, "eval_mae": 0.5428, "eval_runtime": 18.7241, "eval_samples_per_second": 267.036}