{"eval_loss": 1.0862456560134888, "eval_accuracy": 0.5478000044822693, "eval_mae": 0.5408, "eval_runtime": 18.2856, "eval_samples_per_second": 273.44}