{"eval_loss": 1.3509271144866943, "eval_accuracy": 0.48399999737739563, "eval_mae": 0.671, "eval_runtime": 22.7496, "eval_samples_per_second": 219.784}