{"eval_loss": 0.9746212959289551, "eval_accuracy": 0.5827999711036682, "eval_mae": 0.4872, "eval_runtime": 16.9944, "eval_samples_per_second": 294.215}