{"eval_loss": 1.2295470237731934, "eval_accuracy": 0.5062000155448914, "eval_mae": 0.6226, "eval_runtime": 18.7432, "eval_samples_per_second": 266.764}