{"eval_loss": 1.0300908088684082, "eval_accuracy": 0.545799970626831, "eval_mae": 0.5394, "eval_runtime": 16.3665, "eval_samples_per_second": 305.502}