{"eval_loss": 1.0767309665679932, "eval_accuracy": 0.5555999875068665, "eval_mae": 0.565, "eval_runtime": 29.4248, "eval_samples_per_second": 169.925}