{"eval_loss": 1.053236961364746, "eval_accuracy": 0.5267999768257141, "eval_mae": 0.5704, "eval_runtime": 16.9722, "eval_samples_per_second": 294.6}