{"eval_loss": 1.061974048614502, "eval_accuracy": 0.5595999956130981, "eval_mae": 0.5208, "eval_runtime": 18.2857, "eval_samples_per_second": 273.438}