{"eval_loss": 1.3510286808013916, "eval_accuracy": 0.48339998722076416, "eval_mae": 0.6694, "eval_runtime": 18.5404, "eval_samples_per_second": 269.681}