{"eval_loss": 1.0056029558181763, "eval_accuracy": 0.5753999948501587, "eval_mae": 0.4966, "eval_runtime": 17.2916, "eval_samples_per_second": 289.158}