{"eval_loss": 1.0454940795898438, "eval_accuracy": 0.5605999827384949, "eval_mae": 0.5092, "eval_runtime": 23.8611, "eval_samples_per_second": 209.546}