{"eval_loss": 0.9459053874015808, "eval_accuracy": 0.6047999858856201, "eval_mae": 0.4574, "eval_runtime": 17.2054, "eval_samples_per_second": 290.607}