{"eval_loss": 1.2958543300628662, "eval_accuracy": 0.4675999879837036, "eval_mae": 0.6822, "eval_runtime": 31.0695, "eval_samples_per_second": 160.929}