{"eval_loss": 1.0102542638778687, "eval_accuracy": 0.579800009727478, "eval_mae": 0.4822, "eval_runtime": 17.4221, "eval_samples_per_second": 286.992}