{"eval_loss": 1.011506199836731, "eval_accuracy": 0.5806000232696533, "eval_mae": 0.4812, "eval_runtime": 17.4603, "eval_samples_per_second": 286.365}