{"eval_loss": 1.1621588468551636, "eval_accuracy": 0.49779999256134033, "eval_mae": 0.594, "eval_runtime": 17.3638, "eval_samples_per_second": 287.956}