{"eval_loss": 0.9491338133811951, "eval_accuracy": 0.5910000205039978, "eval_mae": 0.4624, "eval_runtime": 16.5627, "eval_samples_per_second": 301.884}