{"eval_loss": 1.0188164710998535, "eval_accuracy": 0.5795999765396118, "eval_mae": 0.483, "eval_runtime": 17.4835, "eval_samples_per_second": 285.984}