{"eval_loss": 1.2422336339950562, "eval_accuracy": 0.5004000067710876, "eval_mae": 0.5952, "eval_runtime": 19.6906, "eval_samples_per_second": 253.928}