{"eval_loss": 1.1559520959854126, "eval_accuracy": 0.4984000027179718, "eval_mae": 0.5918, "eval_runtime": 17.3188, "eval_samples_per_second": 288.704}