{"eval_loss": 1.0068594217300415, "eval_accuracy": 0.5925999879837036, "eval_mae": 0.4688, "eval_runtime": 17.1915, "eval_samples_per_second": 290.841}