{"eval_loss": 1.35634183883667, "eval_accuracy": 0.483599990606308, "eval_mae": 0.6716, "eval_runtime": 18.1092, "eval_samples_per_second": 276.102}