{"eval_loss": 1.0158718824386597, "eval_accuracy": 0.5640000104904175, "eval_mae": 0.5088, "eval_runtime": 17.0996, "eval_samples_per_second": 292.405}