{"eval_loss": 1.0861378908157349, "eval_accuracy": 0.5770000219345093, "eval_mae": 0.5088, "eval_runtime": 16.7078, "eval_samples_per_second": 299.261}