{"eval_loss": 0.9495289921760559, "eval_accuracy": 0.607200026512146, "eval_mae": 0.4488, "eval_runtime": 18.5795, "eval_samples_per_second": 269.114}