{"eval_loss": 1.392143726348877, "eval_accuracy": 0.48080000281333923, "eval_mae": 0.6738, "eval_runtime": 32.8179, "eval_samples_per_second": 152.356}