{"eval_loss": 1.006192684173584, "eval_accuracy": 0.5759999752044678, "eval_mae": 0.4952, "eval_runtime": 16.3844, "eval_samples_per_second": 305.168}