{"eval_loss": 1.1481205224990845, "eval_accuracy": 0.5475999712944031, "eval_mae": 0.5832, "eval_runtime": 17.6574, "eval_samples_per_second": 283.168}