{"eval_loss": 0.9552248120307922, "eval_accuracy": 0.5989999771118164, "eval_mae": 0.4642, "eval_runtime": 17.7718, "eval_samples_per_second": 281.345}