{"eval_loss": 1.3366265296936035, "eval_accuracy": 0.46880000829696655, "eval_mae": 0.6898, "eval_runtime": 17.894, "eval_samples_per_second": 279.424}