{"eval_loss": 0.95560222864151, "eval_accuracy": 0.6000000238418579, "eval_mae": 0.4628, "eval_runtime": 17.3329, "eval_samples_per_second": 288.469}