{"eval_loss": 1.1555169820785522, "eval_accuracy": 0.4997999966144562, "eval_mae": 0.5912, "eval_runtime": 17.2163, "eval_samples_per_second": 290.423}