{"eval_loss": 1.0784180164337158, "eval_accuracy": 0.5587999820709229, "eval_mae": 0.5304, "eval_runtime": 19.2085, "eval_samples_per_second": 260.301}