{"eval_loss": 1.078024983406067, "eval_accuracy": 0.5594000220298767, "eval_mae": 0.53, "eval_runtime": 24.1773, "eval_samples_per_second": 206.805}