{"eval_loss": 1.3429059982299805, "eval_accuracy": 0.475600004196167, "eval_mae": 0.6936, "eval_runtime": 16.5505, "eval_samples_per_second": 302.105}