{"eval_loss": 1.394686222076416, "eval_accuracy": 0.4805999994277954, "eval_mae": 0.6744, "eval_runtime": 20.028, "eval_samples_per_second": 249.65}