{"eval_loss": 1.3917171955108643, "eval_accuracy": 0.47940000891685486, "eval_mae": 0.6752, "eval_runtime": 21.9939, "eval_samples_per_second": 227.335}