{"eval_loss": 0.9486941695213318, "eval_accuracy": 0.5906000137329102, "eval_mae": 0.4632, "eval_runtime": 17.2881, "eval_samples_per_second": 289.216}