{"eval_loss": 1.0816296339035034, "eval_accuracy": 0.5576000213623047, "eval_mae": 0.5644, "eval_runtime": 18.682, "eval_samples_per_second": 267.638}