{"eval_loss": 1.1471197605133057, "eval_accuracy": 0.5472000241279602, "eval_mae": 0.584, "eval_runtime": 16.814, "eval_samples_per_second": 297.372}