{"eval_loss": 1.0532227754592896, "eval_accuracy": 0.527999997138977, "eval_mae": 0.568, "eval_runtime": 16.3795, "eval_samples_per_second": 305.259}