{"eval_loss": 1.0202453136444092, "eval_accuracy": 0.5716000199317932, "eval_mae": 0.5054, "eval_runtime": 17.3704, "eval_samples_per_second": 287.846}