{"eval_loss": 1.1759059429168701, "eval_accuracy": 0.5040000081062317, "eval_mae": 0.591, "eval_runtime": 17.374, "eval_samples_per_second": 287.787}