{"eval_loss": 0.9508332014083862, "eval_accuracy": 0.620199978351593, "eval_mae": 0.429, "eval_runtime": 17.4808, "eval_samples_per_second": 286.029}