{"eval_loss": 1.0293948650360107, "eval_accuracy": 0.5436000227928162, "eval_mae": 0.5412, "eval_runtime": 17.3049, "eval_samples_per_second": 288.936}