{"eval_loss": 0.9538026452064514, "eval_accuracy": 0.6019999980926514, "eval_mae": 0.4614, "eval_runtime": 17.2618, "eval_samples_per_second": 289.657}