{"eval_loss": 1.2877466678619385, "eval_accuracy": 0.4668000042438507, "eval_mae": 0.6804, "eval_runtime": 27.3561, "eval_samples_per_second": 182.775}