{"eval_loss": 0.9358780980110168, "eval_accuracy": 0.6019999980926514, "eval_mae": 0.4546, "eval_runtime": 16.1254, "eval_samples_per_second": 310.07}