{"eval_loss": 0.9548890590667725, "eval_accuracy": 0.6000000238418579, "eval_mae": 0.4636, "eval_runtime": 17.3503, "eval_samples_per_second": 288.18}