{"eval_loss": 0.978875994682312, "eval_accuracy": 0.5820000171661377, "eval_mae": 0.488, "eval_runtime": 17.4365, "eval_samples_per_second": 286.754}