{"eval_loss": 1.0460807085037231, "eval_accuracy": 0.5627999901771545, "eval_mae": 0.5086, "eval_runtime": 18.072, "eval_samples_per_second": 276.671}