{"eval_loss": 1.0187710523605347, "eval_accuracy": 0.5812000036239624, "eval_mae": 0.4934, "eval_runtime": 27.3129, "eval_samples_per_second": 183.063}