{"eval_loss": 1.3659964799880981, "eval_accuracy": 0.45579999685287476, "eval_mae": 0.7314, "eval_runtime": 16.4431, "eval_samples_per_second": 304.079}