{"eval_loss": 0.947365403175354, "eval_accuracy": 0.5928000211715698, "eval_mae": 0.4702, "eval_runtime": 20.957, "eval_samples_per_second": 238.583}