{"eval_loss": 1.016633152961731, "eval_accuracy": 0.5640000104904175, "eval_mae": 0.5082, "eval_runtime": 17.008, "eval_samples_per_second": 293.979}