{"eval_loss": 1.005966067314148, "eval_accuracy": 0.5745999813079834, "eval_mae": 0.4972, "eval_runtime": 16.6427, "eval_samples_per_second": 300.431}