{"eval_loss": 1.074250340461731, "eval_accuracy": 0.5576000213623047, "eval_mae": 0.5304, "eval_runtime": 24.0395, "eval_samples_per_second": 207.991}