{"eval_loss": 0.9555225372314453, "eval_accuracy": 0.5996000170707703, "eval_mae": 0.4652, "eval_runtime": 17.369, "eval_samples_per_second": 287.869}