{"eval_loss": 0.9472411870956421, "eval_accuracy": 0.5947999954223633, "eval_mae": 0.4676, "eval_runtime": 18.544, "eval_samples_per_second": 269.629}