{"eval_loss": 1.0537693500518799, "eval_accuracy": 0.5264000296592712, "eval_mae": 0.5714, "eval_runtime": 16.295, "eval_samples_per_second": 306.842}