{"eval_loss": 0.8962154984474182, "eval_accuracy": 0.6331999897956848, "eval_mae": 0.4202, "eval_runtime": 20.245, "eval_samples_per_second": 246.974}