{"eval_loss": 0.8895437717437744, "eval_accuracy": 0.6363999843597412, "eval_mae": 0.4146, "eval_runtime": 19.3269, "eval_samples_per_second": 258.707}