{"eval_loss": 1.044918417930603, "eval_accuracy": 0.5619999766349792, "eval_mae": 0.5072, "eval_runtime": 18.657, "eval_samples_per_second": 267.996}