{"eval_loss": 1.0064480304718018, "eval_accuracy": 0.5917999744415283, "eval_mae": 0.4694, "eval_runtime": 16.9851, "eval_samples_per_second": 294.376}