{"eval_loss": 0.9551171064376831, "eval_accuracy": 0.599399983882904, "eval_mae": 0.4634, "eval_runtime": 17.2977, "eval_samples_per_second": 289.055}