{"eval_loss": 1.0187922716140747, "eval_accuracy": 0.5820000171661377, "eval_mae": 0.493, "eval_runtime": 18.4067, "eval_samples_per_second": 271.64}