{"eval_loss": 0.9491886496543884, "eval_accuracy": 0.607200026512146, "eval_mae": 0.449, "eval_runtime": 27.0478, "eval_samples_per_second": 184.858}