{"eval_loss": 1.0181905031204224, "eval_accuracy": 0.5807999968528748, "eval_mae": 0.494, "eval_runtime": 20.5612, "eval_samples_per_second": 243.176}