{"eval_loss": 1.0455565452575684, "eval_accuracy": 0.5609999895095825, "eval_mae": 0.508, "eval_runtime": 18.5869, "eval_samples_per_second": 269.007}