{"eval_loss": 1.0789209604263306, "eval_accuracy": 0.5591999888420105, "eval_mae": 0.53, "eval_runtime": 19.2079, "eval_samples_per_second": 260.31}