{"eval_loss": 1.0461177825927734, "eval_accuracy": 0.5609999895095825, "eval_mae": 0.5082, "eval_runtime": 18.5385, "eval_samples_per_second": 269.709}