{"eval_loss": 1.2312427759170532, "eval_accuracy": 0.49880000948905945, "eval_mae": 0.6046, "eval_runtime": 18.353, "eval_samples_per_second": 272.435}