{"eval_loss": 1.0158857107162476, "eval_accuracy": 0.5651999711990356, "eval_mae": 0.5066, "eval_runtime": 17.1334, "eval_samples_per_second": 291.827}