{"eval_loss": 1.0172721147537231, "eval_accuracy": 0.579200029373169, "eval_mae": 0.483, "eval_runtime": 17.6544, "eval_samples_per_second": 283.215}