{"eval_loss": 1.2262840270996094, "eval_accuracy": 0.4997999966144562, "eval_mae": 0.6028, "eval_runtime": 18.3634, "eval_samples_per_second": 272.281}