{"eval_loss": 1.0185778141021729, "eval_accuracy": 0.579200029373169, "eval_mae": 0.4954, "eval_runtime": 20.2029, "eval_samples_per_second": 247.489}