{"eval_loss": 0.9553447961807251, "eval_accuracy": 0.5982000231742859, "eval_mae": 0.465, "eval_runtime": 17.3033, "eval_samples_per_second": 288.962}