{"eval_loss": 0.9559875130653381, "eval_accuracy": 0.6001999974250793, "eval_mae": 0.4626, "eval_runtime": 17.2442, "eval_samples_per_second": 289.953}