{"eval_loss": 1.1757696866989136, "eval_accuracy": 0.503600001335144, "eval_mae": 0.593, "eval_runtime": 17.3489, "eval_samples_per_second": 288.203}