{"eval_loss": 1.0067517757415771, "eval_accuracy": 0.5917999744415283, "eval_mae": 0.4694, "eval_runtime": 17.2223, "eval_samples_per_second": 290.322}