{"eval_loss": 1.1583693027496338, "eval_accuracy": 0.49880000948905945, "eval_mae": 0.592, "eval_runtime": 17.4632, "eval_samples_per_second": 286.317}