{"eval_loss": 1.2278075218200684, "eval_accuracy": 0.5085999965667725, "eval_mae": 0.6182, "eval_runtime": 29.3556, "eval_samples_per_second": 170.325}