{"eval_loss": 0.948994517326355, "eval_accuracy": 0.5893999934196472, "eval_mae": 0.4644, "eval_runtime": 16.5877, "eval_samples_per_second": 301.429}