{"eval_loss": 1.0247255563735962, "eval_accuracy": 0.5568000078201294, "eval_mae": 0.5346, "eval_runtime": 17.2314, "eval_samples_per_second": 290.167}