{"eval_loss": 1.3434100151062012, "eval_accuracy": 0.4745999872684479, "eval_mae": 0.6942, "eval_runtime": 16.4199, "eval_samples_per_second": 304.509}