{"eval_loss": 1.346903681755066, "eval_accuracy": 0.4713999927043915, "eval_mae": 0.692, "eval_runtime": 16.5684, "eval_samples_per_second": 301.779}