{"eval_loss": 1.0636624097824097, "eval_accuracy": 0.5598000288009644, "eval_mae": 0.5288, "eval_runtime": 21.4792, "eval_samples_per_second": 232.783}