{"eval_loss": 1.0068892240524292, "eval_accuracy": 0.5929999947547913, "eval_mae": 0.4684, "eval_runtime": 17.2216, "eval_samples_per_second": 290.332}