{"eval_loss": 1.0117406845092773, "eval_accuracy": 0.579200029373169, "eval_mae": 0.483, "eval_runtime": 17.7467, "eval_samples_per_second": 281.742}