{"eval_loss": 1.1478341817855835, "eval_accuracy": 0.5490000247955322, "eval_mae": 0.5826, "eval_runtime": 17.4684, "eval_samples_per_second": 286.231}