{"eval_loss": 1.1423486471176147, "eval_accuracy": 0.5454000234603882, "eval_mae": 0.5824, "eval_runtime": 17.3238, "eval_samples_per_second": 288.621}