{"eval_loss": 0.9485177993774414, "eval_accuracy": 0.5896000266075134, "eval_mae": 0.4636, "eval_runtime": 16.5186, "eval_samples_per_second": 302.689}