{"eval_loss": 1.0186697244644165, "eval_accuracy": 0.58160001039505, "eval_mae": 0.4934, "eval_runtime": 19.6687, "eval_samples_per_second": 254.211}