{"eval_loss": 0.9498199224472046, "eval_accuracy": 0.6078000068664551, "eval_mae": 0.4492, "eval_runtime": 18.1982, "eval_samples_per_second": 274.752}