{"eval_loss": 1.2970280647277832, "eval_accuracy": 0.46799999475479126, "eval_mae": 0.6816, "eval_runtime": 33.2564, "eval_samples_per_second": 150.347}