{"eval_loss": 1.0145517587661743, "eval_accuracy": 0.5644000172615051, "eval_mae": 0.5078, "eval_runtime": 17.0266, "eval_samples_per_second": 293.658}