{"eval_loss": 0.9608827233314514, "eval_accuracy": 0.5917999744415283, "eval_mae": 0.4838, "eval_runtime": 17.4037, "eval_samples_per_second": 287.296}