{"eval_loss": 1.3350328207015991, "eval_accuracy": 0.4717999994754791, "eval_mae": 0.6854, "eval_runtime": 18.645, "eval_samples_per_second": 268.168}