{"eval_loss": 1.0786805152893066, "eval_accuracy": 0.5586000084877014, "eval_mae": 0.5306, "eval_runtime": 18.2405, "eval_samples_per_second": 274.116}