{"eval_loss": 1.023721694946289, "eval_accuracy": 0.5564000010490417, "eval_mae": 0.5316, "eval_runtime": 17.2764, "eval_samples_per_second": 289.412}