{"eval_loss": 0.8887175917625427, "eval_accuracy": 0.6366000175476074, "eval_mae": 0.414, "eval_runtime": 18.711, "eval_samples_per_second": 267.222}