{"eval_loss": 1.1777554750442505, "eval_accuracy": 0.5022000074386597, "eval_mae": 0.593, "eval_runtime": 17.2846, "eval_samples_per_second": 289.275}