{"eval_loss": 0.9515109658241272, "eval_accuracy": 0.6218000054359436, "eval_mae": 0.4274, "eval_runtime": 17.4301, "eval_samples_per_second": 286.86}