{"eval_loss": 1.2989453077316284, "eval_accuracy": 0.4668000042438507, "eval_mae": 0.6834, "eval_runtime": 35.2782, "eval_samples_per_second": 141.731}