{"eval_loss": 0.9598419666290283, "eval_accuracy": 0.5942000150680542, "eval_mae": 0.4818, "eval_runtime": 17.3584, "eval_samples_per_second": 288.046}