{"eval_loss": 1.348923683166504, "eval_accuracy": 0.47200000286102295, "eval_mae": 0.6898, "eval_runtime": 17.4797, "eval_samples_per_second": 286.045}