{"eval_loss": 0.9463741183280945, "eval_accuracy": 0.6051999926567078, "eval_mae": 0.4566, "eval_runtime": 17.4294, "eval_samples_per_second": 286.872}