{"eval_loss": 1.0186200141906738, "eval_accuracy": 0.5809999704360962, "eval_mae": 0.4938, "eval_runtime": 29.6449, "eval_samples_per_second": 168.663}