{"eval_loss": 1.0058048963546753, "eval_accuracy": 0.5756000280380249, "eval_mae": 0.4958, "eval_runtime": 16.3741, "eval_samples_per_second": 305.36}