{"eval_loss": 1.0792325735092163, "eval_accuracy": 0.5576000213623047, "eval_mae": 0.5326, "eval_runtime": 20.8639, "eval_samples_per_second": 239.649}