{"eval_loss": 1.2214593887329102, "eval_accuracy": 0.5081999897956848, "eval_mae": 0.618, "eval_runtime": 30.5045, "eval_samples_per_second": 163.91}