{"eval_loss": 1.005874514579773, "eval_accuracy": 0.593999981880188, "eval_mae": 0.4674, "eval_runtime": 17.1984, "eval_samples_per_second": 290.725}