{"eval_loss": 0.9358863234519958, "eval_accuracy": 0.6018000245094299, "eval_mae": 0.4548, "eval_runtime": 18.0667, "eval_samples_per_second": 276.752}