{"eval_loss": 0.9559797048568726, "eval_accuracy": 0.6003999710083008, "eval_mae": 0.4634, "eval_runtime": 17.3427, "eval_samples_per_second": 288.307}