{"eval_loss": 0.9483031034469604, "eval_accuracy": 0.5917999744415283, "eval_mae": 0.4702, "eval_runtime": 20.7712, "eval_samples_per_second": 240.718}