{"eval_loss": 1.0182499885559082, "eval_accuracy": 0.5799999833106995, "eval_mae": 0.4956, "eval_runtime": 22.2806, "eval_samples_per_second": 224.411}