{"eval_loss": 1.2246688604354858, "eval_accuracy": 0.4984000027179718, "eval_mae": 0.6042, "eval_runtime": 18.4534, "eval_samples_per_second": 270.952}