{"eval_loss": 0.9461652636528015, "eval_accuracy": 0.6057999730110168, "eval_mae": 0.4558, "eval_runtime": 17.2775, "eval_samples_per_second": 289.394}