{"eval_loss": 1.154327154159546, "eval_accuracy": 0.4991999864578247, "eval_mae": 0.589, "eval_runtime": 17.1947, "eval_samples_per_second": 290.788}