{"eval_loss": 1.154797077178955, "eval_accuracy": 0.5005999803543091, "eval_mae": 0.5902, "eval_runtime": 17.2009, "eval_samples_per_second": 290.682}