{"eval_loss": 1.062027931213379, "eval_accuracy": 0.5555999875068665, "eval_mae": 0.523, "eval_runtime": 18.3593, "eval_samples_per_second": 272.342}