{"eval_loss": 1.1787158250808716, "eval_accuracy": 0.5023999810218811, "eval_mae": 0.5932, "eval_runtime": 17.2977, "eval_samples_per_second": 289.056}