{"eval_loss": 1.0785282850265503, "eval_accuracy": 0.5583999752998352, "eval_mae": 0.531, "eval_runtime": 18.3719, "eval_samples_per_second": 272.155}