{"eval_loss": 1.155198335647583, "eval_accuracy": 0.4991999864578247, "eval_mae": 0.5914, "eval_runtime": 17.3428, "eval_samples_per_second": 288.305}