{"eval_loss": 1.3539425134658813, "eval_accuracy": 0.48260000348091125, "eval_mae": 0.6742, "eval_runtime": 20.9735, "eval_samples_per_second": 238.396}