{"eval_loss": 1.0214381217956543, "eval_accuracy": 0.5673999786376953, "eval_mae": 0.5142, "eval_runtime": 17.3102, "eval_samples_per_second": 288.848}