{"eval_loss": 0.9556093811988831, "eval_accuracy": 0.599399983882904, "eval_mae": 0.4632, "eval_runtime": 17.4122, "eval_samples_per_second": 287.156}