{"eval_loss": 1.3416701555252075, "eval_accuracy": 0.46860000491142273, "eval_mae": 0.6878, "eval_runtime": 18.6171, "eval_samples_per_second": 268.57}