{"eval_loss": 0.9468031525611877, "eval_accuracy": 0.6060000061988831, "eval_mae": 0.454, "eval_runtime": 16.4857, "eval_samples_per_second": 303.292}