{"eval_loss": 1.0633716583251953, "eval_accuracy": 0.5569999814033508, "eval_mae": 0.5228, "eval_runtime": 18.2987, "eval_samples_per_second": 273.243}