{"eval_loss": 0.9552396535873413, "eval_accuracy": 0.6014000177383423, "eval_mae": 0.4614, "eval_runtime": 16.3288, "eval_samples_per_second": 306.207}