{"eval_loss": 1.1484729051589966, "eval_accuracy": 0.5486000180244446, "eval_mae": 0.5822, "eval_runtime": 17.5426, "eval_samples_per_second": 285.021}