{"eval_loss": 1.3397753238677979, "eval_accuracy": 0.4681999981403351, "eval_mae": 0.6888, "eval_runtime": 25.9484, "eval_samples_per_second": 192.69}