{"eval_loss": 1.1478947401046753, "eval_accuracy": 0.5468000173568726, "eval_mae": 0.5834, "eval_runtime": 17.4371, "eval_samples_per_second": 286.745}