{"eval_loss": 0.987922728061676, "eval_accuracy": 0.5709999799728394, "eval_mae": 0.5046, "eval_runtime": 16.9691, "eval_samples_per_second": 294.654}