{"eval_loss": 1.3514820337295532, "eval_accuracy": 0.4828000068664551, "eval_mae": 0.671, "eval_runtime": 20.1073, "eval_samples_per_second": 248.666}