{"eval_loss": 1.2957508563995361, "eval_accuracy": 0.46779999136924744, "eval_mae": 0.6836, "eval_runtime": 19.2969, "eval_samples_per_second": 259.108}