{"eval_loss": 0.9505382776260376, "eval_accuracy": 0.621399998664856, "eval_mae": 0.4284, "eval_runtime": 17.4874, "eval_samples_per_second": 285.92}