{"eval_loss": 1.0144764184951782, "eval_accuracy": 0.5649999976158142, "eval_mae": 0.508, "eval_runtime": 16.8947, "eval_samples_per_second": 295.95}