{"eval_loss": 1.2301462888717651, "eval_accuracy": 0.5063999891281128, "eval_mae": 0.6206, "eval_runtime": 22.8865, "eval_samples_per_second": 218.469}