{"eval_loss": 0.9903777241706848, "eval_accuracy": 0.571399986743927, "eval_mae": 0.5064, "eval_runtime": 16.9245, "eval_samples_per_second": 295.429}