{"eval_loss": 1.3389949798583984, "eval_accuracy": 0.4675999879837036, "eval_mae": 0.6888, "eval_runtime": 26.4813, "eval_samples_per_second": 188.812}