{"eval_loss": 1.0174988508224487, "eval_accuracy": 0.5789999961853027, "eval_mae": 0.4828, "eval_runtime": 17.4205, "eval_samples_per_second": 287.018}