{"eval_loss": 1.0843032598495483, "eval_accuracy": 0.576200008392334, "eval_mae": 0.5072, "eval_runtime": 16.6564, "eval_samples_per_second": 300.185}