{"eval_loss": 1.0629675388336182, "eval_accuracy": 0.5577999949455261, "eval_mae": 0.5214, "eval_runtime": 18.3496, "eval_samples_per_second": 272.485}