{"eval_loss": 1.3541622161865234, "eval_accuracy": 0.48399999737739563, "eval_mae": 0.6702, "eval_runtime": 23.1712, "eval_samples_per_second": 215.785}