{"eval_loss": 1.0803492069244385, "eval_accuracy": 0.5558000206947327, "eval_mae": 0.5658, "eval_runtime": 30.6689, "eval_samples_per_second": 163.031}