{"eval_loss": 1.0153220891952515, "eval_accuracy": 0.5640000104904175, "eval_mae": 0.5098, "eval_runtime": 17.0122, "eval_samples_per_second": 293.907}