{"eval_loss": 1.0189274549484253, "eval_accuracy": 0.5795999765396118, "eval_mae": 0.4966, "eval_runtime": 24.4565, "eval_samples_per_second": 204.445}