{"eval_loss": 1.0065333843231201, "eval_accuracy": 0.5938000082969666, "eval_mae": 0.4678, "eval_runtime": 17.2831, "eval_samples_per_second": 289.299}