{"eval_loss": 0.9769539833068848, "eval_accuracy": 0.5825999975204468, "eval_mae": 0.4876, "eval_runtime": 17.389, "eval_samples_per_second": 287.538}