{"eval_loss": 0.9514809846878052, "eval_accuracy": 0.621399998664856, "eval_mae": 0.428, "eval_runtime": 17.3782, "eval_samples_per_second": 287.717}