{"eval_loss": 1.0248414278030396, "eval_accuracy": 0.5546000003814697, "eval_mae": 0.5362, "eval_runtime": 17.2392, "eval_samples_per_second": 290.037}