{"eval_loss": 1.0526671409606934, "eval_accuracy": 0.5278000235557556, "eval_mae": 0.5682, "eval_runtime": 16.2671, "eval_samples_per_second": 307.369}