{"eval_loss": 1.0787179470062256, "eval_accuracy": 0.5547999739646912, "eval_mae": 0.5354, "eval_runtime": 21.3737, "eval_samples_per_second": 233.932}