{"eval_loss": 0.9598321318626404, "eval_accuracy": 0.5932000279426575, "eval_mae": 0.4828, "eval_runtime": 17.2805, "eval_samples_per_second": 289.344}