{"eval_loss": 0.9911580085754395, "eval_accuracy": 0.5702000260353088, "eval_mae": 0.5074, "eval_runtime": 17.1064, "eval_samples_per_second": 292.289}