{"eval_loss": 1.1559947729110718, "eval_accuracy": 0.4984000027179718, "eval_mae": 0.5922, "eval_runtime": 16.6007, "eval_samples_per_second": 301.191}