{"eval_loss": 0.9904047846794128, "eval_accuracy": 0.5705999732017517, "eval_mae": 0.5068, "eval_runtime": 15.849, "eval_samples_per_second": 315.477}