{"eval_loss": 1.366654634475708, "eval_accuracy": 0.45500001311302185, "eval_mae": 0.7338, "eval_runtime": 17.2634, "eval_samples_per_second": 289.629}