{"eval_loss": 1.1776593923568726, "eval_accuracy": 0.5023999810218811, "eval_mae": 0.5916, "eval_runtime": 17.4753, "eval_samples_per_second": 286.118}