{"eval_loss": 1.0125879049301147, "eval_accuracy": 0.5812000036239624, "eval_mae": 0.4818, "eval_runtime": 16.8025, "eval_samples_per_second": 297.575}