{"eval_loss": 1.0248864889144897, "eval_accuracy": 0.5547999739646912, "eval_mae": 0.5366, "eval_runtime": 17.175, "eval_samples_per_second": 291.121}