{"eval_loss": 0.9609725475311279, "eval_accuracy": 0.5925999879837036, "eval_mae": 0.484, "eval_runtime": 17.37, "eval_samples_per_second": 287.853}