{"eval_loss": 0.954434871673584, "eval_accuracy": 0.5996000170707703, "eval_mae": 0.4646, "eval_runtime": 17.3211, "eval_samples_per_second": 288.665}