{"eval_loss": 1.0926272869110107, "eval_accuracy": 0.5422000288963318, "eval_mae": 0.5478, "eval_runtime": 30.4304, "eval_samples_per_second": 164.31}