{"eval_loss": 0.9788095951080322, "eval_accuracy": 0.5803999900817871, "eval_mae": 0.4892, "eval_runtime": 17.3603, "eval_samples_per_second": 288.014}