{"eval_loss": 1.3487129211425781, "eval_accuracy": 0.4733999967575073, "eval_mae": 0.6884, "eval_runtime": 16.7632, "eval_samples_per_second": 298.273}