{"eval_loss": 1.0056383609771729, "eval_accuracy": 0.5756000280380249, "eval_mae": 0.496, "eval_runtime": 17.2648, "eval_samples_per_second": 289.607}