{"eval_loss": 1.0152970552444458, "eval_accuracy": 0.5680000185966492, "eval_mae": 0.5034, "eval_runtime": 17.1243, "eval_samples_per_second": 291.983}