{"eval_loss": 1.177730679512024, "eval_accuracy": 0.5016000270843506, "eval_mae": 0.593, "eval_runtime": 16.7675, "eval_samples_per_second": 298.197}