{"eval_loss": 1.080370306968689, "eval_accuracy": 0.5559999942779541, "eval_mae": 0.5652, "eval_runtime": 23.6448, "eval_samples_per_second": 211.463}