{"eval_loss": 0.9579523205757141, "eval_accuracy": 0.5934000015258789, "eval_mae": 0.4818, "eval_runtime": 17.4119, "eval_samples_per_second": 287.16}