{"eval_loss": 1.085341215133667, "eval_accuracy": 0.5758000016212463, "eval_mae": 0.5102, "eval_runtime": 17.0453, "eval_samples_per_second": 293.335}