{"eval_loss": 1.053222417831421, "eval_accuracy": 0.5281999707221985, "eval_mae": 0.5688, "eval_runtime": 16.9845, "eval_samples_per_second": 294.386}