{"eval_loss": 1.14778470993042, "eval_accuracy": 0.5493999719619751, "eval_mae": 0.581, "eval_runtime": 17.4952, "eval_samples_per_second": 285.793}