{"eval_loss": 1.3536261320114136, "eval_accuracy": 0.483599990606308, "eval_mae": 0.6704, "eval_runtime": 18.4545, "eval_samples_per_second": 270.937}