{"eval_loss": 0.9551805853843689, "eval_accuracy": 0.600600004196167, "eval_mae": 0.4622, "eval_runtime": 17.3203, "eval_samples_per_second": 288.678}