{"eval_loss": 1.341505765914917, "eval_accuracy": 0.475600004196167, "eval_mae": 0.6932, "eval_runtime": 16.9972, "eval_samples_per_second": 294.167}