{"eval_loss": 1.0178650617599487, "eval_accuracy": 0.5685999989509583, "eval_mae": 0.5094, "eval_runtime": 17.3318, "eval_samples_per_second": 288.487}