{"eval_loss": 1.2284735441207886, "eval_accuracy": 0.5067999958992004, "eval_mae": 0.6206, "eval_runtime": 27.0326, "eval_samples_per_second": 184.962}