{"eval_loss": 1.0531611442565918, "eval_accuracy": 0.5271999835968018, "eval_mae": 0.5694, "eval_runtime": 16.9101, "eval_samples_per_second": 295.681}