{"eval_loss": 1.1475200653076172, "eval_accuracy": 0.5490000247955322, "eval_mae": 0.5818, "eval_runtime": 17.3693, "eval_samples_per_second": 287.864}