{"eval_loss": 1.0790996551513672, "eval_accuracy": 0.5598000288009644, "eval_mae": 0.5302, "eval_runtime": 28.1091, "eval_samples_per_second": 177.878}