{"eval_loss": 1.181388258934021, "eval_accuracy": 0.49900001287460327, "eval_mae": 0.5966, "eval_runtime": 16.6501, "eval_samples_per_second": 300.299}