{"eval_loss": 1.0783969163894653, "eval_accuracy": 0.5586000084877014, "eval_mae": 0.5304, "eval_runtime": 28.9594, "eval_samples_per_second": 172.656}