{"eval_loss": 1.004595398902893, "eval_accuracy": 0.5758000016212463, "eval_mae": 0.4956, "eval_runtime": 17.2321, "eval_samples_per_second": 290.156}