{"eval_loss": 0.9488316178321838, "eval_accuracy": 0.592199981212616, "eval_mae": 0.4614, "eval_runtime": 16.5057, "eval_samples_per_second": 302.926}