{"eval_loss": 1.079119086265564, "eval_accuracy": 0.5587999820709229, "eval_mae": 0.5306, "eval_runtime": 24.4161, "eval_samples_per_second": 204.783}