{"eval_loss": 1.364400863647461, "eval_accuracy": 0.4569999873638153, "eval_mae": 0.732, "eval_runtime": 17.4511, "eval_samples_per_second": 286.514}