{"eval_loss": 0.9361308813095093, "eval_accuracy": 0.6025999784469604, "eval_mae": 0.454, "eval_runtime": 16.9889, "eval_samples_per_second": 294.309}