{"eval_loss": 1.085651159286499, "eval_accuracy": 0.5478000044822693, "eval_mae": 0.5406, "eval_runtime": 18.9052, "eval_samples_per_second": 264.478}