{"eval_loss": 0.9604578018188477, "eval_accuracy": 0.5916000008583069, "eval_mae": 0.4838, "eval_runtime": 17.3822, "eval_samples_per_second": 287.65}