{"eval_loss": 0.9555203318595886, "eval_accuracy": 0.6007999777793884, "eval_mae": 0.4626, "eval_runtime": 16.6575, "eval_samples_per_second": 300.165}