{"eval_loss": 0.9362525343894958, "eval_accuracy": 0.6011999845504761, "eval_mae": 0.4558, "eval_runtime": 16.9898, "eval_samples_per_second": 294.295}