{"eval_loss": 1.0108439922332764, "eval_accuracy": 0.5812000036239624, "eval_mae": 0.4794, "eval_runtime": 17.3882, "eval_samples_per_second": 287.551}