{"eval_loss": 1.2966614961624146, "eval_accuracy": 0.4675999879837036, "eval_mae": 0.6816, "eval_runtime": 28.9873, "eval_samples_per_second": 172.489}