{"eval_loss": 0.9492884874343872, "eval_accuracy": 0.6051999926567078, "eval_mae": 0.4518, "eval_runtime": 18.5823, "eval_samples_per_second": 269.073}