{"eval_loss": 1.0184215307235718, "eval_accuracy": 0.5809999704360962, "eval_mae": 0.4938, "eval_runtime": 25.6074, "eval_samples_per_second": 195.256}