{"eval_loss": 1.0849223136901855, "eval_accuracy": 0.5758000016212463, "eval_mae": 0.51, "eval_runtime": 16.1077, "eval_samples_per_second": 310.41}