{"eval_loss": 0.9909963607788086, "eval_accuracy": 0.5720000267028809, "eval_mae": 0.507, "eval_runtime": 17.0353, "eval_samples_per_second": 293.508}