{"eval_loss": 1.016219139099121, "eval_accuracy": 0.5784000158309937, "eval_mae": 0.4838, "eval_runtime": 17.5805, "eval_samples_per_second": 284.407}