{"eval_loss": 1.0211180448532104, "eval_accuracy": 0.5699999928474426, "eval_mae": 0.5082, "eval_runtime": 16.7952, "eval_samples_per_second": 297.704}