{"eval_loss": 1.393317461013794, "eval_accuracy": 0.4796000123023987, "eval_mae": 0.6754, "eval_runtime": 18.239, "eval_samples_per_second": 274.137}