{"eval_loss": 0.9547483325004578, "eval_accuracy": 0.5985999703407288, "eval_mae": 0.4658, "eval_runtime": 16.8775, "eval_samples_per_second": 296.252}