{"eval_loss": 1.3442989587783813, "eval_accuracy": 0.483599990606308, "eval_mae": 0.6704, "eval_runtime": 18.4947, "eval_samples_per_second": 270.347}