{"eval_loss": 1.443971037864685, "eval_accuracy": 0.438400000333786, "eval_mae": 0.7312, "eval_runtime": 18.6473, "eval_samples_per_second": 268.135}