{"eval_loss": 1.0060043334960938, "eval_accuracy": 0.5914000272750854, "eval_mae": 0.4706, "eval_runtime": 17.1018, "eval_samples_per_second": 292.367}