{"eval_loss": 1.1480931043624878, "eval_accuracy": 0.5483999848365784, "eval_mae": 0.5824, "eval_runtime": 16.8098, "eval_samples_per_second": 297.446}