{"eval_loss": 1.0057121515274048, "eval_accuracy": 0.5759999752044678, "eval_mae": 0.495, "eval_runtime": 16.5457, "eval_samples_per_second": 302.194}