{"eval_loss": 1.0080561637878418, "eval_accuracy": 0.5741999745368958, "eval_mae": 0.4976, "eval_runtime": 16.5059, "eval_samples_per_second": 302.922}