{"eval_loss": 1.027942180633545, "eval_accuracy": 0.5443999767303467, "eval_mae": 0.5388, "eval_runtime": 16.8097, "eval_samples_per_second": 297.447}