{"eval_loss": 0.9520666003227234, "eval_accuracy": 0.6205999851226807, "eval_mae": 0.43, "eval_runtime": 16.8548, "eval_samples_per_second": 296.651}