{"eval_loss": 1.0793665647506714, "eval_accuracy": 0.5562000274658203, "eval_mae": 0.5332, "eval_runtime": 26.0287, "eval_samples_per_second": 192.096}