{"eval_loss": 0.9914272427558899, "eval_accuracy": 0.5685999989509583, "eval_mae": 0.5098, "eval_runtime": 16.9445, "eval_samples_per_second": 295.081}