{"eval_loss": 1.0632234811782837, "eval_accuracy": 0.5576000213623047, "eval_mae": 0.521, "eval_runtime": 18.4026, "eval_samples_per_second": 271.701}