{"eval_loss": 1.0293920040130615, "eval_accuracy": 0.5442000031471252, "eval_mae": 0.5406, "eval_runtime": 17.3222, "eval_samples_per_second": 288.647}