{"eval_loss": 1.3537631034851074, "eval_accuracy": 0.483599990606308, "eval_mae": 0.6704, "eval_runtime": 17.7317, "eval_samples_per_second": 281.981}