{"eval_loss": 1.0185773372650146, "eval_accuracy": 0.5812000036239624, "eval_mae": 0.4938, "eval_runtime": 24.5688, "eval_samples_per_second": 203.51}