{"eval_loss": 0.9504715800285339, "eval_accuracy": 0.6205999851226807, "eval_mae": 0.4286, "eval_runtime": 17.4722, "eval_samples_per_second": 286.17}