{"eval_loss": 1.1525896787643433, "eval_accuracy": 0.5493999719619751, "eval_mae": 0.582, "eval_runtime": 17.4113, "eval_samples_per_second": 287.169}