{"eval_loss": 1.402002215385437, "eval_accuracy": 0.4733999967575073, "eval_mae": 0.6798, "eval_runtime": 18.3776, "eval_samples_per_second": 272.071}