{"eval_loss": 1.0053989887237549, "eval_accuracy": 0.592199981212616, "eval_mae": 0.4694, "eval_runtime": 17.4152, "eval_samples_per_second": 287.105}