{"eval_loss": 1.3520121574401855, "eval_accuracy": 0.4832000136375427, "eval_mae": 0.6712, "eval_runtime": 17.7917, "eval_samples_per_second": 281.03}