{"eval_loss": 1.2963263988494873, "eval_accuracy": 0.4675999879837036, "eval_mae": 0.682, "eval_runtime": 22.6204, "eval_samples_per_second": 221.039}