{"eval_loss": 1.1626147031784058, "eval_accuracy": 0.5001999735832214, "eval_mae": 0.5896, "eval_runtime": 17.279, "eval_samples_per_second": 289.369}