{"eval_loss": 1.2970826625823975, "eval_accuracy": 0.4668000042438507, "eval_mae": 0.6828, "eval_runtime": 24.5274, "eval_samples_per_second": 203.853}