{"eval_loss": 1.239159107208252, "eval_accuracy": 0.49880000948905945, "eval_mae": 0.6458, "eval_runtime": 19.4248, "eval_samples_per_second": 257.402}