{"eval_loss": 1.0252262353897095, "eval_accuracy": 0.5546000003814697, "eval_mae": 0.5366, "eval_runtime": 16.6259, "eval_samples_per_second": 300.735}