{"eval_loss": 1.017301321029663, "eval_accuracy": 0.5788000226020813, "eval_mae": 0.4838, "eval_runtime": 16.5692, "eval_samples_per_second": 301.765}