{"eval_loss": 1.1548162698745728, "eval_accuracy": 0.5005999803543091, "eval_mae": 0.5892, "eval_runtime": 17.3567, "eval_samples_per_second": 288.073}