{"eval_loss": 0.9608991146087646, "eval_accuracy": 0.5925999879837036, "eval_mae": 0.484, "eval_runtime": 17.4037, "eval_samples_per_second": 287.296}