{"eval_loss": 1.0189257860183716, "eval_accuracy": 0.5813999772071838, "eval_mae": 0.4936, "eval_runtime": 23.5455, "eval_samples_per_second": 212.355}