{"eval_loss": 0.9539391398429871, "eval_accuracy": 0.5942000150680542, "eval_mae": 0.4682, "eval_runtime": 18.292, "eval_samples_per_second": 273.344}