{"eval_loss": 1.2385196685791016, "eval_accuracy": 0.4970000088214874, "eval_mae": 0.6476, "eval_runtime": 24.6208, "eval_samples_per_second": 203.08}