{"eval_loss": 1.0176132917404175, "eval_accuracy": 0.5795999765396118, "eval_mae": 0.4826, "eval_runtime": 17.4646, "eval_samples_per_second": 286.293}