{"eval_loss": 0.9463487267494202, "eval_accuracy": 0.605400025844574, "eval_mae": 0.4562, "eval_runtime": 16.6802, "eval_samples_per_second": 299.756}