{"eval_loss": 1.0056087970733643, "eval_accuracy": 0.5758000016212463, "eval_mae": 0.4952, "eval_runtime": 16.5254, "eval_samples_per_second": 302.564}