{"eval_loss": 1.1549437046051025, "eval_accuracy": 0.49959999322891235, "eval_mae": 0.5906, "eval_runtime": 17.4057, "eval_samples_per_second": 287.262}