{"eval_loss": 0.9608044624328613, "eval_accuracy": 0.5932000279426575, "eval_mae": 0.4826, "eval_runtime": 17.4011, "eval_samples_per_second": 287.338}