{"eval_loss": 1.2409220933914185, "eval_accuracy": 0.49619999527931213, "eval_mae": 0.6468, "eval_runtime": 19.0451, "eval_samples_per_second": 262.534}