{"eval_loss": 1.2383513450622559, "eval_accuracy": 0.4966000020503998, "eval_mae": 0.648, "eval_runtime": 18.1731, "eval_samples_per_second": 275.132}