{"eval_loss": 1.0785084962844849, "eval_accuracy": 0.5586000084877014, "eval_mae": 0.5306, "eval_runtime": 26.4331, "eval_samples_per_second": 189.157}