{"eval_loss": 1.3500386476516724, "eval_accuracy": 0.4846000075340271, "eval_mae": 0.6696, "eval_runtime": 17.874, "eval_samples_per_second": 279.736}