{"eval_loss": 1.0507862567901611, "eval_accuracy": 0.527999997138977, "eval_mae": 0.5676, "eval_runtime": 16.8713, "eval_samples_per_second": 296.362}