{"eval_loss": 0.9358975291252136, "eval_accuracy": 0.6018000245094299, "eval_mae": 0.454, "eval_runtime": 17.0185, "eval_samples_per_second": 293.798}