{"eval_loss": 1.0211331844329834, "eval_accuracy": 0.5702000260353088, "eval_mae": 0.5078, "eval_runtime": 17.2621, "eval_samples_per_second": 289.652}