{"eval_loss": 1.2410675287246704, "eval_accuracy": 0.49900001287460327, "eval_mae": 0.5964, "eval_runtime": 18.5913, "eval_samples_per_second": 268.943}