{"eval_loss": 0.9488849639892578, "eval_accuracy": 0.5893999934196472, "eval_mae": 0.4646, "eval_runtime": 16.7138, "eval_samples_per_second": 299.154}