{"eval_loss": 1.053652048110962, "eval_accuracy": 0.5252000093460083, "eval_mae": 0.5716, "eval_runtime": 16.8753, "eval_samples_per_second": 296.291}