{"eval_loss": 0.947810173034668, "eval_accuracy": 0.5920000076293945, "eval_mae": 0.4708, "eval_runtime": 27.3872, "eval_samples_per_second": 182.567}