{"eval_loss": 1.0311428308486938, "eval_accuracy": 0.5455999970436096, "eval_mae": 0.5394, "eval_runtime": 16.8172, "eval_samples_per_second": 297.315}