{"eval_loss": 1.0209280252456665, "eval_accuracy": 0.5699999928474426, "eval_mae": 0.5078, "eval_runtime": 16.4838, "eval_samples_per_second": 303.329}