{"eval_loss": 0.9771696329116821, "eval_accuracy": 0.5830000042915344, "eval_mae": 0.4866, "eval_runtime": 17.2782, "eval_samples_per_second": 289.381}