{"eval_loss": 1.044497013092041, "eval_accuracy": 0.5623999834060669, "eval_mae": 0.5068, "eval_runtime": 18.0636, "eval_samples_per_second": 276.8}