{"eval_loss": 1.0455070734024048, "eval_accuracy": 0.5623999834060669, "eval_mae": 0.5068, "eval_runtime": 18.3311, "eval_samples_per_second": 272.761}