{"eval_loss": 0.9492232203483582, "eval_accuracy": 0.6068000197410583, "eval_mae": 0.4494, "eval_runtime": 18.354, "eval_samples_per_second": 272.421}