{"eval_loss": 1.0174065828323364, "eval_accuracy": 0.5781999826431274, "eval_mae": 0.4844, "eval_runtime": 17.5702, "eval_samples_per_second": 284.572}