{"eval_loss": 1.005263328552246, "eval_accuracy": 0.5748000144958496, "eval_mae": 0.4968, "eval_runtime": 16.8148, "eval_samples_per_second": 297.356}