{"eval_loss": 1.0246028900146484, "eval_accuracy": 0.5564000010490417, "eval_mae": 0.535, "eval_runtime": 17.2803, "eval_samples_per_second": 289.347}