{"eval_loss": 1.1478041410446167, "eval_accuracy": 0.546999990940094, "eval_mae": 0.5848, "eval_runtime": 17.4373, "eval_samples_per_second": 286.741}