{"eval_loss": 1.0237873792648315, "eval_accuracy": 0.5562000274658203, "eval_mae": 0.5348, "eval_runtime": 17.3083, "eval_samples_per_second": 288.879}