{"eval_loss": 0.9462220668792725, "eval_accuracy": 0.5934000015258789, "eval_mae": 0.4692, "eval_runtime": 22.6869, "eval_samples_per_second": 220.391}