{"eval_loss": 1.0460385084152222, "eval_accuracy": 0.555400013923645, "eval_mae": 0.522, "eval_runtime": 18.8553, "eval_samples_per_second": 265.177}