{"eval_loss": 0.9499669075012207, "eval_accuracy": 0.6068000197410583, "eval_mae": 0.4496, "eval_runtime": 20.5485, "eval_samples_per_second": 243.327}