{"eval_loss": 1.0530446767807007, "eval_accuracy": 0.5278000235557556, "eval_mae": 0.5688, "eval_runtime": 16.9082, "eval_samples_per_second": 295.714}