{"eval_loss": 0.8895300030708313, "eval_accuracy": 0.6362000107765198, "eval_mae": 0.4148, "eval_runtime": 22.6648, "eval_samples_per_second": 220.607}