{"eval_loss": 1.2279688119888306, "eval_accuracy": 0.5005999803543091, "eval_mae": 0.6014, "eval_runtime": 18.372, "eval_samples_per_second": 272.153}