{"eval_loss": 1.0177823305130005, "eval_accuracy": 0.5803999900817871, "eval_mae": 0.482, "eval_runtime": 17.6919, "eval_samples_per_second": 282.616}