{"eval_loss": 1.0064202547073364, "eval_accuracy": 0.5934000015258789, "eval_mae": 0.4688, "eval_runtime": 17.2685, "eval_samples_per_second": 289.544}