{"eval_loss": 1.2255338430404663, "eval_accuracy": 0.4984000027179718, "eval_mae": 0.6034, "eval_runtime": 18.0446, "eval_samples_per_second": 277.091}