{"eval_loss": 0.9503230452537537, "eval_accuracy": 0.6195999979972839, "eval_mae": 0.4296, "eval_runtime": 17.5278, "eval_samples_per_second": 285.26}