{"eval_loss": 0.961078405380249, "eval_accuracy": 0.5943999886512756, "eval_mae": 0.4816, "eval_runtime": 16.3215, "eval_samples_per_second": 306.345}