{"eval_loss": 1.0142298936843872, "eval_accuracy": 0.5644000172615051, "eval_mae": 0.5076, "eval_runtime": 16.334, "eval_samples_per_second": 306.109}