{"eval_loss": 0.9505249857902527, "eval_accuracy": 0.6195999979972839, "eval_mae": 0.4302, "eval_runtime": 17.5145, "eval_samples_per_second": 285.479}