{"eval_loss": 1.078989863395691, "eval_accuracy": 0.5565999746322632, "eval_mae": 0.5648, "eval_runtime": 18.4878, "eval_samples_per_second": 270.448}