{"eval_loss": 1.0204102993011475, "eval_accuracy": 0.5698000192642212, "eval_mae": 0.5076, "eval_runtime": 17.2965, "eval_samples_per_second": 289.077}