{"eval_loss": 0.9479226469993591, "eval_accuracy": 0.5925999879837036, "eval_mae": 0.4704, "eval_runtime": 19.3453, "eval_samples_per_second": 258.461}