{"eval_loss": 1.4431735277175903, "eval_accuracy": 0.44020000100135803, "eval_mae": 0.7298, "eval_runtime": 19.3002, "eval_samples_per_second": 259.065}