{"eval_loss": 1.2280066013336182, "eval_accuracy": 0.49900001287460327, "eval_mae": 0.604, "eval_runtime": 18.4721, "eval_samples_per_second": 270.678}