{"eval_loss": 0.9495967030525208, "eval_accuracy": 0.620199978351593, "eval_mae": 0.4286, "eval_runtime": 17.3599, "eval_samples_per_second": 288.019}