{"eval_loss": 1.1561894416809082, "eval_accuracy": 0.5005999803543091, "eval_mae": 0.5898, "eval_runtime": 17.2578, "eval_samples_per_second": 289.724}