{"eval_loss": 1.015213966369629, "eval_accuracy": 0.5655999779701233, "eval_mae": 0.507, "eval_runtime": 17.0252, "eval_samples_per_second": 293.682}