{"eval_loss": 0.978639543056488, "eval_accuracy": 0.5807999968528748, "eval_mae": 0.489, "eval_runtime": 17.321, "eval_samples_per_second": 288.667}