{"eval_loss": 0.9488597512245178, "eval_accuracy": 0.590399980545044, "eval_mae": 0.4628, "eval_runtime": 17.3057, "eval_samples_per_second": 288.922}