{"eval_loss": 0.9509080052375793, "eval_accuracy": 0.6212000250816345, "eval_mae": 0.4276, "eval_runtime": 17.4027, "eval_samples_per_second": 287.311}