{"eval_loss": 0.9505200982093811, "eval_accuracy": 0.5893999934196472, "eval_mae": 0.4642, "eval_runtime": 17.3246, "eval_samples_per_second": 288.608}