{"eval_loss": 1.2966591119766235, "eval_accuracy": 0.46799999475479126, "eval_mae": 0.6814, "eval_runtime": 29.5356, "eval_samples_per_second": 169.287}