{"eval_loss": 1.3485300540924072, "eval_accuracy": 0.4729999899864197, "eval_mae": 0.6884, "eval_runtime": 16.7796, "eval_samples_per_second": 297.981}