{"eval_loss": 1.078749656677246, "eval_accuracy": 0.5582000017166138, "eval_mae": 0.5312, "eval_runtime": 35.1297, "eval_samples_per_second": 142.33}