{"eval_loss": 1.0227088928222656, "eval_accuracy": 0.5558000206947327, "eval_mae": 0.5336, "eval_runtime": 17.2912, "eval_samples_per_second": 289.164}