{"eval_loss": 1.3391529321670532, "eval_accuracy": 0.4684000015258789, "eval_mae": 0.6884, "eval_runtime": 27.9443, "eval_samples_per_second": 178.927}