{"eval_loss": 1.237434983253479, "eval_accuracy": 0.49720001220703125, "eval_mae": 0.647, "eval_runtime": 17.8103, "eval_samples_per_second": 280.736}