{"eval_loss": 1.3423588275909424, "eval_accuracy": 0.4742000102996826, "eval_mae": 0.6942, "eval_runtime": 16.9117, "eval_samples_per_second": 295.653}