{"eval_loss": 0.9569214582443237, "eval_accuracy": 0.5996000170707703, "eval_mae": 0.4628, "eval_runtime": 17.2588, "eval_samples_per_second": 289.707}