{"eval_loss": 1.0210152864456177, "eval_accuracy": 0.5705999732017517, "eval_mae": 0.5074, "eval_runtime": 17.3936, "eval_samples_per_second": 287.461}