{"eval_loss": 1.006466269493103, "eval_accuracy": 0.5925999879837036, "eval_mae": 0.469, "eval_runtime": 17.2939, "eval_samples_per_second": 289.119}