{"eval_loss": 1.4425783157348633, "eval_accuracy": 0.43959999084472656, "eval_mae": 0.7294, "eval_runtime": 34.7249, "eval_samples_per_second": 143.989}