{"eval_loss": 1.0184452533721924, "eval_accuracy": 0.5806000232696533, "eval_mae": 0.4944, "eval_runtime": 29.2199, "eval_samples_per_second": 171.116}