{"eval_loss": 1.0625288486480713, "eval_accuracy": 0.5568000078201294, "eval_mae": 0.5216, "eval_runtime": 18.3781, "eval_samples_per_second": 272.064}