{"eval_loss": 1.0148539543151855, "eval_accuracy": 0.5640000104904175, "eval_mae": 0.509, "eval_runtime": 16.3188, "eval_samples_per_second": 306.395}