{"eval_loss": 1.0302666425704956, "eval_accuracy": 0.5450000166893005, "eval_mae": 0.5398, "eval_runtime": 18.3143, "eval_samples_per_second": 273.011}