{"eval_loss": 1.0532888174057007, "eval_accuracy": 0.5264000296592712, "eval_mae": 0.5714, "eval_runtime": 16.3201, "eval_samples_per_second": 306.371}