{"eval_loss": 0.9459056854248047, "eval_accuracy": 0.6061999797821045, "eval_mae": 0.4552, "eval_runtime": 17.2479, "eval_samples_per_second": 289.89}