{"eval_loss": 1.3653004169464111, "eval_accuracy": 0.45879998803138733, "eval_mae": 0.7306, "eval_runtime": 16.8118, "eval_samples_per_second": 297.41}