{"eval_loss": 1.0535885095596313, "eval_accuracy": 0.5285999774932861, "eval_mae": 0.5688, "eval_runtime": 16.3282, "eval_samples_per_second": 306.22}