{"eval_loss": 1.0218487977981567, "eval_accuracy": 0.5691999793052673, "eval_mae": 0.5084, "eval_runtime": 17.3533, "eval_samples_per_second": 288.13}