{"eval_loss": 1.444076418876648, "eval_accuracy": 0.4381999969482422, "eval_mae": 0.7298, "eval_runtime": 19.5667, "eval_samples_per_second": 255.537}