{"eval_loss": 1.046136736869812, "eval_accuracy": 0.5605999827384949, "eval_mae": 0.5092, "eval_runtime": 18.3897, "eval_samples_per_second": 271.892}