{"eval_loss": 1.054388403892517, "eval_accuracy": 0.5281999707221985, "eval_mae": 0.5688, "eval_runtime": 16.0033, "eval_samples_per_second": 312.436}