{"eval_loss": 0.9553340673446655, "eval_accuracy": 0.599399983882904, "eval_mae": 0.4638, "eval_runtime": 17.28, "eval_samples_per_second": 289.352}