{"eval_loss": 1.0526729822158813, "eval_accuracy": 0.5289999842643738, "eval_mae": 0.5686, "eval_runtime": 16.3394, "eval_samples_per_second": 306.009}