{"eval_loss": 1.344662070274353, "eval_accuracy": 0.47200000286102295, "eval_mae": 0.6874, "eval_runtime": 16.6729, "eval_samples_per_second": 299.888}