{"eval_loss": 0.9456570148468018, "eval_accuracy": 0.6047999858856201, "eval_mae": 0.4572, "eval_runtime": 17.4583, "eval_samples_per_second": 286.397}