{"eval_loss": 0.9785963892936707, "eval_accuracy": 0.5824000239372253, "eval_mae": 0.4878, "eval_runtime": 17.4755, "eval_samples_per_second": 286.115}