{"eval_loss": 1.2284464836120605, "eval_accuracy": 0.5059999823570251, "eval_mae": 0.6214, "eval_runtime": 20.0368, "eval_samples_per_second": 249.541}