{"eval_loss": 1.2386630773544312, "eval_accuracy": 0.5023999810218811, "eval_mae": 0.5942, "eval_runtime": 18.5477, "eval_samples_per_second": 269.575}