{"eval_loss": 0.9487173557281494, "eval_accuracy": 0.5906000137329102, "eval_mae": 0.4628, "eval_runtime": 17.1332, "eval_samples_per_second": 291.831}