{"eval_loss": 1.0199424028396606, "eval_accuracy": 0.5794000029563904, "eval_mae": 0.497, "eval_runtime": 29.5642, "eval_samples_per_second": 169.123}