{"eval_loss": 1.0849817991256714, "eval_accuracy": 0.5753999948501587, "eval_mae": 0.51, "eval_runtime": 16.9419, "eval_samples_per_second": 295.126}