{"eval_loss": 0.9357402324676514, "eval_accuracy": 0.6015999913215637, "eval_mae": 0.4546, "eval_runtime": 17.0055, "eval_samples_per_second": 294.022}