{"eval_loss": 1.0059994459152222, "eval_accuracy": 0.5924000144004822, "eval_mae": 0.4682, "eval_runtime": 17.2673, "eval_samples_per_second": 289.564}