{"eval_loss": 1.0855158567428589, "eval_accuracy": 0.5753999948501587, "eval_mae": 0.5094, "eval_runtime": 17.0658, "eval_samples_per_second": 292.984}