{"eval_loss": 1.0065689086914062, "eval_accuracy": 0.5943999886512756, "eval_mae": 0.467, "eval_runtime": 17.3999, "eval_samples_per_second": 287.357}