{"eval_loss": 1.2289272546768188, "eval_accuracy": 0.5070000290870667, "eval_mae": 0.6202, "eval_runtime": 29.5167, "eval_samples_per_second": 169.395}