{"eval_loss": 1.0188000202178955, "eval_accuracy": 0.5813999772071838, "eval_mae": 0.4934, "eval_runtime": 18.7694, "eval_samples_per_second": 266.391}