{"eval_loss": 1.0116913318634033, "eval_accuracy": 0.5788000226020813, "eval_mae": 0.4838, "eval_runtime": 16.8306, "eval_samples_per_second": 297.079}