{"eval_loss": 1.010728120803833, "eval_accuracy": 0.5817999839782715, "eval_mae": 0.48, "eval_runtime": 16.5752, "eval_samples_per_second": 301.655}