{"eval_loss": 1.080316424369812, "eval_accuracy": 0.5555999875068665, "eval_mae": 0.5656, "eval_runtime": 22.782, "eval_samples_per_second": 219.472}