{"eval_loss": 1.4435126781463623, "eval_accuracy": 0.43959999084472656, "eval_mae": 0.7286, "eval_runtime": 31.7708, "eval_samples_per_second": 157.377}