{"eval_loss": 1.2388150691986084, "eval_accuracy": 0.4973999857902527, "eval_mae": 0.6444, "eval_runtime": 24.3206, "eval_samples_per_second": 205.587}