{"eval_loss": 1.3825773000717163, "eval_accuracy": 0.45559999346733093, "eval_mae": 0.736, "eval_runtime": 16.7664, "eval_samples_per_second": 298.216}