{"eval_loss": 1.1755812168121338, "eval_accuracy": 0.5034000277519226, "eval_mae": 0.5918, "eval_runtime": 17.3373, "eval_samples_per_second": 288.396}