{"eval_loss": 0.9565136432647705, "eval_accuracy": 0.5997999906539917, "eval_mae": 0.463, "eval_runtime": 17.3185, "eval_samples_per_second": 288.708}