{"eval_loss": 0.9614140391349792, "eval_accuracy": 0.593999981880188, "eval_mae": 0.482, "eval_runtime": 16.6973, "eval_samples_per_second": 299.449}