{"eval_loss": 0.8895139694213867, "eval_accuracy": 0.6362000107765198, "eval_mae": 0.4148, "eval_runtime": 25.0966, "eval_samples_per_second": 199.23}