{"eval_loss": 1.0060970783233643, "eval_accuracy": 0.5785999894142151, "eval_mae": 0.493, "eval_runtime": 16.2232, "eval_samples_per_second": 308.201}