{"eval_loss": 1.0537712574005127, "eval_accuracy": 0.5271999835968018, "eval_mae": 0.5698, "eval_runtime": 16.1179, "eval_samples_per_second": 310.215}