{"eval_loss": 1.3931714296340942, "eval_accuracy": 0.48019999265670776, "eval_mae": 0.676, "eval_runtime": 23.8475, "eval_samples_per_second": 209.666}