{"eval_loss": 0.8899601697921753, "eval_accuracy": 0.6363999843597412, "eval_mae": 0.414, "eval_runtime": 24.0999, "eval_samples_per_second": 207.469}