{"eval_loss": 1.3429152965545654, "eval_accuracy": 0.4749999940395355, "eval_mae": 0.6938, "eval_runtime": 16.8903, "eval_samples_per_second": 296.028}