{"eval_loss": 1.061511754989624, "eval_accuracy": 0.5565999746322632, "eval_mae": 0.522, "eval_runtime": 18.3436, "eval_samples_per_second": 272.574}