{"eval_loss": 1.0784345865249634, "eval_accuracy": 0.5587999820709229, "eval_mae": 0.5304, "eval_runtime": 23.639, "eval_samples_per_second": 211.515}