{"eval_loss": 1.084954857826233, "eval_accuracy": 0.5738000273704529, "eval_mae": 0.5126, "eval_runtime": 16.1367, "eval_samples_per_second": 309.853}