{"eval_loss": 1.014592170715332, "eval_accuracy": 0.5663999915122986, "eval_mae": 0.5052, "eval_runtime": 16.6017, "eval_samples_per_second": 301.174}