{"eval_loss": 1.085262417793274, "eval_accuracy": 0.5745999813079834, "eval_mae": 0.5102, "eval_runtime": 17.0422, "eval_samples_per_second": 293.39}