{"eval_loss": 1.018802285194397, "eval_accuracy": 0.5812000036239624, "eval_mae": 0.4936, "eval_runtime": 26.8038, "eval_samples_per_second": 186.541}