{"eval_loss": 0.945778489112854, "eval_accuracy": 0.6046000123023987, "eval_mae": 0.4574, "eval_runtime": 17.214, "eval_samples_per_second": 290.462}