{"eval_loss": 1.0895285606384277, "eval_accuracy": 0.5464000105857849, "eval_mae": 0.5424, "eval_runtime": 24.509, "eval_samples_per_second": 204.007}