{"eval_loss": 1.044173002243042, "eval_accuracy": 0.5630000233650208, "eval_mae": 0.5066, "eval_runtime": 18.5314, "eval_samples_per_second": 269.812}