{"eval_loss": 0.9357385039329529, "eval_accuracy": 0.6015999913215637, "eval_mae": 0.454, "eval_runtime": 17.1779, "eval_samples_per_second": 291.072}