{"eval_loss": 0.9862853288650513, "eval_accuracy": 0.5723999738693237, "eval_mae": 0.5026, "eval_runtime": 16.9785, "eval_samples_per_second": 294.489}