{"eval_loss": 1.3388928174972534, "eval_accuracy": 0.4681999981403351, "eval_mae": 0.6884, "eval_runtime": 21.6972, "eval_samples_per_second": 230.445}