{"eval_loss": 0.9487718939781189, "eval_accuracy": 0.5899999737739563, "eval_mae": 0.4632, "eval_runtime": 17.236, "eval_samples_per_second": 290.091}