{"eval_loss": 1.0310982465744019, "eval_accuracy": 0.5442000031471252, "eval_mae": 0.5398, "eval_runtime": 16.7893, "eval_samples_per_second": 297.808}