{"eval_loss": 1.0123533010482788, "eval_accuracy": 0.5794000029563904, "eval_mae": 0.4826, "eval_runtime": 17.4274, "eval_samples_per_second": 286.904}