{"eval_loss": 0.889393150806427, "eval_accuracy": 0.6367999911308289, "eval_mae": 0.414, "eval_runtime": 20.5742, "eval_samples_per_second": 243.023}