{"eval_loss": 1.1505742073059082, "eval_accuracy": 0.5037999749183655, "eval_mae": 0.5876, "eval_runtime": 17.1983, "eval_samples_per_second": 290.726}