{"eval_loss": 1.1733043193817139, "eval_accuracy": 0.5027999877929688, "eval_mae": 0.5924, "eval_runtime": 17.4608, "eval_samples_per_second": 286.356}