{"eval_loss": 1.395005702972412, "eval_accuracy": 0.47780001163482666, "eval_mae": 0.6796, "eval_runtime": 26.3174, "eval_samples_per_second": 189.989}