{"eval_loss": 1.0103670358657837, "eval_accuracy": 0.5803999900817871, "eval_mae": 0.4804, "eval_runtime": 17.4887, "eval_samples_per_second": 285.899}