{"eval_loss": 1.4509929418563843, "eval_accuracy": 0.438400000333786, "eval_mae": 0.7326, "eval_runtime": 18.8309, "eval_samples_per_second": 265.522}