{"eval_loss": 1.0847700834274292, "eval_accuracy": 0.5748000144958496, "eval_mae": 0.5104, "eval_runtime": 17.1036, "eval_samples_per_second": 292.337}