{"eval_loss": 0.9487916231155396, "eval_accuracy": 0.5916000008583069, "eval_mae": 0.4628, "eval_runtime": 16.1908, "eval_samples_per_second": 308.818}