{"eval_loss": 1.0056806802749634, "eval_accuracy": 0.5767999887466431, "eval_mae": 0.495, "eval_runtime": 17.4468, "eval_samples_per_second": 286.585}