{"eval_loss": 1.2421051263809204, "eval_accuracy": 0.5001999735832214, "eval_mae": 0.5954, "eval_runtime": 18.956, "eval_samples_per_second": 263.769}