{"eval_loss": 1.0211695432662964, "eval_accuracy": 0.569599986076355, "eval_mae": 0.5092, "eval_runtime": 16.5303, "eval_samples_per_second": 302.475}