{"eval_loss": 1.0536420345306396, "eval_accuracy": 0.5264000296592712, "eval_mae": 0.571, "eval_runtime": 16.9443, "eval_samples_per_second": 295.085}