{"eval_loss": 1.2385306358337402, "eval_accuracy": 0.4966000020503998, "eval_mae": 0.648, "eval_runtime": 18.1402, "eval_samples_per_second": 275.63}