{"eval_loss": 1.3519515991210938, "eval_accuracy": 0.4821999967098236, "eval_mae": 0.6722, "eval_runtime": 18.0501, "eval_samples_per_second": 277.007}