{"eval_loss": 1.3919447660446167, "eval_accuracy": 0.4814000129699707, "eval_mae": 0.6736, "eval_runtime": 19.3226, "eval_samples_per_second": 258.764}