{"eval_loss": 0.9355820417404175, "eval_accuracy": 0.6010000109672546, "eval_mae": 0.4552, "eval_runtime": 17.2946, "eval_samples_per_second": 289.108}