{"eval_loss": 1.4427838325500488, "eval_accuracy": 0.43959999084472656, "eval_mae": 0.7294, "eval_runtime": 26.2135, "eval_samples_per_second": 190.741}