{"eval_loss": 1.3388683795928955, "eval_accuracy": 0.46860000491142273, "eval_mae": 0.6892, "eval_runtime": 19.0147, "eval_samples_per_second": 262.954}