{"eval_loss": 1.015276551246643, "eval_accuracy": 0.5658000111579895, "eval_mae": 0.5086, "eval_runtime": 16.9845, "eval_samples_per_second": 294.387}