{"eval_loss": 0.979093074798584, "eval_accuracy": 0.5817999839782715, "eval_mae": 0.4884, "eval_runtime": 17.334, "eval_samples_per_second": 288.451}