{"eval_loss": 1.2409766912460327, "eval_accuracy": 0.503600001335144, "eval_mae": 0.5906, "eval_runtime": 18.025, "eval_samples_per_second": 277.392}