{"eval_loss": 0.9453349709510803, "eval_accuracy": 0.6050000190734863, "eval_mae": 0.4574, "eval_runtime": 17.2438, "eval_samples_per_second": 289.96}