{"eval_loss": 1.0056990385055542, "eval_accuracy": 0.5756000280380249, "eval_mae": 0.4954, "eval_runtime": 16.6262, "eval_samples_per_second": 300.731}