{"eval_loss": 1.0299007892608643, "eval_accuracy": 0.5464000105857849, "eval_mae": 0.5384, "eval_runtime": 16.7411, "eval_samples_per_second": 298.666}