{"eval_loss": 0.9595839977264404, "eval_accuracy": 0.5934000015258789, "eval_mae": 0.4826, "eval_runtime": 17.3038, "eval_samples_per_second": 288.955}