{"eval_loss": 0.9478683471679688, "eval_accuracy": 0.5917999744415283, "eval_mae": 0.471, "eval_runtime": 18.7369, "eval_samples_per_second": 266.853}