{"eval_loss": 0.9806506037712097, "eval_accuracy": 0.5821999907493591, "eval_mae": 0.488, "eval_runtime": 17.3653, "eval_samples_per_second": 287.931}