{"eval_loss": 1.0543084144592285, "eval_accuracy": 0.5249999761581421, "eval_mae": 0.5726, "eval_runtime": 16.286, "eval_samples_per_second": 307.013}