{"eval_loss": 0.9357668161392212, "eval_accuracy": 0.6010000109672546, "eval_mae": 0.4536, "eval_runtime": 17.1211, "eval_samples_per_second": 292.037}