{"eval_loss": 1.0784916877746582, "eval_accuracy": 0.5587999820709229, "eval_mae": 0.531, "eval_runtime": 29.0141, "eval_samples_per_second": 172.33}