{"eval_loss": 1.22788667678833, "eval_accuracy": 0.5072000026702881, "eval_mae": 0.6204, "eval_runtime": 19.9418, "eval_samples_per_second": 250.729}