{"eval_loss": 1.0885437726974487, "eval_accuracy": 0.571399986743927, "eval_mae": 0.5132, "eval_runtime": 16.3941, "eval_samples_per_second": 304.988}