{"eval_loss": 0.9356164336204529, "eval_accuracy": 0.6021999716758728, "eval_mae": 0.453, "eval_runtime": 17.0574, "eval_samples_per_second": 293.128}