{"eval_loss": 1.1480534076690674, "eval_accuracy": 0.546999990940094, "eval_mae": 0.5802, "eval_runtime": 17.5369, "eval_samples_per_second": 285.114}