{"eval_loss": 1.046310544013977, "eval_accuracy": 0.5618000030517578, "eval_mae": 0.508, "eval_runtime": 18.3579, "eval_samples_per_second": 272.362}