{"eval_loss": 1.0048885345458984, "eval_accuracy": 0.5758000016212463, "eval_mae": 0.4954, "eval_runtime": 17.3143, "eval_samples_per_second": 288.778}