{"eval_loss": 1.0178052186965942, "eval_accuracy": 0.58160001039505, "eval_mae": 0.493, "eval_runtime": 20.2553, "eval_samples_per_second": 246.849}