{"eval_loss": 1.0786470174789429, "eval_accuracy": 0.5583999752998352, "eval_mae": 0.531, "eval_runtime": 32.9793, "eval_samples_per_second": 151.61}