{"eval_loss": 1.0114541053771973, "eval_accuracy": 0.5806000232696533, "eval_mae": 0.4816, "eval_runtime": 17.4781, "eval_samples_per_second": 286.073}