{"eval_loss": 0.8915959000587463, "eval_accuracy": 0.6376000046730042, "eval_mae": 0.413, "eval_runtime": 24.8203, "eval_samples_per_second": 201.448}