{"eval_loss": 1.3665308952331543, "eval_accuracy": 0.45879998803138733, "eval_mae": 0.7306, "eval_runtime": 17.5143, "eval_samples_per_second": 285.481}