{"eval_loss": 1.0166627168655396, "eval_accuracy": 0.578000009059906, "eval_mae": 0.4838, "eval_runtime": 17.5318, "eval_samples_per_second": 285.195}