{"eval_loss": 0.9356724619865417, "eval_accuracy": 0.6018000245094299, "eval_mae": 0.4538, "eval_runtime": 17.2037, "eval_samples_per_second": 290.635}