{"eval_loss": 1.348812460899353, "eval_accuracy": 0.47119998931884766, "eval_mae": 0.6902, "eval_runtime": 17.427, "eval_samples_per_second": 286.91}