{"eval_loss": 0.9910005927085876, "eval_accuracy": 0.5702000260353088, "eval_mae": 0.5096, "eval_runtime": 17.1754, "eval_samples_per_second": 291.114}