{"eval_loss": 1.1564338207244873, "eval_accuracy": 0.49900001287460327, "eval_mae": 0.592, "eval_runtime": 17.3115, "eval_samples_per_second": 288.825}