{"eval_loss": 1.062903881072998, "eval_accuracy": 0.5569999814033508, "eval_mae": 0.5218, "eval_runtime": 18.3946, "eval_samples_per_second": 271.818}