{"eval_loss": 1.3646469116210938, "eval_accuracy": 0.45680001378059387, "eval_mae": 0.732, "eval_runtime": 16.8919, "eval_samples_per_second": 296.0}