{"eval_loss": 1.0220280885696411, "eval_accuracy": 0.5691999793052673, "eval_mae": 0.5096, "eval_runtime": 17.2335, "eval_samples_per_second": 290.133}