{"eval_loss": 1.4430932998657227, "eval_accuracy": 0.43939998745918274, "eval_mae": 0.7294, "eval_runtime": 18.9002, "eval_samples_per_second": 264.547}