{"eval_loss": 1.3917171955108643, "eval_accuracy": 0.4812000095844269, "eval_mae": 0.6732, "eval_runtime": 19.4654, "eval_samples_per_second": 256.865}