{"eval_loss": 0.9468717575073242, "eval_accuracy": 0.6064000129699707, "eval_mae": 0.452, "eval_runtime": 18.2823, "eval_samples_per_second": 273.488}