{"eval_loss": 1.144256353378296, "eval_accuracy": 0.550599992275238, "eval_mae": 0.579, "eval_runtime": 17.4147, "eval_samples_per_second": 287.114}