{"eval_loss": 1.2386707067489624, "eval_accuracy": 0.4970000088214874, "eval_mae": 0.6476, "eval_runtime": 27.7279, "eval_samples_per_second": 180.324}