{"eval_loss": 1.0924712419509888, "eval_accuracy": 0.5479999780654907, "eval_mae": 0.5424, "eval_runtime": 18.5045, "eval_samples_per_second": 270.205}