{"eval_loss": 0.949730396270752, "eval_accuracy": 0.6064000129699707, "eval_mae": 0.4502, "eval_runtime": 27.0441, "eval_samples_per_second": 184.883}