{"eval_loss": 1.1547502279281616, "eval_accuracy": 0.5012000203132629, "eval_mae": 0.5892, "eval_runtime": 17.3888, "eval_samples_per_second": 287.541}