{"eval_loss": 0.9513497948646545, "eval_accuracy": 0.621399998664856, "eval_mae": 0.4288, "eval_runtime": 19.3618, "eval_samples_per_second": 258.24}