{"eval_loss": 1.1556259393692017, "eval_accuracy": 0.4997999966144562, "eval_mae": 0.591, "eval_runtime": 16.2303, "eval_samples_per_second": 308.066}