{"eval_loss": 1.2266035079956055, "eval_accuracy": 0.506600022315979, "eval_mae": 0.621, "eval_runtime": 33.7932, "eval_samples_per_second": 147.959}