{"eval_loss": 1.018686294555664, "eval_accuracy": 0.5812000036239624, "eval_mae": 0.4936, "eval_runtime": 22.2492, "eval_samples_per_second": 224.727}