{"eval_loss": 1.029853343963623, "eval_accuracy": 0.5464000105857849, "eval_mae": 0.5378, "eval_runtime": 17.2731, "eval_samples_per_second": 289.467}