{"eval_loss": 1.07846999168396, "eval_accuracy": 0.5583999752998352, "eval_mae": 0.5308, "eval_runtime": 19.2706, "eval_samples_per_second": 259.463}