{"eval_loss": 0.9476670026779175, "eval_accuracy": 0.5953999757766724, "eval_mae": 0.4664, "eval_runtime": 18.3821, "eval_samples_per_second": 272.003}