{"eval_loss": 0.9557051062583923, "eval_accuracy": 0.5989999771118164, "eval_mae": 0.4638, "eval_runtime": 17.2604, "eval_samples_per_second": 289.681}