{"eval_loss": 1.228871464729309, "eval_accuracy": 0.5062000155448914, "eval_mae": 0.6212, "eval_runtime": 22.714, "eval_samples_per_second": 220.129}