{"eval_loss": 1.22874116897583, "eval_accuracy": 0.5062000155448914, "eval_mae": 0.6212, "eval_runtime": 18.872, "eval_samples_per_second": 264.943}