{"eval_loss": 0.9794353246688843, "eval_accuracy": 0.5809999704360962, "eval_mae": 0.4894, "eval_runtime": 17.3548, "eval_samples_per_second": 288.105}