{"eval_loss": 0.9899570345878601, "eval_accuracy": 0.5716000199317932, "eval_mae": 0.5054, "eval_runtime": 17.059, "eval_samples_per_second": 293.1}