{"eval_loss": 1.2387126684188843, "eval_accuracy": 0.4970000088214874, "eval_mae": 0.6474, "eval_runtime": 18.8845, "eval_samples_per_second": 264.767}