{"eval_loss": 1.2290536165237427, "eval_accuracy": 0.5067999958992004, "eval_mae": 0.6206, "eval_runtime": 20.7321, "eval_samples_per_second": 241.172}