{"eval_loss": 1.0233831405639648, "eval_accuracy": 0.58160001039505, "eval_mae": 0.4962, "eval_runtime": 21.8403, "eval_samples_per_second": 228.935}