{"eval_loss": 1.3410518169403076, "eval_accuracy": 0.4666000008583069, "eval_mae": 0.691, "eval_runtime": 25.1148, "eval_samples_per_second": 199.086}