{"eval_loss": 1.0862340927124023, "eval_accuracy": 0.5472000241279602, "eval_mae": 0.5418, "eval_runtime": 19.8989, "eval_samples_per_second": 251.271}