{"eval_loss": 1.2381426095962524, "eval_accuracy": 0.49720001220703125, "eval_mae": 0.648, "eval_runtime": 19.4746, "eval_samples_per_second": 256.745}