{"eval_loss": 1.0786207914352417, "eval_accuracy": 0.5583999752998352, "eval_mae": 0.5308, "eval_runtime": 28.9079, "eval_samples_per_second": 172.963}