{"eval_loss": 1.0301445722579956, "eval_accuracy": 0.5455999970436096, "eval_mae": 0.5396, "eval_runtime": 16.538, "eval_samples_per_second": 302.334}