{"eval_loss": 0.9367486238479614, "eval_accuracy": 0.6011999845504761, "eval_mae": 0.4544, "eval_runtime": 16.9772, "eval_samples_per_second": 294.513}