{"eval_loss": 0.9477158188819885, "eval_accuracy": 0.5928000211715698, "eval_mae": 0.4696, "eval_runtime": 19.0822, "eval_samples_per_second": 262.025}