{"eval_loss": 1.0849677324295044, "eval_accuracy": 0.5756000280380249, "eval_mae": 0.5098, "eval_runtime": 16.4666, "eval_samples_per_second": 303.645}