{"eval_loss": 1.4438661336898804, "eval_accuracy": 0.4397999942302704, "eval_mae": 0.7302, "eval_runtime": 18.6678, "eval_samples_per_second": 267.84}