{"eval_loss": 1.4422799348831177, "eval_accuracy": 0.43939998745918274, "eval_mae": 0.7304, "eval_runtime": 18.6531, "eval_samples_per_second": 268.052}