{"eval_loss": 1.0313637256622314, "eval_accuracy": 0.5454000234603882, "eval_mae": 0.54, "eval_runtime": 17.4396, "eval_samples_per_second": 286.703}