{"eval_loss": 1.0055707693099976, "eval_accuracy": 0.5770000219345093, "eval_mae": 0.494, "eval_runtime": 17.1486, "eval_samples_per_second": 291.568}