{"eval_loss": 1.3516772985458374, "eval_accuracy": 0.48399999737739563, "eval_mae": 0.6694, "eval_runtime": 19.1917, "eval_samples_per_second": 260.53}