{"eval_loss": 1.0594218969345093, "eval_accuracy": 0.5583999752998352, "eval_mae": 0.5204, "eval_runtime": 18.5228, "eval_samples_per_second": 269.937}