{"eval_loss": 1.338723063468933, "eval_accuracy": 0.4747999906539917, "eval_mae": 0.6932, "eval_runtime": 17.1437, "eval_samples_per_second": 291.652}