{"eval_loss": 0.9916603565216064, "eval_accuracy": 0.569599986076355, "eval_mae": 0.5096, "eval_runtime": 16.9401, "eval_samples_per_second": 295.158}