{"eval_loss": 1.01858389377594, "eval_accuracy": 0.5807999968528748, "eval_mae": 0.494, "eval_runtime": 27.0825, "eval_samples_per_second": 184.621}