{"eval_loss": 1.1466261148452759, "eval_accuracy": 0.5479999780654907, "eval_mae": 0.5824, "eval_runtime": 17.468, "eval_samples_per_second": 286.237}