{"eval_loss": 1.390604853630066, "eval_accuracy": 0.4803999960422516, "eval_mae": 0.6742, "eval_runtime": 18.3548, "eval_samples_per_second": 272.408}