{"eval_loss": 1.0151937007904053, "eval_accuracy": 0.5662000179290771, "eval_mae": 0.5056, "eval_runtime": 17.1196, "eval_samples_per_second": 292.063}