{"eval_loss": 1.0915530920028687, "eval_accuracy": 0.5475999712944031, "eval_mae": 0.5416, "eval_runtime": 19.9766, "eval_samples_per_second": 250.293}