{"eval_loss": 1.3832372426986694, "eval_accuracy": 0.4797999858856201, "eval_mae": 0.6764, "eval_runtime": 19.5548, "eval_samples_per_second": 255.691}