{"eval_loss": 0.9502134919166565, "eval_accuracy": 0.6064000129699707, "eval_mae": 0.4492, "eval_runtime": 18.706, "eval_samples_per_second": 267.294}