{"eval_loss": 1.3461023569107056, "eval_accuracy": 0.4690000116825104, "eval_mae": 0.6942, "eval_runtime": 17.363, "eval_samples_per_second": 287.968}