{"eval_loss": 1.4278403520584106, "eval_accuracy": 0.4374000132083893, "eval_mae": 0.7256, "eval_runtime": 21.1975, "eval_samples_per_second": 235.877}