{"eval_loss": 1.0859791040420532, "eval_accuracy": 0.5479999780654907, "eval_mae": 0.541, "eval_runtime": 17.9337, "eval_samples_per_second": 278.805}