{"eval_loss": 1.242539405822754, "eval_accuracy": 0.4997999966144562, "eval_mae": 0.5958, "eval_runtime": 19.4044, "eval_samples_per_second": 257.673}