{"eval_loss": 1.2956783771514893, "eval_accuracy": 0.4691999852657318, "eval_mae": 0.6802, "eval_runtime": 32.9196, "eval_samples_per_second": 151.885}