{"eval_loss": 0.9906458854675293, "eval_accuracy": 0.5726000070571899, "eval_mae": 0.5058, "eval_runtime": 17.0124, "eval_samples_per_second": 293.904}