{"eval_loss": 0.9580934643745422, "eval_accuracy": 0.5946000218391418, "eval_mae": 0.4806, "eval_runtime": 16.7701, "eval_samples_per_second": 298.15}