{"eval_loss": 0.9607929587364197, "eval_accuracy": 0.5920000076293945, "eval_mae": 0.4838, "eval_runtime": 17.3455, "eval_samples_per_second": 288.259}