{"eval_loss": 1.2388828992843628, "eval_accuracy": 0.4968000054359436, "eval_mae": 0.6476, "eval_runtime": 22.3048, "eval_samples_per_second": 224.167}