{"eval_loss": 1.2272629737854004, "eval_accuracy": 0.5073999762535095, "eval_mae": 0.621, "eval_runtime": 23.573, "eval_samples_per_second": 212.107}