{"eval_loss": 1.085323691368103, "eval_accuracy": 0.5735999941825867, "eval_mae": 0.511, "eval_runtime": 16.44, "eval_samples_per_second": 304.136}