{"eval_loss": 1.3678197860717773, "eval_accuracy": 0.4578000009059906, "eval_mae": 0.7324, "eval_runtime": 16.6102, "eval_samples_per_second": 301.021}