{"eval_loss": 1.0146875381469727, "eval_accuracy": 0.5654000043869019, "eval_mae": 0.507, "eval_runtime": 16.9615, "eval_samples_per_second": 294.786}