{"eval_loss": 0.886829674243927, "eval_accuracy": 0.6385999917984009, "eval_mae": 0.4142, "eval_runtime": 19.8263, "eval_samples_per_second": 252.19}