{"eval_loss": 1.352169394493103, "eval_accuracy": 0.4837999939918518, "eval_mae": 0.6708, "eval_runtime": 20.175, "eval_samples_per_second": 247.831}