{"eval_loss": 0.9463464617729187, "eval_accuracy": 0.6047999858856201, "eval_mae": 0.4568, "eval_runtime": 17.4463, "eval_samples_per_second": 286.593}