{"eval_loss": 1.0850740671157837, "eval_accuracy": 0.5748000144958496, "eval_mae": 0.5102, "eval_runtime": 16.9726, "eval_samples_per_second": 294.592}