{"eval_loss": 0.9509211182594299, "eval_accuracy": 0.6079999804496765, "eval_mae": 0.4486, "eval_runtime": 18.6793, "eval_samples_per_second": 267.676}