{"eval_loss": 1.0198875665664673, "eval_accuracy": 0.5685999989509583, "eval_mae": 0.5094, "eval_runtime": 17.4026, "eval_samples_per_second": 287.313}