{"eval_loss": 0.936234176158905, "eval_accuracy": 0.6015999913215637, "eval_mae": 0.4548, "eval_runtime": 17.8272, "eval_samples_per_second": 280.47}