{"eval_loss": 1.0200836658477783, "eval_accuracy": 0.5708000063896179, "eval_mae": 0.5076, "eval_runtime": 17.5586, "eval_samples_per_second": 284.761}