{"eval_loss": 1.0104762315750122, "eval_accuracy": 0.5794000029563904, "eval_mae": 0.481, "eval_runtime": 17.4423, "eval_samples_per_second": 286.659}