{"eval_loss": 1.392204999923706, "eval_accuracy": 0.4812000095844269, "eval_mae": 0.6734, "eval_runtime": 19.5467, "eval_samples_per_second": 255.798}