{"eval_loss": 1.0861510038375854, "eval_accuracy": 0.5475999712944031, "eval_mae": 0.541, "eval_runtime": 18.0527, "eval_samples_per_second": 276.967}