{"eval_loss": 1.3421417474746704, "eval_accuracy": 0.46700000762939453, "eval_mae": 0.692, "eval_runtime": 20.2679, "eval_samples_per_second": 246.696}