{"eval_loss": 0.9471949934959412, "eval_accuracy": 0.6065999865531921, "eval_mae": 0.4548, "eval_runtime": 17.1693, "eval_samples_per_second": 291.218}