{"eval_loss": 1.0792986154556274, "eval_accuracy": 0.550000011920929, "eval_mae": 0.5376, "eval_runtime": 28.1814, "eval_samples_per_second": 177.422}