{"eval_loss": 1.0144580602645874, "eval_accuracy": 0.5649999976158142, "eval_mae": 0.508, "eval_runtime": 16.358, "eval_samples_per_second": 305.66}