{"eval_loss": 1.0181719064712524, "eval_accuracy": 0.5690000057220459, "eval_mae": 0.5084, "eval_runtime": 17.3023, "eval_samples_per_second": 288.979}