{"eval_loss": 1.0213407278060913, "eval_accuracy": 0.5698000192642212, "eval_mae": 0.508, "eval_runtime": 17.2237, "eval_samples_per_second": 290.298}