{"eval_loss": 1.1557093858718872, "eval_accuracy": 0.49939998984336853, "eval_mae": 0.591, "eval_runtime": 17.2919, "eval_samples_per_second": 289.153}