{"eval_loss": 1.392524003982544, "eval_accuracy": 0.48100000619888306, "eval_mae": 0.6736, "eval_runtime": 19.5561, "eval_samples_per_second": 255.675}