{"eval_loss": 1.2276991605758667, "eval_accuracy": 0.49880000948905945, "eval_mae": 0.6024, "eval_runtime": 18.3729, "eval_samples_per_second": 272.14}