{"eval_loss": 1.1565473079681396, "eval_accuracy": 0.5012000203132629, "eval_mae": 0.5888, "eval_runtime": 17.3441, "eval_samples_per_second": 288.282}