{"eval_loss": 0.9499937295913696, "eval_accuracy": 0.5906000137329102, "eval_mae": 0.4636, "eval_runtime": 16.4784, "eval_samples_per_second": 303.428}