{"eval_loss": 1.0056804418563843, "eval_accuracy": 0.574400007724762, "eval_mae": 0.4968, "eval_runtime": 16.3897, "eval_samples_per_second": 305.069}