{"eval_loss": 0.9358363151550293, "eval_accuracy": 0.6015999913215637, "eval_mae": 0.4536, "eval_runtime": 16.9962, "eval_samples_per_second": 294.183}