{"eval_loss": 1.029344916343689, "eval_accuracy": 0.545199990272522, "eval_mae": 0.5398, "eval_runtime": 16.7287, "eval_samples_per_second": 298.888}