{"eval_loss": 1.0170366764068604, "eval_accuracy": 0.5803999900817871, "eval_mae": 0.4814, "eval_runtime": 17.4419, "eval_samples_per_second": 286.667}