{"eval_loss": 0.9605133533477783, "eval_accuracy": 0.5942000150680542, "eval_mae": 0.4822, "eval_runtime": 17.6068, "eval_samples_per_second": 283.98}