{"eval_loss": 1.014699935913086, "eval_accuracy": 0.5648000240325928, "eval_mae": 0.5074, "eval_runtime": 17.0085, "eval_samples_per_second": 293.97}