{"eval_loss": 1.1762211322784424, "eval_accuracy": 0.5027999877929688, "eval_mae": 0.5912, "eval_runtime": 17.3014, "eval_samples_per_second": 288.994}