{"eval_loss": 0.8894887566566467, "eval_accuracy": 0.6373999714851379, "eval_mae": 0.4142, "eval_runtime": 23.7496, "eval_samples_per_second": 210.53}