{"eval_loss": 1.0806812047958374, "eval_accuracy": 0.5573999881744385, "eval_mae": 0.5644, "eval_runtime": 18.1052, "eval_samples_per_second": 276.163}