{"eval_loss": 0.955311119556427, "eval_accuracy": 0.5996000170707703, "eval_mae": 0.4632, "eval_runtime": 17.6121, "eval_samples_per_second": 283.896}