{"eval_loss": 0.950400173664093, "eval_accuracy": 0.6068000197410583, "eval_mae": 0.4492, "eval_runtime": 20.4758, "eval_samples_per_second": 244.19}