{"eval_loss": 1.0865075588226318, "eval_accuracy": 0.5468000173568726, "eval_mae": 0.5418, "eval_runtime": 22.2929, "eval_samples_per_second": 224.286}