{"eval_loss": 0.9454887509346008, "eval_accuracy": 0.6064000129699707, "eval_mae": 0.456, "eval_runtime": 16.429, "eval_samples_per_second": 304.34}