{"eval_loss": 1.3919272422790527, "eval_accuracy": 0.4812000095844269, "eval_mae": 0.6734, "eval_runtime": 19.1533, "eval_samples_per_second": 261.052}