{"eval_loss": 1.3480315208435059, "eval_accuracy": 0.47200000286102295, "eval_mae": 0.6894, "eval_runtime": 17.2705, "eval_samples_per_second": 289.511}