{"eval_loss": 1.0798498392105103, "eval_accuracy": 0.557200014591217, "eval_mae": 0.5346, "eval_runtime": 18.2696, "eval_samples_per_second": 273.678}