{"eval_loss": 1.0523436069488525, "eval_accuracy": 0.5285999774932861, "eval_mae": 0.5688, "eval_runtime": 16.2707, "eval_samples_per_second": 307.3}