{"eval_loss": 1.147693395614624, "eval_accuracy": 0.5483999848365784, "eval_mae": 0.582, "eval_runtime": 16.7659, "eval_samples_per_second": 298.224}