{"eval_loss": 1.0297138690948486, "eval_accuracy": 0.5443999767303467, "eval_mae": 0.5404, "eval_runtime": 16.7702, "eval_samples_per_second": 298.148}