{"eval_loss": 1.012422800064087, "eval_accuracy": 0.5776000022888184, "eval_mae": 0.485, "eval_runtime": 17.3297, "eval_samples_per_second": 288.521}