{"eval_loss": 1.0066931247711182, "eval_accuracy": 0.5925999879837036, "eval_mae": 0.4686, "eval_runtime": 17.2257, "eval_samples_per_second": 290.263}