{"eval_loss": 0.9540151357650757, "eval_accuracy": 0.6021999716758728, "eval_mae": 0.4624, "eval_runtime": 17.3402, "eval_samples_per_second": 288.348}