{"eval_loss": 0.9459984302520752, "eval_accuracy": 0.5917999744415283, "eval_mae": 0.4698, "eval_runtime": 21.3331, "eval_samples_per_second": 234.377}