{"eval_loss": 1.2970554828643799, "eval_accuracy": 0.46779999136924744, "eval_mae": 0.6816, "eval_runtime": 35.0219, "eval_samples_per_second": 142.768}