{"eval_loss": 0.9471985101699829, "eval_accuracy": 0.5932000279426575, "eval_mae": 0.4702, "eval_runtime": 19.0082, "eval_samples_per_second": 263.044}