{"eval_loss": 0.9499976634979248, "eval_accuracy": 0.6195999979972839, "eval_mae": 0.4296, "eval_runtime": 17.469, "eval_samples_per_second": 286.221}