{"eval_loss": 1.0068185329437256, "eval_accuracy": 0.5758000016212463, "eval_mae": 0.4956, "eval_runtime": 17.1396, "eval_samples_per_second": 291.721}