{"eval_loss": 1.2320513725280762, "eval_accuracy": 0.506600022315979, "eval_mae": 0.6204, "eval_runtime": 32.9449, "eval_samples_per_second": 151.769}