{"eval_loss": 1.2290663719177246, "eval_accuracy": 0.5012000203132629, "eval_mae": 0.6254, "eval_runtime": 18.802, "eval_samples_per_second": 265.929}