{"eval_loss": 0.9796584844589233, "eval_accuracy": 0.5812000036239624, "eval_mae": 0.4886, "eval_runtime": 16.7377, "eval_samples_per_second": 298.726}