{"eval_loss": 1.0055785179138184, "eval_accuracy": 0.5759999752044678, "eval_mae": 0.4958, "eval_runtime": 17.2434, "eval_samples_per_second": 289.966}