{"eval_loss": 0.9504784941673279, "eval_accuracy": 0.6064000129699707, "eval_mae": 0.45, "eval_runtime": 18.5836, "eval_samples_per_second": 269.055}