{"eval_loss": 1.3483830690383911, "eval_accuracy": 0.4717999994754791, "eval_mae": 0.691, "eval_runtime": 17.4752, "eval_samples_per_second": 286.12}