{"eval_loss": 1.0108318328857422, "eval_accuracy": 0.593999981880188, "eval_mae": 0.467, "eval_runtime": 17.5831, "eval_samples_per_second": 284.363}