{"eval_loss": 1.0774619579315186, "eval_accuracy": 0.5591999888420105, "eval_mae": 0.5302, "eval_runtime": 19.2508, "eval_samples_per_second": 259.73}