{"eval_loss": 1.0145560503005981, "eval_accuracy": 0.5658000111579895, "eval_mae": 0.5074, "eval_runtime": 16.9992, "eval_samples_per_second": 294.131}