{"eval_loss": 0.960778534412384, "eval_accuracy": 0.5929999947547913, "eval_mae": 0.4834, "eval_runtime": 17.436, "eval_samples_per_second": 286.763}