{"eval_loss": 0.8854146599769592, "eval_accuracy": 0.6370000243186951, "eval_mae": 0.4148, "eval_runtime": 19.8189, "eval_samples_per_second": 252.285}