{"eval_loss": 1.2283568382263184, "eval_accuracy": 0.4991999864578247, "eval_mae": 0.6034, "eval_runtime": 18.359, "eval_samples_per_second": 272.346}