{"eval_loss": 1.0542986392974854, "eval_accuracy": 0.5284000039100647, "eval_mae": 0.5684, "eval_runtime": 15.9397, "eval_samples_per_second": 313.683}