{"eval_loss": 1.084502100944519, "eval_accuracy": 0.5756000280380249, "eval_mae": 0.5094, "eval_runtime": 16.8085, "eval_samples_per_second": 297.468}