{"eval_loss": 1.353456974029541, "eval_accuracy": 0.4830000102519989, "eval_mae": 0.6724, "eval_runtime": 23.1466, "eval_samples_per_second": 216.014}