{"eval_loss": 0.9516348838806152, "eval_accuracy": 0.621999979019165, "eval_mae": 0.4278, "eval_runtime": 17.6223, "eval_samples_per_second": 283.731}