{"eval_loss": 1.00569748878479, "eval_accuracy": 0.5763999819755554, "eval_mae": 0.4956, "eval_runtime": 16.7332, "eval_samples_per_second": 298.807}