{"eval_loss": 1.0623918771743774, "eval_accuracy": 0.5564000010490417, "eval_mae": 0.5218, "eval_runtime": 18.3991, "eval_samples_per_second": 271.752}