{"eval_loss": 1.1771470308303833, "eval_accuracy": 0.5027999877929688, "eval_mae": 0.5914, "eval_runtime": 17.3628, "eval_samples_per_second": 287.972}