{"eval_loss": 1.1478478908538818, "eval_accuracy": 0.5486000180244446, "eval_mae": 0.5818, "eval_runtime": 17.3698, "eval_samples_per_second": 287.855}