{"eval_loss": 1.0047228336334229, "eval_accuracy": 0.5924000144004822, "eval_mae": 0.469, "eval_runtime": 17.1942, "eval_samples_per_second": 290.795}