{"eval_loss": 1.0127828121185303, "eval_accuracy": 0.5802000164985657, "eval_mae": 0.48, "eval_runtime": 16.7696, "eval_samples_per_second": 298.159}