{"eval_loss": 1.0198029279708862, "eval_accuracy": 0.5806000232696533, "eval_mae": 0.4948, "eval_runtime": 17.9193, "eval_samples_per_second": 279.028}