{"eval_loss": 1.0052568912506104, "eval_accuracy": 0.576200008392334, "eval_mae": 0.4956, "eval_runtime": 16.5355, "eval_samples_per_second": 302.38}