{"eval_loss": 0.9499036073684692, "eval_accuracy": 0.6075999736785889, "eval_mae": 0.4486, "eval_runtime": 31.8715, "eval_samples_per_second": 156.88}