{"eval_loss": 0.935687780380249, "eval_accuracy": 0.6015999913215637, "eval_mae": 0.4544, "eval_runtime": 16.0979, "eval_samples_per_second": 310.6}