{"eval_loss": 0.9606638550758362, "eval_accuracy": 0.5925999879837036, "eval_mae": 0.4822, "eval_runtime": 17.3047, "eval_samples_per_second": 288.938}