{"eval_loss": 1.0296261310577393, "eval_accuracy": 0.5447999835014343, "eval_mae": 0.539, "eval_runtime": 17.3507, "eval_samples_per_second": 288.173}