{"eval_loss": 1.0857523679733276, "eval_accuracy": 0.5478000044822693, "eval_mae": 0.541, "eval_runtime": 19.6014, "eval_samples_per_second": 255.084}