{"eval_loss": 1.0786129236221313, "eval_accuracy": 0.5582000017166138, "eval_mae": 0.5306, "eval_runtime": 18.9689, "eval_samples_per_second": 263.589}