{"eval_loss": 1.3956941366195679, "eval_accuracy": 0.4821999967098236, "eval_mae": 0.673, "eval_runtime": 34.5461, "eval_samples_per_second": 144.734}