{"eval_loss": 0.9487292766571045, "eval_accuracy": 0.5950000286102295, "eval_mae": 0.4684, "eval_runtime": 18.6871, "eval_samples_per_second": 267.564}