{"eval_loss": 1.3835656642913818, "eval_accuracy": 0.477400004863739, "eval_mae": 0.6768, "eval_runtime": 28.6815, "eval_samples_per_second": 174.328}