{"eval_loss": 0.9466046690940857, "eval_accuracy": 0.604200005531311, "eval_mae": 0.4568, "eval_runtime": 17.2596, "eval_samples_per_second": 289.694}