{"eval_loss": 1.0130256414413452, "eval_accuracy": 0.567799985408783, "eval_mae": 0.5056, "eval_runtime": 16.9993, "eval_samples_per_second": 294.13}