{"eval_loss": 0.9555292725563049, "eval_accuracy": 0.599399983882904, "eval_mae": 0.464, "eval_runtime": 16.7195, "eval_samples_per_second": 299.053}