{"eval_loss": 1.1476901769638062, "eval_accuracy": 0.5490000247955322, "eval_mae": 0.5818, "eval_runtime": 17.474, "eval_samples_per_second": 286.14}