{"eval_loss": 1.045533299446106, "eval_accuracy": 0.5601999759674072, "eval_mae": 0.5094, "eval_runtime": 18.6449, "eval_samples_per_second": 268.169}