{"eval_loss": 1.241795539855957, "eval_accuracy": 0.501800000667572, "eval_mae": 0.593, "eval_runtime": 19.0535, "eval_samples_per_second": 262.419}