{"eval_loss": 1.3439230918884277, "eval_accuracy": 0.475600004196167, "eval_mae": 0.6936, "eval_runtime": 16.2631, "eval_samples_per_second": 307.444}