{"eval_loss": 0.950539231300354, "eval_accuracy": 0.605400025844574, "eval_mae": 0.451, "eval_runtime": 20.2276, "eval_samples_per_second": 247.188}