{"eval_loss": 1.0638412237167358, "eval_accuracy": 0.557200014591217, "eval_mae": 0.5214, "eval_runtime": 18.4178, "eval_samples_per_second": 271.476}