{"eval_loss": 1.1551650762557983, "eval_accuracy": 0.49939998984336853, "eval_mae": 0.5906, "eval_runtime": 17.2497, "eval_samples_per_second": 289.86}