{"eval_loss": 1.0063652992248535, "eval_accuracy": 0.5928000211715698, "eval_mae": 0.4698, "eval_runtime": 17.3942, "eval_samples_per_second": 287.452}