{"eval_loss": 1.0637718439102173, "eval_accuracy": 0.5533999800682068, "eval_mae": 0.5272, "eval_runtime": 18.3996, "eval_samples_per_second": 271.745}