{"eval_loss": 0.9926241040229797, "eval_accuracy": 0.5698000192642212, "eval_mae": 0.5112, "eval_runtime": 16.9095, "eval_samples_per_second": 295.692}