{"eval_loss": 1.1477301120758057, "eval_accuracy": 0.5493999719619751, "eval_mae": 0.581, "eval_runtime": 17.5275, "eval_samples_per_second": 285.265}