{"eval_loss": 1.3563308715820312, "eval_accuracy": 0.4812000095844269, "eval_mae": 0.6748, "eval_runtime": 18.4957, "eval_samples_per_second": 270.333}