{"eval_loss": 1.0891364812850952, "eval_accuracy": 0.5460000038146973, "eval_mae": 0.546, "eval_runtime": 33.6606, "eval_samples_per_second": 148.542}