{"eval_loss": 1.4425194263458252, "eval_accuracy": 0.4390000104904175, "eval_mae": 0.7292, "eval_runtime": 34.1428, "eval_samples_per_second": 146.444}