{"eval_loss": 1.0245168209075928, "eval_accuracy": 0.5564000010490417, "eval_mae": 0.5358, "eval_runtime": 17.314, "eval_samples_per_second": 288.783}