{"eval_loss": 1.0184253454208374, "eval_accuracy": 0.5812000036239624, "eval_mae": 0.4938, "eval_runtime": 20.7001, "eval_samples_per_second": 241.545}