{"eval_loss": 1.0216953754425049, "eval_accuracy": 0.571399986743927, "eval_mae": 0.5058, "eval_runtime": 17.3135, "eval_samples_per_second": 288.793}