{"eval_loss": 1.0056387186050415, "eval_accuracy": 0.576200008392334, "eval_mae": 0.4954, "eval_runtime": 16.3814, "eval_samples_per_second": 305.224}