{"eval_loss": 1.1477560997009277, "eval_accuracy": 0.5490000247955322, "eval_mae": 0.5816, "eval_runtime": 17.4222, "eval_samples_per_second": 286.99}