{"eval_loss": 1.4442789554595947, "eval_accuracy": 0.43939998745918274, "eval_mae": 0.7296, "eval_runtime": 29.1529, "eval_samples_per_second": 171.51}