{"eval_loss": 1.1478323936462402, "eval_accuracy": 0.5490000247955322, "eval_mae": 0.5816, "eval_runtime": 17.4144, "eval_samples_per_second": 287.118}