{"eval_loss": 1.032488226890564, "eval_accuracy": 0.5437999963760376, "eval_mae": 0.5412, "eval_runtime": 17.52, "eval_samples_per_second": 285.389}