{"eval_loss": 1.3394654989242554, "eval_accuracy": 0.46799999475479126, "eval_mae": 0.6886, "eval_runtime": 22.9122, "eval_samples_per_second": 218.225}