{"eval_loss": 1.0602041482925415, "eval_accuracy": 0.557200014591217, "eval_mae": 0.52, "eval_runtime": 18.3268, "eval_samples_per_second": 272.825}