{"eval_loss": 1.349587321281433, "eval_accuracy": 0.4731999933719635, "eval_mae": 0.6972, "eval_runtime": 16.5316, "eval_samples_per_second": 302.451}