{"eval_loss": 1.2461987733840942, "eval_accuracy": 0.5005999803543091, "eval_mae": 0.594, "eval_runtime": 19.4678, "eval_samples_per_second": 256.834}