{"eval_loss": 1.0068448781967163, "eval_accuracy": 0.5938000082969666, "eval_mae": 0.4674, "eval_runtime": 17.4362, "eval_samples_per_second": 286.759}