{"eval_loss": 1.0449649095535278, "eval_accuracy": 0.5609999895095825, "eval_mae": 0.5082, "eval_runtime": 20.8907, "eval_samples_per_second": 239.341}