{"eval_loss": 0.9788525104522705, "eval_accuracy": 0.5821999907493591, "eval_mae": 0.488, "eval_runtime": 17.2971, "eval_samples_per_second": 289.065}