{"eval_loss": 1.3520461320877075, "eval_accuracy": 0.48500001430511475, "eval_mae": 0.6682, "eval_runtime": 22.6459, "eval_samples_per_second": 220.791}