{"eval_loss": 1.0053260326385498, "eval_accuracy": 0.5759999752044678, "eval_mae": 0.4952, "eval_runtime": 16.621, "eval_samples_per_second": 300.824}