{"eval_loss": 1.2952829599380493, "eval_accuracy": 0.46779999136924744, "eval_mae": 0.6808, "eval_runtime": 35.6832, "eval_samples_per_second": 140.122}