{"eval_loss": 1.2282805442810059, "eval_accuracy": 0.49880000948905945, "eval_mae": 0.603, "eval_runtime": 18.4913, "eval_samples_per_second": 270.397}