{"eval_loss": 1.0298856496810913, "eval_accuracy": 0.545199990272522, "eval_mae": 0.54, "eval_runtime": 16.3683, "eval_samples_per_second": 305.468}