{"eval_loss": 0.9510433673858643, "eval_accuracy": 0.6208000183105469, "eval_mae": 0.4286, "eval_runtime": 17.4642, "eval_samples_per_second": 286.301}