{"eval_loss": 0.9484797120094299, "eval_accuracy": 0.5917999744415283, "eval_mae": 0.4714, "eval_runtime": 24.3871, "eval_samples_per_second": 205.026}