{"eval_loss": 0.9540627002716064, "eval_accuracy": 0.6021999716758728, "eval_mae": 0.4588, "eval_runtime": 17.3067, "eval_samples_per_second": 288.906}