{"eval_loss": 1.0802252292633057, "eval_accuracy": 0.5559999942779541, "eval_mae": 0.5652, "eval_runtime": 19.6215, "eval_samples_per_second": 254.823}