{"eval_loss": 1.0627572536468506, "eval_accuracy": 0.5565999746322632, "eval_mae": 0.5222, "eval_runtime": 19.2211, "eval_samples_per_second": 260.131}