{"eval_loss": 1.1476495265960693, "eval_accuracy": 0.5478000044822693, "eval_mae": 0.5826, "eval_runtime": 17.2692, "eval_samples_per_second": 289.533}