{"eval_loss": 1.1439967155456543, "eval_accuracy": 0.5486000180244446, "eval_mae": 0.5826, "eval_runtime": 17.4517, "eval_samples_per_second": 286.506}