{"eval_loss": 1.0136449337005615, "eval_accuracy": 0.5644000172615051, "eval_mae": 0.5082, "eval_runtime": 16.9547, "eval_samples_per_second": 294.904}