{"eval_loss": 1.0879621505737305, "eval_accuracy": 0.5479999780654907, "eval_mae": 0.5418, "eval_runtime": 18.5175, "eval_samples_per_second": 270.015}