{"eval_loss": 0.9459138512611389, "eval_accuracy": 0.6029999852180481, "eval_mae": 0.458, "eval_runtime": 17.1404, "eval_samples_per_second": 291.709}