{"eval_loss": 1.0211567878723145, "eval_accuracy": 0.5702000260353088, "eval_mae": 0.5076, "eval_runtime": 16.6462, "eval_samples_per_second": 300.37}