{"eval_loss": 0.9466344714164734, "eval_accuracy": 0.6050000190734863, "eval_mae": 0.4566, "eval_runtime": 16.4737, "eval_samples_per_second": 303.514}