{"eval_loss": 1.2388023138046265, "eval_accuracy": 0.49720001220703125, "eval_mae": 0.6474, "eval_runtime": 27.6468, "eval_samples_per_second": 180.853}