{"eval_loss": 1.013288140296936, "eval_accuracy": 0.5794000029563904, "eval_mae": 0.483, "eval_runtime": 16.7953, "eval_samples_per_second": 297.703}