{"eval_loss": 1.2298301458358765, "eval_accuracy": 0.5067999958992004, "eval_mae": 0.6214, "eval_runtime": 32.1733, "eval_samples_per_second": 155.408}