{"eval_loss": 1.0784823894500732, "eval_accuracy": 0.5582000017166138, "eval_mae": 0.531, "eval_runtime": 26.7222, "eval_samples_per_second": 187.111}