{"eval_loss": 1.2283070087432861, "eval_accuracy": 0.4986000061035156, "eval_mae": 0.6032, "eval_runtime": 18.3755, "eval_samples_per_second": 272.101}