{"eval_loss": 1.1560124158859253, "eval_accuracy": 0.5023999810218811, "eval_mae": 0.589, "eval_runtime": 17.2486, "eval_samples_per_second": 289.878}