{"eval_loss": 1.018599271774292, "eval_accuracy": 0.5812000036239624, "eval_mae": 0.4938, "eval_runtime": 30.0337, "eval_samples_per_second": 166.48}