{"eval_loss": 0.9498918652534485, "eval_accuracy": 0.6047999858856201, "eval_mae": 0.4512, "eval_runtime": 19.7288, "eval_samples_per_second": 253.436}