{"eval_loss": 0.9460545182228088, "eval_accuracy": 0.6057999730110168, "eval_mae": 0.456, "eval_runtime": 17.2586, "eval_samples_per_second": 289.711}