{"eval_loss": 1.3557908535003662, "eval_accuracy": 0.48500001430511475, "eval_mae": 0.6712, "eval_runtime": 18.263, "eval_samples_per_second": 273.777}