{"eval_loss": 1.0046157836914062, "eval_accuracy": 0.5758000016212463, "eval_mae": 0.4954, "eval_runtime": 17.1501, "eval_samples_per_second": 291.544}