{"eval_loss": 0.9786086082458496, "eval_accuracy": 0.5812000036239624, "eval_mae": 0.4886, "eval_runtime": 17.2261, "eval_samples_per_second": 290.257}