{"eval_loss": 0.9607594609260559, "eval_accuracy": 0.5934000015258789, "eval_mae": 0.4822, "eval_runtime": 16.7665, "eval_samples_per_second": 298.214}