{"eval_loss": 1.0809353590011597, "eval_accuracy": 0.5580000281333923, "eval_mae": 0.5314, "eval_runtime": 18.9159, "eval_samples_per_second": 264.328}