{"eval_loss": 1.0278663635253906, "eval_accuracy": 0.545199990272522, "eval_mae": 0.5394, "eval_runtime": 17.4299, "eval_samples_per_second": 286.863}