{"eval_loss": 1.0291056632995605, "eval_accuracy": 0.5472000241279602, "eval_mae": 0.538, "eval_runtime": 16.6891, "eval_samples_per_second": 299.597}