{"eval_loss": 1.0250349044799805, "eval_accuracy": 0.5537999868392944, "eval_mae": 0.5382, "eval_runtime": 16.8102, "eval_samples_per_second": 297.438}