{"eval_loss": 1.0319437980651855, "eval_accuracy": 0.5425999760627747, "eval_mae": 0.5418, "eval_runtime": 16.8002, "eval_samples_per_second": 297.615}