{"eval_loss": 1.4417427778244019, "eval_accuracy": 0.43959999084472656, "eval_mae": 0.7286, "eval_runtime": 19.1518, "eval_samples_per_second": 261.072}