{"eval_loss": 1.0455089807510376, "eval_accuracy": 0.5613999962806702, "eval_mae": 0.5074, "eval_runtime": 22.3541, "eval_samples_per_second": 223.672}