{"eval_loss": 1.0536413192749023, "eval_accuracy": 0.5264000296592712, "eval_mae": 0.5712, "eval_runtime": 16.8692, "eval_samples_per_second": 296.399}