{"eval_loss": 1.0302660465240479, "eval_accuracy": 0.5428000092506409, "eval_mae": 0.5416, "eval_runtime": 16.4867, "eval_samples_per_second": 303.275}