{"eval_loss": 0.9613327980041504, "eval_accuracy": 0.5935999751091003, "eval_mae": 0.4822, "eval_runtime": 16.9032, "eval_samples_per_second": 295.802}