{"eval_loss": 1.338469386100769, "eval_accuracy": 0.4675999879837036, "eval_mae": 0.6874, "eval_runtime": 19.6396, "eval_samples_per_second": 254.588}