{"eval_loss": 1.156698226928711, "eval_accuracy": 0.4984000027179718, "eval_mae": 0.5928, "eval_runtime": 17.4423, "eval_samples_per_second": 286.66}