{"eval_loss": 1.3447624444961548, "eval_accuracy": 0.48339998722076416, "eval_mae": 0.669, "eval_runtime": 18.5474, "eval_samples_per_second": 269.58}