{"eval_loss": 1.0785692930221558, "eval_accuracy": 0.5583999752998352, "eval_mae": 0.5308, "eval_runtime": 26.0581, "eval_samples_per_second": 191.879}