{"eval_loss": 1.0635826587677002, "eval_accuracy": 0.5582000017166138, "eval_mae": 0.5208, "eval_runtime": 18.3093, "eval_samples_per_second": 273.085}