{"eval_loss": 1.006810188293457, "eval_accuracy": 0.5932000279426575, "eval_mae": 0.4682, "eval_runtime": 17.2284, "eval_samples_per_second": 290.219}