{"eval_loss": 1.0130367279052734, "eval_accuracy": 0.5658000111579895, "eval_mae": 0.5062, "eval_runtime": 16.3772, "eval_samples_per_second": 305.303}