{"eval_loss": 0.9370785355567932, "eval_accuracy": 0.6001999974250793, "eval_mae": 0.4564, "eval_runtime": 17.0375, "eval_samples_per_second": 293.47}