{"eval_loss": 1.14786958694458, "eval_accuracy": 0.5468000173568726, "eval_mae": 0.584, "eval_runtime": 16.4108, "eval_samples_per_second": 304.677}