{"eval_loss": 1.366951584815979, "eval_accuracy": 0.4562000036239624, "eval_mae": 0.7344, "eval_runtime": 17.5179, "eval_samples_per_second": 285.422}