{"eval_loss": 1.0072468519210815, "eval_accuracy": 0.592199981212616, "eval_mae": 0.469, "eval_runtime": 16.5222, "eval_samples_per_second": 302.623}