{"eval_loss": 1.0861754417419434, "eval_accuracy": 0.5475999712944031, "eval_mae": 0.541, "eval_runtime": 28.6946, "eval_samples_per_second": 174.249}