{"eval_loss": 1.006608247756958, "eval_accuracy": 0.5943999886512756, "eval_mae": 0.467, "eval_runtime": 17.1686, "eval_samples_per_second": 291.229}