{"eval_loss": 1.0124545097351074, "eval_accuracy": 0.5669999718666077, "eval_mae": 0.5038, "eval_runtime": 17.0773, "eval_samples_per_second": 292.786}