{"eval_loss": 1.0462454557418823, "eval_accuracy": 0.5558000206947327, "eval_mae": 0.5136, "eval_runtime": 18.3492, "eval_samples_per_second": 272.491}