{"eval_loss": 1.084804892539978, "eval_accuracy": 0.5735999941825867, "eval_mae": 0.5126, "eval_runtime": 17.892, "eval_samples_per_second": 279.455}