{"eval_loss": 0.8886972665786743, "eval_accuracy": 0.6388000249862671, "eval_mae": 0.4116, "eval_runtime": 28.3787, "eval_samples_per_second": 176.189}