{"eval_loss": 1.3429994583129883, "eval_accuracy": 0.4747999906539917, "eval_mae": 0.6942, "eval_runtime": 16.2678, "eval_samples_per_second": 307.356}