{"eval_loss": 1.0537971258163452, "eval_accuracy": 0.5264000296592712, "eval_mae": 0.5702, "eval_runtime": 15.6983, "eval_samples_per_second": 318.506}