{"eval_loss": 1.155935525894165, "eval_accuracy": 0.4991999864578247, "eval_mae": 0.5916, "eval_runtime": 17.3395, "eval_samples_per_second": 288.36}