{"eval_loss": 1.0125362873077393, "eval_accuracy": 0.5794000029563904, "eval_mae": 0.4816, "eval_runtime": 17.5185, "eval_samples_per_second": 285.413}