{"eval_loss": 1.2288562059402466, "eval_accuracy": 0.5063999891281128, "eval_mae": 0.6208, "eval_runtime": 23.6863, "eval_samples_per_second": 211.093}