{"eval_loss": 0.9353525638580322, "eval_accuracy": 0.6021999716758728, "eval_mae": 0.4538, "eval_runtime": 17.0677, "eval_samples_per_second": 292.951}