{"eval_loss": 1.1486635208129883, "eval_accuracy": 0.5479999780654907, "eval_mae": 0.5848, "eval_runtime": 16.8234, "eval_samples_per_second": 297.204}