{"eval_loss": 1.1760748624801636, "eval_accuracy": 0.5037999749183655, "eval_mae": 0.5918, "eval_runtime": 17.341, "eval_samples_per_second": 288.333}