{"eval_loss": 1.0770037174224854, "eval_accuracy": 0.5544000267982483, "eval_mae": 0.5666, "eval_runtime": 20.7234, "eval_samples_per_second": 241.273}