{"eval_loss": 1.1565736532211304, "eval_accuracy": 0.49939998984336853, "eval_mae": 0.5918, "eval_runtime": 17.2852, "eval_samples_per_second": 289.266}