{"eval_loss": 1.0183497667312622, "eval_accuracy": 0.5809999704360962, "eval_mae": 0.494, "eval_runtime": 18.7066, "eval_samples_per_second": 267.286}