{"eval_loss": 1.0786792039871216, "eval_accuracy": 0.5587999820709229, "eval_mae": 0.5304, "eval_runtime": 32.0767, "eval_samples_per_second": 155.876}