{"eval_loss": 1.3429081439971924, "eval_accuracy": 0.4758000075817108, "eval_mae": 0.6934, "eval_runtime": 17.0637, "eval_samples_per_second": 293.02}