{"eval_loss": 1.2290394306182861, "eval_accuracy": 0.5055999755859375, "eval_mae": 0.6216, "eval_runtime": 24.1512, "eval_samples_per_second": 207.029}