{"eval_loss": 0.946032702922821, "eval_accuracy": 0.6046000123023987, "eval_mae": 0.4574, "eval_runtime": 17.2783, "eval_samples_per_second": 289.38}