{"eval_loss": 1.0859031677246094, "eval_accuracy": 0.5479999780654907, "eval_mae": 0.5408, "eval_runtime": 20.6894, "eval_samples_per_second": 241.669}