{"eval_loss": 1.0121865272521973, "eval_accuracy": 0.5788000226020813, "eval_mae": 0.4838, "eval_runtime": 17.5586, "eval_samples_per_second": 284.761}