{"eval_loss": 1.1766599416732788, "eval_accuracy": 0.5037999749183655, "eval_mae": 0.5906, "eval_runtime": 17.3374, "eval_samples_per_second": 288.394}