{"eval_loss": 1.3484550714492798, "eval_accuracy": 0.47119998931884766, "eval_mae": 0.6908, "eval_runtime": 17.6039, "eval_samples_per_second": 284.027}