{"eval_loss": 1.0466578006744385, "eval_accuracy": 0.5618000030517578, "eval_mae": 0.5086, "eval_runtime": 19.7129, "eval_samples_per_second": 253.642}