{"eval_loss": 1.2359507083892822, "eval_accuracy": 0.49559998512268066, "eval_mae": 0.648, "eval_runtime": 23.3939, "eval_samples_per_second": 213.731}