{"eval_loss": 1.3522753715515137, "eval_accuracy": 0.48539999127388, "eval_mae": 0.6724, "eval_runtime": 18.4019, "eval_samples_per_second": 271.711}