{"eval_loss": 1.0168490409851074, "eval_accuracy": 0.5770000219345093, "eval_mae": 0.5008, "eval_runtime": 18.1148, "eval_samples_per_second": 276.018}