{"eval_loss": 1.1564167737960815, "eval_accuracy": 0.4991999864578247, "eval_mae": 0.5912, "eval_runtime": 17.2145, "eval_samples_per_second": 290.452}