{"eval_loss": 1.433700442314148, "eval_accuracy": 0.44359999895095825, "eval_mae": 0.724, "eval_runtime": 18.984, "eval_samples_per_second": 263.38}