{"eval_loss": 1.0173794031143188, "eval_accuracy": 0.578000009059906, "eval_mae": 0.4844, "eval_runtime": 17.4846, "eval_samples_per_second": 285.965}