{"eval_loss": 1.0321781635284424, "eval_accuracy": 0.5424000024795532, "eval_mae": 0.5438, "eval_runtime": 16.7763, "eval_samples_per_second": 298.04}