{"eval_loss": 1.0538854598999023, "eval_accuracy": 0.5264000296592712, "eval_mae": 0.5708, "eval_runtime": 16.5047, "eval_samples_per_second": 302.943}