{"eval_loss": 0.9793939590454102, "eval_accuracy": 0.5807999968528748, "eval_mae": 0.4878, "eval_runtime": 17.2661, "eval_samples_per_second": 289.584}