{"eval_loss": 1.3395187854766846, "eval_accuracy": 0.46779999136924744, "eval_mae": 0.6892, "eval_runtime": 24.9592, "eval_samples_per_second": 200.327}