{"eval_loss": 1.392635703086853, "eval_accuracy": 0.4805999994277954, "eval_mae": 0.674, "eval_runtime": 21.0204, "eval_samples_per_second": 237.864}