{"eval_loss": 1.0177544355392456, "eval_accuracy": 0.5785999894142151, "eval_mae": 0.483, "eval_runtime": 16.9707, "eval_samples_per_second": 294.626}