{"eval_loss": 0.9497347474098206, "eval_accuracy": 0.6078000068664551, "eval_mae": 0.4494, "eval_runtime": 23.0517, "eval_samples_per_second": 216.904}