{"eval_loss": 1.0152324438095093, "eval_accuracy": 0.5809999704360962, "eval_mae": 0.4812, "eval_runtime": 17.5825, "eval_samples_per_second": 284.374}