{"eval_loss": 1.0146408081054688, "eval_accuracy": 0.5658000111579895, "eval_mae": 0.506, "eval_runtime": 16.2861, "eval_samples_per_second": 307.011}