{"eval_loss": 0.9478166699409485, "eval_accuracy": 0.6087999939918518, "eval_mae": 0.4476, "eval_runtime": 20.2034, "eval_samples_per_second": 247.483}