{"eval_loss": 1.0803583860397339, "eval_accuracy": 0.5559999942779541, "eval_mae": 0.5652, "eval_runtime": 18.9039, "eval_samples_per_second": 264.496}