{"eval_loss": 1.085789680480957, "eval_accuracy": 0.5475999712944031, "eval_mae": 0.5412, "eval_runtime": 20.5687, "eval_samples_per_second": 243.088}