{"eval_loss": 1.3672105073928833, "eval_accuracy": 0.45879998803138733, "eval_mae": 0.7306, "eval_runtime": 17.3437, "eval_samples_per_second": 288.29}