{"eval_loss": 1.3521205186843872, "eval_accuracy": 0.48260000348091125, "eval_mae": 0.6724, "eval_runtime": 17.6818, "eval_samples_per_second": 282.777}