{"eval_loss": 1.3450636863708496, "eval_accuracy": 0.475600004196167, "eval_mae": 0.6972, "eval_runtime": 16.9504, "eval_samples_per_second": 294.979}