{"eval_loss": 0.991204023361206, "eval_accuracy": 0.5676000118255615, "eval_mae": 0.5124, "eval_runtime": 16.3135, "eval_samples_per_second": 306.495}