{"eval_loss": 1.0269664525985718, "eval_accuracy": 0.545199990272522, "eval_mae": 0.5386, "eval_runtime": 16.7194, "eval_samples_per_second": 299.054}