{"eval_loss": 1.2389695644378662, "eval_accuracy": 0.49720001220703125, "eval_mae": 0.6476, "eval_runtime": 19.2842, "eval_samples_per_second": 259.279}