{"eval_loss": 1.2402455806732178, "eval_accuracy": 0.49720001220703125, "eval_mae": 0.6486, "eval_runtime": 19.5279, "eval_samples_per_second": 256.043}