{"eval_loss": 1.1533805131912231, "eval_accuracy": 0.503000020980835, "eval_mae": 0.5882, "eval_runtime": 17.4027, "eval_samples_per_second": 287.311}