{"eval_loss": 1.3555335998535156, "eval_accuracy": 0.4812000095844269, "eval_mae": 0.6734, "eval_runtime": 18.0503, "eval_samples_per_second": 277.004}