{"eval_loss": 1.0064321756362915, "eval_accuracy": 0.574999988079071, "eval_mae": 0.4962, "eval_runtime": 17.2618, "eval_samples_per_second": 289.656}