{"eval_loss": 0.9491431713104248, "eval_accuracy": 0.5899999737739563, "eval_mae": 0.4638, "eval_runtime": 16.2727, "eval_samples_per_second": 307.263}