{"eval_loss": 1.3689111471176147, "eval_accuracy": 0.45739999413490295, "eval_mae": 0.7332, "eval_runtime": 16.6665, "eval_samples_per_second": 300.002}