{"eval_loss": 1.02424955368042, "eval_accuracy": 0.5529999732971191, "eval_mae": 0.5396, "eval_runtime": 17.3393, "eval_samples_per_second": 288.363}