{"eval_loss": 1.2278258800506592, "eval_accuracy": 0.5088000297546387, "eval_mae": 0.6182, "eval_runtime": 18.9049, "eval_samples_per_second": 264.482}