{"eval_loss": 1.0511910915374756, "eval_accuracy": 0.5270000100135803, "eval_mae": 0.5708, "eval_runtime": 15.942, "eval_samples_per_second": 313.636}