{"eval_loss": 0.9491990208625793, "eval_accuracy": 0.5899999737739563, "eval_mae": 0.4632, "eval_runtime": 16.5771, "eval_samples_per_second": 301.621}