{"eval_loss": 1.177107572555542, "eval_accuracy": 0.503600001335144, "eval_mae": 0.5914, "eval_runtime": 17.5397, "eval_samples_per_second": 285.068}