{"eval_loss": 0.9873142838478088, "eval_accuracy": 0.5722000002861023, "eval_mae": 0.5044, "eval_runtime": 17.4391, "eval_samples_per_second": 286.713}