{"eval_loss": 1.0861644744873047, "eval_accuracy": 0.5478000044822693, "eval_mae": 0.541, "eval_runtime": 34.8407, "eval_samples_per_second": 143.51}