{"eval_loss": 0.9460334181785583, "eval_accuracy": 0.6050000190734863, "eval_mae": 0.457, "eval_runtime": 17.1991, "eval_samples_per_second": 290.713}