{"eval_loss": 1.0539212226867676, "eval_accuracy": 0.5284000039100647, "eval_mae": 0.5688, "eval_runtime": 16.8825, "eval_samples_per_second": 296.165}