{"eval_loss": 1.0128071308135986, "eval_accuracy": 0.5794000029563904, "eval_mae": 0.482, "eval_runtime": 16.8244, "eval_samples_per_second": 297.187}