{"eval_loss": 1.029237151145935, "eval_accuracy": 0.5440000295639038, "eval_mae": 0.5422, "eval_runtime": 16.7156, "eval_samples_per_second": 299.122}