{"eval_loss": 1.1556059122085571, "eval_accuracy": 0.5012000203132629, "eval_mae": 0.589, "eval_runtime": 16.7645, "eval_samples_per_second": 298.249}