{"eval_loss": 1.0457834005355835, "eval_accuracy": 0.5618000030517578, "eval_mae": 0.5074, "eval_runtime": 18.4821, "eval_samples_per_second": 270.533}