{"eval_loss": 0.8901962041854858, "eval_accuracy": 0.6367999911308289, "eval_mae": 0.4144, "eval_runtime": 21.6793, "eval_samples_per_second": 230.635}