{"eval_loss": 1.0183687210083008, "eval_accuracy": 0.5789999961853027, "eval_mae": 0.4834, "eval_runtime": 17.4462, "eval_samples_per_second": 286.595}