{"eval_loss": 0.9498840570449829, "eval_accuracy": 0.6055999994277954, "eval_mae": 0.4504, "eval_runtime": 18.5804, "eval_samples_per_second": 269.101}