{"eval_loss": 1.0532807111740112, "eval_accuracy": 0.5266000032424927, "eval_mae": 0.5702, "eval_runtime": 16.3721, "eval_samples_per_second": 305.398}