{"eval_loss": 0.9512390494346619, "eval_accuracy": 0.6204000115394592, "eval_mae": 0.4306, "eval_runtime": 17.3719, "eval_samples_per_second": 287.821}