{"eval_loss": 0.9474375247955322, "eval_accuracy": 0.5942000150680542, "eval_mae": 0.468, "eval_runtime": 18.7427, "eval_samples_per_second": 266.771}