{"eval_loss": 1.3441381454467773, "eval_accuracy": 0.475600004196167, "eval_mae": 0.6946, "eval_runtime": 15.9232, "eval_samples_per_second": 314.007}