{"eval_loss": 1.0222378969192505, "eval_accuracy": 0.5703999996185303, "eval_mae": 0.508, "eval_runtime": 17.4214, "eval_samples_per_second": 287.004}