{"eval_loss": 0.936561107635498, "eval_accuracy": 0.6011999845504761, "eval_mae": 0.4548, "eval_runtime": 17.1022, "eval_samples_per_second": 292.36}