{"eval_loss": 1.3928812742233276, "eval_accuracy": 0.4781999886035919, "eval_mae": 0.6778, "eval_runtime": 18.6577, "eval_samples_per_second": 267.986}