{"eval_loss": 0.9487724900245667, "eval_accuracy": 0.590399980545044, "eval_mae": 0.4634, "eval_runtime": 17.2526, "eval_samples_per_second": 289.812}