{"eval_loss": 1.0622005462646484, "eval_accuracy": 0.557200014591217, "eval_mae": 0.5216, "eval_runtime": 18.3928, "eval_samples_per_second": 271.845}