{"eval_loss": 1.0625505447387695, "eval_accuracy": 0.5573999881744385, "eval_mae": 0.5222, "eval_runtime": 18.3152, "eval_samples_per_second": 272.998}