{"eval_loss": 0.9486016631126404, "eval_accuracy": 0.5898000001907349, "eval_mae": 0.4642, "eval_runtime": 16.8478, "eval_samples_per_second": 296.774}