{"eval_loss": 0.9509319067001343, "eval_accuracy": 0.6209999918937683, "eval_mae": 0.4286, "eval_runtime": 17.4501, "eval_samples_per_second": 286.532}