{"eval_loss": 1.2245965003967285, "eval_accuracy": 0.5070000290870667, "eval_mae": 0.6206, "eval_runtime": 18.69, "eval_samples_per_second": 267.523}