{"eval_loss": 1.2306944131851196, "eval_accuracy": 0.49880000948905945, "eval_mae": 0.6048, "eval_runtime": 18.487, "eval_samples_per_second": 270.46}