{"eval_loss": 0.9477478265762329, "eval_accuracy": 0.5920000076293945, "eval_mae": 0.4706, "eval_runtime": 19.4461, "eval_samples_per_second": 257.121}