{"eval_loss": 1.0166501998901367, "eval_accuracy": 0.5785999894142151, "eval_mae": 0.4838, "eval_runtime": 16.8217, "eval_samples_per_second": 297.235}