{"eval_loss": 1.0800542831420898, "eval_accuracy": 0.5559999942779541, "eval_mae": 0.5654, "eval_runtime": 18.269, "eval_samples_per_second": 273.688}