{"eval_loss": 1.2405813932418823, "eval_accuracy": 0.5009999871253967, "eval_mae": 0.5952, "eval_runtime": 19.7683, "eval_samples_per_second": 252.93}