{"eval_loss": 0.9480206966400146, "eval_accuracy": 0.5925999879837036, "eval_mae": 0.4696, "eval_runtime": 18.8662, "eval_samples_per_second": 265.025}