{"eval_loss": 1.0198163986206055, "eval_accuracy": 0.5680000185966492, "eval_mae": 0.5084, "eval_runtime": 17.3384, "eval_samples_per_second": 288.376}