{"eval_loss": 1.23554265499115, "eval_accuracy": 0.49779999256134033, "eval_mae": 0.608, "eval_runtime": 18.4551, "eval_samples_per_second": 270.928}