{"eval_loss": 1.0780609846115112, "eval_accuracy": 0.5583999752998352, "eval_mae": 0.5308, "eval_runtime": 18.2855, "eval_samples_per_second": 273.441}