{"eval_loss": 0.9470729231834412, "eval_accuracy": 0.5929999947547913, "eval_mae": 0.469, "eval_runtime": 18.8087, "eval_samples_per_second": 265.834}