{"eval_loss": 1.005826711654663, "eval_accuracy": 0.5748000144958496, "eval_mae": 0.497, "eval_runtime": 16.3227, "eval_samples_per_second": 306.321}