{"eval_loss": 1.3430298566818237, "eval_accuracy": 0.4747999906539917, "eval_mae": 0.6942, "eval_runtime": 16.8937, "eval_samples_per_second": 295.968}