{"eval_loss": 1.175394892692566, "eval_accuracy": 0.5001999735832214, "eval_mae": 0.5954, "eval_runtime": 17.3844, "eval_samples_per_second": 287.614}