{"eval_loss": 0.8886096477508545, "eval_accuracy": 0.6373999714851379, "eval_mae": 0.4136, "eval_runtime": 18.2984, "eval_samples_per_second": 273.248}