{"eval_loss": 1.017503023147583, "eval_accuracy": 0.5794000029563904, "eval_mae": 0.4954, "eval_runtime": 20.9216, "eval_samples_per_second": 238.987}