{"eval_loss": 1.3521875143051147, "eval_accuracy": 0.48339998722076416, "eval_mae": 0.6716, "eval_runtime": 19.5675, "eval_samples_per_second": 255.526}