{"eval_loss": 1.1768122911453247, "eval_accuracy": 0.5026000142097473, "eval_mae": 0.5914, "eval_runtime": 17.3904, "eval_samples_per_second": 287.515}