{"eval_loss": 1.0537452697753906, "eval_accuracy": 0.5288000106811523, "eval_mae": 0.5686, "eval_runtime": 16.9718, "eval_samples_per_second": 294.607}