{"eval_loss": 1.0136234760284424, "eval_accuracy": 0.5673999786376953, "eval_mae": 0.5028, "eval_runtime": 16.3414, "eval_samples_per_second": 305.971}