{"eval_loss": 1.0068144798278809, "eval_accuracy": 0.5935999751091003, "eval_mae": 0.468, "eval_runtime": 17.4927, "eval_samples_per_second": 285.834}