{"eval_loss": 1.0539146661758423, "eval_accuracy": 0.5275999903678894, "eval_mae": 0.5696, "eval_runtime": 16.8631, "eval_samples_per_second": 296.506}