{"eval_loss": 1.0210448503494263, "eval_accuracy": 0.5699999928474426, "eval_mae": 0.5084, "eval_runtime": 16.1357, "eval_samples_per_second": 309.872}