{"eval_loss": 0.9785597920417786, "eval_accuracy": 0.5820000171661377, "eval_mae": 0.4884, "eval_runtime": 17.7107, "eval_samples_per_second": 282.315}