{"eval_loss": 1.2293004989624023, "eval_accuracy": 0.5063999891281128, "eval_mae": 0.6216, "eval_runtime": 18.909, "eval_samples_per_second": 264.424}