{"eval_loss": 1.3674062490463257, "eval_accuracy": 0.45719999074935913, "eval_mae": 0.732, "eval_runtime": 16.7229, "eval_samples_per_second": 298.99}