{"eval_loss": 1.011852502822876, "eval_accuracy": 0.5799999833106995, "eval_mae": 0.482, "eval_runtime": 17.4588, "eval_samples_per_second": 286.389}