{"eval_loss": 1.368044376373291, "eval_accuracy": 0.4569999873638153, "eval_mae": 0.7332, "eval_runtime": 17.35, "eval_samples_per_second": 288.184}