{"eval_loss": 1.176631212234497, "eval_accuracy": 0.5040000081062317, "eval_mae": 0.5912, "eval_runtime": 17.2893, "eval_samples_per_second": 289.195}