{"eval_loss": 1.0217396020889282, "eval_accuracy": 0.5702000260353088, "eval_mae": 0.5078, "eval_runtime": 17.2366, "eval_samples_per_second": 290.081}