{"eval_loss": 1.2420765161514282, "eval_accuracy": 0.49959999322891235, "eval_mae": 0.5958, "eval_runtime": 19.0134, "eval_samples_per_second": 262.972}