{"eval_loss": 1.0459227561950684, "eval_accuracy": 0.5612000226974487, "eval_mae": 0.5078, "eval_runtime": 19.2103, "eval_samples_per_second": 260.278}