{"eval_loss": 1.0628324747085571, "eval_accuracy": 0.5577999949455261, "eval_mae": 0.521, "eval_runtime": 18.3236, "eval_samples_per_second": 272.872}