{"eval_loss": 1.0172380208969116, "eval_accuracy": 0.5703999996185303, "eval_mae": 0.509, "eval_runtime": 16.516, "eval_samples_per_second": 302.736}