{"eval_loss": 0.951636791229248, "eval_accuracy": 0.6204000115394592, "eval_mae": 0.4306, "eval_runtime": 17.4186, "eval_samples_per_second": 287.049}