{"eval_loss": 1.1766213178634644, "eval_accuracy": 0.5023999810218811, "eval_mae": 0.5916, "eval_runtime": 17.3811, "eval_samples_per_second": 287.669}