{"eval_loss": 1.0320029258728027, "eval_accuracy": 0.5411999821662903, "eval_mae": 0.544, "eval_runtime": 16.7812, "eval_samples_per_second": 297.953}