{"eval_loss": 1.0442748069763184, "eval_accuracy": 0.5637999773025513, "eval_mae": 0.5054, "eval_runtime": 21.9502, "eval_samples_per_second": 227.789}