{"eval_loss": 0.948810338973999, "eval_accuracy": 0.5910000205039978, "eval_mae": 0.4628, "eval_runtime": 16.6214, "eval_samples_per_second": 300.817}