{"eval_loss": 1.0259740352630615, "eval_accuracy": 0.5565999746322632, "eval_mae": 0.5358, "eval_runtime": 17.4248, "eval_samples_per_second": 286.947}