{"eval_loss": 1.0068330764770508, "eval_accuracy": 0.5924000144004822, "eval_mae": 0.4692, "eval_runtime": 17.2168, "eval_samples_per_second": 290.415}