{"eval_loss": 0.9546933770179749, "eval_accuracy": 0.5985999703407288, "eval_mae": 0.46, "eval_runtime": 17.5443, "eval_samples_per_second": 284.992}