{"eval_loss": 1.0802310705184937, "eval_accuracy": 0.5564000010490417, "eval_mae": 0.5648, "eval_runtime": 18.1283, "eval_samples_per_second": 275.812}