{"eval_loss": 1.053005576133728, "eval_accuracy": 0.5302000045776367, "eval_mae": 0.5662, "eval_runtime": 16.9854, "eval_samples_per_second": 294.371}