{"eval_loss": 1.229644536972046, "eval_accuracy": 0.49779999256134033, "eval_mae": 0.6054, "eval_runtime": 18.4257, "eval_samples_per_second": 271.36}