{"eval_loss": 1.000534176826477, "eval_accuracy": 0.5748000144958496, "eval_mae": 0.4978, "eval_runtime": 16.4306, "eval_samples_per_second": 304.31}