{"eval_loss": 1.0249673128128052, "eval_accuracy": 0.5533999800682068, "eval_mae": 0.5372, "eval_runtime": 17.1819, "eval_samples_per_second": 291.003}