{"eval_loss": 1.0623990297317505, "eval_accuracy": 0.5577999949455261, "eval_mae": 0.5212, "eval_runtime": 27.0443, "eval_samples_per_second": 184.882}