{"eval_loss": 1.0302488803863525, "eval_accuracy": 0.5429999828338623, "eval_mae": 0.5412, "eval_runtime": 16.8165, "eval_samples_per_second": 297.327}