{"eval_loss": 1.2295453548431396, "eval_accuracy": 0.5054000020027161, "eval_mae": 0.622, "eval_runtime": 19.4773, "eval_samples_per_second": 256.709}