{"eval_loss": 0.9477148652076721, "eval_accuracy": 0.5910000205039978, "eval_mae": 0.4624, "eval_runtime": 16.6694, "eval_samples_per_second": 299.951}