{"eval_loss": 1.0803691148757935, "eval_accuracy": 0.5558000206947327, "eval_mae": 0.566, "eval_runtime": 23.7755, "eval_samples_per_second": 210.3}