{"eval_loss": 1.086792230606079, "eval_accuracy": 0.5486000180244446, "eval_mae": 0.5402, "eval_runtime": 22.5107, "eval_samples_per_second": 222.117}