{"eval_loss": 1.0755648612976074, "eval_accuracy": 0.5590000152587891, "eval_mae": 0.5638, "eval_runtime": 21.1468, "eval_samples_per_second": 236.443}