{"eval_loss": 1.3476669788360596, "eval_accuracy": 0.4733999967575073, "eval_mae": 0.6876, "eval_runtime": 17.9206, "eval_samples_per_second": 279.009}