{"eval_loss": 1.3902300596237183, "eval_accuracy": 0.47940000891685486, "eval_mae": 0.6756, "eval_runtime": 19.1356, "eval_samples_per_second": 261.293}