{"eval_loss": 1.2315013408660889, "eval_accuracy": 0.5026000142097473, "eval_mae": 0.6018, "eval_runtime": 18.0681, "eval_samples_per_second": 276.731}