{"eval_loss": 1.0844172239303589, "eval_accuracy": 0.5555999875068665, "eval_mae": 0.535, "eval_runtime": 19.7709, "eval_samples_per_second": 252.896}