{"eval_loss": 1.3398092985153198, "eval_accuracy": 0.4681999981403351, "eval_mae": 0.6878, "eval_runtime": 19.7806, "eval_samples_per_second": 252.773}