{"eval_loss": 1.0190937519073486, "eval_accuracy": 0.5807999968528748, "eval_mae": 0.494, "eval_runtime": 22.434, "eval_samples_per_second": 222.876}