{"eval_loss": 0.9497315287590027, "eval_accuracy": 0.607200026512146, "eval_mae": 0.4488, "eval_runtime": 21.4478, "eval_samples_per_second": 233.125}