{"eval_loss": 1.0208461284637451, "eval_accuracy": 0.5694000124931335, "eval_mae": 0.5094, "eval_runtime": 17.2677, "eval_samples_per_second": 289.557}