{"eval_loss": 1.079370141029358, "eval_accuracy": 0.5550000071525574, "eval_mae": 0.5646, "eval_runtime": 21.8571, "eval_samples_per_second": 228.758}