{"eval_loss": 1.147214412689209, "eval_accuracy": 0.5522000193595886, "eval_mae": 0.575, "eval_runtime": 17.4298, "eval_samples_per_second": 286.864}