{"eval_loss": 0.9488840103149414, "eval_accuracy": 0.5929999947547913, "eval_mae": 0.4602, "eval_runtime": 16.6491, "eval_samples_per_second": 300.316}