{"eval_loss": 1.1456856727600098, "eval_accuracy": 0.5460000038146973, "eval_mae": 0.581, "eval_runtime": 16.4352, "eval_samples_per_second": 304.225}