{"eval_loss": 1.4015408754348755, "eval_accuracy": 0.47440001368522644, "eval_mae": 0.6802, "eval_runtime": 18.8489, "eval_samples_per_second": 265.268}