{"eval_loss": 1.0461045503616333, "eval_accuracy": 0.5612000226974487, "eval_mae": 0.508, "eval_runtime": 19.0974, "eval_samples_per_second": 261.816}