{"eval_loss": 1.018642544746399, "eval_accuracy": 0.5812000036239624, "eval_mae": 0.4936, "eval_runtime": 37.4407, "eval_samples_per_second": 133.544}