{"eval_loss": 1.0859549045562744, "eval_accuracy": 0.5482000112533569, "eval_mae": 0.5402, "eval_runtime": 33.7859, "eval_samples_per_second": 147.991}