{"eval_loss": 0.9358124136924744, "eval_accuracy": 0.6007999777793884, "eval_mae": 0.4546, "eval_runtime": 17.0418, "eval_samples_per_second": 293.396}