{"eval_loss": 1.22966730594635, "eval_accuracy": 0.49959999322891235, "eval_mae": 0.6028, "eval_runtime": 18.3792, "eval_samples_per_second": 272.046}