{"eval_loss": 0.961113691329956, "eval_accuracy": 0.5914000272750854, "eval_mae": 0.4848, "eval_runtime": 17.2937, "eval_samples_per_second": 289.123}