{"eval_loss": 1.0631746053695679, "eval_accuracy": 0.5576000213623047, "eval_mae": 0.5216, "eval_runtime": 17.7391, "eval_samples_per_second": 281.864}