{"eval_loss": 1.1470544338226318, "eval_accuracy": 0.5493999719619751, "eval_mae": 0.5814, "eval_runtime": 16.4379, "eval_samples_per_second": 304.175}