{"eval_loss": 1.346376657485962, "eval_accuracy": 0.4763999879360199, "eval_mae": 0.6938, "eval_runtime": 16.8722, "eval_samples_per_second": 296.345}