{"eval_loss": 1.014588475227356, "eval_accuracy": 0.5669999718666077, "eval_mae": 0.5048, "eval_runtime": 17.041, "eval_samples_per_second": 293.41}