{"eval_loss": 0.9461740255355835, "eval_accuracy": 0.6051999926567078, "eval_mae": 0.4568, "eval_runtime": 16.4208, "eval_samples_per_second": 304.491}