{"eval_loss": 0.980078935623169, "eval_accuracy": 0.5812000036239624, "eval_mae": 0.49, "eval_runtime": 17.3809, "eval_samples_per_second": 287.672}