{"eval_loss": 1.0244396924972534, "eval_accuracy": 0.5546000003814697, "eval_mae": 0.5358, "eval_runtime": 17.315, "eval_samples_per_second": 288.767}