{"eval_loss": 0.9477077126502991, "eval_accuracy": 0.5929999947547913, "eval_mae": 0.47, "eval_runtime": 18.4407, "eval_samples_per_second": 271.139}