{"eval_loss": 0.9780390858650208, "eval_accuracy": 0.5830000042915344, "eval_mae": 0.4876, "eval_runtime": 17.306, "eval_samples_per_second": 288.917}