{"eval_loss": 1.2292397022247314, "eval_accuracy": 0.5067999958992004, "eval_mae": 0.621, "eval_runtime": 37.684, "eval_samples_per_second": 132.682}