{"eval_loss": 1.3422231674194336, "eval_accuracy": 0.47440001368522644, "eval_mae": 0.6956, "eval_runtime": 16.9682, "eval_samples_per_second": 294.669}