{"eval_loss": 1.1539697647094727, "eval_accuracy": 0.5040000081062317, "eval_mae": 0.5856, "eval_runtime": 16.6069, "eval_samples_per_second": 301.08}