{"eval_loss": 0.947563648223877, "eval_accuracy": 0.5924000144004822, "eval_mae": 0.4698, "eval_runtime": 18.5768, "eval_samples_per_second": 269.153}