{"eval_loss": 1.0719964504241943, "eval_accuracy": 0.5580000281333923, "eval_mae": 0.5228, "eval_runtime": 18.5471, "eval_samples_per_second": 269.584}