{"eval_loss": 1.0480941534042358, "eval_accuracy": 0.5598000288009644, "eval_mae": 0.5098, "eval_runtime": 17.8848, "eval_samples_per_second": 279.567}