{"eval_loss": 1.0632294416427612, "eval_accuracy": 0.5586000084877014, "eval_mae": 0.5198, "eval_runtime": 18.6133, "eval_samples_per_second": 268.625}