{"eval_loss": 1.348120093345642, "eval_accuracy": 0.47279998660087585, "eval_mae": 0.6898, "eval_runtime": 17.4559, "eval_samples_per_second": 286.436}