{"eval_loss": 1.3534730672836304, "eval_accuracy": 0.4830000102519989, "eval_mae": 0.6708, "eval_runtime": 18.4108, "eval_samples_per_second": 271.579}