{"eval_loss": 0.9463478326797485, "eval_accuracy": 0.6055999994277954, "eval_mae": 0.4566, "eval_runtime": 17.1524, "eval_samples_per_second": 291.505}