{"eval_loss": 0.9903560280799866, "eval_accuracy": 0.5703999996185303, "eval_mae": 0.5068, "eval_runtime": 16.996, "eval_samples_per_second": 294.186}