{"eval_loss": 0.9489182829856873, "eval_accuracy": 0.6079999804496765, "eval_mae": 0.448, "eval_runtime": 19.2825, "eval_samples_per_second": 259.303}