{"eval_loss": 1.2386211156845093, "eval_accuracy": 0.4970000088214874, "eval_mae": 0.6476, "eval_runtime": 29.3884, "eval_samples_per_second": 170.135}