{"eval_loss": 1.3625026941299438, "eval_accuracy": 0.4575999975204468, "eval_mae": 0.7292, "eval_runtime": 17.2706, "eval_samples_per_second": 289.509}