{"eval_loss": 0.8895269632339478, "eval_accuracy": 0.6363999843597412, "eval_mae": 0.4146, "eval_runtime": 19.562, "eval_samples_per_second": 255.598}