{"eval_loss": 1.3430664539337158, "eval_accuracy": 0.4758000075817108, "eval_mae": 0.6928, "eval_runtime": 18.0631, "eval_samples_per_second": 276.807}