{"eval_loss": 1.3495335578918457, "eval_accuracy": 0.4702000021934509, "eval_mae": 0.6938, "eval_runtime": 16.7035, "eval_samples_per_second": 299.339}