{"eval_loss": 1.3541308641433716, "eval_accuracy": 0.48420000076293945, "eval_mae": 0.6704, "eval_runtime": 19.1373, "eval_samples_per_second": 261.27}