{"eval_loss": 1.0806419849395752, "eval_accuracy": 0.5555999875068665, "eval_mae": 0.5654, "eval_runtime": 20.9935, "eval_samples_per_second": 238.169}