{"eval_loss": 0.990189254283905, "eval_accuracy": 0.5708000063896179, "eval_mae": 0.5076, "eval_runtime": 16.9759, "eval_samples_per_second": 294.536}