{"eval_loss": 1.344870686531067, "eval_accuracy": 0.4745999872684479, "eval_mae": 0.6966, "eval_runtime": 16.2496, "eval_samples_per_second": 307.699}