{"eval_loss": 1.0117106437683105, "eval_accuracy": 0.5803999900817871, "eval_mae": 0.4814, "eval_runtime": 17.5544, "eval_samples_per_second": 284.829}