{"eval_loss": 1.0783525705337524, "eval_accuracy": 0.5586000084877014, "eval_mae": 0.5308, "eval_runtime": 34.0029, "eval_samples_per_second": 147.046}