{"eval_loss": 1.4458796977996826, "eval_accuracy": 0.43720000982284546, "eval_mae": 0.7296, "eval_runtime": 19.3481, "eval_samples_per_second": 258.423}