{"eval_loss": 0.9511403441429138, "eval_accuracy": 0.621399998664856, "eval_mae": 0.4282, "eval_runtime": 17.385, "eval_samples_per_second": 287.605}