{"eval_loss": 1.0187044143676758, "eval_accuracy": 0.5806000232696533, "eval_mae": 0.494, "eval_runtime": 18.9619, "eval_samples_per_second": 263.686}