{"eval_loss": 1.080203652381897, "eval_accuracy": 0.5555999875068665, "eval_mae": 0.5656, "eval_runtime": 28.5522, "eval_samples_per_second": 175.118}