{"eval_loss": 1.0063868761062622, "eval_accuracy": 0.5932000279426575, "eval_mae": 0.4682, "eval_runtime": 16.8022, "eval_samples_per_second": 297.58}