{"eval_loss": 1.366452693939209, "eval_accuracy": 0.4586000144481659, "eval_mae": 0.7302, "eval_runtime": 17.6164, "eval_samples_per_second": 283.827}