{"eval_loss": 1.352311134338379, "eval_accuracy": 0.48420000076293945, "eval_mae": 0.6712, "eval_runtime": 17.805, "eval_samples_per_second": 280.82}