{"eval_loss": 1.0778483152389526, "eval_accuracy": 0.5532000064849854, "eval_mae": 0.5642, "eval_runtime": 19.3838, "eval_samples_per_second": 257.948}