{"eval_loss": 1.3659864664077759, "eval_accuracy": 0.4569999873638153, "eval_mae": 0.7316, "eval_runtime": 17.5054, "eval_samples_per_second": 285.626}