{"eval_loss": 1.053902506828308, "eval_accuracy": 0.527999997138977, "eval_mae": 0.569, "eval_runtime": 17.0275, "eval_samples_per_second": 293.642}