{"eval_loss": 1.0862466096878052, "eval_accuracy": 0.5479999780654907, "eval_mae": 0.541, "eval_runtime": 22.0751, "eval_samples_per_second": 226.5}