{"eval_loss": 1.3473975658416748, "eval_accuracy": 0.4726000130176544, "eval_mae": 0.6896, "eval_runtime": 17.3864, "eval_samples_per_second": 287.582}