{"eval_loss": 1.0860133171081543, "eval_accuracy": 0.5473999977111816, "eval_mae": 0.5416, "eval_runtime": 32.2985, "eval_samples_per_second": 154.806}