{"eval_loss": 1.2970863580703735, "eval_accuracy": 0.4674000144004822, "eval_mae": 0.682, "eval_runtime": 28.2515, "eval_samples_per_second": 176.982}