{"eval_loss": 1.015025019645691, "eval_accuracy": 0.5654000043869019, "eval_mae": 0.5084, "eval_runtime": 16.9699, "eval_samples_per_second": 294.639}