{"eval_loss": 0.949565052986145, "eval_accuracy": 0.6069999933242798, "eval_mae": 0.4492, "eval_runtime": 18.6229, "eval_samples_per_second": 268.487}