{"eval_loss": 0.9490705132484436, "eval_accuracy": 0.5906000137329102, "eval_mae": 0.4634, "eval_runtime": 16.686, "eval_samples_per_second": 299.652}