{"eval_loss": 1.0250619649887085, "eval_accuracy": 0.5547999739646912, "eval_mae": 0.5366, "eval_runtime": 17.6349, "eval_samples_per_second": 283.528}