{"eval_loss": 1.181883454322815, "eval_accuracy": 0.5004000067710876, "eval_mae": 0.594, "eval_runtime": 17.2841, "eval_samples_per_second": 289.283}