{"eval_loss": 1.0289695262908936, "eval_accuracy": 0.5475999712944031, "eval_mae": 0.5372, "eval_runtime": 17.3925, "eval_samples_per_second": 287.48}