{"eval_loss": 1.0622599124908447, "eval_accuracy": 0.5600000023841858, "eval_mae": 0.5176, "eval_runtime": 18.3035, "eval_samples_per_second": 273.172}