{"eval_loss": 1.0120571851730347, "eval_accuracy": 0.5802000164985657, "eval_mae": 0.4822, "eval_runtime": 18.1545, "eval_samples_per_second": 275.414}