{"eval_loss": 1.0056666135787964, "eval_accuracy": 0.5752000212669373, "eval_mae": 0.4958, "eval_runtime": 17.2248, "eval_samples_per_second": 290.28}