{"eval_loss": 0.9356887936592102, "eval_accuracy": 0.6019999980926514, "eval_mae": 0.4542, "eval_runtime": 17.1568, "eval_samples_per_second": 291.43}