{"eval_loss": 1.3490557670593262, "eval_accuracy": 0.48339998722076416, "eval_mae": 0.6708, "eval_runtime": 18.2802, "eval_samples_per_second": 273.52}