{"eval_loss": 0.960747241973877, "eval_accuracy": 0.5924000144004822, "eval_mae": 0.4838, "eval_runtime": 17.5534, "eval_samples_per_second": 284.845}