{"eval_loss": 1.3430089950561523, "eval_accuracy": 0.4659999907016754, "eval_mae": 0.6916, "eval_runtime": 21.3136, "eval_samples_per_second": 234.592}