{"eval_loss": 0.9492311477661133, "eval_accuracy": 0.5910000205039978, "eval_mae": 0.4628, "eval_runtime": 16.1837, "eval_samples_per_second": 308.952}