{"eval_loss": 1.4407637119293213, "eval_accuracy": 0.4397999942302704, "eval_mae": 0.7288, "eval_runtime": 29.5766, "eval_samples_per_second": 169.053}