{"eval_loss": 1.0300419330596924, "eval_accuracy": 0.545199990272522, "eval_mae": 0.5404, "eval_runtime": 16.743, "eval_samples_per_second": 298.632}