{"eval_loss": 1.3912224769592285, "eval_accuracy": 0.47999998927116394, "eval_mae": 0.6746, "eval_runtime": 34.8829, "eval_samples_per_second": 143.337}