{"eval_loss": 1.1766464710235596, "eval_accuracy": 0.5019999742507935, "eval_mae": 0.5926, "eval_runtime": 17.3756, "eval_samples_per_second": 287.761}