{"eval_loss": 1.0831782817840576, "eval_accuracy": 0.5753999948501587, "eval_mae": 0.5092, "eval_runtime": 16.3895, "eval_samples_per_second": 305.073}