{"eval_loss": 1.3503649234771729, "eval_accuracy": 0.48339998722076416, "eval_mae": 0.6698, "eval_runtime": 21.4707, "eval_samples_per_second": 232.876}