{"eval_loss": 1.0222702026367188, "eval_accuracy": 0.5709999799728394, "eval_mae": 0.5078, "eval_runtime": 16.7186, "eval_samples_per_second": 299.069}