{"eval_loss": 1.0601155757904053, "eval_accuracy": 0.5565999746322632, "eval_mae": 0.522, "eval_runtime": 18.3101, "eval_samples_per_second": 273.073}