{"eval_loss": 1.1535253524780273, "eval_accuracy": 0.5013999938964844, "eval_mae": 0.5894, "eval_runtime": 16.6271, "eval_samples_per_second": 300.713}