{"eval_loss": 1.2269959449768066, "eval_accuracy": 0.49900001287460327, "eval_mae": 0.6032, "eval_runtime": 18.3717, "eval_samples_per_second": 272.157}