{"eval_loss": 1.39301335811615, "eval_accuracy": 0.48179998993873596, "eval_mae": 0.6726, "eval_runtime": 28.6374, "eval_samples_per_second": 174.597}