{"eval_loss": 1.0059208869934082, "eval_accuracy": 0.5950000286102295, "eval_mae": 0.4664, "eval_runtime": 17.2244, "eval_samples_per_second": 290.286}