{"eval_loss": 0.9508434534072876, "eval_accuracy": 0.620199978351593, "eval_mae": 0.4294, "eval_runtime": 17.5739, "eval_samples_per_second": 284.513}