{"eval_loss": 1.3544193506240845, "eval_accuracy": 0.4596000015735626, "eval_mae": 0.7308, "eval_runtime": 17.3488, "eval_samples_per_second": 288.204}