{"eval_loss": 1.3485454320907593, "eval_accuracy": 0.47119998931884766, "eval_mae": 0.6884, "eval_runtime": 17.3106, "eval_samples_per_second": 288.84}