{"eval_loss": 1.0212016105651855, "eval_accuracy": 0.5687999725341797, "eval_mae": 0.5096, "eval_runtime": 16.5261, "eval_samples_per_second": 302.552}