{"eval_loss": 0.9511414766311646, "eval_accuracy": 0.6204000115394592, "eval_mae": 0.4286, "eval_runtime": 17.3438, "eval_samples_per_second": 288.287}