{"eval_loss": 0.8886692523956299, "eval_accuracy": 0.6370000243186951, "eval_mae": 0.4148, "eval_runtime": 20.9272, "eval_samples_per_second": 238.923}