{"eval_loss": 0.9899101853370667, "eval_accuracy": 0.5694000124931335, "eval_mae": 0.5094, "eval_runtime": 16.2896, "eval_samples_per_second": 306.945}