{"eval_loss": 1.241336703300476, "eval_accuracy": 0.4997999966144562, "eval_mae": 0.5956, "eval_runtime": 21.0809, "eval_samples_per_second": 237.181}