{"eval_loss": 1.149458408355713, "eval_accuracy": 0.5486000180244446, "eval_mae": 0.5824, "eval_runtime": 17.5043, "eval_samples_per_second": 285.643}