{"eval_loss": 1.3661415576934814, "eval_accuracy": 0.45980000495910645, "eval_mae": 0.7298, "eval_runtime": 17.285, "eval_samples_per_second": 289.268}