{"eval_loss": 0.9521063566207886, "eval_accuracy": 0.6197999715805054, "eval_mae": 0.43, "eval_runtime": 17.2354, "eval_samples_per_second": 290.1}