{"eval_loss": 1.34787118434906, "eval_accuracy": 0.4717999994754791, "eval_mae": 0.6898, "eval_runtime": 17.4062, "eval_samples_per_second": 287.255}