{"eval_loss": 1.0863703489303589, "eval_accuracy": 0.5483999848365784, "eval_mae": 0.5398, "eval_runtime": 33.1549, "eval_samples_per_second": 150.807}