{"eval_loss": 1.063338041305542, "eval_accuracy": 0.5541999936103821, "eval_mae": 0.526, "eval_runtime": 18.3475, "eval_samples_per_second": 272.516}