{"eval_loss": 0.9362961053848267, "eval_accuracy": 0.5983999967575073, "eval_mae": 0.4584, "eval_runtime": 16.4388, "eval_samples_per_second": 304.159}