{"eval_loss": 1.0118236541748047, "eval_accuracy": 0.5802000164985657, "eval_mae": 0.4816, "eval_runtime": 16.7768, "eval_samples_per_second": 298.031}