{"eval_loss": 1.014061689376831, "eval_accuracy": 0.5644000172615051, "eval_mae": 0.5074, "eval_runtime": 17.0813, "eval_samples_per_second": 292.718}