{"eval_loss": 0.9606972932815552, "eval_accuracy": 0.5925999879837036, "eval_mae": 0.4834, "eval_runtime": 17.4388, "eval_samples_per_second": 286.716}