{"eval_loss": 1.0450353622436523, "eval_accuracy": 0.5623999834060669, "eval_mae": 0.5068, "eval_runtime": 19.0492, "eval_samples_per_second": 262.478}