{"eval_loss": 1.2279998064041138, "eval_accuracy": 0.4991999864578247, "eval_mae": 0.6034, "eval_runtime": 18.3921, "eval_samples_per_second": 271.856}