{"eval_loss": 1.3919885158538818, "eval_accuracy": 0.48100000619888306, "eval_mae": 0.6736, "eval_runtime": 32.6312, "eval_samples_per_second": 153.228}