{"eval_loss": 1.047103762626648, "eval_accuracy": 0.5608000159263611, "eval_mae": 0.5092, "eval_runtime": 20.7951, "eval_samples_per_second": 240.441}