{"eval_loss": 1.0570448637008667, "eval_accuracy": 0.5568000078201294, "eval_mae": 0.5232, "eval_runtime": 18.4153, "eval_samples_per_second": 271.513}