{"eval_loss": 1.0785497426986694, "eval_accuracy": 0.5582000017166138, "eval_mae": 0.531, "eval_runtime": 22.3782, "eval_samples_per_second": 223.431}