{"eval_loss": 0.991996705532074, "eval_accuracy": 0.5717999935150146, "eval_mae": 0.508, "eval_runtime": 16.1415, "eval_samples_per_second": 309.76}