{"eval_loss": 0.9495347738265991, "eval_accuracy": 0.6086000204086304, "eval_mae": 0.448, "eval_runtime": 18.7735, "eval_samples_per_second": 266.333}