{"eval_loss": 1.2423702478408813, "eval_accuracy": 0.49959999322891235, "eval_mae": 0.5968, "eval_runtime": 21.8352, "eval_samples_per_second": 228.988}