{"eval_loss": 0.9353574514389038, "eval_accuracy": 0.598800003528595, "eval_mae": 0.4562, "eval_runtime": 17.0192, "eval_samples_per_second": 293.786}