{"eval_loss": 1.0252795219421387, "eval_accuracy": 0.5550000071525574, "eval_mae": 0.5374, "eval_runtime": 17.2729, "eval_samples_per_second": 289.47}