{"eval_loss": 0.9480670094490051, "eval_accuracy": 0.5929999947547913, "eval_mae": 0.4694, "eval_runtime": 19.0186, "eval_samples_per_second": 262.901}