{"eval_loss": 0.9355392456054688, "eval_accuracy": 0.6025999784469604, "eval_mae": 0.4532, "eval_runtime": 16.3746, "eval_samples_per_second": 305.35}