{"eval_loss": 1.0854824781417847, "eval_accuracy": 0.5465999841690063, "eval_mae": 0.5424, "eval_runtime": 20.9705, "eval_samples_per_second": 238.431}