{"eval_loss": 1.3668107986450195, "eval_accuracy": 0.4578000009059906, "eval_mae": 0.732, "eval_runtime": 17.4056, "eval_samples_per_second": 287.264}