{"eval_loss": 1.0540657043457031, "eval_accuracy": 0.5285999774932861, "eval_mae": 0.5696, "eval_runtime": 17.0206, "eval_samples_per_second": 293.763}