{"eval_loss": 1.0254448652267456, "eval_accuracy": 0.5540000200271606, "eval_mae": 0.5372, "eval_runtime": 17.3342, "eval_samples_per_second": 288.448}