{"eval_loss": 1.2336195707321167, "eval_accuracy": 0.5044000148773193, "eval_mae": 0.6248, "eval_runtime": 34.0171, "eval_samples_per_second": 146.985}