{"eval_loss": 1.3509653806686401, "eval_accuracy": 0.48399999737739563, "eval_mae": 0.6704, "eval_runtime": 18.0948, "eval_samples_per_second": 276.323}