{"eval_loss": 1.0198309421539307, "eval_accuracy": 0.5703999996185303, "eval_mae": 0.5078, "eval_runtime": 16.6882, "eval_samples_per_second": 299.612}