{"eval_loss": 1.1563588380813599, "eval_accuracy": 0.4997999966144562, "eval_mae": 0.5902, "eval_runtime": 17.3011, "eval_samples_per_second": 288.998}