{"eval_loss": 1.0054935216903687, "eval_accuracy": 0.5766000151634216, "eval_mae": 0.4948, "eval_runtime": 17.505, "eval_samples_per_second": 285.632}