{"eval_loss": 1.0763556957244873, "eval_accuracy": 0.5573999881744385, "eval_mae": 0.532, "eval_runtime": 20.3757, "eval_samples_per_second": 245.39}