{"eval_loss": 1.338822841644287, "eval_accuracy": 0.4674000144004822, "eval_mae": 0.6892, "eval_runtime": 26.278, "eval_samples_per_second": 190.273}