{"eval_loss": 1.2972044944763184, "eval_accuracy": 0.46779999136924744, "eval_mae": 0.6818, "eval_runtime": 24.811, "eval_samples_per_second": 201.523}