{"eval_loss": 1.0802209377288818, "eval_accuracy": 0.5562000274658203, "eval_mae": 0.5652, "eval_runtime": 22.3712, "eval_samples_per_second": 223.502}