{"eval_loss": 0.9505133032798767, "eval_accuracy": 0.6218000054359436, "eval_mae": 0.4278, "eval_runtime": 17.4405, "eval_samples_per_second": 286.688}