{"eval_loss": 0.9783046841621399, "eval_accuracy": 0.5802000164985657, "eval_mae": 0.4904, "eval_runtime": 17.3053, "eval_samples_per_second": 288.929}