{"eval_loss": 1.2303524017333984, "eval_accuracy": 0.5059999823570251, "eval_mae": 0.6224, "eval_runtime": 21.1998, "eval_samples_per_second": 235.851}