{"eval_loss": 1.0259828567504883, "eval_accuracy": 0.5555999875068665, "eval_mae": 0.537, "eval_runtime": 17.4771, "eval_samples_per_second": 286.089}