{"eval_loss": 1.242120623588562, "eval_accuracy": 0.5009999871253967, "eval_mae": 0.5936, "eval_runtime": 18.6932, "eval_samples_per_second": 267.477}