{"eval_loss": 1.0805609226226807, "eval_accuracy": 0.5559999942779541, "eval_mae": 0.5654, "eval_runtime": 22.392, "eval_samples_per_second": 223.294}