{"eval_loss": 0.9357558488845825, "eval_accuracy": 0.6025999784469604, "eval_mae": 0.4534, "eval_runtime": 16.5099, "eval_samples_per_second": 302.848}