{"eval_loss": 1.0810632705688477, "eval_accuracy": 0.5748000144958496, "eval_mae": 0.5102, "eval_runtime": 16.4459, "eval_samples_per_second": 304.028}