{"eval_loss": 1.0853577852249146, "eval_accuracy": 0.5745999813079834, "eval_mae": 0.5114, "eval_runtime": 16.4381, "eval_samples_per_second": 304.172}