{"eval_loss": 0.9474552869796753, "eval_accuracy": 0.5920000076293945, "eval_mae": 0.4694, "eval_runtime": 18.241, "eval_samples_per_second": 274.108}