{"eval_loss": 1.0147265195846558, "eval_accuracy": 0.5636000037193298, "eval_mae": 0.5094, "eval_runtime": 17.0945, "eval_samples_per_second": 292.491}