{"eval_loss": 1.2963920831680298, "eval_accuracy": 0.4681999981403351, "eval_mae": 0.6812, "eval_runtime": 19.9052, "eval_samples_per_second": 251.19}