{"eval_loss": 1.2377818822860718, "eval_accuracy": 0.4970000088214874, "eval_mae": 0.6428, "eval_runtime": 19.9707, "eval_samples_per_second": 250.367}