{"eval_loss": 0.9447717070579529, "eval_accuracy": 0.5952000021934509, "eval_mae": 0.466, "eval_runtime": 19.607, "eval_samples_per_second": 255.011}