{"eval_loss": 1.2271959781646729, "eval_accuracy": 0.4986000061035156, "eval_mae": 0.6032, "eval_runtime": 18.4098, "eval_samples_per_second": 271.595}