{"eval_loss": 1.347342848777771, "eval_accuracy": 0.4747999906539917, "eval_mae": 0.6954, "eval_runtime": 16.8989, "eval_samples_per_second": 295.878}