{"eval_loss": 1.045163869857788, "eval_accuracy": 0.5598000288009644, "eval_mae": 0.5096, "eval_runtime": 20.4415, "eval_samples_per_second": 244.6}