{"eval_loss": 1.0513741970062256, "eval_accuracy": 0.5281999707221985, "eval_mae": 0.5692, "eval_runtime": 16.9549, "eval_samples_per_second": 294.9}