{"eval_loss": 1.013899564743042, "eval_accuracy": 0.5640000104904175, "eval_mae": 0.5068, "eval_runtime": 17.25, "eval_samples_per_second": 289.855}