{"eval_loss": 1.018216848373413, "eval_accuracy": 0.5820000171661377, "eval_mae": 0.4932, "eval_runtime": 18.7512, "eval_samples_per_second": 266.649}