{"eval_loss": 1.1792383193969727, "eval_accuracy": 0.501800000667572, "eval_mae": 0.5922, "eval_runtime": 17.4585, "eval_samples_per_second": 286.394}