{"eval_loss": 1.0065521001815796, "eval_accuracy": 0.5934000015258789, "eval_mae": 0.4678, "eval_runtime": 17.2948, "eval_samples_per_second": 289.104}