{"eval_loss": 1.3922061920166016, "eval_accuracy": 0.4812000095844269, "eval_mae": 0.6734, "eval_runtime": 25.226, "eval_samples_per_second": 198.209}