{"eval_loss": 1.2979652881622314, "eval_accuracy": 0.4675999879837036, "eval_mae": 0.6826, "eval_runtime": 31.7563, "eval_samples_per_second": 157.449}