{"eval_loss": 1.0787626504898071, "eval_accuracy": 0.5587999820709229, "eval_mae": 0.5306, "eval_runtime": 18.2065, "eval_samples_per_second": 274.627}