{"eval_loss": 1.0846513509750366, "eval_accuracy": 0.5756000280380249, "eval_mae": 0.5096, "eval_runtime": 17.0627, "eval_samples_per_second": 293.037}