{"eval_loss": 1.0859625339508057, "eval_accuracy": 0.5479999780654907, "eval_mae": 0.541, "eval_runtime": 18.3223, "eval_samples_per_second": 272.892}