{"eval_loss": 1.3516581058502197, "eval_accuracy": 0.48339998722076416, "eval_mae": 0.6702, "eval_runtime": 20.0048, "eval_samples_per_second": 249.94}