{"eval_loss": 1.0461021661758423, "eval_accuracy": 0.5608000159263611, "eval_mae": 0.5084, "eval_runtime": 18.4643, "eval_samples_per_second": 270.793}