{"eval_loss": 0.88919597864151, "eval_accuracy": 0.6363999843597412, "eval_mae": 0.4144, "eval_runtime": 18.2636, "eval_samples_per_second": 273.768}