{"eval_loss": 1.0243176221847534, "eval_accuracy": 0.5551999807357788, "eval_mae": 0.535, "eval_runtime": 17.2518, "eval_samples_per_second": 289.824}