{"eval_loss": 0.9599289298057556, "eval_accuracy": 0.5925999879837036, "eval_mae": 0.484, "eval_runtime": 17.5403, "eval_samples_per_second": 285.057}