{"eval_loss": 1.045986533164978, "eval_accuracy": 0.5613999962806702, "eval_mae": 0.5076, "eval_runtime": 18.5315, "eval_samples_per_second": 269.81}