{"eval_loss": 0.9788804650306702, "eval_accuracy": 0.5820000171661377, "eval_mae": 0.488, "eval_runtime": 16.6836, "eval_samples_per_second": 299.696}