{"eval_loss": 1.005691647529602, "eval_accuracy": 0.5748000144958496, "eval_mae": 0.4966, "eval_runtime": 17.1962, "eval_samples_per_second": 290.763}