{"eval_loss": 0.889478325843811, "eval_accuracy": 0.6355999708175659, "eval_mae": 0.416, "eval_runtime": 25.8814, "eval_samples_per_second": 193.189}