{"eval_loss": 1.147711157798767, "eval_accuracy": 0.5491999983787537, "eval_mae": 0.5812, "eval_runtime": 17.2871, "eval_samples_per_second": 289.233}