{"eval_loss": 1.0177476406097412, "eval_accuracy": 0.5825999975204468, "eval_mae": 0.4914, "eval_runtime": 20.487, "eval_samples_per_second": 244.057}