{"eval_loss": 1.177126407623291, "eval_accuracy": 0.503000020980835, "eval_mae": 0.5916, "eval_runtime": 17.5113, "eval_samples_per_second": 285.53}