{"eval_loss": 1.1558278799057007, "eval_accuracy": 0.4997999966144562, "eval_mae": 0.591, "eval_runtime": 17.4355, "eval_samples_per_second": 286.771}