{"eval_loss": 1.296743392944336, "eval_accuracy": 0.46779999136924744, "eval_mae": 0.6808, "eval_runtime": 18.4635, "eval_samples_per_second": 270.804}