{"eval_loss": 1.084502935409546, "eval_accuracy": 0.5756000280380249, "eval_mae": 0.5104, "eval_runtime": 17.1152, "eval_samples_per_second": 292.139}