{"eval_loss": 1.340084195137024, "eval_accuracy": 0.4674000144004822, "eval_mae": 0.6906, "eval_runtime": 21.3929, "eval_samples_per_second": 233.722}