{"eval_loss": 1.0248658657073975, "eval_accuracy": 0.5565999746322632, "eval_mae": 0.5342, "eval_runtime": 17.3078, "eval_samples_per_second": 288.887}