{"eval_loss": 1.086106777191162, "eval_accuracy": 0.5475999712944031, "eval_mae": 0.5412, "eval_runtime": 18.3514, "eval_samples_per_second": 272.459}