{"eval_loss": 1.296634554862976, "eval_accuracy": 0.4684000015258789, "eval_mae": 0.6814, "eval_runtime": 32.8124, "eval_samples_per_second": 152.382}