{"eval_loss": 1.353385329246521, "eval_accuracy": 0.48240000009536743, "eval_mae": 0.672, "eval_runtime": 19.6287, "eval_samples_per_second": 254.729}