{"eval_loss": 0.9913614988327026, "eval_accuracy": 0.5703999996185303, "eval_mae": 0.5086, "eval_runtime": 16.9374, "eval_samples_per_second": 295.204}