{"eval_loss": 0.9608047008514404, "eval_accuracy": 0.5947999954223633, "eval_mae": 0.4818, "eval_runtime": 17.3227, "eval_samples_per_second": 288.639}