{"eval_loss": 0.9897602796554565, "eval_accuracy": 0.5720000267028809, "eval_mae": 0.5062, "eval_runtime": 16.164, "eval_samples_per_second": 309.33}