{"eval_loss": 1.392339825630188, "eval_accuracy": 0.48100000619888306, "eval_mae": 0.6736, "eval_runtime": 18.6546, "eval_samples_per_second": 268.031}