{"eval_loss": 1.0561569929122925, "eval_accuracy": 0.5303999781608582, "eval_mae": 0.5686, "eval_runtime": 16.9425, "eval_samples_per_second": 295.117}