{"eval_loss": 1.3385168313980103, "eval_accuracy": 0.46799999475479126, "eval_mae": 0.6884, "eval_runtime": 25.2485, "eval_samples_per_second": 198.032}