{"eval_loss": 1.2437570095062256, "eval_accuracy": 0.5004000067710876, "eval_mae": 0.5942, "eval_runtime": 19.0656, "eval_samples_per_second": 262.252}