{"eval_loss": 1.0048860311508179, "eval_accuracy": 0.5766000151634216, "eval_mae": 0.4942, "eval_runtime": 17.249, "eval_samples_per_second": 289.872}