{"eval_loss": 1.228737473487854, "eval_accuracy": 0.5063999891281128, "eval_mae": 0.6206, "eval_runtime": 27.4826, "eval_samples_per_second": 181.933}