{"eval_loss": 1.236337661743164, "eval_accuracy": 0.4975999891757965, "eval_mae": 0.6478, "eval_runtime": 34.6934, "eval_samples_per_second": 144.12}