{"eval_loss": 1.0839263200759888, "eval_accuracy": 0.5753999948501587, "eval_mae": 0.509, "eval_runtime": 16.9993, "eval_samples_per_second": 294.13}