{"eval_loss": 1.2383711338043213, "eval_accuracy": 0.49720001220703125, "eval_mae": 0.6476, "eval_runtime": 27.5179, "eval_samples_per_second": 181.7}