{"eval_loss": 0.9463157057762146, "eval_accuracy": 0.6051999926567078, "eval_mae": 0.4566, "eval_runtime": 17.2266, "eval_samples_per_second": 290.25}