{"eval_loss": 1.2415674924850464, "eval_accuracy": 0.4970000088214874, "eval_mae": 0.6476, "eval_runtime": 24.9049, "eval_samples_per_second": 200.763}