{"eval_loss": 1.387725591659546, "eval_accuracy": 0.4787999987602234, "eval_mae": 0.6784, "eval_runtime": 18.9822, "eval_samples_per_second": 263.405}