{"eval_loss": 0.9489268660545349, "eval_accuracy": 0.5920000076293945, "eval_mae": 0.4612, "eval_runtime": 16.4612, "eval_samples_per_second": 303.744}