{"eval_loss": 0.9495677947998047, "eval_accuracy": 0.590399980545044, "eval_mae": 0.4636, "eval_runtime": 16.5518, "eval_samples_per_second": 302.082}