{"eval_loss": 1.0846779346466064, "eval_accuracy": 0.5490000247955322, "eval_mae": 0.5394, "eval_runtime": 35.7267, "eval_samples_per_second": 139.951}