{"eval_loss": 1.0290230512619019, "eval_accuracy": 0.5447999835014343, "eval_mae": 0.538, "eval_runtime": 17.2871, "eval_samples_per_second": 289.233}