{"eval_loss": 1.004244089126587, "eval_accuracy": 0.5934000015258789, "eval_mae": 0.4708, "eval_runtime": 17.2303, "eval_samples_per_second": 290.186}