{"eval_loss": 1.0630555152893066, "eval_accuracy": 0.5576000213623047, "eval_mae": 0.5202, "eval_runtime": 18.5951, "eval_samples_per_second": 268.888}