{"eval_loss": 0.9513435363769531, "eval_accuracy": 0.620199978351593, "eval_mae": 0.4298, "eval_runtime": 17.3562, "eval_samples_per_second": 288.082}