{"eval_loss": 1.351425051689148, "eval_accuracy": 0.4830000102519989, "eval_mae": 0.671, "eval_runtime": 18.4013, "eval_samples_per_second": 271.72}