{"eval_loss": 1.296492338180542, "eval_accuracy": 0.46720001101493835, "eval_mae": 0.6832, "eval_runtime": 25.3254, "eval_samples_per_second": 197.431}