{"eval_loss": 1.0879031419754028, "eval_accuracy": 0.5483999848365784, "eval_mae": 0.5408, "eval_runtime": 21.0071, "eval_samples_per_second": 238.015}