{"eval_loss": 1.0458455085754395, "eval_accuracy": 0.5605999827384949, "eval_mae": 0.5092, "eval_runtime": 18.0951, "eval_samples_per_second": 276.318}