{"eval_loss": 1.014252781867981, "eval_accuracy": 0.5651999711990356, "eval_mae": 0.5062, "eval_runtime": 16.389, "eval_samples_per_second": 305.082}