{"eval_loss": 1.3525841236114502, "eval_accuracy": 0.4832000136375427, "eval_mae": 0.671, "eval_runtime": 21.9168, "eval_samples_per_second": 228.135}