{"eval_loss": 1.0192352533340454, "eval_accuracy": 0.5799999833106995, "eval_mae": 0.495, "eval_runtime": 27.1677, "eval_samples_per_second": 184.042}