{"eval_loss": 0.9363250136375427, "eval_accuracy": 0.6007999777793884, "eval_mae": 0.4542, "eval_runtime": 16.384, "eval_samples_per_second": 305.175}