{"eval_loss": 0.9489462971687317, "eval_accuracy": 0.6046000123023987, "eval_mae": 0.4528, "eval_runtime": 18.3036, "eval_samples_per_second": 273.17}