{"eval_loss": 1.0459074974060059, "eval_accuracy": 0.5616000294685364, "eval_mae": 0.5074, "eval_runtime": 18.0889, "eval_samples_per_second": 276.412}