{"eval_loss": 1.2964301109313965, "eval_accuracy": 0.4681999981403351, "eval_mae": 0.6816, "eval_runtime": 26.0123, "eval_samples_per_second": 192.217}