{"eval_loss": 1.024148941040039, "eval_accuracy": 0.5558000206947327, "eval_mae": 0.5352, "eval_runtime": 17.2435, "eval_samples_per_second": 289.964}