{"eval_loss": 1.0113146305084229, "eval_accuracy": 0.5802000164985657, "eval_mae": 0.482, "eval_runtime": 17.4704, "eval_samples_per_second": 286.199}