{"eval_loss": 1.396056890487671, "eval_accuracy": 0.4797999858856201, "eval_mae": 0.677, "eval_runtime": 33.5659, "eval_samples_per_second": 148.961}