{"eval_loss": 1.238359808921814, "eval_accuracy": 0.49720001220703125, "eval_mae": 0.647, "eval_runtime": 18.2127, "eval_samples_per_second": 274.533}