{"eval_loss": 1.004360318183899, "eval_accuracy": 0.5758000016212463, "eval_mae": 0.4958, "eval_runtime": 17.4312, "eval_samples_per_second": 286.841}