{"eval_loss": 0.9793207049369812, "eval_accuracy": 0.5807999968528748, "eval_mae": 0.4896, "eval_runtime": 16.3704, "eval_samples_per_second": 305.429}