{"eval_loss": 1.4429775476455688, "eval_accuracy": 0.43959999084472656, "eval_mae": 0.7294, "eval_runtime": 29.7602, "eval_samples_per_second": 168.01}