{"eval_loss": 0.9480013847351074, "eval_accuracy": 0.5925999879837036, "eval_mae": 0.4698, "eval_runtime": 18.8997, "eval_samples_per_second": 264.554}