{"eval_loss": 0.9507452845573425, "eval_accuracy": 0.6204000115394592, "eval_mae": 0.4292, "eval_runtime": 17.5298, "eval_samples_per_second": 285.229}