{"eval_loss": 0.9909606575965881, "eval_accuracy": 0.5703999996185303, "eval_mae": 0.5082, "eval_runtime": 16.9005, "eval_samples_per_second": 295.849}