{"eval_loss": 1.0174667835235596, "eval_accuracy": 0.579800009727478, "eval_mae": 0.4818, "eval_runtime": 16.4848, "eval_samples_per_second": 303.311}