{"eval_loss": 1.0154032707214355, "eval_accuracy": 0.5637999773025513, "eval_mae": 0.5088, "eval_runtime": 16.4073, "eval_samples_per_second": 304.743}