{"eval_loss": 1.080333948135376, "eval_accuracy": 0.5564000010490417, "eval_mae": 0.565, "eval_runtime": 22.3601, "eval_samples_per_second": 223.612}