{"eval_loss": 1.1478289365768433, "eval_accuracy": 0.5493999719619751, "eval_mae": 0.5814, "eval_runtime": 17.3359, "eval_samples_per_second": 288.419}