{"eval_loss": 0.9363172054290771, "eval_accuracy": 0.6018000245094299, "eval_mae": 0.455, "eval_runtime": 17.1172, "eval_samples_per_second": 292.104}