{"eval_loss": 1.333780288696289, "eval_accuracy": 0.47760000824928284, "eval_mae": 0.6908, "eval_runtime": 16.3198, "eval_samples_per_second": 306.377}