{"eval_loss": 1.295487642288208, "eval_accuracy": 0.46860000491142273, "eval_mae": 0.6798, "eval_runtime": 18.9959, "eval_samples_per_second": 263.214}