{"eval_loss": 1.2404145002365112, "eval_accuracy": 0.4959999918937683, "eval_mae": 0.6488, "eval_runtime": 24.34, "eval_samples_per_second": 205.423}