{"eval_loss": 1.1475423574447632, "eval_accuracy": 0.5490000247955322, "eval_mae": 0.582, "eval_runtime": 16.8086, "eval_samples_per_second": 297.467}