{"eval_loss": 0.9474683403968811, "eval_accuracy": 0.593999981880188, "eval_mae": 0.4676, "eval_runtime": 18.6936, "eval_samples_per_second": 267.471}