{"eval_loss": 1.0854105949401855, "eval_accuracy": 0.5756000280380249, "eval_mae": 0.51, "eval_runtime": 17.2579, "eval_samples_per_second": 289.723}