{"eval_loss": 0.8897138833999634, "eval_accuracy": 0.6367999911308289, "eval_mae": 0.414, "eval_runtime": 30.6022, "eval_samples_per_second": 163.387}