{"eval_loss": 1.2950279712677002, "eval_accuracy": 0.46860000491142273, "eval_mae": 0.6796, "eval_runtime": 18.9765, "eval_samples_per_second": 263.483}