{"eval_loss": 1.0146089792251587, "eval_accuracy": 0.5649999976158142, "eval_mae": 0.5078, "eval_runtime": 17.037, "eval_samples_per_second": 293.478}