{"eval_loss": 1.3390281200408936, "eval_accuracy": 0.46799999475479126, "eval_mae": 0.6888, "eval_runtime": 21.6122, "eval_samples_per_second": 231.351}