{"eval_loss": 1.350306749343872, "eval_accuracy": 0.4729999899864197, "eval_mae": 0.6936, "eval_runtime": 17.2561, "eval_samples_per_second": 289.753}