{"eval_loss": 1.4416781663894653, "eval_accuracy": 0.43939998745918274, "eval_mae": 0.7278, "eval_runtime": 23.5177, "eval_samples_per_second": 212.606}