{"eval_loss": 0.9492582082748413, "eval_accuracy": 0.6075999736785889, "eval_mae": 0.4482, "eval_runtime": 18.9628, "eval_samples_per_second": 263.674}