{"eval_loss": 1.178227186203003, "eval_accuracy": 0.5052000284194946, "eval_mae": 0.59, "eval_runtime": 17.3852, "eval_samples_per_second": 287.602}