{"eval_loss": 1.0205494165420532, "eval_accuracy": 0.5694000124931335, "eval_mae": 0.509, "eval_runtime": 17.2982, "eval_samples_per_second": 289.048}