{"eval_loss": 1.0247323513031006, "eval_accuracy": 0.5533999800682068, "eval_mae": 0.539, "eval_runtime": 17.5399, "eval_samples_per_second": 285.065}