{"eval_loss": 1.0032135248184204, "eval_accuracy": 0.5740000009536743, "eval_mae": 0.497, "eval_runtime": 16.5147, "eval_samples_per_second": 302.76}