{"eval_loss": 0.8896677494049072, "eval_accuracy": 0.6371999979019165, "eval_mae": 0.4138, "eval_runtime": 24.6741, "eval_samples_per_second": 202.641}