{"eval_loss": 1.0297285318374634, "eval_accuracy": 0.5454000234603882, "eval_mae": 0.5392, "eval_runtime": 16.5166, "eval_samples_per_second": 302.725}