{"eval_loss": 1.0848630666732788, "eval_accuracy": 0.5756000280380249, "eval_mae": 0.5092, "eval_runtime": 16.1038, "eval_samples_per_second": 310.485}