{"eval_loss": 1.0629225969314575, "eval_accuracy": 0.5569999814033508, "eval_mae": 0.5214, "eval_runtime": 18.3094, "eval_samples_per_second": 273.084}