{"eval_loss": 1.2413197755813599, "eval_accuracy": 0.49639999866485596, "eval_mae": 0.6498, "eval_runtime": 34.2733, "eval_samples_per_second": 145.886}