{"eval_loss": 0.9556478261947632, "eval_accuracy": 0.599399983882904, "eval_mae": 0.4648, "eval_runtime": 16.2856, "eval_samples_per_second": 307.019}