{"eval_loss": 1.3931037187576294, "eval_accuracy": 0.48080000281333923, "eval_mae": 0.674, "eval_runtime": 21.0998, "eval_samples_per_second": 236.97}