{"eval_loss": 0.950592577457428, "eval_accuracy": 0.6227999925613403, "eval_mae": 0.4262, "eval_runtime": 17.3723, "eval_samples_per_second": 287.814}