{"eval_loss": 0.9609200954437256, "eval_accuracy": 0.5916000008583069, "eval_mae": 0.4848, "eval_runtime": 16.734, "eval_samples_per_second": 298.793}