{"eval_loss": 1.3940041065216064, "eval_accuracy": 0.48100000619888306, "eval_mae": 0.6734, "eval_runtime": 31.3314, "eval_samples_per_second": 159.584}