{"eval_loss": 1.3528120517730713, "eval_accuracy": 0.4851999878883362, "eval_mae": 0.6688, "eval_runtime": 18.1441, "eval_samples_per_second": 275.572}