{"eval_loss": 1.0072903633117676, "eval_accuracy": 0.5748000144958496, "eval_mae": 0.4956, "eval_runtime": 17.1989, "eval_samples_per_second": 290.717}