{"eval_loss": 1.021373987197876, "eval_accuracy": 0.5703999996185303, "eval_mae": 0.5074, "eval_runtime": 17.3162, "eval_samples_per_second": 288.747}