{"eval_loss": 1.2386987209320068, "eval_accuracy": 0.4970000088214874, "eval_mae": 0.6476, "eval_runtime": 32.6841, "eval_samples_per_second": 152.98}