{"eval_loss": 1.177386999130249, "eval_accuracy": 0.5023999810218811, "eval_mae": 0.5922, "eval_runtime": 16.7421, "eval_samples_per_second": 298.648}