{"eval_loss": 1.0299350023269653, "eval_accuracy": 0.5461999773979187, "eval_mae": 0.5372, "eval_runtime": 17.37, "eval_samples_per_second": 287.853}