{"eval_loss": 1.393096685409546, "eval_accuracy": 0.4814000129699707, "eval_mae": 0.6734, "eval_runtime": 20.0866, "eval_samples_per_second": 248.922}