{"eval_loss": 1.0859748125076294, "eval_accuracy": 0.5475999712944031, "eval_mae": 0.541, "eval_runtime": 21.2823, "eval_samples_per_second": 234.937}