{"eval_loss": 1.3452669382095337, "eval_accuracy": 0.47540000081062317, "eval_mae": 0.6936, "eval_runtime": 16.2112, "eval_samples_per_second": 308.428}