{"eval_loss": 0.9487842917442322, "eval_accuracy": 0.5896000266075134, "eval_mae": 0.4628, "eval_runtime": 16.3043, "eval_samples_per_second": 306.667}