{"eval_loss": 0.8895097374916077, "eval_accuracy": 0.6367999911308289, "eval_mae": 0.4142, "eval_runtime": 19.4292, "eval_samples_per_second": 257.345}