{"eval_loss": 1.442836880683899, "eval_accuracy": 0.43939998745918274, "eval_mae": 0.7296, "eval_runtime": 19.1274, "eval_samples_per_second": 261.406}