{"eval_loss": 0.9559070467948914, "eval_accuracy": 0.598800003528595, "eval_mae": 0.4646, "eval_runtime": 17.3867, "eval_samples_per_second": 287.576}