{"eval_loss": 1.0261539220809937, "eval_accuracy": 0.5540000200271606, "eval_mae": 0.5376, "eval_runtime": 17.2761, "eval_samples_per_second": 289.418}