{"eval_loss": 1.3427064418792725, "eval_accuracy": 0.4749999940395355, "eval_mae": 0.6946, "eval_runtime": 17.0357, "eval_samples_per_second": 293.502}