{"eval_loss": 0.9469568133354187, "eval_accuracy": 0.592199981212616, "eval_mae": 0.4604, "eval_runtime": 17.4651, "eval_samples_per_second": 286.285}