{"eval_loss": 0.946216881275177, "eval_accuracy": 0.6060000061988831, "eval_mae": 0.4564, "eval_runtime": 17.324, "eval_samples_per_second": 288.617}