{"eval_loss": 1.054040789604187, "eval_accuracy": 0.5275999903678894, "eval_mae": 0.5698, "eval_runtime": 17.8063, "eval_samples_per_second": 280.8}