{"eval_loss": 1.3438841104507446, "eval_accuracy": 0.4715999960899353, "eval_mae": 0.6888, "eval_runtime": 17.3616, "eval_samples_per_second": 287.992}