{"eval_loss": 0.9508962035179138, "eval_accuracy": 0.6195999979972839, "eval_mae": 0.4304, "eval_runtime": 17.3758, "eval_samples_per_second": 287.756}