{"eval_loss": 0.9485834240913391, "eval_accuracy": 0.5916000008583069, "eval_mae": 0.4624, "eval_runtime": 17.3896, "eval_samples_per_second": 287.529}