{"eval_loss": 1.0229922533035278, "eval_accuracy": 0.5694000124931335, "eval_mae": 0.5098, "eval_runtime": 17.5116, "eval_samples_per_second": 285.525}