{"eval_loss": 1.0147967338562012, "eval_accuracy": 0.5645999908447266, "eval_mae": 0.5082, "eval_runtime": 17.2566, "eval_samples_per_second": 289.744}