{"eval_loss": 1.0116207599639893, "eval_accuracy": 0.5788000226020813, "eval_mae": 0.483, "eval_runtime": 17.4287, "eval_samples_per_second": 286.883}