{"eval_loss": 0.9536705017089844, "eval_accuracy": 0.5985999703407288, "eval_mae": 0.466, "eval_runtime": 17.324, "eval_samples_per_second": 288.616}