{"eval_loss": 0.9496843814849854, "eval_accuracy": 0.6065999865531921, "eval_mae": 0.4496, "eval_runtime": 27.8466, "eval_samples_per_second": 179.555}