{"eval_loss": 1.3921586275100708, "eval_accuracy": 0.4814000129699707, "eval_mae": 0.6734, "eval_runtime": 20.1841, "eval_samples_per_second": 247.72}