{"eval_loss": 1.0185317993164062, "eval_accuracy": 0.58160001039505, "eval_mae": 0.4934, "eval_runtime": 18.7719, "eval_samples_per_second": 266.355}