{"eval_loss": 0.9477177858352661, "eval_accuracy": 0.605400025844574, "eval_mae": 0.4542, "eval_runtime": 16.4825, "eval_samples_per_second": 303.352}