{"eval_loss": 1.4429194927215576, "eval_accuracy": 0.4397999942302704, "eval_mae": 0.7292, "eval_runtime": 18.9468, "eval_samples_per_second": 263.897}