{"eval_loss": 1.1337120532989502, "eval_accuracy": 0.545199990272522, "eval_mae": 0.5804, "eval_runtime": 16.8224, "eval_samples_per_second": 297.223}