{"eval_loss": 1.0787993669509888, "eval_accuracy": 0.5580000281333923, "eval_mae": 0.5308, "eval_runtime": 19.0539, "eval_samples_per_second": 262.413}