{"eval_loss": 1.0188206434249878, "eval_accuracy": 0.5681999921798706, "eval_mae": 0.5092, "eval_runtime": 17.1573, "eval_samples_per_second": 291.422}