{"eval_loss": 1.0067901611328125, "eval_accuracy": 0.5928000211715698, "eval_mae": 0.4682, "eval_runtime": 17.1999, "eval_samples_per_second": 290.699}