{"eval_loss": 1.0786503553390503, "eval_accuracy": 0.5586000084877014, "eval_mae": 0.5306, "eval_runtime": 29.1235, "eval_samples_per_second": 171.682}