{"eval_loss": 1.3921425342559814, "eval_accuracy": 0.48159998655319214, "eval_mae": 0.6734, "eval_runtime": 18.5181, "eval_samples_per_second": 270.006}