{"eval_loss": 1.0197645425796509, "eval_accuracy": 0.5784000158309937, "eval_mae": 0.499, "eval_runtime": 23.4994, "eval_samples_per_second": 212.772}