{"eval_loss": 1.3943791389465332, "eval_accuracy": 0.47859999537467957, "eval_mae": 0.6772, "eval_runtime": 34.5359, "eval_samples_per_second": 144.777}