{"eval_loss": 1.1754951477050781, "eval_accuracy": 0.5027999877929688, "eval_mae": 0.5918, "eval_runtime": 17.3007, "eval_samples_per_second": 289.005}