{"eval_loss": 0.949482798576355, "eval_accuracy": 0.6064000129699707, "eval_mae": 0.45, "eval_runtime": 18.5234, "eval_samples_per_second": 269.929}