{"eval_loss": 1.2284272909164429, "eval_accuracy": 0.5070000290870667, "eval_mae": 0.6216, "eval_runtime": 19.6112, "eval_samples_per_second": 254.957}