{"eval_loss": 0.9505802989006042, "eval_accuracy": 0.6069999933242798, "eval_mae": 0.4498, "eval_runtime": 18.6849, "eval_samples_per_second": 267.595}