{"eval_loss": 0.9463820457458496, "eval_accuracy": 0.6028000116348267, "eval_mae": 0.459, "eval_runtime": 17.3247, "eval_samples_per_second": 288.605}