{"eval_loss": 1.3949596881866455, "eval_accuracy": 0.4796000123023987, "eval_mae": 0.6758, "eval_runtime": 27.257, "eval_samples_per_second": 183.439}