{"eval_loss": 1.3506793975830078, "eval_accuracy": 0.4832000136375427, "eval_mae": 0.673, "eval_runtime": 17.8991, "eval_samples_per_second": 279.344}