{"eval_loss": 1.340739130973816, "eval_accuracy": 0.46860000491142273, "eval_mae": 0.6888, "eval_runtime": 21.3968, "eval_samples_per_second": 233.68}