{"eval_loss": 1.2293639183044434, "eval_accuracy": 0.5058000087738037, "eval_mae": 0.6216, "eval_runtime": 18.9067, "eval_samples_per_second": 264.457}