{"eval_loss": 1.3674486875534058, "eval_accuracy": 0.45879998803138733, "eval_mae": 0.7306, "eval_runtime": 16.7908, "eval_samples_per_second": 297.782}