{"eval_loss": 1.0072017908096313, "eval_accuracy": 0.592199981212616, "eval_mae": 0.47, "eval_runtime": 17.303, "eval_samples_per_second": 288.967}