{"eval_loss": 1.0289396047592163, "eval_accuracy": 0.54339998960495, "eval_mae": 0.5414, "eval_runtime": 16.7113, "eval_samples_per_second": 299.199}