{"eval_loss": 1.2406128644943237, "eval_accuracy": 0.5041999816894531, "eval_mae": 0.5904, "eval_runtime": 26.0536, "eval_samples_per_second": 191.912}