{"eval_loss": 0.9487802982330322, "eval_accuracy": 0.6064000129699707, "eval_mae": 0.4494, "eval_runtime": 18.1117, "eval_samples_per_second": 276.064}