{"eval_loss": 1.1474552154541016, "eval_accuracy": 0.5483999848365784, "eval_mae": 0.5828, "eval_runtime": 16.7674, "eval_samples_per_second": 298.198}