{"eval_loss": 0.9487425684928894, "eval_accuracy": 0.5920000076293945, "eval_mae": 0.4618, "eval_runtime": 17.8644, "eval_samples_per_second": 279.886}