{"eval_loss": 1.0054523944854736, "eval_accuracy": 0.5763999819755554, "eval_mae": 0.4952, "eval_runtime": 17.2872, "eval_samples_per_second": 289.232}