{"eval_loss": 0.9492619037628174, "eval_accuracy": 0.6069999933242798, "eval_mae": 0.4492, "eval_runtime": 20.9529, "eval_samples_per_second": 238.63}