{"eval_loss": 1.054213047027588, "eval_accuracy": 0.5271999835968018, "eval_mae": 0.5694, "eval_runtime": 16.9699, "eval_samples_per_second": 294.64}