{"eval_loss": 1.2281064987182617, "eval_accuracy": 0.4984000027179718, "eval_mae": 0.6038, "eval_runtime": 17.7169, "eval_samples_per_second": 282.217}