{"eval_loss": 1.3489274978637695, "eval_accuracy": 0.4724000096321106, "eval_mae": 0.6894, "eval_runtime": 17.5781, "eval_samples_per_second": 284.445}