{"eval_loss": 1.4445420503616333, "eval_accuracy": 0.4390000104904175, "eval_mae": 0.73, "eval_runtime": 20.8782, "eval_samples_per_second": 239.485}