{"eval_loss": 1.0077279806137085, "eval_accuracy": 0.5934000015258789, "eval_mae": 0.4688, "eval_runtime": 16.1815, "eval_samples_per_second": 308.996}