{"eval_loss": 1.0176831483840942, "eval_accuracy": 0.5794000029563904, "eval_mae": 0.4828, "eval_runtime": 17.4858, "eval_samples_per_second": 285.947}