{"eval_loss": 1.2437562942504883, "eval_accuracy": 0.5016000270843506, "eval_mae": 0.5954, "eval_runtime": 29.9937, "eval_samples_per_second": 166.701}