{"eval_loss": 1.1559538841247559, "eval_accuracy": 0.5001999735832214, "eval_mae": 0.59, "eval_runtime": 17.3187, "eval_samples_per_second": 288.706}