{"eval_loss": 1.0618906021118164, "eval_accuracy": 0.5569999814033508, "eval_mae": 0.5212, "eval_runtime": 18.4034, "eval_samples_per_second": 271.688}