{"eval_loss": 0.9798505902290344, "eval_accuracy": 0.5821999907493591, "eval_mae": 0.488, "eval_runtime": 17.3615, "eval_samples_per_second": 287.994}