{"eval_loss": 0.9358769655227661, "eval_accuracy": 0.602400004863739, "eval_mae": 0.4538, "eval_runtime": 16.5678, "eval_samples_per_second": 301.79}