{"eval_loss": 0.9462912082672119, "eval_accuracy": 0.6047999858856201, "eval_mae": 0.4572, "eval_runtime": 17.5716, "eval_samples_per_second": 284.549}