{"eval_loss": 1.0802478790283203, "eval_accuracy": 0.5576000213623047, "eval_mae": 0.5636, "eval_runtime": 19.6959, "eval_samples_per_second": 253.859}