{"eval_loss": 1.086081862449646, "eval_accuracy": 0.5473999977111816, "eval_mae": 0.5412, "eval_runtime": 27.6463, "eval_samples_per_second": 180.856}