{"eval_loss": 0.9800351858139038, "eval_accuracy": 0.5794000029563904, "eval_mae": 0.491, "eval_runtime": 17.3566, "eval_samples_per_second": 288.075}