{"eval_loss": 0.9481769800186157, "eval_accuracy": 0.5946000218391418, "eval_mae": 0.4684, "eval_runtime": 19.2123, "eval_samples_per_second": 260.249}