{"eval_loss": 1.2420755624771118, "eval_accuracy": 0.5001999735832214, "eval_mae": 0.5954, "eval_runtime": 20.4257, "eval_samples_per_second": 244.789}