{"eval_loss": 0.9488707184791565, "eval_accuracy": 0.5942000150680542, "eval_mae": 0.4686, "eval_runtime": 18.6955, "eval_samples_per_second": 267.444}