{"eval_loss": 1.0076870918273926, "eval_accuracy": 0.5938000082969666, "eval_mae": 0.468, "eval_runtime": 17.4625, "eval_samples_per_second": 286.328}