{"eval_loss": 1.0058964490890503, "eval_accuracy": 0.5938000082969666, "eval_mae": 0.468, "eval_runtime": 17.2787, "eval_samples_per_second": 289.374}