{"eval_loss": 0.9488681554794312, "eval_accuracy": 0.5888000130653381, "eval_mae": 0.465, "eval_runtime": 16.2088, "eval_samples_per_second": 308.474}