{"eval_loss": 1.0070964097976685, "eval_accuracy": 0.5935999751091003, "eval_mae": 0.4678, "eval_runtime": 17.2821, "eval_samples_per_second": 289.317}