{"eval_loss": 1.018659234046936, "eval_accuracy": 0.5812000036239624, "eval_mae": 0.4936, "eval_runtime": 18.3987, "eval_samples_per_second": 271.758}