{"eval_loss": 1.014647126197815, "eval_accuracy": 0.5644000172615051, "eval_mae": 0.5082, "eval_runtime": 16.9234, "eval_samples_per_second": 295.448}