{"eval_loss": 0.9496510624885559, "eval_accuracy": 0.6068000197410583, "eval_mae": 0.4496, "eval_runtime": 19.26, "eval_samples_per_second": 259.605}