{"eval_loss": 1.3529967069625854, "eval_accuracy": 0.48260000348091125, "eval_mae": 0.671, "eval_runtime": 20.7794, "eval_samples_per_second": 240.622}