{"eval_loss": 1.0510704517364502, "eval_accuracy": 0.5630000233650208, "eval_mae": 0.5074, "eval_runtime": 18.3949, "eval_samples_per_second": 271.815}