{"eval_loss": 1.0186522006988525, "eval_accuracy": 0.5812000036239624, "eval_mae": 0.4934, "eval_runtime": 22.3654, "eval_samples_per_second": 223.56}