{"eval_loss": 1.346514105796814, "eval_accuracy": 0.48399999737739563, "eval_mae": 0.671, "eval_runtime": 18.37, "eval_samples_per_second": 272.183}