{"eval_loss": 1.00628662109375, "eval_accuracy": 0.593999981880188, "eval_mae": 0.4672, "eval_runtime": 17.1957, "eval_samples_per_second": 290.77}