{"eval_loss": 1.2419984340667725, "eval_accuracy": 0.5001999735832214, "eval_mae": 0.5952, "eval_runtime": 18.43, "eval_samples_per_second": 271.297}