{"eval_loss": 1.2360199689865112, "eval_accuracy": 0.5040000081062317, "eval_mae": 0.6304, "eval_runtime": 19.1623, "eval_samples_per_second": 260.929}