{"eval_loss": 0.960791826248169, "eval_accuracy": 0.592199981212616, "eval_mae": 0.4836, "eval_runtime": 17.2767, "eval_samples_per_second": 289.408}