{"eval_loss": 1.1493842601776123, "eval_accuracy": 0.5475999712944031, "eval_mae": 0.5822, "eval_runtime": 17.4895, "eval_samples_per_second": 285.885}