{"eval_loss": 1.3695778846740723, "eval_accuracy": 0.459199994802475, "eval_mae": 0.7296, "eval_runtime": 16.4386, "eval_samples_per_second": 304.163}