{"eval_loss": 0.9609827995300293, "eval_accuracy": 0.5911999940872192, "eval_mae": 0.4846, "eval_runtime": 17.391, "eval_samples_per_second": 287.505}