{"eval_loss": 1.0115242004394531, "eval_accuracy": 0.5802000164985657, "eval_mae": 0.4814, "eval_runtime": 17.4448, "eval_samples_per_second": 286.618}