{"eval_loss": 1.3393675088882446, "eval_accuracy": 0.46779999136924744, "eval_mae": 0.6886, "eval_runtime": 19.9723, "eval_samples_per_second": 250.347}