{"eval_loss": 1.021314024925232, "eval_accuracy": 0.5698000192642212, "eval_mae": 0.509, "eval_runtime": 16.539, "eval_samples_per_second": 302.316}