{"eval_loss": 1.045639991760254, "eval_accuracy": 0.5605999827384949, "eval_mae": 0.5088, "eval_runtime": 18.5102, "eval_samples_per_second": 270.121}