{"eval_loss": 0.9559667706489563, "eval_accuracy": 0.6000000238418579, "eval_mae": 0.4634, "eval_runtime": 17.2671, "eval_samples_per_second": 289.568}