{"eval_loss": 1.0812159776687622, "eval_accuracy": 0.5568000078201294, "eval_mae": 0.5644, "eval_runtime": 18.4547, "eval_samples_per_second": 270.934}