{"eval_loss": 1.0190478563308716, "eval_accuracy": 0.5802000164985657, "eval_mae": 0.4958, "eval_runtime": 23.9193, "eval_samples_per_second": 209.036}