{"eval_loss": 1.3665924072265625, "eval_accuracy": 0.4586000144481659, "eval_mae": 0.7296, "eval_runtime": 17.3051, "eval_samples_per_second": 288.931}