{"eval_loss": 1.0111310482025146, "eval_accuracy": 0.5799999833106995, "eval_mae": 0.4822, "eval_runtime": 17.452, "eval_samples_per_second": 286.5}