{"eval_loss": 0.9887556433677673, "eval_accuracy": 0.5705999732017517, "eval_mae": 0.5054, "eval_runtime": 17.0608, "eval_samples_per_second": 293.07}