{"eval_loss": 1.086026906967163, "eval_accuracy": 0.5479999780654907, "eval_mae": 0.5408, "eval_runtime": 25.0317, "eval_samples_per_second": 199.747}