{"eval_loss": 0.9359548687934875, "eval_accuracy": 0.6010000109672546, "eval_mae": 0.4548, "eval_runtime": 16.463, "eval_samples_per_second": 303.711}