{"eval_loss": 0.9421855211257935, "eval_accuracy": 0.6093999743461609, "eval_mae": 0.451, "eval_runtime": 17.278, "eval_samples_per_second": 289.385}