{"eval_loss": 1.0196524858474731, "eval_accuracy": 0.5809999704360962, "eval_mae": 0.4948, "eval_runtime": 23.6615, "eval_samples_per_second": 211.314}