{"eval_loss": 1.348597764968872, "eval_accuracy": 0.47200000286102295, "eval_mae": 0.6904, "eval_runtime": 17.3231, "eval_samples_per_second": 288.631}