{"eval_loss": 1.0849958658218384, "eval_accuracy": 0.574999988079071, "eval_mae": 0.5114, "eval_runtime": 16.3545, "eval_samples_per_second": 305.727}