{"eval_loss": 1.0459846258163452, "eval_accuracy": 0.5637999773025513, "eval_mae": 0.5068, "eval_runtime": 18.6457, "eval_samples_per_second": 268.159}