{"eval_loss": 0.9346719980239868, "eval_accuracy": 0.6019999980926514, "eval_mae": 0.4532, "eval_runtime": 17.086, "eval_samples_per_second": 292.637}