{"eval_loss": 0.9889780282974243, "eval_accuracy": 0.5709999799728394, "eval_mae": 0.5062, "eval_runtime": 16.9896, "eval_samples_per_second": 294.297}