{"eval_loss": 1.2384084463119507, "eval_accuracy": 0.4970000088214874, "eval_mae": 0.6476, "eval_runtime": 17.7725, "eval_samples_per_second": 281.334}