{"eval_loss": 1.0304523706436157, "eval_accuracy": 0.546999990940094, "eval_mae": 0.5374, "eval_runtime": 17.4874, "eval_samples_per_second": 285.921}