{"eval_loss": 1.1550626754760742, "eval_accuracy": 0.49939998984336853, "eval_mae": 0.591, "eval_runtime": 17.2815, "eval_samples_per_second": 289.327}