{"eval_loss": 0.8899494409561157, "eval_accuracy": 0.6363999843597412, "eval_mae": 0.4156, "eval_runtime": 24.7784, "eval_samples_per_second": 201.788}