{"eval_loss": 1.004936933517456, "eval_accuracy": 0.5735999941825867, "eval_mae": 0.4978, "eval_runtime": 16.5413, "eval_samples_per_second": 302.274}