{"eval_loss": 0.950907826423645, "eval_accuracy": 0.6208000183105469, "eval_mae": 0.4288, "eval_runtime": 17.4101, "eval_samples_per_second": 287.19}