{"eval_loss": 0.9473130702972412, "eval_accuracy": 0.6047999858856201, "eval_mae": 0.457, "eval_runtime": 16.641, "eval_samples_per_second": 300.462}