{"eval_loss": 0.9912259578704834, "eval_accuracy": 0.5709999799728394, "eval_mae": 0.507, "eval_runtime": 16.9147, "eval_samples_per_second": 295.602}