{"eval_loss": 1.0251362323760986, "eval_accuracy": 0.5562000274658203, "eval_mae": 0.5346, "eval_runtime": 17.2701, "eval_samples_per_second": 289.518}