{"eval_loss": 1.0069619417190552, "eval_accuracy": 0.5928000211715698, "eval_mae": 0.4686, "eval_runtime": 17.4677, "eval_samples_per_second": 286.242}