{"eval_loss": 1.0770105123519897, "eval_accuracy": 0.5580000281333923, "eval_mae": 0.5628, "eval_runtime": 18.4743, "eval_samples_per_second": 270.647}