{"eval_loss": 1.0784944295883179, "eval_accuracy": 0.5587999820709229, "eval_mae": 0.5304, "eval_runtime": 18.6028, "eval_samples_per_second": 268.776}