{"eval_loss": 1.4434157609939575, "eval_accuracy": 0.4399999976158142, "eval_mae": 0.7288, "eval_runtime": 34.5203, "eval_samples_per_second": 144.842}