{"eval_loss": 1.369345784187317, "eval_accuracy": 0.4564000070095062, "eval_mae": 0.7332, "eval_runtime": 17.6301, "eval_samples_per_second": 283.606}