{"eval_loss": 1.0632798671722412, "eval_accuracy": 0.5568000078201294, "eval_mae": 0.5226, "eval_runtime": 23.421, "eval_samples_per_second": 213.484}