{"eval_loss": 1.0439343452453613, "eval_accuracy": 0.5616000294685364, "eval_mae": 0.5088, "eval_runtime": 18.4194, "eval_samples_per_second": 271.453}