{"eval_loss": 0.96073317527771, "eval_accuracy": 0.592199981212616, "eval_mae": 0.4842, "eval_runtime": 17.3687, "eval_samples_per_second": 287.875}