{"eval_loss": 1.392233967781067, "eval_accuracy": 0.4812000095844269, "eval_mae": 0.6734, "eval_runtime": 20.3171, "eval_samples_per_second": 246.098}