{"eval_loss": 1.3481836318969727, "eval_accuracy": 0.47279998660087585, "eval_mae": 0.6906, "eval_runtime": 16.8086, "eval_samples_per_second": 297.466}