{"eval_loss": 0.9463240504264832, "eval_accuracy": 0.6061999797821045, "eval_mae": 0.4558, "eval_runtime": 17.4479, "eval_samples_per_second": 286.567}