{"eval_loss": 1.0177944898605347, "eval_accuracy": 0.5771999955177307, "eval_mae": 0.485, "eval_runtime": 17.4968, "eval_samples_per_second": 285.767}