{"eval_loss": 0.9899660348892212, "eval_accuracy": 0.5712000131607056, "eval_mae": 0.5072, "eval_runtime": 16.9652, "eval_samples_per_second": 294.721}