{"eval_loss": 1.1768542528152466, "eval_accuracy": 0.503000020980835, "eval_mae": 0.5912, "eval_runtime": 17.5599, "eval_samples_per_second": 284.74}