{"eval_loss": 1.1471372842788696, "eval_accuracy": 0.5473999977111816, "eval_mae": 0.583, "eval_runtime": 16.4558, "eval_samples_per_second": 303.844}