{"eval_loss": 1.0783300399780273, "eval_accuracy": 0.5590000152587891, "eval_mae": 0.53, "eval_runtime": 23.4289, "eval_samples_per_second": 213.412}