{"eval_loss": 0.9602242112159729, "eval_accuracy": 0.5934000015258789, "eval_mae": 0.482, "eval_runtime": 17.3729, "eval_samples_per_second": 287.804}