{"eval_loss": 1.3503693342208862, "eval_accuracy": 0.4851999878883362, "eval_mae": 0.6696, "eval_runtime": 21.5674, "eval_samples_per_second": 231.832}