{"eval_loss": 1.0854498147964478, "eval_accuracy": 0.5735999941825867, "eval_mae": 0.5122, "eval_runtime": 16.3846, "eval_samples_per_second": 305.164}