{"eval_loss": 1.2277783155441284, "eval_accuracy": 0.5005999803543091, "eval_mae": 0.6026, "eval_runtime": 23.4691, "eval_samples_per_second": 213.046}