{"eval_loss": 1.174702525138855, "eval_accuracy": 0.5044000148773193, "eval_mae": 0.5904, "eval_runtime": 17.4343, "eval_samples_per_second": 286.79}