{"eval_loss": 1.0240275859832764, "eval_accuracy": 0.5569999814033508, "eval_mae": 0.5332, "eval_runtime": 17.2514, "eval_samples_per_second": 289.832}