{"eval_loss": 1.0113781690597534, "eval_accuracy": 0.579800009727478, "eval_mae": 0.4824, "eval_runtime": 17.3921, "eval_samples_per_second": 287.487}