{"eval_loss": 1.0803483724594116, "eval_accuracy": 0.5562000274658203, "eval_mae": 0.565, "eval_runtime": 19.4155, "eval_samples_per_second": 257.526}