{"eval_loss": 0.8896390795707703, "eval_accuracy": 0.6370000243186951, "eval_mae": 0.414, "eval_runtime": 20.2502, "eval_samples_per_second": 246.911}