{"eval_loss": 1.353217601776123, "eval_accuracy": 0.4832000136375427, "eval_mae": 0.6718, "eval_runtime": 18.1998, "eval_samples_per_second": 274.728}