{"eval_loss": 1.341180682182312, "eval_accuracy": 0.47760000824928284, "eval_mae": 0.6906, "eval_runtime": 15.9012, "eval_samples_per_second": 314.441}