{"eval_loss": 1.3516194820404053, "eval_accuracy": 0.4832000136375427, "eval_mae": 0.6706, "eval_runtime": 23.637, "eval_samples_per_second": 211.533}