{"eval_loss": 0.9503657221794128, "eval_accuracy": 0.6197999715805054, "eval_mae": 0.4296, "eval_runtime": 17.5856, "eval_samples_per_second": 284.324}