{"eval_loss": 1.1551728248596191, "eval_accuracy": 0.49959999322891235, "eval_mae": 0.5912, "eval_runtime": 16.7268, "eval_samples_per_second": 298.921}