{"eval_loss": 0.9460666179656982, "eval_accuracy": 0.6057999730110168, "eval_mae": 0.4564, "eval_runtime": 17.2189, "eval_samples_per_second": 290.379}