{"eval_loss": 1.0053678750991821, "eval_accuracy": 0.5753999948501587, "eval_mae": 0.4968, "eval_runtime": 17.8268, "eval_samples_per_second": 280.476}