{"eval_loss": 1.3665060997009277, "eval_accuracy": 0.4580000042915344, "eval_mae": 0.7318, "eval_runtime": 17.2019, "eval_samples_per_second": 290.665}