{"eval_loss": 1.228529453277588, "eval_accuracy": 0.5013999938964844, "eval_mae": 0.6022, "eval_runtime": 18.3885, "eval_samples_per_second": 271.909}