{"eval_loss": 1.0847688913345337, "eval_accuracy": 0.5752000212669373, "eval_mae": 0.51, "eval_runtime": 16.0527, "eval_samples_per_second": 311.474}