{"eval_loss": 1.0245046615600586, "eval_accuracy": 0.555400013923645, "eval_mae": 0.5358, "eval_runtime": 17.2552, "eval_samples_per_second": 289.769}