{"eval_loss": 1.0147037506103516, "eval_accuracy": 0.5802000164985657, "eval_mae": 0.4818, "eval_runtime": 17.4114, "eval_samples_per_second": 287.168}