{"eval_loss": 1.0045310258865356, "eval_accuracy": 0.574400007724762, "eval_mae": 0.4974, "eval_runtime": 17.4917, "eval_samples_per_second": 285.85}