{"eval_loss": 1.2297316789627075, "eval_accuracy": 0.506600022315979, "eval_mae": 0.6212, "eval_runtime": 19.3962, "eval_samples_per_second": 257.783}