{"eval_loss": 0.9500924944877625, "eval_accuracy": 0.6218000054359436, "eval_mae": 0.427, "eval_runtime": 17.346, "eval_samples_per_second": 288.252}