{"eval_loss": 0.9624906182289124, "eval_accuracy": 0.5920000076293945, "eval_mae": 0.4854, "eval_runtime": 17.3903, "eval_samples_per_second": 287.516}