{"eval_loss": 1.1558561325073242, "eval_accuracy": 0.4984000027179718, "eval_mae": 0.5922, "eval_runtime": 17.26, "eval_samples_per_second": 289.688}