{"eval_loss": 1.0606117248535156, "eval_accuracy": 0.5565999746322632, "eval_mae": 0.5226, "eval_runtime": 18.3685, "eval_samples_per_second": 272.204}