{"eval_loss": 1.369118332862854, "eval_accuracy": 0.45719999074935913, "eval_mae": 0.7326, "eval_runtime": 17.5853, "eval_samples_per_second": 284.329}