{"eval_loss": 1.0067722797393799, "eval_accuracy": 0.5907999873161316, "eval_mae": 0.4722, "eval_runtime": 17.3736, "eval_samples_per_second": 287.793}