{"eval_loss": 1.3674997091293335, "eval_accuracy": 0.4602000117301941, "eval_mae": 0.7284, "eval_runtime": 17.3706, "eval_samples_per_second": 287.843}