{"eval_loss": 1.0800285339355469, "eval_accuracy": 0.5555999875068665, "eval_mae": 0.5656, "eval_runtime": 23.5552, "eval_samples_per_second": 212.267}