{"eval_loss": 1.3392388820648193, "eval_accuracy": 0.46720001101493835, "eval_mae": 0.69, "eval_runtime": 29.9819, "eval_samples_per_second": 166.767}