{"eval_loss": 0.955089271068573, "eval_accuracy": 0.5989999771118164, "eval_mae": 0.464, "eval_runtime": 17.2869, "eval_samples_per_second": 289.236}