{"eval_loss": 1.084470272064209, "eval_accuracy": 0.5753999948501587, "eval_mae": 0.511, "eval_runtime": 16.0947, "eval_samples_per_second": 310.662}