{"eval_loss": 1.2295324802398682, "eval_accuracy": 0.5055999755859375, "eval_mae": 0.6224, "eval_runtime": 32.0613, "eval_samples_per_second": 155.951}