{"eval_loss": 0.9512010812759399, "eval_accuracy": 0.6205999851226807, "eval_mae": 0.4284, "eval_runtime": 17.4338, "eval_samples_per_second": 286.799}