{"eval_loss": 1.146856427192688, "eval_accuracy": 0.5482000112533569, "eval_mae": 0.5806, "eval_runtime": 16.4446, "eval_samples_per_second": 304.052}