{"eval_loss": 1.0868297815322876, "eval_accuracy": 0.5722000002861023, "eval_mae": 0.5132, "eval_runtime": 16.434, "eval_samples_per_second": 304.248}