{"eval_loss": 1.4426623582839966, "eval_accuracy": 0.43959999084472656, "eval_mae": 0.729, "eval_runtime": 18.5394, "eval_samples_per_second": 269.696}