{"eval_loss": 1.346834421157837, "eval_accuracy": 0.46860000491142273, "eval_mae": 0.6928, "eval_runtime": 17.3762, "eval_samples_per_second": 287.75}