{"eval_loss": 1.0142879486083984, "eval_accuracy": 0.5637999773025513, "eval_mae": 0.5082, "eval_runtime": 17.0133, "eval_samples_per_second": 293.888}