{"eval_loss": 0.8905240297317505, "eval_accuracy": 0.6353999972343445, "eval_mae": 0.4174, "eval_runtime": 26.6402, "eval_samples_per_second": 187.686}