{"eval_loss": 1.0865918397903442, "eval_accuracy": 0.574400007724762, "eval_mae": 0.512, "eval_runtime": 16.9796, "eval_samples_per_second": 294.471}