{"eval_loss": 1.0064384937286377, "eval_accuracy": 0.5932000279426575, "eval_mae": 0.4678, "eval_runtime": 17.4107, "eval_samples_per_second": 287.179}