{"eval_loss": 1.0803511142730713, "eval_accuracy": 0.5558000206947327, "eval_mae": 0.5654, "eval_runtime": 19.0257, "eval_samples_per_second": 262.803}