{"eval_loss": 0.9464857578277588, "eval_accuracy": 0.6051999926567078, "eval_mae": 0.4558, "eval_runtime": 16.6846, "eval_samples_per_second": 299.677}