{"eval_loss": 1.0297521352767944, "eval_accuracy": 0.5446000099182129, "eval_mae": 0.54, "eval_runtime": 16.4101, "eval_samples_per_second": 304.691}