{"eval_loss": 1.2378801107406616, "eval_accuracy": 0.49720001220703125, "eval_mae": 0.6474, "eval_runtime": 25.586, "eval_samples_per_second": 195.42}