{"eval_loss": 1.231187343597412, "eval_accuracy": 0.49959999322891235, "eval_mae": 0.6022, "eval_runtime": 18.4089, "eval_samples_per_second": 271.607}