{"eval_loss": 1.0875709056854248, "eval_accuracy": 0.5504000186920166, "eval_mae": 0.538, "eval_runtime": 22.757, "eval_samples_per_second": 219.713}