{"eval_loss": 1.0142154693603516, "eval_accuracy": 0.5809999704360962, "eval_mae": 0.4816, "eval_runtime": 17.9802, "eval_samples_per_second": 278.084}