{"eval_loss": 1.2386640310287476, "eval_accuracy": 0.4970000088214874, "eval_mae": 0.6472, "eval_runtime": 32.8099, "eval_samples_per_second": 152.393}