{"eval_loss": 1.1466355323791504, "eval_accuracy": 0.5490000247955322, "eval_mae": 0.5822, "eval_runtime": 17.3709, "eval_samples_per_second": 287.838}