{"eval_loss": 1.2243192195892334, "eval_accuracy": 0.5005999803543091, "eval_mae": 0.601, "eval_runtime": 18.1287, "eval_samples_per_second": 275.805}