{"eval_loss": 1.0146232843399048, "eval_accuracy": 0.5654000043869019, "eval_mae": 0.5072, "eval_runtime": 16.9888, "eval_samples_per_second": 294.312}