{"eval_loss": 0.9910139441490173, "eval_accuracy": 0.5680000185966492, "eval_mae": 0.5104, "eval_runtime": 16.9983, "eval_samples_per_second": 294.146}