{"eval_loss": 1.3848729133605957, "eval_accuracy": 0.4787999987602234, "eval_mae": 0.673, "eval_runtime": 23.8052, "eval_samples_per_second": 210.038}