{"eval_loss": 1.225855827331543, "eval_accuracy": 0.5085999965667725, "eval_mae": 0.6188, "eval_runtime": 29.2827, "eval_samples_per_second": 170.749}