{"eval_loss": 1.0252065658569336, "eval_accuracy": 0.5558000206947327, "eval_mae": 0.5362, "eval_runtime": 16.5827, "eval_samples_per_second": 301.519}