{"eval_loss": 1.0547853708267212, "eval_accuracy": 0.5270000100135803, "eval_mae": 0.5714, "eval_runtime": 16.3255, "eval_samples_per_second": 306.27}