{"eval_loss": 1.0459359884262085, "eval_accuracy": 0.5612000226974487, "eval_mae": 0.5084, "eval_runtime": 20.605, "eval_samples_per_second": 242.659}