{"eval_loss": 1.0139952898025513, "eval_accuracy": 0.5659999847412109, "eval_mae": 0.5064, "eval_runtime": 16.3238, "eval_samples_per_second": 306.302}