{"eval_loss": 0.9497584104537964, "eval_accuracy": 0.6065999865531921, "eval_mae": 0.45, "eval_runtime": 19.054, "eval_samples_per_second": 262.412}