{"eval_loss": 1.0068979263305664, "eval_accuracy": 0.5929999947547913, "eval_mae": 0.4686, "eval_runtime": 17.3563, "eval_samples_per_second": 288.081}