{"eval_loss": 1.0859408378601074, "eval_accuracy": 0.5479999780654907, "eval_mae": 0.5406, "eval_runtime": 19.0484, "eval_samples_per_second": 262.489}