{"eval_loss": 1.2275594472885132, "eval_accuracy": 0.503600001335144, "eval_mae": 0.5984, "eval_runtime": 24.4014, "eval_samples_per_second": 204.906}