{"eval_loss": 1.3487306833267212, "eval_accuracy": 0.4733999967575073, "eval_mae": 0.6892, "eval_runtime": 17.2989, "eval_samples_per_second": 289.036}