{"eval_loss": 0.9913001656532288, "eval_accuracy": 0.5687999725341797, "eval_mae": 0.509, "eval_runtime": 16.1822, "eval_samples_per_second": 308.982}