{"eval_loss": 0.9495386481285095, "eval_accuracy": 0.5956000089645386, "eval_mae": 0.4668, "eval_runtime": 19.0541, "eval_samples_per_second": 262.41}