{"eval_loss": 1.442603349685669, "eval_accuracy": 0.44020000100135803, "eval_mae": 0.7286, "eval_runtime": 18.5567, "eval_samples_per_second": 269.445}