{"eval_loss": 1.0777838230133057, "eval_accuracy": 0.5594000220298767, "eval_mae": 0.5304, "eval_runtime": 27.8761, "eval_samples_per_second": 179.365}