{"eval_loss": 1.0458234548568726, "eval_accuracy": 0.5605999827384949, "eval_mae": 0.5088, "eval_runtime": 19.5296, "eval_samples_per_second": 256.022}