{"eval_loss": 0.9387847781181335, "eval_accuracy": 0.6029999852180481, "eval_mae": 0.4538, "eval_runtime": 16.9838, "eval_samples_per_second": 294.399}