{"eval_loss": 1.0055029392242432, "eval_accuracy": 0.5753999948501587, "eval_mae": 0.4964, "eval_runtime": 17.1974, "eval_samples_per_second": 290.742}