{"eval_loss": 1.0247472524642944, "eval_accuracy": 0.5551999807357788, "eval_mae": 0.5352, "eval_runtime": 17.3097, "eval_samples_per_second": 288.855}