{"eval_loss": 1.3481199741363525, "eval_accuracy": 0.4580000042915344, "eval_mae": 0.7288, "eval_runtime": 16.4352, "eval_samples_per_second": 304.225}