{"eval_loss": 0.9777348637580872, "eval_accuracy": 0.5806000232696533, "eval_mae": 0.4892, "eval_runtime": 17.3818, "eval_samples_per_second": 287.656}