{"eval_loss": 1.024845004081726, "eval_accuracy": 0.5550000071525574, "eval_mae": 0.5358, "eval_runtime": 17.2753, "eval_samples_per_second": 289.43}