{"eval_loss": 1.0211713314056396, "eval_accuracy": 0.5687999725341797, "eval_mae": 0.5096, "eval_runtime": 17.3365, "eval_samples_per_second": 288.409}