{"eval_loss": 1.3431180715560913, "eval_accuracy": 0.475600004196167, "eval_mae": 0.6926, "eval_runtime": 16.2741, "eval_samples_per_second": 307.238}