{"eval_loss": 0.9912224411964417, "eval_accuracy": 0.5705999732017517, "eval_mae": 0.5082, "eval_runtime": 16.9036, "eval_samples_per_second": 295.796}