{"eval_loss": 1.0277717113494873, "eval_accuracy": 0.5454000234603882, "eval_mae": 0.539, "eval_runtime": 17.1292, "eval_samples_per_second": 291.899}