{"eval_loss": 1.0056087970733643, "eval_accuracy": 0.5758000016212463, "eval_mae": 0.496, "eval_runtime": 17.1885, "eval_samples_per_second": 290.893}