{"eval_loss": 1.0058906078338623, "eval_accuracy": 0.5759999752044678, "eval_mae": 0.4956, "eval_runtime": 16.4191, "eval_samples_per_second": 304.523}