{"eval_loss": 1.0783933401107788, "eval_accuracy": 0.5583999752998352, "eval_mae": 0.5308, "eval_runtime": 21.3206, "eval_samples_per_second": 234.515}