{"eval_loss": 1.0120387077331543, "eval_accuracy": 0.5788000226020813, "eval_mae": 0.4822, "eval_runtime": 17.4966, "eval_samples_per_second": 285.77}