{"eval_loss": 0.9358546137809753, "eval_accuracy": 0.6019999980926514, "eval_mae": 0.4538, "eval_runtime": 16.3457, "eval_samples_per_second": 305.891}