{"eval_loss": 1.0299626588821411, "eval_accuracy": 0.5454000234603882, "eval_mae": 0.54, "eval_runtime": 16.7511, "eval_samples_per_second": 298.487}