{"eval_loss": 0.9788635969161987, "eval_accuracy": 0.58160001039505, "eval_mae": 0.489, "eval_runtime": 16.6152, "eval_samples_per_second": 300.928}