{"eval_loss": 1.3675068616867065, "eval_accuracy": 0.4578000009059906, "eval_mae": 0.732, "eval_runtime": 17.3536, "eval_samples_per_second": 288.124}