{"eval_loss": 0.9515347480773926, "eval_accuracy": 0.621399998664856, "eval_mae": 0.4284, "eval_runtime": 16.9189, "eval_samples_per_second": 295.528}