{"eval_loss": 1.0054998397827148, "eval_accuracy": 0.5758000016212463, "eval_mae": 0.4958, "eval_runtime": 18.5103, "eval_samples_per_second": 270.121}