{"eval_loss": 1.2418302297592163, "eval_accuracy": 0.4997999966144562, "eval_mae": 0.5958, "eval_runtime": 20.6147, "eval_samples_per_second": 242.545}