{"eval_loss": 0.9490290880203247, "eval_accuracy": 0.5924000144004822, "eval_mae": 0.4704, "eval_runtime": 18.8206, "eval_samples_per_second": 265.666}