{"eval_loss": 1.023893117904663, "eval_accuracy": 0.5559999942779541, "eval_mae": 0.5356, "eval_runtime": 17.2067, "eval_samples_per_second": 290.585}