{"eval_loss": 1.2213472127914429, "eval_accuracy": 0.5045999884605408, "eval_mae": 0.5964, "eval_runtime": 18.4041, "eval_samples_per_second": 271.678}