{"eval_loss": 1.0837879180908203, "eval_accuracy": 0.5475999712944031, "eval_mae": 0.5416, "eval_runtime": 29.9463, "eval_samples_per_second": 166.965}