{"eval_loss": 0.9906589984893799, "eval_accuracy": 0.571399986743927, "eval_mae": 0.5054, "eval_runtime": 17.039, "eval_samples_per_second": 293.445}