{"eval_loss": 1.3396236896514893, "eval_accuracy": 0.46799999475479126, "eval_mae": 0.6886, "eval_runtime": 22.5722, "eval_samples_per_second": 221.511}