{"eval_loss": 0.9360371232032776, "eval_accuracy": 0.6010000109672546, "eval_mae": 0.4548, "eval_runtime": 17.0917, "eval_samples_per_second": 292.539}