{"eval_loss": 1.0554324388504028, "eval_accuracy": 0.5267999768257141, "eval_mae": 0.5734, "eval_runtime": 16.2632, "eval_samples_per_second": 307.443}