{"eval_loss": 0.9459118843078613, "eval_accuracy": 0.6050000190734863, "eval_mae": 0.457, "eval_runtime": 16.4576, "eval_samples_per_second": 303.811}