{"eval_loss": 1.2280939817428589, "eval_accuracy": 0.5077999830245972, "eval_mae": 0.6206, "eval_runtime": 19.8254, "eval_samples_per_second": 252.201}