{"eval_loss": 1.3389486074447632, "eval_accuracy": 0.47279998660087585, "eval_mae": 0.6898, "eval_runtime": 16.7354, "eval_samples_per_second": 298.768}