{"eval_loss": 1.0212681293487549, "eval_accuracy": 0.5703999996185303, "eval_mae": 0.5072, "eval_runtime": 17.0852, "eval_samples_per_second": 292.651}