{"eval_loss": 1.0147558450698853, "eval_accuracy": 0.5645999908447266, "eval_mae": 0.5072, "eval_runtime": 17.0227, "eval_samples_per_second": 293.725}