{"eval_loss": 1.021005630493164, "eval_accuracy": 0.5698000192642212, "eval_mae": 0.509, "eval_runtime": 17.2031, "eval_samples_per_second": 290.646}