{"eval_loss": 1.0111232995986938, "eval_accuracy": 0.5788000226020813, "eval_mae": 0.4832, "eval_runtime": 17.2962, "eval_samples_per_second": 289.08}