{"eval_loss": 1.440631628036499, "eval_accuracy": 0.4397999942302704, "eval_mae": 0.7286, "eval_runtime": 19.0875, "eval_samples_per_second": 261.952}