{"eval_loss": 1.231887936592102, "eval_accuracy": 0.5062000155448914, "eval_mae": 0.6214, "eval_runtime": 21.7397, "eval_samples_per_second": 229.994}