{"eval_loss": 1.1552143096923828, "eval_accuracy": 0.4997999966144562, "eval_mae": 0.591, "eval_runtime": 17.3581, "eval_samples_per_second": 288.05}