{"eval_loss": 1.0074827671051025, "eval_accuracy": 0.5925999879837036, "eval_mae": 0.469, "eval_runtime": 17.4561, "eval_samples_per_second": 286.433}