{"eval_loss": 1.0042898654937744, "eval_accuracy": 0.5763999819755554, "eval_mae": 0.4946, "eval_runtime": 17.2252, "eval_samples_per_second": 290.272}