{"eval_loss": 0.9507436752319336, "eval_accuracy": 0.6200000047683716, "eval_mae": 0.43, "eval_runtime": 17.434, "eval_samples_per_second": 286.796}