{"eval_loss": 0.9795128703117371, "eval_accuracy": 0.5825999975204468, "eval_mae": 0.487, "eval_runtime": 16.8011, "eval_samples_per_second": 297.599}