{"eval_loss": 0.9793341755867004, "eval_accuracy": 0.5813999772071838, "eval_mae": 0.4882, "eval_runtime": 16.7328, "eval_samples_per_second": 298.814}