{"eval_loss": 1.1477937698364258, "eval_accuracy": 0.5447999835014343, "eval_mae": 0.5856, "eval_runtime": 17.5972, "eval_samples_per_second": 284.136}