{"eval_loss": 1.0207799673080444, "eval_accuracy": 0.5708000063896179, "eval_mae": 0.506, "eval_runtime": 17.3651, "eval_samples_per_second": 287.933}