{"eval_loss": 0.9579530954360962, "eval_accuracy": 0.5997999906539917, "eval_mae": 0.4638, "eval_runtime": 17.2976, "eval_samples_per_second": 289.057}