{"eval_loss": 1.0526334047317505, "eval_accuracy": 0.5285999774932861, "eval_mae": 0.5694, "eval_runtime": 16.4413, "eval_samples_per_second": 304.111}