{"eval_loss": 1.3496356010437012, "eval_accuracy": 0.47279998660087585, "eval_mae": 0.6886, "eval_runtime": 17.2088, "eval_samples_per_second": 290.55}