{"eval_loss": 1.0052865743637085, "eval_accuracy": 0.5770000219345093, "eval_mae": 0.4948, "eval_runtime": 17.1713, "eval_samples_per_second": 291.184}