{"eval_loss": 1.01150643825531, "eval_accuracy": 0.5803999900817871, "eval_mae": 0.4814, "eval_runtime": 16.8584, "eval_samples_per_second": 296.589}