{"eval_loss": 1.015401005744934, "eval_accuracy": 0.5645999908447266, "eval_mae": 0.5074, "eval_runtime": 17.02, "eval_samples_per_second": 293.772}