{"eval_loss": 0.9788884520530701, "eval_accuracy": 0.5821999907493591, "eval_mae": 0.4882, "eval_runtime": 16.7644, "eval_samples_per_second": 298.251}