{"eval_loss": 1.084146499633789, "eval_accuracy": 0.574999988079071, "eval_mae": 0.5094, "eval_runtime": 16.9984, "eval_samples_per_second": 294.145}