{"eval_loss": 1.2966619729995728, "eval_accuracy": 0.4684000015258789, "eval_mae": 0.6806, "eval_runtime": 18.7092, "eval_samples_per_second": 267.248}