{"eval_loss": 1.2291988134384155, "eval_accuracy": 0.5062000155448914, "eval_mae": 0.621, "eval_runtime": 28.5668, "eval_samples_per_second": 175.028}