{"eval_loss": 1.0146149396896362, "eval_accuracy": 0.5645999908447266, "eval_mae": 0.5088, "eval_runtime": 17.011, "eval_samples_per_second": 293.927}