{"eval_loss": 1.0191923379898071, "eval_accuracy": 0.5812000036239624, "eval_mae": 0.4812, "eval_runtime": 17.4924, "eval_samples_per_second": 285.839}