{"eval_loss": 0.9906119108200073, "eval_accuracy": 0.5709999799728394, "eval_mae": 0.5072, "eval_runtime": 17.1545, "eval_samples_per_second": 291.468}