{"eval_loss": 1.3396241664886475, "eval_accuracy": 0.4681999981403351, "eval_mae": 0.6884, "eval_runtime": 35.9715, "eval_samples_per_second": 138.999}