{"eval_loss": 1.0173152685165405, "eval_accuracy": 0.5776000022888184, "eval_mae": 0.485, "eval_runtime": 17.4593, "eval_samples_per_second": 286.38}