{"eval_loss": 1.3674931526184082, "eval_accuracy": 0.4578000009059906, "eval_mae": 0.7322, "eval_runtime": 16.7299, "eval_samples_per_second": 298.866}