{"eval_loss": 0.9483073949813843, "eval_accuracy": 0.5911999940872192, "eval_mae": 0.462, "eval_runtime": 16.5465, "eval_samples_per_second": 302.178}