{"eval_loss": 0.9555252194404602, "eval_accuracy": 0.6000000238418579, "eval_mae": 0.464, "eval_runtime": 17.2901, "eval_samples_per_second": 289.183}