{"eval_loss": 0.948112428188324, "eval_accuracy": 0.5929999947547913, "eval_mae": 0.4684, "eval_runtime": 18.8555, "eval_samples_per_second": 265.175}