{"eval_loss": 0.9610335826873779, "eval_accuracy": 0.592199981212616, "eval_mae": 0.484, "eval_runtime": 17.3781, "eval_samples_per_second": 287.718}