{"eval_loss": 1.173004150390625, "eval_accuracy": 0.4943999946117401, "eval_mae": 0.5966, "eval_runtime": 17.4474, "eval_samples_per_second": 286.575}