{"eval_loss": 0.9610291123390198, "eval_accuracy": 0.5934000015258789, "eval_mae": 0.4826, "eval_runtime": 17.3346, "eval_samples_per_second": 288.44}