{"eval_loss": 0.9790529012680054, "eval_accuracy": 0.58160001039505, "eval_mae": 0.489, "eval_runtime": 16.7396, "eval_samples_per_second": 298.694}