{"eval_loss": 1.0289291143417358, "eval_accuracy": 0.546999990940094, "eval_mae": 0.5382, "eval_runtime": 17.3364, "eval_samples_per_second": 288.41}