{"eval_loss": 1.0849947929382324, "eval_accuracy": 0.574999988079071, "eval_mae": 0.5108, "eval_runtime": 16.1012, "eval_samples_per_second": 310.536}