{"eval_loss": 1.176344871520996, "eval_accuracy": 0.5055999755859375, "eval_mae": 0.5874, "eval_runtime": 17.2047, "eval_samples_per_second": 290.618}