{"eval_loss": 0.9787236452102661, "eval_accuracy": 0.5824000239372253, "eval_mae": 0.4874, "eval_runtime": 17.3303, "eval_samples_per_second": 288.512}