{"eval_loss": 1.0630494356155396, "eval_accuracy": 0.5564000010490417, "eval_mae": 0.5226, "eval_runtime": 18.2983, "eval_samples_per_second": 273.249}