{"eval_loss": 1.3375149965286255, "eval_accuracy": 0.46959999203681946, "eval_mae": 0.6884, "eval_runtime": 18.1433, "eval_samples_per_second": 275.584}