{"eval_loss": 1.045500636100769, "eval_accuracy": 0.5613999962806702, "eval_mae": 0.5078, "eval_runtime": 24.4857, "eval_samples_per_second": 204.201}