{"eval_loss": 0.9752174019813538, "eval_accuracy": 0.5834000110626221, "eval_mae": 0.4848, "eval_runtime": 17.4064, "eval_samples_per_second": 287.251}