{"eval_loss": 1.339103102684021, "eval_accuracy": 0.4675999879837036, "eval_mae": 0.6888, "eval_runtime": 18.9805, "eval_samples_per_second": 263.429}