{"eval_loss": 1.0536274909973145, "eval_accuracy": 0.5270000100135803, "eval_mae": 0.572, "eval_runtime": 16.9187, "eval_samples_per_second": 295.531}