{"eval_loss": 0.9785222411155701, "eval_accuracy": 0.5813999772071838, "eval_mae": 0.4884, "eval_runtime": 17.4262, "eval_samples_per_second": 286.924}