{"eval_loss": 1.0864129066467285, "eval_accuracy": 0.5486000180244446, "eval_mae": 0.5412, "eval_runtime": 23.8859, "eval_samples_per_second": 209.329}