{"eval_loss": 1.1467941999435425, "eval_accuracy": 0.5460000038146973, "eval_mae": 0.582, "eval_runtime": 17.5836, "eval_samples_per_second": 284.355}