{"eval_loss": 0.9363994002342224, "eval_accuracy": 0.6003999710083008, "eval_mae": 0.4558, "eval_runtime": 17.2178, "eval_samples_per_second": 290.398}