{"eval_loss": 1.3515570163726807, "eval_accuracy": 0.4819999933242798, "eval_mae": 0.6724, "eval_runtime": 20.8247, "eval_samples_per_second": 240.099}