{"eval_loss": 1.0323753356933594, "eval_accuracy": 0.5450000166893005, "eval_mae": 0.5432, "eval_runtime": 16.517, "eval_samples_per_second": 302.718}