{"eval_loss": 1.3474329710006714, "eval_accuracy": 0.4729999899864197, "eval_mae": 0.6884, "eval_runtime": 16.7095, "eval_samples_per_second": 299.23}