{"eval_loss": 0.9358364939689636, "eval_accuracy": 0.6033999919891357, "eval_mae": 0.4524, "eval_runtime": 16.0884, "eval_samples_per_second": 310.783}