{"eval_loss": 1.0630444288253784, "eval_accuracy": 0.5580000281333923, "eval_mae": 0.5206, "eval_runtime": 18.3061, "eval_samples_per_second": 273.133}