{"eval_loss": 0.9460742473602295, "eval_accuracy": 0.6065999865531921, "eval_mae": 0.4556, "eval_runtime": 17.5783, "eval_samples_per_second": 284.442}