{"eval_loss": 1.0855129957199097, "eval_accuracy": 0.5478000044822693, "eval_mae": 0.541, "eval_runtime": 21.021, "eval_samples_per_second": 237.858}