{"eval_loss": 1.00748872756958, "eval_accuracy": 0.5935999751091003, "eval_mae": 0.468, "eval_runtime": 17.4813, "eval_samples_per_second": 286.02}