{"eval_loss": 1.3666541576385498, "eval_accuracy": 0.45660001039505005, "eval_mae": 0.7332, "eval_runtime": 16.4926, "eval_samples_per_second": 303.166}