{"eval_loss": 1.063978672027588, "eval_accuracy": 0.5568000078201294, "eval_mae": 0.522, "eval_runtime": 18.3034, "eval_samples_per_second": 273.174}