{"eval_loss": 1.1774535179138184, "eval_accuracy": 0.5019999742507935, "eval_mae": 0.5932, "eval_runtime": 16.7548, "eval_samples_per_second": 298.421}