{"eval_loss": 1.228163719177246, "eval_accuracy": 0.5067999958992004, "eval_mae": 0.621, "eval_runtime": 21.7882, "eval_samples_per_second": 229.482}