{"eval_loss": 1.0786395072937012, "eval_accuracy": 0.5590000152587891, "eval_mae": 0.5304, "eval_runtime": 18.0142, "eval_samples_per_second": 277.558}