{"eval_loss": 1.0859581232070923, "eval_accuracy": 0.5479999780654907, "eval_mae": 0.5408, "eval_runtime": 32.7492, "eval_samples_per_second": 152.675}