{"eval_loss": 0.9457167983055115, "eval_accuracy": 0.605400025844574, "eval_mae": 0.4572, "eval_runtime": 17.2292, "eval_samples_per_second": 290.204}