{"eval_loss": 1.0293021202087402, "eval_accuracy": 0.5446000099182129, "eval_mae": 0.5414, "eval_runtime": 16.6928, "eval_samples_per_second": 299.531}