{"eval_loss": 1.0808216333389282, "eval_accuracy": 0.5555999875068665, "eval_mae": 0.566, "eval_runtime": 18.8847, "eval_samples_per_second": 264.765}