{"eval_loss": 1.084818959236145, "eval_accuracy": 0.5748000144958496, "eval_mae": 0.51, "eval_runtime": 16.8324, "eval_samples_per_second": 297.046}