{"eval_loss": 1.0120779275894165, "eval_accuracy": 0.578000009059906, "eval_mae": 0.4846, "eval_runtime": 17.4193, "eval_samples_per_second": 287.037}