{"eval_loss": 1.4308706521987915, "eval_accuracy": 0.4408000111579895, "eval_mae": 0.7292, "eval_runtime": 23.5411, "eval_samples_per_second": 212.395}