{"eval_loss": 1.2964307069778442, "eval_accuracy": 0.46799999475479126, "eval_mae": 0.6816, "eval_runtime": 24.6464, "eval_samples_per_second": 202.869}