{"eval_loss": 1.2388098239898682, "eval_accuracy": 0.4966000020503998, "eval_mae": 0.6482, "eval_runtime": 25.0357, "eval_samples_per_second": 199.715}