{"eval_loss": 1.0070791244506836, "eval_accuracy": 0.5946000218391418, "eval_mae": 0.4668, "eval_runtime": 17.2453, "eval_samples_per_second": 289.934}