{"eval_loss": 1.0110582113265991, "eval_accuracy": 0.5789999961853027, "eval_mae": 0.4826, "eval_runtime": 16.7921, "eval_samples_per_second": 297.759}