{"eval_loss": 1.0802353620529175, "eval_accuracy": 0.5555999875068665, "eval_mae": 0.5656, "eval_runtime": 19.0941, "eval_samples_per_second": 261.86}