{"eval_loss": 1.0172861814498901, "eval_accuracy": 0.5784000158309937, "eval_mae": 0.4844, "eval_runtime": 17.628, "eval_samples_per_second": 283.64}