{"eval_loss": 1.4432693719863892, "eval_accuracy": 0.43939998745918274, "eval_mae": 0.7296, "eval_runtime": 18.6177, "eval_samples_per_second": 268.562}