{"eval_loss": 1.053599238395691, "eval_accuracy": 0.5271999835968018, "eval_mae": 0.5712, "eval_runtime": 16.3067, "eval_samples_per_second": 306.623}