{"eval_loss": 1.392506718635559, "eval_accuracy": 0.4812000095844269, "eval_mae": 0.6734, "eval_runtime": 33.221, "eval_samples_per_second": 150.507}