{"eval_loss": 1.0054075717926025, "eval_accuracy": 0.5938000082969666, "eval_mae": 0.4674, "eval_runtime": 17.1681, "eval_samples_per_second": 291.238}