{"eval_loss": 1.2289814949035645, "eval_accuracy": 0.5063999891281128, "eval_mae": 0.621, "eval_runtime": 20.4506, "eval_samples_per_second": 244.491}