{"eval_loss": 1.3509048223495483, "eval_accuracy": 0.48159998655319214, "eval_mae": 0.6734, "eval_runtime": 18.2135, "eval_samples_per_second": 274.522}