{"eval_loss": 1.0292866230010986, "eval_accuracy": 0.5450000166893005, "eval_mae": 0.54, "eval_runtime": 17.4329, "eval_samples_per_second": 286.814}