{"eval_loss": 1.0240983963012695, "eval_accuracy": 0.5564000010490417, "eval_mae": 0.5346, "eval_runtime": 17.3384, "eval_samples_per_second": 288.378}