{"eval_loss": 1.365920901298523, "eval_accuracy": 0.45820000767707825, "eval_mae": 0.731, "eval_runtime": 17.2539, "eval_samples_per_second": 289.79}