{"eval_loss": 0.9474769234657288, "eval_accuracy": 0.6033999919891357, "eval_mae": 0.4574, "eval_runtime": 16.7779, "eval_samples_per_second": 298.01}