{"eval_loss": 1.1559287309646606, "eval_accuracy": 0.49900001287460327, "eval_mae": 0.5908, "eval_runtime": 16.5689, "eval_samples_per_second": 301.77}