{"eval_loss": 1.0628130435943604, "eval_accuracy": 0.5576000213623047, "eval_mae": 0.521, "eval_runtime": 18.3066, "eval_samples_per_second": 273.126}