{"eval_loss": 1.079804539680481, "eval_accuracy": 0.5568000078201294, "eval_mae": 0.5632, "eval_runtime": 26.0736, "eval_samples_per_second": 191.765}