{"eval_loss": 0.9550045132637024, "eval_accuracy": 0.5997999906539917, "eval_mae": 0.4634, "eval_runtime": 17.2989, "eval_samples_per_second": 289.036}