{"eval_loss": 1.2305347919464111, "eval_accuracy": 0.4991999864578247, "eval_mae": 0.604, "eval_runtime": 18.3664, "eval_samples_per_second": 272.236}