{"eval_loss": 1.4479643106460571, "eval_accuracy": 0.438400000333786, "eval_mae": 0.7334, "eval_runtime": 18.2704, "eval_samples_per_second": 273.666}