{"eval_loss": 1.2965933084487915, "eval_accuracy": 0.4681999981403351, "eval_mae": 0.6814, "eval_runtime": 20.9853, "eval_samples_per_second": 238.262}