{"eval_loss": 1.3860061168670654, "eval_accuracy": 0.4796000123023987, "eval_mae": 0.6758, "eval_runtime": 29.083, "eval_samples_per_second": 171.922}