{"eval_loss": 1.00575852394104, "eval_accuracy": 0.5766000151634216, "eval_mae": 0.4952, "eval_runtime": 16.4041, "eval_samples_per_second": 304.802}