{"eval_loss": 1.0068122148513794, "eval_accuracy": 0.593999981880188, "eval_mae": 0.4666, "eval_runtime": 17.3025, "eval_samples_per_second": 288.976}