{"eval_loss": 1.392408847808838, "eval_accuracy": 0.4812000095844269, "eval_mae": 0.6734, "eval_runtime": 35.287, "eval_samples_per_second": 141.695}