{"eval_loss": 1.0802068710327148, "eval_accuracy": 0.5562000274658203, "eval_mae": 0.5652, "eval_runtime": 19.0117, "eval_samples_per_second": 262.996}