{"eval_loss": 0.9479527473449707, "eval_accuracy": 0.5929999947547913, "eval_mae": 0.4688, "eval_runtime": 18.6927, "eval_samples_per_second": 267.484}