{"eval_loss": 1.3403431177139282, "eval_accuracy": 0.4684000015258789, "eval_mae": 0.6882, "eval_runtime": 32.3967, "eval_samples_per_second": 154.337}