{"eval_loss": 1.3382152318954468, "eval_accuracy": 0.46799999475479126, "eval_mae": 0.689, "eval_runtime": 28.7546, "eval_samples_per_second": 173.885}