{"eval_loss": 1.006940484046936, "eval_accuracy": 0.593999981880188, "eval_mae": 0.467, "eval_runtime": 17.435, "eval_samples_per_second": 286.78}