{"eval_loss": 0.9795016646385193, "eval_accuracy": 0.5820000171661377, "eval_mae": 0.4874, "eval_runtime": 16.7182, "eval_samples_per_second": 299.075}