{"eval_loss": 1.028609037399292, "eval_accuracy": 0.545799970626831, "eval_mae": 0.5372, "eval_runtime": 17.644, "eval_samples_per_second": 283.383}