{"eval_loss": 1.4429880380630493, "eval_accuracy": 0.4397999942302704, "eval_mae": 0.7294, "eval_runtime": 21.516, "eval_samples_per_second": 232.385}