{"eval_loss": 1.3390427827835083, "eval_accuracy": 0.46799999475479126, "eval_mae": 0.6886, "eval_runtime": 24.4778, "eval_samples_per_second": 204.267}