{"eval_loss": 0.9558247327804565, "eval_accuracy": 0.599399983882904, "eval_mae": 0.4636, "eval_runtime": 17.2123, "eval_samples_per_second": 290.49}