{"eval_loss": 0.9555085897445679, "eval_accuracy": 0.600600004196167, "eval_mae": 0.463, "eval_runtime": 17.2552, "eval_samples_per_second": 289.768}