{"eval_loss": 1.0850309133529663, "eval_accuracy": 0.576200008392334, "eval_mae": 0.5098, "eval_runtime": 16.3833, "eval_samples_per_second": 305.188}