{"eval_loss": 1.0306601524353027, "eval_accuracy": 0.5447999835014343, "eval_mae": 0.5398, "eval_runtime": 16.7325, "eval_samples_per_second": 298.82}