{"eval_loss": 1.1477258205413818, "eval_accuracy": 0.5490000247955322, "eval_mae": 0.5816, "eval_runtime": 17.3356, "eval_samples_per_second": 288.423}