{"eval_loss": 1.1772453784942627, "eval_accuracy": 0.5037999749183655, "eval_mae": 0.5914, "eval_runtime": 17.3533, "eval_samples_per_second": 288.13}