{"eval_loss": 1.029936671257019, "eval_accuracy": 0.5447999835014343, "eval_mae": 0.5398, "eval_runtime": 16.8046, "eval_samples_per_second": 297.538}