{"eval_loss": 1.14870023727417, "eval_accuracy": 0.5504000186920166, "eval_mae": 0.5802, "eval_runtime": 16.4383, "eval_samples_per_second": 304.167}