{"eval_loss": 0.9478380680084229, "eval_accuracy": 0.5932000279426575, "eval_mae": 0.4692, "eval_runtime": 21.0255, "eval_samples_per_second": 237.806}