{"eval_loss": 1.229169487953186, "eval_accuracy": 0.506600022315979, "eval_mae": 0.621, "eval_runtime": 35.6021, "eval_samples_per_second": 140.441}