{"eval_loss": 1.1477720737457275, "eval_accuracy": 0.5479999780654907, "eval_mae": 0.5822, "eval_runtime": 17.4934, "eval_samples_per_second": 285.822}