{"eval_loss": 1.0860742330551147, "eval_accuracy": 0.5454000234603882, "eval_mae": 0.5428, "eval_runtime": 18.4334, "eval_samples_per_second": 271.247}