{"eval_loss": 1.0242141485214233, "eval_accuracy": 0.5550000071525574, "eval_mae": 0.5362, "eval_runtime": 17.1684, "eval_samples_per_second": 291.233}