{"eval_loss": 1.24649977684021, "eval_accuracy": 0.5009999871253967, "eval_mae": 0.594, "eval_runtime": 28.6906, "eval_samples_per_second": 174.273}