{"eval_loss": 1.3432974815368652, "eval_accuracy": 0.47600001096725464, "eval_mae": 0.6936, "eval_runtime": 17.447, "eval_samples_per_second": 286.582}