{"eval_loss": 1.085980772972107, "eval_accuracy": 0.5479999780654907, "eval_mae": 0.5408, "eval_runtime": 29.0982, "eval_samples_per_second": 171.832}