{"eval_loss": 1.0458983182907104, "eval_accuracy": 0.5605999827384949, "eval_mae": 0.5088, "eval_runtime": 18.4541, "eval_samples_per_second": 270.943}