{"eval_loss": 1.086073398590088, "eval_accuracy": 0.5730000138282776, "eval_mae": 0.5116, "eval_runtime": 16.4298, "eval_samples_per_second": 304.324}