{"eval_loss": 1.3664857149124146, "eval_accuracy": 0.4580000042915344, "eval_mae": 0.7314, "eval_runtime": 16.7221, "eval_samples_per_second": 299.006}