{"eval_loss": 1.053336501121521, "eval_accuracy": 0.5285999774932861, "eval_mae": 0.568, "eval_runtime": 16.9583, "eval_samples_per_second": 294.841}