{"eval_loss": 1.0628081560134888, "eval_accuracy": 0.5565999746322632, "eval_mae": 0.5218, "eval_runtime": 18.3942, "eval_samples_per_second": 271.825}