{"eval_loss": 1.151865839958191, "eval_accuracy": 0.5022000074386597, "eval_mae": 0.5888, "eval_runtime": 17.2869, "eval_samples_per_second": 289.236}