{"eval_loss": 1.024040699005127, "eval_accuracy": 0.5551999807357788, "eval_mae": 0.5368, "eval_runtime": 17.4526, "eval_samples_per_second": 286.491}