{"eval_loss": 0.9497944116592407, "eval_accuracy": 0.6075999736785889, "eval_mae": 0.4484, "eval_runtime": 21.5611, "eval_samples_per_second": 231.899}