{"eval_loss": 1.3558787107467651, "eval_accuracy": 0.48260000348091125, "eval_mae": 0.6718, "eval_runtime": 18.44, "eval_samples_per_second": 271.15}