{"eval_loss": 1.3665560483932495, "eval_accuracy": 0.4569999873638153, "eval_mae": 0.7324, "eval_runtime": 16.106, "eval_samples_per_second": 310.443}