{"eval_loss": 1.084059238433838, "eval_accuracy": 0.5735999941825867, "eval_mae": 0.5116, "eval_runtime": 16.0656, "eval_samples_per_second": 311.224}