{"eval_loss": 1.0189281702041626, "eval_accuracy": 0.5807999968528748, "eval_mae": 0.4944, "eval_runtime": 21.4172, "eval_samples_per_second": 233.458}