{"eval_loss": 1.1467227935791016, "eval_accuracy": 0.5483999848365784, "eval_mae": 0.5798, "eval_runtime": 17.6196, "eval_samples_per_second": 283.775}