{"eval_loss": 0.9904451370239258, "eval_accuracy": 0.5734000205993652, "eval_mae": 0.5028, "eval_runtime": 17.1466, "eval_samples_per_second": 291.602}