{"eval_loss": 1.0535554885864258, "eval_accuracy": 0.5267999768257141, "eval_mae": 0.5706, "eval_runtime": 17.0353, "eval_samples_per_second": 293.507}