{"eval_loss": 1.0468230247497559, "eval_accuracy": 0.5612000226974487, "eval_mae": 0.5116, "eval_runtime": 18.5084, "eval_samples_per_second": 270.148}