{"eval_loss": 0.949773907661438, "eval_accuracy": 0.6074000000953674, "eval_mae": 0.4484, "eval_runtime": 21.4101, "eval_samples_per_second": 233.534}