{"eval_loss": 0.9911906123161316, "eval_accuracy": 0.5699999928474426, "eval_mae": 0.5082, "eval_runtime": 17.0645, "eval_samples_per_second": 293.006}