{"eval_loss": 1.0787575244903564, "eval_accuracy": 0.5587999820709229, "eval_mae": 0.5306, "eval_runtime": 21.6393, "eval_samples_per_second": 231.061}