{"eval_loss": 1.3493598699569702, "eval_accuracy": 0.48339998722076416, "eval_mae": 0.6704, "eval_runtime": 18.9394, "eval_samples_per_second": 264.0}