{"eval_loss": 1.4442740678787231, "eval_accuracy": 0.4381999969482422, "eval_mae": 0.73, "eval_runtime": 18.4111, "eval_samples_per_second": 271.575}