{"eval_loss": 1.0186415910720825, "eval_accuracy": 0.5789999961853027, "eval_mae": 0.4838, "eval_runtime": 16.975, "eval_samples_per_second": 294.551}