{"eval_loss": 1.3680908679962158, "eval_accuracy": 0.4578000009059906, "eval_mae": 0.7308, "eval_runtime": 16.6685, "eval_samples_per_second": 299.968}