{"eval_loss": 1.444787859916687, "eval_accuracy": 0.4381999969482422, "eval_mae": 0.7318, "eval_runtime": 21.4436, "eval_samples_per_second": 233.17}