{"eval_loss": 1.0828802585601807, "eval_accuracy": 0.5479999780654907, "eval_mae": 0.5402, "eval_runtime": 32.5438, "eval_samples_per_second": 153.639}