{"eval_loss": 1.0534093379974365, "eval_accuracy": 0.5275999903678894, "eval_mae": 0.569, "eval_runtime": 16.8953, "eval_samples_per_second": 295.941}