{"eval_loss": 1.0181680917739868, "eval_accuracy": 0.5785999894142151, "eval_mae": 0.4828, "eval_runtime": 17.5459, "eval_samples_per_second": 284.966}