{"eval_loss": 1.3525316715240479, "eval_accuracy": 0.48539999127388, "eval_mae": 0.6706, "eval_runtime": 17.8097, "eval_samples_per_second": 280.746}