{"eval_loss": 1.0798804759979248, "eval_accuracy": 0.5594000220298767, "eval_mae": 0.53, "eval_runtime": 18.4458, "eval_samples_per_second": 271.064}