{"eval_loss": 1.0546669960021973, "eval_accuracy": 0.5288000106811523, "eval_mae": 0.5702, "eval_runtime": 15.9772, "eval_samples_per_second": 312.947}