{"eval_loss": 1.029935359954834, "eval_accuracy": 0.5514000058174133, "eval_mae": 0.54, "eval_runtime": 16.7323, "eval_samples_per_second": 298.824}