{"eval_loss": 0.948927640914917, "eval_accuracy": 0.6200000047683716, "eval_mae": 0.4296, "eval_runtime": 17.3691, "eval_samples_per_second": 287.867}