{"eval_loss": 0.9466001987457275, "eval_accuracy": 0.6069999933242798, "eval_mae": 0.4546, "eval_runtime": 17.2228, "eval_samples_per_second": 290.313}