{"eval_loss": 0.9359632730484009, "eval_accuracy": 0.6018000245094299, "eval_mae": 0.454, "eval_runtime": 17.0288, "eval_samples_per_second": 293.62}