{"eval_loss": 1.0853257179260254, "eval_accuracy": 0.5483999848365784, "eval_mae": 0.5402, "eval_runtime": 20.9297, "eval_samples_per_second": 238.895}