{"eval_loss": 1.047059416770935, "eval_accuracy": 0.5583999752998352, "eval_mae": 0.513, "eval_runtime": 18.6321, "eval_samples_per_second": 268.355}