{"eval_loss": 0.9606888890266418, "eval_accuracy": 0.5938000082969666, "eval_mae": 0.4812, "eval_runtime": 16.7055, "eval_samples_per_second": 299.302}