{"eval_loss": 0.9357988238334656, "eval_accuracy": 0.6011999845504761, "eval_mae": 0.4544, "eval_runtime": 17.121, "eval_samples_per_second": 292.038}