{"eval_loss": 0.9357593059539795, "eval_accuracy": 0.6015999913215637, "eval_mae": 0.454, "eval_runtime": 16.4809, "eval_samples_per_second": 303.382}