{"eval_loss": 1.3425860404968262, "eval_accuracy": 0.47600001096725464, "eval_mae": 0.693, "eval_runtime": 16.9181, "eval_samples_per_second": 295.541}