{"eval_loss": 1.1525750160217285, "eval_accuracy": 0.5019999742507935, "eval_mae": 0.588, "eval_runtime": 16.4324, "eval_samples_per_second": 304.277}