{"eval_loss": 1.4430793523788452, "eval_accuracy": 0.4399999976158142, "eval_mae": 0.7288, "eval_runtime": 22.1335, "eval_samples_per_second": 225.902}