{"eval_loss": 1.0146727561950684, "eval_accuracy": 0.5648000240325928, "eval_mae": 0.508, "eval_runtime": 16.9994, "eval_samples_per_second": 294.129}