{"eval_loss": 1.238050937652588, "eval_accuracy": 0.4970000088214874, "eval_mae": 0.6476, "eval_runtime": 19.5296, "eval_samples_per_second": 256.022}