{"eval_loss": 0.884063184261322, "eval_accuracy": 0.6363999843597412, "eval_mae": 0.4116, "eval_runtime": 26.4832, "eval_samples_per_second": 188.799}