{"eval_loss": 1.1589919328689575, "eval_accuracy": 0.5052000284194946, "eval_mae": 0.5866, "eval_runtime": 17.234, "eval_samples_per_second": 290.125}