{"eval_loss": 0.8894524574279785, "eval_accuracy": 0.6363999843597412, "eval_mae": 0.4146, "eval_runtime": 19.8065, "eval_samples_per_second": 252.442}