{"eval_loss": 0.889554500579834, "eval_accuracy": 0.6363999843597412, "eval_mae": 0.4146, "eval_runtime": 21.186, "eval_samples_per_second": 236.005}