{"eval_loss": 1.0824733972549438, "eval_accuracy": 0.5740000009536743, "eval_mae": 0.5112, "eval_runtime": 17.1021, "eval_samples_per_second": 292.361}