{"eval_loss": 1.0117027759552002, "eval_accuracy": 0.5802000164985657, "eval_mae": 0.4818, "eval_runtime": 16.7396, "eval_samples_per_second": 298.693}