{"eval_loss": 1.0183998346328735, "eval_accuracy": 0.5813999772071838, "eval_mae": 0.4934, "eval_runtime": 24.7953, "eval_samples_per_second": 201.651}