{"eval_loss": 1.0460771322250366, "eval_accuracy": 0.5608000159263611, "eval_mae": 0.5084, "eval_runtime": 19.5138, "eval_samples_per_second": 256.229}