{"eval_loss": 0.9499316215515137, "eval_accuracy": 0.607200026512146, "eval_mae": 0.4492, "eval_runtime": 18.9183, "eval_samples_per_second": 264.295}