{"eval_loss": 1.3431769609451294, "eval_accuracy": 0.47540000081062317, "eval_mae": 0.6946, "eval_runtime": 16.4019, "eval_samples_per_second": 304.843}