{"eval_loss": 1.0859366655349731, "eval_accuracy": 0.5475999712944031, "eval_mae": 0.5412, "eval_runtime": 28.8087, "eval_samples_per_second": 173.558}