{"eval_loss": 1.078529715538025, "eval_accuracy": 0.5586000084877014, "eval_mae": 0.5306, "eval_runtime": 22.4736, "eval_samples_per_second": 222.484}