{"eval_loss": 1.005515217781067, "eval_accuracy": 0.5763999819755554, "eval_mae": 0.4952, "eval_runtime": 17.2327, "eval_samples_per_second": 290.147}