{"eval_loss": 0.9608417749404907, "eval_accuracy": 0.5938000082969666, "eval_mae": 0.4826, "eval_runtime": 17.5184, "eval_samples_per_second": 285.413}