{"eval_loss": 1.021121859550476, "eval_accuracy": 0.5705999732017517, "eval_mae": 0.5072, "eval_runtime": 16.4509, "eval_samples_per_second": 303.935}