{"eval_loss": 1.0075782537460327, "eval_accuracy": 0.5925999879837036, "eval_mae": 0.4688, "eval_runtime": 17.1271, "eval_samples_per_second": 291.935}