{"eval_loss": 1.229956030845642, "eval_accuracy": 0.506600022315979, "eval_mae": 0.6208, "eval_runtime": 19.6976, "eval_samples_per_second": 253.838}