{"eval_loss": 1.0142375230789185, "eval_accuracy": 0.5708000063896179, "eval_mae": 0.5054, "eval_runtime": 17.4125, "eval_samples_per_second": 287.15}