{"eval_loss": 1.0121811628341675, "eval_accuracy": 0.5799999833106995, "eval_mae": 0.482, "eval_runtime": 16.3983, "eval_samples_per_second": 304.91}