{"eval_loss": 1.2292823791503906, "eval_accuracy": 0.49959999322891235, "eval_mae": 0.604, "eval_runtime": 18.4081, "eval_samples_per_second": 271.62}