{"eval_loss": 1.3507513999938965, "eval_accuracy": 0.48579999804496765, "eval_mae": 0.669, "eval_runtime": 19.58, "eval_samples_per_second": 255.363}