{"eval_loss": 0.9472226500511169, "eval_accuracy": 0.593999981880188, "eval_mae": 0.4686, "eval_runtime": 19.5629, "eval_samples_per_second": 255.586}