{"eval_loss": 1.0626871585845947, "eval_accuracy": 0.5591999888420105, "eval_mae": 0.5194, "eval_runtime": 18.3238, "eval_samples_per_second": 272.869}