{"eval_loss": 1.242523431777954, "eval_accuracy": 0.49540001153945923, "eval_mae": 0.651, "eval_runtime": 20.0225, "eval_samples_per_second": 249.72}