{"eval_loss": 1.1476448774337769, "eval_accuracy": 0.5482000112533569, "eval_mae": 0.5826, "eval_runtime": 16.4685, "eval_samples_per_second": 303.61}