{"eval_loss": 1.085554838180542, "eval_accuracy": 0.5758000016212463, "eval_mae": 0.51, "eval_runtime": 16.9632, "eval_samples_per_second": 294.756}