{"eval_loss": 1.0151556730270386, "eval_accuracy": 0.5649999976158142, "eval_mae": 0.5064, "eval_runtime": 16.1006, "eval_samples_per_second": 310.547}