{"eval_loss": 1.0622949600219727, "eval_accuracy": 0.5565999746322632, "eval_mae": 0.523, "eval_runtime": 18.3419, "eval_samples_per_second": 272.6}