{"eval_loss": 0.9607697129249573, "eval_accuracy": 0.5925999879837036, "eval_mae": 0.4826, "eval_runtime": 17.0587, "eval_samples_per_second": 293.106}