{"eval_loss": 0.9502671957015991, "eval_accuracy": 0.6065999865531921, "eval_mae": 0.4498, "eval_runtime": 18.4059, "eval_samples_per_second": 271.652}