{"eval_loss": 1.1768461465835571, "eval_accuracy": 0.503000020980835, "eval_mae": 0.5924, "eval_runtime": 17.3623, "eval_samples_per_second": 287.98}