{"eval_loss": 1.089463233947754, "eval_accuracy": 0.5482000112533569, "eval_mae": 0.5402, "eval_runtime": 32.2973, "eval_samples_per_second": 154.812}