{"eval_loss": 1.014402985572815, "eval_accuracy": 0.5641999840736389, "eval_mae": 0.5074, "eval_runtime": 16.4383, "eval_samples_per_second": 304.169}