{"eval_loss": 1.0291502475738525, "eval_accuracy": 0.5450000166893005, "eval_mae": 0.5394, "eval_runtime": 16.7446, "eval_samples_per_second": 298.603}