{"eval_loss": 1.4175175428390503, "eval_accuracy": 0.4422000050544739, "eval_mae": 0.7216, "eval_runtime": 18.7552, "eval_samples_per_second": 266.593}