{"eval_loss": 0.9487165808677673, "eval_accuracy": 0.5906000137329102, "eval_mae": 0.4632, "eval_runtime": 16.694, "eval_samples_per_second": 299.51}