{"eval_loss": 0.946770429611206, "eval_accuracy": 0.6187999844551086, "eval_mae": 0.43, "eval_runtime": 17.4773, "eval_samples_per_second": 286.085}