{"eval_loss": 0.9359147548675537, "eval_accuracy": 0.6018000245094299, "eval_mae": 0.4542, "eval_runtime": 17.118, "eval_samples_per_second": 292.09}