{"eval_loss": 1.2421278953552246, "eval_accuracy": 0.498199999332428, "eval_mae": 0.5956, "eval_runtime": 19.2293, "eval_samples_per_second": 260.02}