{"eval_loss": 1.3530242443084717, "eval_accuracy": 0.48240000009536743, "eval_mae": 0.672, "eval_runtime": 18.3594, "eval_samples_per_second": 272.339}