{"eval_loss": 1.0116820335388184, "eval_accuracy": 0.5817999839782715, "eval_mae": 0.4804, "eval_runtime": 16.3938, "eval_samples_per_second": 304.994}