{"eval_loss": 1.3930917978286743, "eval_accuracy": 0.47940000891685486, "eval_mae": 0.6762, "eval_runtime": 21.197, "eval_samples_per_second": 235.882}