{"eval_loss": 1.0187921524047852, "eval_accuracy": 0.5809999704360962, "eval_mae": 0.4938, "eval_runtime": 24.6326, "eval_samples_per_second": 202.983}