{"eval_loss": 0.9486897587776184, "eval_accuracy": 0.5892000198364258, "eval_mae": 0.4648, "eval_runtime": 17.3962, "eval_samples_per_second": 287.419}