{"eval_loss": 0.9489152431488037, "eval_accuracy": 0.590399980545044, "eval_mae": 0.4634, "eval_runtime": 16.5963, "eval_samples_per_second": 301.272}