{"eval_loss": 0.9793068170547485, "eval_accuracy": 0.5821999907493591, "eval_mae": 0.4878, "eval_runtime": 17.3014, "eval_samples_per_second": 288.993}