{"eval_loss": 1.4422643184661865, "eval_accuracy": 0.4397999942302704, "eval_mae": 0.7288, "eval_runtime": 19.2375, "eval_samples_per_second": 259.909}