{"eval_loss": 1.392411231994629, "eval_accuracy": 0.4812000095844269, "eval_mae": 0.6736, "eval_runtime": 32.9988, "eval_samples_per_second": 151.521}