{"eval_loss": 0.9467992186546326, "eval_accuracy": 0.5928000211715698, "eval_mae": 0.4694, "eval_runtime": 19.3049, "eval_samples_per_second": 259.002}