{"eval_loss": 1.3499802350997925, "eval_accuracy": 0.46959999203681946, "eval_mae": 0.6924, "eval_runtime": 16.7214, "eval_samples_per_second": 299.017}