{"eval_loss": 1.1568379402160645, "eval_accuracy": 0.4984000027179718, "eval_mae": 0.5934, "eval_runtime": 17.3465, "eval_samples_per_second": 288.242}