{"eval_loss": 1.0461257696151733, "eval_accuracy": 0.5619999766349792, "eval_mae": 0.507, "eval_runtime": 18.0662, "eval_samples_per_second": 276.76}