{"eval_loss": 1.0848321914672852, "eval_accuracy": 0.5726000070571899, "eval_mae": 0.513, "eval_runtime": 16.4752, "eval_samples_per_second": 303.487}