{"eval_loss": 1.0531257390975952, "eval_accuracy": 0.5275999903678894, "eval_mae": 0.5698, "eval_runtime": 15.9023, "eval_samples_per_second": 314.42}