{"eval_loss": 1.3644424676895142, "eval_accuracy": 0.45840001106262207, "eval_mae": 0.731, "eval_runtime": 16.6024, "eval_samples_per_second": 301.161}