{"eval_loss": 0.9508550763130188, "eval_accuracy": 0.6218000054359436, "eval_mae": 0.4272, "eval_runtime": 17.4381, "eval_samples_per_second": 286.729}