{"eval_loss": 1.0562224388122559, "eval_accuracy": 0.5591999888420105, "eval_mae": 0.5198, "eval_runtime": 18.3664, "eval_samples_per_second": 272.236}