{"eval_loss": 0.9627624750137329, "eval_accuracy": 0.5925999879837036, "eval_mae": 0.484, "eval_runtime": 17.3401, "eval_samples_per_second": 288.349}