{"eval_loss": 1.3390368223190308, "eval_accuracy": 0.4681999981403351, "eval_mae": 0.6884, "eval_runtime": 26.2773, "eval_samples_per_second": 190.278}