{"eval_loss": 0.9565072059631348, "eval_accuracy": 0.598800003528595, "eval_mae": 0.4612, "eval_runtime": 17.4198, "eval_samples_per_second": 287.029}