{"eval_loss": 1.1775853633880615, "eval_accuracy": 0.5019999742507935, "eval_mae": 0.593, "eval_runtime": 17.3603, "eval_samples_per_second": 288.014}