{"eval_loss": 0.9785249829292297, "eval_accuracy": 0.5824000239372253, "eval_mae": 0.487, "eval_runtime": 17.3824, "eval_samples_per_second": 287.647}