{"eval_loss": 1.0142329931259155, "eval_accuracy": 0.5645999908447266, "eval_mae": 0.5078, "eval_runtime": 17.1188, "eval_samples_per_second": 292.077}