{"eval_loss": 1.0250613689422607, "eval_accuracy": 0.5544000267982483, "eval_mae": 0.5376, "eval_runtime": 17.31, "eval_samples_per_second": 288.85}