{"eval_loss": 0.9461602568626404, "eval_accuracy": 0.603600025177002, "eval_mae": 0.4582, "eval_runtime": 17.2792, "eval_samples_per_second": 289.366}