{"eval_loss": 1.2390267848968506, "eval_accuracy": 0.49639999866485596, "eval_mae": 0.6468, "eval_runtime": 17.9041, "eval_samples_per_second": 279.266}