{"eval_loss": 0.9510993957519531, "eval_accuracy": 0.6212000250816345, "eval_mae": 0.4286, "eval_runtime": 17.3577, "eval_samples_per_second": 288.056}