{"eval_loss": 1.025346279144287, "eval_accuracy": 0.5541999936103821, "eval_mae": 0.5376, "eval_runtime": 17.2522, "eval_samples_per_second": 289.818}