{"eval_loss": 1.2280902862548828, "eval_accuracy": 0.5073999762535095, "eval_mae": 0.6198, "eval_runtime": 18.9425, "eval_samples_per_second": 263.957}