{"eval_loss": 1.0051935911178589, "eval_accuracy": 0.5763999819755554, "eval_mae": 0.4952, "eval_runtime": 17.1584, "eval_samples_per_second": 291.402}