{"eval_loss": 1.4407275915145874, "eval_accuracy": 0.43959999084472656, "eval_mae": 0.729, "eval_runtime": 18.9381, "eval_samples_per_second": 264.018}