{"eval_loss": 1.0299185514450073, "eval_accuracy": 0.5461999773979187, "eval_mae": 0.5376, "eval_runtime": 16.4602, "eval_samples_per_second": 303.763}