{"eval_loss": 1.0254849195480347, "eval_accuracy": 0.5569999814033508, "eval_mae": 0.5358, "eval_runtime": 17.2717, "eval_samples_per_second": 289.491}