{"eval_loss": 0.9484342932701111, "eval_accuracy": 0.6205999851226807, "eval_mae": 0.4296, "eval_runtime": 17.437, "eval_samples_per_second": 286.747}