{"eval_loss": 1.0146056413650513, "eval_accuracy": 0.5655999779701233, "eval_mae": 0.5074, "eval_runtime": 17.0241, "eval_samples_per_second": 293.7}