{"eval_loss": 0.9496758580207825, "eval_accuracy": 0.620199978351593, "eval_mae": 0.43, "eval_runtime": 17.5993, "eval_samples_per_second": 284.101}