{"eval_loss": 1.0173931121826172, "eval_accuracy": 0.579200029373169, "eval_mae": 0.4964, "eval_runtime": 18.5624, "eval_samples_per_second": 269.362}