{"eval_loss": 0.9619790315628052, "eval_accuracy": 0.5917999744415283, "eval_mae": 0.485, "eval_runtime": 17.4271, "eval_samples_per_second": 286.91}