{"eval_loss": 1.339837908744812, "eval_accuracy": 0.4675999879837036, "eval_mae": 0.6878, "eval_runtime": 23.7389, "eval_samples_per_second": 210.625}