{"eval_loss": 1.0809296369552612, "eval_accuracy": 0.5558000206947327, "eval_mae": 0.5658, "eval_runtime": 28.2456, "eval_samples_per_second": 177.019}