{"eval_loss": 1.3545148372650146, "eval_accuracy": 0.48240000009536743, "eval_mae": 0.672, "eval_runtime": 22.7086, "eval_samples_per_second": 220.181}