{"eval_loss": 1.0167441368103027, "eval_accuracy": 0.5806000232696533, "eval_mae": 0.4936, "eval_runtime": 31.9386, "eval_samples_per_second": 156.55}