{"eval_loss": 1.0608597993850708, "eval_accuracy": 0.5577999949455261, "eval_mae": 0.5204, "eval_runtime": 18.3214, "eval_samples_per_second": 272.905}