{"eval_loss": 1.0295689105987549, "eval_accuracy": 0.5473999977111816, "eval_mae": 0.5376, "eval_runtime": 16.4511, "eval_samples_per_second": 303.931}