{"eval_loss": 1.0556588172912598, "eval_accuracy": 0.5267999768257141, "eval_mae": 0.5728, "eval_runtime": 16.2715, "eval_samples_per_second": 307.285}