{"eval_loss": 1.0871611833572388, "eval_accuracy": 0.574999988079071, "eval_mae": 0.5106, "eval_runtime": 16.9759, "eval_samples_per_second": 294.535}