{"eval_loss": 1.0860346555709839, "eval_accuracy": 0.5475999712944031, "eval_mae": 0.5414, "eval_runtime": 24.3231, "eval_samples_per_second": 205.566}