{"eval_loss": 1.2351937294006348, "eval_accuracy": 0.506600022315979, "eval_mae": 0.621, "eval_runtime": 20.3221, "eval_samples_per_second": 246.038}