{"eval_loss": 1.3366557359695435, "eval_accuracy": 0.47859999537467957, "eval_mae": 0.6902, "eval_runtime": 16.4834, "eval_samples_per_second": 303.335}