{"eval_loss": 1.3534832000732422, "eval_accuracy": 0.48339998722076416, "eval_mae": 0.6732, "eval_runtime": 18.4307, "eval_samples_per_second": 271.287}