{"eval_loss": 1.0445818901062012, "eval_accuracy": 0.5587999820709229, "eval_mae": 0.5106, "eval_runtime": 21.1336, "eval_samples_per_second": 236.59}