{"eval_loss": 1.06383216381073, "eval_accuracy": 0.5586000084877014, "eval_mae": 0.5208, "eval_runtime": 18.4271, "eval_samples_per_second": 271.34}