{"eval_loss": 1.053763508796692, "eval_accuracy": 0.5275999903678894, "eval_mae": 0.5684, "eval_runtime": 16.8271, "eval_samples_per_second": 297.139}