{"eval_loss": 1.1759933233261108, "eval_accuracy": 0.5026000142097473, "eval_mae": 0.5916, "eval_runtime": 17.2658, "eval_samples_per_second": 289.589}