{"eval_loss": 0.9491294026374817, "eval_accuracy": 0.5924000144004822, "eval_mae": 0.461, "eval_runtime": 16.3145, "eval_samples_per_second": 306.475}