{"eval_loss": 0.9791420102119446, "eval_accuracy": 0.5817999839782715, "eval_mae": 0.4884, "eval_runtime": 17.4334, "eval_samples_per_second": 286.805}