{"eval_loss": 1.0225987434387207, "eval_accuracy": 0.5551999807357788, "eval_mae": 0.5344, "eval_runtime": 16.651, "eval_samples_per_second": 300.282}