{"eval_loss": 1.0787161588668823, "eval_accuracy": 0.5591999888420105, "eval_mae": 0.5298, "eval_runtime": 24.1684, "eval_samples_per_second": 206.882}