{"eval_loss": 1.3524571657180786, "eval_accuracy": 0.4844000041484833, "eval_mae": 0.6698, "eval_runtime": 21.7691, "eval_samples_per_second": 229.684}