{"eval_loss": 1.0176939964294434, "eval_accuracy": 0.5789999961853027, "eval_mae": 0.4834, "eval_runtime": 17.4919, "eval_samples_per_second": 285.847}