{"eval_loss": 1.2285147905349731, "eval_accuracy": 0.5005999803543091, "eval_mae": 0.6018, "eval_runtime": 18.3849, "eval_samples_per_second": 271.962}