{"eval_loss": 1.01701819896698, "eval_accuracy": 0.5806000232696533, "eval_mae": 0.4944, "eval_runtime": 22.9965, "eval_samples_per_second": 217.425}