{"eval_loss": 0.8892078995704651, "eval_accuracy": 0.6366000175476074, "eval_mae": 0.4146, "eval_runtime": 31.5145, "eval_samples_per_second": 158.657}