{"eval_loss": 0.9511154294013977, "eval_accuracy": 0.6215999722480774, "eval_mae": 0.4282, "eval_runtime": 17.4207, "eval_samples_per_second": 287.014}