{"eval_loss": 1.0781430006027222, "eval_accuracy": 0.5590000152587891, "eval_mae": 0.5304, "eval_runtime": 18.7599, "eval_samples_per_second": 266.526}