{"eval_loss": 1.0786864757537842, "eval_accuracy": 0.5583999752998352, "eval_mae": 0.5308, "eval_runtime": 32.3564, "eval_samples_per_second": 154.529}