{"eval_loss": 0.9487186670303345, "eval_accuracy": 0.590399980545044, "eval_mae": 0.4628, "eval_runtime": 16.6359, "eval_samples_per_second": 300.555}