{"eval_loss": 1.2967673540115356, "eval_accuracy": 0.46799999475479126, "eval_mae": 0.6816, "eval_runtime": 27.4432, "eval_samples_per_second": 182.195}