{"eval_loss": 1.0299798250198364, "eval_accuracy": 0.5464000105857849, "eval_mae": 0.5388, "eval_runtime": 16.8552, "eval_samples_per_second": 296.645}