{"eval_loss": 1.3950332403182983, "eval_accuracy": 0.47920000553131104, "eval_mae": 0.6758, "eval_runtime": 19.2398, "eval_samples_per_second": 259.878}