{"eval_loss": 0.947475016117096, "eval_accuracy": 0.5929999947547913, "eval_mae": 0.4692, "eval_runtime": 18.6374, "eval_samples_per_second": 268.278}