{"eval_loss": 1.3689910173416138, "eval_accuracy": 0.4580000042915344, "eval_mae": 0.7312, "eval_runtime": 17.3876, "eval_samples_per_second": 287.561}