{"eval_loss": 1.1556997299194336, "eval_accuracy": 0.5004000067710876, "eval_mae": 0.59, "eval_runtime": 17.342, "eval_samples_per_second": 288.317}