{"eval_loss": 1.2321033477783203, "eval_accuracy": 0.49779999256134033, "eval_mae": 0.605, "eval_runtime": 18.4586, "eval_samples_per_second": 270.877}