{"eval_loss": 1.0173149108886719, "eval_accuracy": 0.579200029373169, "eval_mae": 0.4832, "eval_runtime": 17.7282, "eval_samples_per_second": 282.037}