{"eval_loss": 1.3394546508789062, "eval_accuracy": 0.46700000762939453, "eval_mae": 0.6898, "eval_runtime": 21.8288, "eval_samples_per_second": 229.055}