{"eval_loss": 1.062888741493225, "eval_accuracy": 0.5580000281333923, "eval_mae": 0.5208, "eval_runtime": 18.3212, "eval_samples_per_second": 272.909}