{"eval_loss": 1.021080493927002, "eval_accuracy": 0.5702000260353088, "eval_mae": 0.5078, "eval_runtime": 16.6177, "eval_samples_per_second": 300.884}