{"eval_loss": 1.0856114625930786, "eval_accuracy": 0.5745999813079834, "eval_mae": 0.5096, "eval_runtime": 16.6485, "eval_samples_per_second": 300.327}