{"eval_loss": 1.0304008722305298, "eval_accuracy": 0.5429999828338623, "eval_mae": 0.5418, "eval_runtime": 17.3836, "eval_samples_per_second": 287.628}