{"eval_loss": 0.9490280151367188, "eval_accuracy": 0.6069999933242798, "eval_mae": 0.45, "eval_runtime": 18.9483, "eval_samples_per_second": 263.876}