{"eval_loss": 1.0146178007125854, "eval_accuracy": 0.5644000172615051, "eval_mae": 0.5098, "eval_runtime": 17.039, "eval_samples_per_second": 293.445}