{"eval_loss": 1.2291321754455566, "eval_accuracy": 0.49900001287460327, "eval_mae": 0.6046, "eval_runtime": 18.4313, "eval_samples_per_second": 271.278}