{"eval_loss": 1.016746163368225, "eval_accuracy": 0.5813999772071838, "eval_mae": 0.4934, "eval_runtime": 22.4303, "eval_samples_per_second": 222.913}