{"eval_loss": 1.078513503074646, "eval_accuracy": 0.5586000084877014, "eval_mae": 0.5306, "eval_runtime": 28.3836, "eval_samples_per_second": 176.158}