{"eval_loss": 1.012079119682312, "eval_accuracy": 0.5803999900817871, "eval_mae": 0.482, "eval_runtime": 17.4843, "eval_samples_per_second": 285.97}