{"eval_loss": 1.0792810916900635, "eval_accuracy": 0.5558000206947327, "eval_mae": 0.5346, "eval_runtime": 19.4529, "eval_samples_per_second": 257.031}