{"eval_loss": 1.2292816638946533, "eval_accuracy": 0.5072000026702881, "eval_mae": 0.6202, "eval_runtime": 19.3638, "eval_samples_per_second": 258.214}