{"eval_loss": 1.0845955610275269, "eval_accuracy": 0.574400007724762, "eval_mae": 0.512, "eval_runtime": 16.1551, "eval_samples_per_second": 309.5}