{"eval_loss": 0.9496800899505615, "eval_accuracy": 0.6086000204086304, "eval_mae": 0.4478, "eval_runtime": 21.3743, "eval_samples_per_second": 233.926}