{"eval_loss": 1.0849446058273315, "eval_accuracy": 0.5738000273704529, "eval_mae": 0.5114, "eval_runtime": 16.9909, "eval_samples_per_second": 294.275}