{"eval_loss": 1.2386707067489624, "eval_accuracy": 0.4966000020503998, "eval_mae": 0.6482, "eval_runtime": 34.4108, "eval_samples_per_second": 145.303}