{"eval_loss": 0.9505699276924133, "eval_accuracy": 0.6197999715805054, "eval_mae": 0.4292, "eval_runtime": 17.417, "eval_samples_per_second": 287.076}