{"eval_loss": 1.006042718887329, "eval_accuracy": 0.5759999752044678, "eval_mae": 0.496, "eval_runtime": 16.7001, "eval_samples_per_second": 299.399}