{"eval_loss": 0.889975368976593, "eval_accuracy": 0.6358000040054321, "eval_mae": 0.4156, "eval_runtime": 18.7013, "eval_samples_per_second": 267.361}