{"eval_loss": 1.015046238899231, "eval_accuracy": 0.5648000240325928, "eval_mae": 0.5082, "eval_runtime": 16.5165, "eval_samples_per_second": 302.728}