{"eval_loss": 0.9474377036094666, "eval_accuracy": 0.5942000150680542, "eval_mae": 0.4674, "eval_runtime": 19.4099, "eval_samples_per_second": 257.6}