{"eval_loss": 1.0202674865722656, "eval_accuracy": 0.5812000036239624, "eval_mae": 0.4944, "eval_runtime": 22.97, "eval_samples_per_second": 217.675}