{"eval_loss": 1.0200947523117065, "eval_accuracy": 0.5705999732017517, "eval_mae": 0.5076, "eval_runtime": 16.5525, "eval_samples_per_second": 302.069}