{"eval_loss": 0.9451558589935303, "eval_accuracy": 0.6083999872207642, "eval_mae": 0.4476, "eval_runtime": 18.2682, "eval_samples_per_second": 273.699}