{"eval_loss": 1.0143791437149048, "eval_accuracy": 0.5662000179290771, "eval_mae": 0.506, "eval_runtime": 16.9261, "eval_samples_per_second": 295.401}