{"eval_loss": 1.0216883420944214, "eval_accuracy": 0.5709999799728394, "eval_mae": 0.5076, "eval_runtime": 16.3833, "eval_samples_per_second": 305.189}