{"eval_loss": 1.0171012878417969, "eval_accuracy": 0.5669999718666077, "eval_mae": 0.5058, "eval_runtime": 17.0646, "eval_samples_per_second": 293.005}