{"eval_loss": 1.296637773513794, "eval_accuracy": 0.46779999136924744, "eval_mae": 0.6816, "eval_runtime": 24.06, "eval_samples_per_second": 207.813}