{"eval_loss": 1.3425495624542236, "eval_accuracy": 0.46720001101493835, "eval_mae": 0.691, "eval_runtime": 18.1476, "eval_samples_per_second": 275.519}