{"eval_loss": 1.1473342180252075, "eval_accuracy": 0.5479999780654907, "eval_mae": 0.5834, "eval_runtime": 16.8046, "eval_samples_per_second": 297.538}