{"eval_loss": 1.0176581144332886, "eval_accuracy": 0.579200029373169, "eval_mae": 0.4834, "eval_runtime": 17.5246, "eval_samples_per_second": 285.314}