{"eval_loss": 1.297174096107483, "eval_accuracy": 0.46700000762939453, "eval_mae": 0.683, "eval_runtime": 31.4724, "eval_samples_per_second": 158.869}