{"eval_loss": 1.1775519847869873, "eval_accuracy": 0.5012000203132629, "eval_mae": 0.593, "eval_runtime": 17.4102, "eval_samples_per_second": 287.188}