{"eval_loss": 1.046152114868164, "eval_accuracy": 0.5618000030517578, "eval_mae": 0.5074, "eval_runtime": 19.0189, "eval_samples_per_second": 262.896}