{"eval_loss": 1.3522409200668335, "eval_accuracy": 0.4830000102519989, "eval_mae": 0.6716, "eval_runtime": 20.707, "eval_samples_per_second": 241.465}