{"eval_loss": 1.0214133262634277, "eval_accuracy": 0.5702000260353088, "eval_mae": 0.5078, "eval_runtime": 16.4932, "eval_samples_per_second": 303.155}