{"eval_loss": 0.9489415884017944, "eval_accuracy": 0.5906000137329102, "eval_mae": 0.463, "eval_runtime": 17.5012, "eval_samples_per_second": 285.695}