{"eval_loss": 0.9503085017204285, "eval_accuracy": 0.5911999940872192, "eval_mae": 0.463, "eval_runtime": 16.125, "eval_samples_per_second": 310.077}