{"eval_loss": 1.4478862285614014, "eval_accuracy": 0.4397999942302704, "eval_mae": 0.728, "eval_runtime": 19.1294, "eval_samples_per_second": 261.378}