{"eval_loss": 1.0186078548431396, "eval_accuracy": 0.5813999772071838, "eval_mae": 0.4934, "eval_runtime": 33.0279, "eval_samples_per_second": 151.387}