{"eval_loss": 1.0878633260726929, "eval_accuracy": 0.5472000241279602, "eval_mae": 0.5416, "eval_runtime": 22.2995, "eval_samples_per_second": 224.22}