{"eval_loss": 1.3410923480987549, "eval_accuracy": 0.475600004196167, "eval_mae": 0.6942, "eval_runtime": 17.0651, "eval_samples_per_second": 292.995}