{"eval_loss": 0.8898457884788513, "eval_accuracy": 0.6370000243186951, "eval_mae": 0.4132, "eval_runtime": 18.5869, "eval_samples_per_second": 269.006}