{"eval_loss": 1.1558148860931396, "eval_accuracy": 0.49939998984336853, "eval_mae": 0.5906, "eval_runtime": 17.3122, "eval_samples_per_second": 288.813}