{"eval_loss": 1.3673458099365234, "eval_accuracy": 0.4580000042915344, "eval_mae": 0.7314, "eval_runtime": 17.2543, "eval_samples_per_second": 289.784}