{"eval_loss": 0.9475480318069458, "eval_accuracy": 0.5943999886512756, "eval_mae": 0.468, "eval_runtime": 18.5902, "eval_samples_per_second": 268.96}