{"eval_loss": 0.9921587109565735, "eval_accuracy": 0.5699999928474426, "eval_mae": 0.5104, "eval_runtime": 16.935, "eval_samples_per_second": 295.246}