{"eval_loss": 1.2269937992095947, "eval_accuracy": 0.4970000088214874, "eval_mae": 0.6062, "eval_runtime": 18.4875, "eval_samples_per_second": 270.453}