{"eval_loss": 1.0851151943206787, "eval_accuracy": 0.5748000144958496, "eval_mae": 0.511, "eval_runtime": 16.4825, "eval_samples_per_second": 303.352}