{"eval_loss": 1.1550179719924927, "eval_accuracy": 0.5005999803543091, "eval_mae": 0.59, "eval_runtime": 16.5964, "eval_samples_per_second": 301.269}