{"eval_loss": 0.9359947443008423, "eval_accuracy": 0.600600004196167, "eval_mae": 0.455, "eval_runtime": 16.321, "eval_samples_per_second": 306.353}