{"eval_loss": 0.9512410163879395, "eval_accuracy": 0.620199978351593, "eval_mae": 0.429, "eval_runtime": 17.3475, "eval_samples_per_second": 288.226}