{"eval_loss": 1.030227780342102, "eval_accuracy": 0.5455999970436096, "eval_mae": 0.54, "eval_runtime": 17.33, "eval_samples_per_second": 288.517}