{"eval_loss": 0.9788036942481995, "eval_accuracy": 0.58160001039505, "eval_mae": 0.4884, "eval_runtime": 17.4404, "eval_samples_per_second": 286.691}