{"eval_loss": 0.8900377154350281, "eval_accuracy": 0.6377999782562256, "eval_mae": 0.413, "eval_runtime": 18.5968, "eval_samples_per_second": 268.864}