{"eval_loss": 0.9492366909980774, "eval_accuracy": 0.5924000144004822, "eval_mae": 0.461, "eval_runtime": 16.4149, "eval_samples_per_second": 304.601}