{"eval_loss": 1.0802302360534668, "eval_accuracy": 0.5559999942779541, "eval_mae": 0.5656, "eval_runtime": 33.9374, "eval_samples_per_second": 147.33}