{"eval_loss": 1.084964394569397, "eval_accuracy": 0.5759999752044678, "eval_mae": 0.5092, "eval_runtime": 16.0693, "eval_samples_per_second": 311.153}