{"eval_loss": 1.0116701126098633, "eval_accuracy": 0.5821999907493591, "eval_mae": 0.48, "eval_runtime": 17.4807, "eval_samples_per_second": 286.03}