{"eval_loss": 0.9585450887680054, "eval_accuracy": 0.5950000286102295, "eval_mae": 0.4806, "eval_runtime": 17.3853, "eval_samples_per_second": 287.599}