{"eval_loss": 0.9482709169387817, "eval_accuracy": 0.5929999947547913, "eval_mae": 0.4694, "eval_runtime": 18.6769, "eval_samples_per_second": 267.71}