{"eval_loss": 0.9493695497512817, "eval_accuracy": 0.5893999934196472, "eval_mae": 0.4644, "eval_runtime": 18.3132, "eval_samples_per_second": 273.028}