{"eval_loss": 1.3500099182128906, "eval_accuracy": 0.47119998931884766, "eval_mae": 0.6872, "eval_runtime": 17.3353, "eval_samples_per_second": 288.428}