{"eval_loss": 1.0281437635421753, "eval_accuracy": 0.5703999996185303, "eval_mae": 0.5076, "eval_runtime": 16.4144, "eval_samples_per_second": 304.61}