{"eval_loss": 0.9483470916748047, "eval_accuracy": 0.5907999873161316, "eval_mae": 0.463, "eval_runtime": 16.5519, "eval_samples_per_second": 302.081}