{"eval_loss": 0.9508091807365417, "eval_accuracy": 0.6195999979972839, "eval_mae": 0.4308, "eval_runtime": 17.5444, "eval_samples_per_second": 284.991}