{"eval_loss": 0.9498396515846252, "eval_accuracy": 0.6061999797821045, "eval_mae": 0.45, "eval_runtime": 18.0171, "eval_samples_per_second": 277.514}