{"eval_loss": 1.0049504041671753, "eval_accuracy": 0.5942000150680542, "eval_mae": 0.4668, "eval_runtime": 17.3295, "eval_samples_per_second": 288.525}