{"eval_loss": 0.9909363389015198, "eval_accuracy": 0.5709999799728394, "eval_mae": 0.506, "eval_runtime": 16.2587, "eval_samples_per_second": 307.527}