{"eval_loss": 1.3506462574005127, "eval_accuracy": 0.4828000068664551, "eval_mae": 0.672, "eval_runtime": 19.9398, "eval_samples_per_second": 250.755}