{"eval_loss": 0.9500224590301514, "eval_accuracy": 0.605400025844574, "eval_mae": 0.4508, "eval_runtime": 18.3053, "eval_samples_per_second": 273.145}