{"eval_loss": 0.949118435382843, "eval_accuracy": 0.5896000266075134, "eval_mae": 0.464, "eval_runtime": 16.5233, "eval_samples_per_second": 302.603}