{"eval_loss": 1.0244901180267334, "eval_accuracy": 0.5541999936103821, "eval_mae": 0.5362, "eval_runtime": 17.2818, "eval_samples_per_second": 289.322}