{"eval_loss": 1.0137814283370972, "eval_accuracy": 0.5655999779701233, "eval_mae": 0.5064, "eval_runtime": 16.9621, "eval_samples_per_second": 294.775}