{"eval_loss": 1.2949177026748657, "eval_accuracy": 0.4691999852657318, "eval_mae": 0.6806, "eval_runtime": 20.0817, "eval_samples_per_second": 248.983}