{"eval_loss": 1.0058220624923706, "eval_accuracy": 0.5929999947547913, "eval_mae": 0.4684, "eval_runtime": 17.1581, "eval_samples_per_second": 291.407}