{"eval_loss": 0.9367704391479492, "eval_accuracy": 0.6000000238418579, "eval_mae": 0.4562, "eval_runtime": 16.0645, "eval_samples_per_second": 311.246}