{"eval_loss": 0.9604126811027527, "eval_accuracy": 0.5925999879837036, "eval_mae": 0.4836, "eval_runtime": 17.3192, "eval_samples_per_second": 288.696}