{"eval_loss": 1.1563900709152222, "eval_accuracy": 0.5001999735832214, "eval_mae": 0.5906, "eval_runtime": 17.245, "eval_samples_per_second": 289.939}