{"eval_loss": 1.0875967741012573, "eval_accuracy": 0.5475999712944031, "eval_mae": 0.5418, "eval_runtime": 18.1863, "eval_samples_per_second": 274.932}