{"eval_loss": 0.9488810300827026, "eval_accuracy": 0.5899999737739563, "eval_mae": 0.4638, "eval_runtime": 17.3758, "eval_samples_per_second": 287.757}