{"eval_loss": 1.146302580833435, "eval_accuracy": 0.5493999719619751, "eval_mae": 0.5816, "eval_runtime": 16.896, "eval_samples_per_second": 295.927}