{"eval_loss": 1.0204912424087524, "eval_accuracy": 0.5802000164985657, "eval_mae": 0.4966, "eval_runtime": 18.5585, "eval_samples_per_second": 269.418}