{"eval_loss": 1.0627533197402954, "eval_accuracy": 0.5576000213623047, "eval_mae": 0.5212, "eval_runtime": 18.3176, "eval_samples_per_second": 272.961}