{"eval_loss": 1.395742416381836, "eval_accuracy": 0.4812000095844269, "eval_mae": 0.6756, "eval_runtime": 28.3796, "eval_samples_per_second": 176.183}