{"eval_loss": 1.1462961435317993, "eval_accuracy": 0.550000011920929, "eval_mae": 0.5798, "eval_runtime": 17.4517, "eval_samples_per_second": 286.505}