{"eval_loss": 1.0530190467834473, "eval_accuracy": 0.526199996471405, "eval_mae": 0.5714, "eval_runtime": 16.3387, "eval_samples_per_second": 306.021}