{"eval_loss": 1.3675681352615356, "eval_accuracy": 0.45820000767707825, "eval_mae": 0.7304, "eval_runtime": 17.2658, "eval_samples_per_second": 289.59}