{"eval_loss": 1.3320368528366089, "eval_accuracy": 0.477400004863739, "eval_mae": 0.6892, "eval_runtime": 16.9808, "eval_samples_per_second": 294.45}