{"eval_loss": 1.0848544836044312, "eval_accuracy": 0.5770000219345093, "eval_mae": 0.5086, "eval_runtime": 17.6992, "eval_samples_per_second": 282.498}