{"eval_loss": 1.177504062652588, "eval_accuracy": 0.5019999742507935, "eval_mae": 0.593, "eval_runtime": 16.8344, "eval_samples_per_second": 297.011}