{"eval_loss": 1.366603970527649, "eval_accuracy": 0.4586000144481659, "eval_mae": 0.7308, "eval_runtime": 16.8173, "eval_samples_per_second": 297.312}