{"eval_loss": 1.0068823099136353, "eval_accuracy": 0.5932000279426575, "eval_mae": 0.4684, "eval_runtime": 17.4465, "eval_samples_per_second": 286.59}