{"eval_loss": 1.4428530931472778, "eval_accuracy": 0.43959999084472656, "eval_mae": 0.7294, "eval_runtime": 18.8386, "eval_samples_per_second": 265.413}