{"eval_loss": 1.0051466226577759, "eval_accuracy": 0.5935999751091003, "eval_mae": 0.4676, "eval_runtime": 17.2446, "eval_samples_per_second": 289.946}