{"eval_loss": 1.2385997772216797, "eval_accuracy": 0.49720001220703125, "eval_mae": 0.6476, "eval_runtime": 19.8564, "eval_samples_per_second": 251.807}