{"eval_loss": 1.0186289548873901, "eval_accuracy": 0.5806000232696533, "eval_mae": 0.4944, "eval_runtime": 20.257, "eval_samples_per_second": 246.828}