{"eval_loss": 1.351347804069519, "eval_accuracy": 0.4860000014305115, "eval_mae": 0.6688, "eval_runtime": 18.1726, "eval_samples_per_second": 275.139}