{"eval_loss": 0.9900986552238464, "eval_accuracy": 0.5694000124931335, "eval_mae": 0.5062, "eval_runtime": 16.9768, "eval_samples_per_second": 294.519}