{"eval_loss": 1.0450552701950073, "eval_accuracy": 0.5616000294685364, "eval_mae": 0.508, "eval_runtime": 18.5036, "eval_samples_per_second": 270.218}