{"eval_loss": 1.2364161014556885, "eval_accuracy": 0.4970000088214874, "eval_mae": 0.6476, "eval_runtime": 18.3292, "eval_samples_per_second": 272.788}