{"eval_loss": 0.9587833881378174, "eval_accuracy": 0.5974000096321106, "eval_mae": 0.4782, "eval_runtime": 17.4805, "eval_samples_per_second": 286.032}