{"eval_loss": 1.0173779726028442, "eval_accuracy": 0.5812000036239624, "eval_mae": 0.4806, "eval_runtime": 17.629, "eval_samples_per_second": 283.624}