{"eval_loss": 1.344663143157959, "eval_accuracy": 0.4668000042438507, "eval_mae": 0.6906, "eval_runtime": 26.2011, "eval_samples_per_second": 190.831}