{"eval_loss": 1.2391968965530396, "eval_accuracy": 0.5022000074386597, "eval_mae": 0.5924, "eval_runtime": 32.2585, "eval_samples_per_second": 154.998}