{"eval_loss": 1.0056720972061157, "eval_accuracy": 0.5758000016212463, "eval_mae": 0.4962, "eval_runtime": 17.3106, "eval_samples_per_second": 288.84}