{"eval_loss": 1.078382968902588, "eval_accuracy": 0.5583999752998352, "eval_mae": 0.531, "eval_runtime": 19.2308, "eval_samples_per_second": 259.999}