{"eval_loss": 0.9506657123565674, "eval_accuracy": 0.6212000250816345, "eval_mae": 0.428, "eval_runtime": 17.5074, "eval_samples_per_second": 285.594}