{"eval_loss": 0.9477413892745972, "eval_accuracy": 0.5924000144004822, "eval_mae": 0.47, "eval_runtime": 22.1662, "eval_samples_per_second": 225.568}