{"eval_loss": 1.0244994163513184, "eval_accuracy": 0.5547999739646912, "eval_mae": 0.5366, "eval_runtime": 17.2032, "eval_samples_per_second": 290.644}