{"eval_loss": 0.9498082995414734, "eval_accuracy": 0.6068000197410583, "eval_mae": 0.4494, "eval_runtime": 19.5143, "eval_samples_per_second": 256.222}