{"eval_loss": 1.3923237323760986, "eval_accuracy": 0.4812000095844269, "eval_mae": 0.6734, "eval_runtime": 34.4938, "eval_samples_per_second": 144.953}