{"eval_loss": 1.0786409378051758, "eval_accuracy": 0.5576000213623047, "eval_mae": 0.5316, "eval_runtime": 18.5881, "eval_samples_per_second": 268.99}