{"eval_loss": 1.0858863592147827, "eval_accuracy": 0.5461999773979187, "eval_mae": 0.5426, "eval_runtime": 18.1877, "eval_samples_per_second": 274.91}