{"eval_loss": 1.3670825958251953, "eval_accuracy": 0.45820000767707825, "eval_mae": 0.7308, "eval_runtime": 16.7786, "eval_samples_per_second": 297.999}