{"eval_loss": 1.0118082761764526, "eval_accuracy": 0.579800009727478, "eval_mae": 0.482, "eval_runtime": 17.0166, "eval_samples_per_second": 293.831}