{"eval_loss": 1.3398070335388184, "eval_accuracy": 0.46799999475479126, "eval_mae": 0.6886, "eval_runtime": 29.9369, "eval_samples_per_second": 167.018}