{"eval_loss": 1.055978536605835, "eval_accuracy": 0.5246000289916992, "eval_mae": 0.5746, "eval_runtime": 16.2905, "eval_samples_per_second": 306.927}