{"eval_loss": 1.1552170515060425, "eval_accuracy": 0.5009999871253967, "eval_mae": 0.59, "eval_runtime": 16.6078, "eval_samples_per_second": 301.064}