{"eval_loss": 1.2290111780166626, "eval_accuracy": 0.506600022315979, "eval_mae": 0.6208, "eval_runtime": 18.8951, "eval_samples_per_second": 264.619}