{"eval_loss": 1.0787158012390137, "eval_accuracy": 0.5587999820709229, "eval_mae": 0.5304, "eval_runtime": 18.0321, "eval_samples_per_second": 277.283}