{"eval_loss": 1.0468865633010864, "eval_accuracy": 0.5600000023841858, "eval_mae": 0.5094, "eval_runtime": 22.0324, "eval_samples_per_second": 226.939}