{"eval_loss": 0.9492040872573853, "eval_accuracy": 0.6197999715805054, "eval_mae": 0.4294, "eval_runtime": 17.3516, "eval_samples_per_second": 288.158}