{"eval_loss": 1.0186235904693604, "eval_accuracy": 0.5812000036239624, "eval_mae": 0.4936, "eval_runtime": 34.2579, "eval_samples_per_second": 145.952}