{"eval_loss": 1.0082244873046875, "eval_accuracy": 0.5928000211715698, "eval_mae": 0.469, "eval_runtime": 17.1677, "eval_samples_per_second": 291.245}