{"eval_loss": 1.2828123569488525, "eval_accuracy": 0.4636000096797943, "eval_mae": 0.6834, "eval_runtime": 36.5672, "eval_samples_per_second": 136.735}