{"eval_loss": 1.0202358961105347, "eval_accuracy": 0.5788000226020813, "eval_mae": 0.4844, "eval_runtime": 17.4189, "eval_samples_per_second": 287.045}