{"eval_loss": 1.0086936950683594, "eval_accuracy": 0.5771999955177307, "eval_mae": 0.4852, "eval_runtime": 17.5429, "eval_samples_per_second": 285.015}