{"eval_loss": 0.9783609509468079, "eval_accuracy": 0.5803999900817871, "eval_mae": 0.4884, "eval_runtime": 17.3311, "eval_samples_per_second": 288.499}