{"eval_loss": 1.3435684442520142, "eval_accuracy": 0.47519999742507935, "eval_mae": 0.6944, "eval_runtime": 16.2872, "eval_samples_per_second": 306.989}