{"eval_loss": 1.084943413734436, "eval_accuracy": 0.5748000144958496, "eval_mae": 0.5104, "eval_runtime": 16.329, "eval_samples_per_second": 306.203}