{"eval_loss": 1.0173755884170532, "eval_accuracy": 0.5708000063896179, "eval_mae": 0.5036, "eval_runtime": 17.2513, "eval_samples_per_second": 289.834}