{"eval_loss": 1.0785294771194458, "eval_accuracy": 0.5568000078201294, "eval_mae": 0.534, "eval_runtime": 22.597, "eval_samples_per_second": 221.268}