{"eval_loss": 0.9487676024436951, "eval_accuracy": 0.6050000190734863, "eval_mae": 0.4502, "eval_runtime": 18.1987, "eval_samples_per_second": 274.745}