{"eval_loss": 0.8899710774421692, "eval_accuracy": 0.6363999843597412, "eval_mae": 0.4146, "eval_runtime": 23.7357, "eval_samples_per_second": 210.653}