{"eval_loss": 1.0301440954208374, "eval_accuracy": 0.5440000295639038, "eval_mae": 0.5412, "eval_runtime": 17.353, "eval_samples_per_second": 288.135}