{"eval_loss": 1.0861642360687256, "eval_accuracy": 0.5473999977111816, "eval_mae": 0.5416, "eval_runtime": 26.4623, "eval_samples_per_second": 188.948}