{"eval_loss": 1.0798693895339966, "eval_accuracy": 0.5562000274658203, "eval_mae": 0.5656, "eval_runtime": 29.9294, "eval_samples_per_second": 167.06}