{"eval_loss": 1.0177011489868164, "eval_accuracy": 0.5795999765396118, "eval_mae": 0.4826, "eval_runtime": 17.5207, "eval_samples_per_second": 285.376}