{"eval_loss": 1.0531845092773438, "eval_accuracy": 0.5285999774932861, "eval_mae": 0.5682, "eval_runtime": 16.316, "eval_samples_per_second": 306.449}