{"eval_loss": 0.9456197023391724, "eval_accuracy": 0.6037999987602234, "eval_mae": 0.4586, "eval_runtime": 17.1802, "eval_samples_per_second": 291.032}