{"eval_loss": 1.0652258396148682, "eval_accuracy": 0.5580000281333923, "eval_mae": 0.5214, "eval_runtime": 18.3497, "eval_samples_per_second": 272.484}