{"eval_loss": 1.0176361799240112, "eval_accuracy": 0.5784000158309937, "eval_mae": 0.4842, "eval_runtime": 17.6377, "eval_samples_per_second": 283.484}