{"eval_loss": 1.228654146194458, "eval_accuracy": 0.506600022315979, "eval_mae": 0.621, "eval_runtime": 28.2042, "eval_samples_per_second": 177.278}