{"eval_loss": 1.229862928390503, "eval_accuracy": 0.5059999823570251, "eval_mae": 0.6228, "eval_runtime": 19.8682, "eval_samples_per_second": 251.659}