{"eval_loss": 1.0537139177322388, "eval_accuracy": 0.5270000100135803, "eval_mae": 0.57, "eval_runtime": 15.9463, "eval_samples_per_second": 313.552}