{"eval_loss": 1.2386698722839355, "eval_accuracy": 0.49619999527931213, "eval_mae": 0.6476, "eval_runtime": 21.1728, "eval_samples_per_second": 236.152}