{"eval_loss": 0.9458316564559937, "eval_accuracy": 0.6055999994277954, "eval_mae": 0.4564, "eval_runtime": 16.5904, "eval_samples_per_second": 301.379}