{"eval_loss": 1.1767849922180176, "eval_accuracy": 0.5026000142097473, "eval_mae": 0.592, "eval_runtime": 17.5468, "eval_samples_per_second": 284.953}