{"eval_loss": 1.0117754936218262, "eval_accuracy": 0.5809999704360962, "eval_mae": 0.4816, "eval_runtime": 16.4025, "eval_samples_per_second": 304.832}