{"eval_loss": 1.443115234375, "eval_accuracy": 0.44020000100135803, "eval_mae": 0.7284, "eval_runtime": 35.7322, "eval_samples_per_second": 139.93}