{"eval_loss": 0.8892732262611389, "eval_accuracy": 0.6362000107765198, "eval_mae": 0.4156, "eval_runtime": 26.8713, "eval_samples_per_second": 186.072}