{"eval_loss": 1.0246977806091309, "eval_accuracy": 0.5558000206947327, "eval_mae": 0.5348, "eval_runtime": 17.1907, "eval_samples_per_second": 290.854}