{"eval_loss": 1.3433626890182495, "eval_accuracy": 0.47519999742507935, "eval_mae": 0.6944, "eval_runtime": 16.9975, "eval_samples_per_second": 294.162}