{"eval_loss": 0.9468265771865845, "eval_accuracy": 0.6043999791145325, "eval_mae": 0.4578, "eval_runtime": 19.372, "eval_samples_per_second": 258.104}