{"eval_loss": 1.3411818742752075, "eval_accuracy": 0.477400004863739, "eval_mae": 0.691, "eval_runtime": 16.0906, "eval_samples_per_second": 310.74}