{"eval_loss": 1.0061304569244385, "eval_accuracy": 0.5924000144004822, "eval_mae": 0.4692, "eval_runtime": 17.1684, "eval_samples_per_second": 291.233}