{"eval_loss": 1.0805790424346924, "eval_accuracy": 0.5564000010490417, "eval_mae": 0.5652, "eval_runtime": 23.1697, "eval_samples_per_second": 215.799}