{"eval_loss": 1.0856602191925049, "eval_accuracy": 0.5735999941825867, "eval_mae": 0.5118, "eval_runtime": 17.0422, "eval_samples_per_second": 293.39}