{"eval_loss": 1.3940658569335938, "eval_accuracy": 0.47760000824928284, "eval_mae": 0.6762, "eval_runtime": 28.3113, "eval_samples_per_second": 176.608}