{"eval_loss": 1.3664668798446655, "eval_accuracy": 0.45739999413490295, "eval_mae": 0.7334, "eval_runtime": 17.2185, "eval_samples_per_second": 290.386}