{"eval_loss": 1.2994656562805176, "eval_accuracy": 0.4690000116825104, "eval_mae": 0.6804, "eval_runtime": 19.9183, "eval_samples_per_second": 251.026}