{"eval_loss": 0.949451744556427, "eval_accuracy": 0.6068000197410583, "eval_mae": 0.4492, "eval_runtime": 20.7911, "eval_samples_per_second": 240.488}