{"eval_loss": 1.0802295207977295, "eval_accuracy": 0.5564000010490417, "eval_mae": 0.5648, "eval_runtime": 31.2039, "eval_samples_per_second": 160.237}