{"eval_loss": 1.0081218481063843, "eval_accuracy": 0.5896000266075134, "eval_mae": 0.4718, "eval_runtime": 17.4769, "eval_samples_per_second": 286.091}