{"eval_loss": 1.0625683069229126, "eval_accuracy": 0.5568000078201294, "eval_mae": 0.5224, "eval_runtime": 18.3021, "eval_samples_per_second": 273.193}