{"eval_loss": 0.9787461161613464, "eval_accuracy": 0.5820000171661377, "eval_mae": 0.4878, "eval_runtime": 17.3902, "eval_samples_per_second": 287.518}