{"eval_loss": 0.9462939500808716, "eval_accuracy": 0.603600025177002, "eval_mae": 0.4568, "eval_runtime": 16.3817, "eval_samples_per_second": 305.219}