{"eval_loss": 1.2276389598846436, "eval_accuracy": 0.49880000948905945, "eval_mae": 0.6008, "eval_runtime": 18.1052, "eval_samples_per_second": 276.164}