{"eval_loss": 1.242814064025879, "eval_accuracy": 0.49939998984336853, "eval_mae": 0.5962, "eval_runtime": 23.8192, "eval_samples_per_second": 209.915}