{"eval_loss": 1.0119086503982544, "eval_accuracy": 0.5799999833106995, "eval_mae": 0.4822, "eval_runtime": 17.3877, "eval_samples_per_second": 287.56}