{"eval_loss": 1.2976027727127075, "eval_accuracy": 0.46700000762939453, "eval_mae": 0.6818, "eval_runtime": 34.6904, "eval_samples_per_second": 144.132}