{"eval_loss": 1.3905762434005737, "eval_accuracy": 0.4805999994277954, "eval_mae": 0.6752, "eval_runtime": 19.9551, "eval_samples_per_second": 250.562}