{"eval_loss": 0.9906564354896545, "eval_accuracy": 0.5708000063896179, "eval_mae": 0.5072, "eval_runtime": 16.1778, "eval_samples_per_second": 309.066}