{"eval_loss": 1.426635980606079, "eval_accuracy": 0.43860000371932983, "eval_mae": 0.7272, "eval_runtime": 18.6745, "eval_samples_per_second": 267.745}