{"eval_loss": 1.080224633216858, "eval_accuracy": 0.5565999746322632, "eval_mae": 0.5638, "eval_runtime": 18.4353, "eval_samples_per_second": 271.219}