{"eval_loss": 1.0190409421920776, "eval_accuracy": 0.5813999772071838, "eval_mae": 0.4932, "eval_runtime": 32.3381, "eval_samples_per_second": 154.616}