{"eval_loss": 1.1766564846038818, "eval_accuracy": 0.5026000142097473, "eval_mae": 0.5918, "eval_runtime": 16.6328, "eval_samples_per_second": 300.611}