{"eval_loss": 1.1793739795684814, "eval_accuracy": 0.5012000203132629, "eval_mae": 0.5934, "eval_runtime": 17.3377, "eval_samples_per_second": 288.39}