{"eval_loss": 1.2297247648239136, "eval_accuracy": 0.5070000290870667, "eval_mae": 0.621, "eval_runtime": 18.9236, "eval_samples_per_second": 264.22}