{"eval_loss": 1.0190335512161255, "eval_accuracy": 0.5821999907493591, "eval_mae": 0.4932, "eval_runtime": 18.4933, "eval_samples_per_second": 270.368}