{"eval_loss": 1.350974202156067, "eval_accuracy": 0.4837999939918518, "eval_mae": 0.6696, "eval_runtime": 18.4055, "eval_samples_per_second": 271.658}