{"eval_loss": 1.338658094406128, "eval_accuracy": 0.46860000491142273, "eval_mae": 0.6872, "eval_runtime": 24.4891, "eval_samples_per_second": 204.173}