{"eval_loss": 1.339209794998169, "eval_accuracy": 0.46939998865127563, "eval_mae": 0.6872, "eval_runtime": 18.3892, "eval_samples_per_second": 271.899}