{"eval_loss": 0.9526007771492004, "eval_accuracy": 0.620199978351593, "eval_mae": 0.4288, "eval_runtime": 17.398, "eval_samples_per_second": 287.389}