{"eval_loss": 0.9785081148147583, "eval_accuracy": 0.5830000042915344, "eval_mae": 0.4866, "eval_runtime": 17.553, "eval_samples_per_second": 284.852}