{"eval_loss": 1.3431323766708374, "eval_accuracy": 0.4749999940395355, "eval_mae": 0.6944, "eval_runtime": 17.0165, "eval_samples_per_second": 293.832}