{"eval_loss": 1.4405478239059448, "eval_accuracy": 0.44040000438690186, "eval_mae": 0.7276, "eval_runtime": 18.4257, "eval_samples_per_second": 271.36}