{"eval_loss": 1.442120909690857, "eval_accuracy": 0.4399999976158142, "eval_mae": 0.7288, "eval_runtime": 18.3406, "eval_samples_per_second": 272.62}