{"eval_loss": 0.93548184633255, "eval_accuracy": 0.6029999852180481, "eval_mae": 0.4528, "eval_runtime": 17.1329, "eval_samples_per_second": 291.836}