{"eval_loss": 1.059861660003662, "eval_accuracy": 0.5546000003814697, "eval_mae": 0.5254, "eval_runtime": 18.3347, "eval_samples_per_second": 272.707}