{"eval_loss": 0.8906967043876648, "eval_accuracy": 0.6367999911308289, "eval_mae": 0.413, "eval_runtime": 29.9287, "eval_samples_per_second": 167.064}