{"eval_loss": 1.3543795347213745, "eval_accuracy": 0.48240000009536743, "eval_mae": 0.6714, "eval_runtime": 18.6326, "eval_samples_per_second": 268.347}