{"eval_loss": 0.9484564661979675, "eval_accuracy": 0.5885999798774719, "eval_mae": 0.4648, "eval_runtime": 16.2371, "eval_samples_per_second": 307.936}