{"eval_loss": 1.014228343963623, "eval_accuracy": 0.5648000240325928, "eval_mae": 0.508, "eval_runtime": 17.0368, "eval_samples_per_second": 293.483}