{"eval_loss": 1.0146294832229614, "eval_accuracy": 0.5648000240325928, "eval_mae": 0.5052, "eval_runtime": 16.2956, "eval_samples_per_second": 306.831}