{"eval_loss": 0.9486451148986816, "eval_accuracy": 0.6064000129699707, "eval_mae": 0.4498, "eval_runtime": 20.1436, "eval_samples_per_second": 248.217}