{"eval_loss": 0.9909183382987976, "eval_accuracy": 0.5712000131607056, "eval_mae": 0.5082, "eval_runtime": 16.9655, "eval_samples_per_second": 294.716}