{"eval_loss": 0.9497188329696655, "eval_accuracy": 0.607200026512146, "eval_mae": 0.4488, "eval_runtime": 19.5246, "eval_samples_per_second": 256.087}