{"eval_loss": 1.0238168239593506, "eval_accuracy": 0.5558000206947327, "eval_mae": 0.5356, "eval_runtime": 17.4103, "eval_samples_per_second": 287.186}