{"eval_loss": 0.9503126740455627, "eval_accuracy": 0.621399998664856, "eval_mae": 0.4278, "eval_runtime": 17.3281, "eval_samples_per_second": 288.548}