{"eval_loss": 0.9473222494125366, "eval_accuracy": 0.5942000150680542, "eval_mae": 0.4678, "eval_runtime": 17.8139, "eval_samples_per_second": 280.68}