{"eval_loss": 1.0071638822555542, "eval_accuracy": 0.5932000279426575, "eval_mae": 0.4684, "eval_runtime": 18.1553, "eval_samples_per_second": 275.401}