{"eval_loss": 1.0785136222839355, "eval_accuracy": 0.5582000017166138, "eval_mae": 0.5312, "eval_runtime": 24.7554, "eval_samples_per_second": 201.976}