{"eval_loss": 0.9485034942626953, "eval_accuracy": 0.5902000069618225, "eval_mae": 0.4632, "eval_runtime": 16.2534, "eval_samples_per_second": 307.629}