{"eval_loss": 1.029632568359375, "eval_accuracy": 0.545799970626831, "eval_mae": 0.5396, "eval_runtime": 16.418, "eval_samples_per_second": 304.543}