{"eval_loss": 1.2419589757919312, "eval_accuracy": 0.5004000067710876, "eval_mae": 0.5952, "eval_runtime": 18.7616, "eval_samples_per_second": 266.502}