{"eval_loss": 0.9790435433387756, "eval_accuracy": 0.5812000036239624, "eval_mae": 0.4888, "eval_runtime": 17.3836, "eval_samples_per_second": 287.628}