{"eval_loss": 1.0056926012039185, "eval_accuracy": 0.5758000016212463, "eval_mae": 0.4958, "eval_runtime": 16.4471, "eval_samples_per_second": 304.005}