{"eval_loss": 1.237974762916565, "eval_accuracy": 0.49639999866485596, "eval_mae": 0.6474, "eval_runtime": 27.1434, "eval_samples_per_second": 184.207}