{"eval_loss": 1.0531357526779175, "eval_accuracy": 0.527400016784668, "eval_mae": 0.5696, "eval_runtime": 16.2963, "eval_samples_per_second": 306.818}