{"eval_loss": 1.2278825044631958, "eval_accuracy": 0.49880000948905945, "eval_mae": 0.6044, "eval_runtime": 18.4664, "eval_samples_per_second": 270.763}