{"eval_loss": 0.9558886885643005, "eval_accuracy": 0.600600004196167, "eval_mae": 0.4626, "eval_runtime": 17.2735, "eval_samples_per_second": 289.46}