{"eval_loss": 1.1548442840576172, "eval_accuracy": 0.5009999871253967, "eval_mae": 0.59, "eval_runtime": 17.2179, "eval_samples_per_second": 290.395}