{"eval_loss": 1.368381142616272, "eval_accuracy": 0.45660001039505005, "eval_mae": 0.7344, "eval_runtime": 17.2952, "eval_samples_per_second": 289.097}