{"eval_loss": 1.335503339767456, "eval_accuracy": 0.46779999136924744, "eval_mae": 0.6882, "eval_runtime": 18.0342, "eval_samples_per_second": 277.251}