{"eval_loss": 0.9888270497322083, "eval_accuracy": 0.5712000131607056, "eval_mae": 0.5082, "eval_runtime": 16.9629, "eval_samples_per_second": 294.762}