{"eval_loss": 1.0136222839355469, "eval_accuracy": 0.5641999840736389, "eval_mae": 0.507, "eval_runtime": 17.0228, "eval_samples_per_second": 293.723}