{"eval_loss": 0.9894688725471497, "eval_accuracy": 0.5722000002861023, "eval_mae": 0.5058, "eval_runtime": 17.0082, "eval_samples_per_second": 293.976}