{"eval_loss": 1.342228651046753, "eval_accuracy": 0.4706000089645386, "eval_mae": 0.6846, "eval_runtime": 18.5004, "eval_samples_per_second": 270.264}