{"eval_loss": 0.9495294690132141, "eval_accuracy": 0.6065999865531921, "eval_mae": 0.4498, "eval_runtime": 18.6577, "eval_samples_per_second": 267.986}