{"eval_loss": 1.0138410329818726, "eval_accuracy": 0.5649999976158142, "eval_mae": 0.5082, "eval_runtime": 16.9873, "eval_samples_per_second": 294.337}