{"eval_loss": 1.1768039464950562, "eval_accuracy": 0.5026000142097473, "eval_mae": 0.5922, "eval_runtime": 17.3585, "eval_samples_per_second": 288.043}