{"eval_loss": 0.9511004090309143, "eval_accuracy": 0.621999979019165, "eval_mae": 0.4274, "eval_runtime": 16.8059, "eval_samples_per_second": 297.514}