{"eval_loss": 1.0614057779312134, "eval_accuracy": 0.5577999949455261, "eval_mae": 0.522, "eval_runtime": 18.399, "eval_samples_per_second": 271.754}