{"eval_loss": 1.2289592027664185, "eval_accuracy": 0.5067999958992004, "eval_mae": 0.6204, "eval_runtime": 29.544, "eval_samples_per_second": 169.239}