{"eval_loss": 1.085093379020691, "eval_accuracy": 0.5752000212669373, "eval_mae": 0.5108, "eval_runtime": 16.4778, "eval_samples_per_second": 303.439}