{"eval_loss": 1.054046392440796, "eval_accuracy": 0.5267999768257141, "eval_mae": 0.5704, "eval_runtime": 15.9015, "eval_samples_per_second": 314.436}