{"eval_loss": 0.9617543816566467, "eval_accuracy": 0.593999981880188, "eval_mae": 0.4826, "eval_runtime": 17.3072, "eval_samples_per_second": 288.898}