{"eval_loss": 1.1759448051452637, "eval_accuracy": 0.5023999810218811, "eval_mae": 0.5912, "eval_runtime": 17.3302, "eval_samples_per_second": 288.514}