{"eval_loss": 0.9789382815361023, "eval_accuracy": 0.5812000036239624, "eval_mae": 0.4884, "eval_runtime": 19.5341, "eval_samples_per_second": 255.962}