{"eval_loss": 1.224060297012329, "eval_accuracy": 0.4959999918937683, "eval_mae": 0.6394, "eval_runtime": 18.1469, "eval_samples_per_second": 275.53}