{"eval_loss": 0.9507821202278137, "eval_accuracy": 0.620199978351593, "eval_mae": 0.4296, "eval_runtime": 17.4924, "eval_samples_per_second": 285.839}