{"eval_loss": 1.078154444694519, "eval_accuracy": 0.5569999814033508, "eval_mae": 0.5324, "eval_runtime": 19.4662, "eval_samples_per_second": 256.856}