{"eval_loss": 1.0298806428909302, "eval_accuracy": 0.5465999841690063, "eval_mae": 0.5386, "eval_runtime": 16.9483, "eval_samples_per_second": 295.016}