{"eval_loss": 0.9789097905158997, "eval_accuracy": 0.5825999975204468, "eval_mae": 0.4876, "eval_runtime": 17.4997, "eval_samples_per_second": 285.719}