{"eval_loss": 1.243059754371643, "eval_accuracy": 0.4997999966144562, "eval_mae": 0.5954, "eval_runtime": 20.5324, "eval_samples_per_second": 243.518}