{"eval_loss": 1.0859460830688477, "eval_accuracy": 0.5472000241279602, "eval_mae": 0.5416, "eval_runtime": 18.2956, "eval_samples_per_second": 273.29}