{"eval_loss": 1.2961115837097168, "eval_accuracy": 0.4675999879837036, "eval_mae": 0.6816, "eval_runtime": 19.842, "eval_samples_per_second": 251.991}