{"eval_loss": 0.9609679579734802, "eval_accuracy": 0.5929999947547913, "eval_mae": 0.4832, "eval_runtime": 16.3754, "eval_samples_per_second": 305.336}