{"eval_loss": 0.9358685612678528, "eval_accuracy": 0.602400004863739, "eval_mae": 0.4538, "eval_runtime": 17.099, "eval_samples_per_second": 292.416}