{"eval_loss": 1.0617430210113525, "eval_accuracy": 0.5569999814033508, "eval_mae": 0.522, "eval_runtime": 18.3736, "eval_samples_per_second": 272.129}