{"eval_loss": 1.0304665565490723, "eval_accuracy": 0.5443999767303467, "eval_mae": 0.5406, "eval_runtime": 16.4245, "eval_samples_per_second": 304.423}