{"eval_loss": 0.9908132553100586, "eval_accuracy": 0.5705999732017517, "eval_mae": 0.5092, "eval_runtime": 15.7792, "eval_samples_per_second": 316.873}