{"eval_loss": 1.0157134532928467, "eval_accuracy": 0.579800009727478, "eval_mae": 0.483, "eval_runtime": 16.9977, "eval_samples_per_second": 294.157}