{"eval_loss": 1.1553714275360107, "eval_accuracy": 0.4997999966144562, "eval_mae": 0.5906, "eval_runtime": 17.4798, "eval_samples_per_second": 286.044}