{"eval_loss": 0.9508584141731262, "eval_accuracy": 0.6078000068664551, "eval_mae": 0.4488, "eval_runtime": 20.9938, "eval_samples_per_second": 238.165}