{"eval_loss": 1.3434804677963257, "eval_accuracy": 0.4747999906539917, "eval_mae": 0.6942, "eval_runtime": 15.9548, "eval_samples_per_second": 313.385}