{"eval_loss": 0.9490703344345093, "eval_accuracy": 0.5899999737739563, "eval_mae": 0.4638, "eval_runtime": 16.9367, "eval_samples_per_second": 295.216}