{"eval_loss": 1.023022174835205, "eval_accuracy": 0.5698000192642212, "eval_mae": 0.509, "eval_runtime": 17.3619, "eval_samples_per_second": 287.986}