{"eval_loss": 1.0248464345932007, "eval_accuracy": 0.555400013923645, "eval_mae": 0.5368, "eval_runtime": 17.2378, "eval_samples_per_second": 290.061}