{"eval_loss": 1.0141502618789673, "eval_accuracy": 0.5637999773025513, "eval_mae": 0.5094, "eval_runtime": 16.9108, "eval_samples_per_second": 295.669}