{"eval_loss": 1.0858983993530273, "eval_accuracy": 0.5478000044822693, "eval_mae": 0.5412, "eval_runtime": 18.2767, "eval_samples_per_second": 273.572}