{"eval_loss": 1.0760409832000732, "eval_accuracy": 0.5497999787330627, "eval_mae": 0.5404, "eval_runtime": 31.7168, "eval_samples_per_second": 157.645}