{"eval_loss": 1.0051790475845337, "eval_accuracy": 0.5767999887466431, "eval_mae": 0.4948, "eval_runtime": 17.2136, "eval_samples_per_second": 290.469}