{"eval_loss": 0.9489302635192871, "eval_accuracy": 0.5906000137329102, "eval_mae": 0.463, "eval_runtime": 16.2871, "eval_samples_per_second": 306.991}