{"eval_loss": 1.0252172946929932, "eval_accuracy": 0.5573999881744385, "eval_mae": 0.5344, "eval_runtime": 17.2909, "eval_samples_per_second": 289.169}