{"eval_loss": 1.0786566734313965, "eval_accuracy": 0.5583999752998352, "eval_mae": 0.5308, "eval_runtime": 28.7765, "eval_samples_per_second": 173.753}