{"eval_loss": 1.1773427724838257, "eval_accuracy": 0.5019999742507935, "eval_mae": 0.5946, "eval_runtime": 16.6743, "eval_samples_per_second": 299.863}