{"eval_loss": 1.240172266960144, "eval_accuracy": 0.4970000088214874, "eval_mae": 0.6482, "eval_runtime": 24.373, "eval_samples_per_second": 205.145}