{"eval_loss": 1.2942476272583008, "eval_accuracy": 0.46720001101493835, "eval_mae": 0.6818, "eval_runtime": 18.4299, "eval_samples_per_second": 271.298}