{"eval_loss": 1.018709659576416, "eval_accuracy": 0.5809999704360962, "eval_mae": 0.494, "eval_runtime": 20.2882, "eval_samples_per_second": 246.448}