{"eval_loss": 1.3447121381759644, "eval_accuracy": 0.48899999260902405, "eval_mae": 0.6648, "eval_runtime": 20.0618, "eval_samples_per_second": 249.23}