{"eval_loss": 0.9909605383872986, "eval_accuracy": 0.5703999996185303, "eval_mae": 0.5076, "eval_runtime": 16.1859, "eval_samples_per_second": 308.911}