{"eval_loss": 1.0060582160949707, "eval_accuracy": 0.5756000280380249, "eval_mae": 0.4966, "eval_runtime": 16.4482, "eval_samples_per_second": 303.985}