{"eval_loss": 0.9909752011299133, "eval_accuracy": 0.5702000260353088, "eval_mae": 0.5088, "eval_runtime": 16.997, "eval_samples_per_second": 294.169}