{"eval_loss": 1.0852665901184082, "eval_accuracy": 0.5483999848365784, "eval_mae": 0.5404, "eval_runtime": 18.6835, "eval_samples_per_second": 267.616}