{"eval_loss": 0.978444516658783, "eval_accuracy": 0.5817999839782715, "eval_mae": 0.4876, "eval_runtime": 17.3846, "eval_samples_per_second": 287.612}