{"eval_loss": 0.8909240961074829, "eval_accuracy": 0.6371999979019165, "eval_mae": 0.4152, "eval_runtime": 18.3293, "eval_samples_per_second": 272.787}