{"eval_loss": 0.9608882665634155, "eval_accuracy": 0.5928000211715698, "eval_mae": 0.4834, "eval_runtime": 17.4558, "eval_samples_per_second": 286.438}