{"eval_loss": 1.046142339706421, "eval_accuracy": 0.5598000288009644, "eval_mae": 0.5096, "eval_runtime": 18.7123, "eval_samples_per_second": 267.203}