{"eval_loss": 1.0166667699813843, "eval_accuracy": 0.579200029373169, "eval_mae": 0.4824, "eval_runtime": 17.458, "eval_samples_per_second": 286.402}