{"eval_loss": 1.4389431476593018, "eval_accuracy": 0.4399999976158142, "eval_mae": 0.7244, "eval_runtime": 22.4929, "eval_samples_per_second": 222.293}