{"eval_loss": 1.0180484056472778, "eval_accuracy": 0.5785999894142151, "eval_mae": 0.4848, "eval_runtime": 17.5138, "eval_samples_per_second": 285.49}