{"eval_loss": 1.0801405906677246, "eval_accuracy": 0.5558000206947327, "eval_mae": 0.5656, "eval_runtime": 26.2279, "eval_samples_per_second": 190.637}