{"eval_loss": 1.0627068281173706, "eval_accuracy": 0.5569999814033508, "eval_mae": 0.5212, "eval_runtime": 18.3366, "eval_samples_per_second": 272.678}