{"eval_loss": 0.9599936604499817, "eval_accuracy": 0.5946000218391418, "eval_mae": 0.4812, "eval_runtime": 16.7534, "eval_samples_per_second": 298.446}