{"eval_loss": 1.017734408378601, "eval_accuracy": 0.5803999900817871, "eval_mae": 0.4816, "eval_runtime": 17.4117, "eval_samples_per_second": 287.163}