{"eval_loss": 1.3920494318008423, "eval_accuracy": 0.4812000095844269, "eval_mae": 0.6734, "eval_runtime": 18.5218, "eval_samples_per_second": 269.952}