{"eval_loss": 0.9428988099098206, "eval_accuracy": 0.6051999926567078, "eval_mae": 0.457, "eval_runtime": 17.2192, "eval_samples_per_second": 290.374}