{"eval_loss": 1.0174428224563599, "eval_accuracy": 0.5794000029563904, "eval_mae": 0.483, "eval_runtime": 17.4626, "eval_samples_per_second": 286.326}