{"eval_loss": 0.9603081941604614, "eval_accuracy": 0.5938000082969666, "eval_mae": 0.4822, "eval_runtime": 17.3414, "eval_samples_per_second": 288.328}