{"eval_loss": 1.0787831544876099, "eval_accuracy": 0.5565999746322632, "eval_mae": 0.5344, "eval_runtime": 17.9004, "eval_samples_per_second": 279.323}