{"eval_loss": 1.019037127494812, "eval_accuracy": 0.5781999826431274, "eval_mae": 0.484, "eval_runtime": 17.3855, "eval_samples_per_second": 287.596}