{"eval_loss": 1.019466519355774, "eval_accuracy": 0.5774000287055969, "eval_mae": 0.4998, "eval_runtime": 19.4531, "eval_samples_per_second": 257.029}