{"eval_loss": 1.3449716567993164, "eval_accuracy": 0.46959999203681946, "eval_mae": 0.6922, "eval_runtime": 16.5128, "eval_samples_per_second": 302.796}