{"eval_loss": 0.9457322955131531, "eval_accuracy": 0.6037999987602234, "eval_mae": 0.4584, "eval_runtime": 17.3303, "eval_samples_per_second": 288.511}