{"eval_loss": 1.0799140930175781, "eval_accuracy": 0.5582000017166138, "eval_mae": 0.5308, "eval_runtime": 18.7915, "eval_samples_per_second": 266.078}