{"eval_loss": 0.9481524229049683, "eval_accuracy": 0.5906000137329102, "eval_mae": 0.4622, "eval_runtime": 16.5394, "eval_samples_per_second": 302.308}