{"eval_loss": 1.3508968353271484, "eval_accuracy": 0.4715999960899353, "eval_mae": 0.6904, "eval_runtime": 16.6674, "eval_samples_per_second": 299.987}