{"eval_loss": 1.3639734983444214, "eval_accuracy": 0.45980000495910645, "eval_mae": 0.7268, "eval_runtime": 16.9382, "eval_samples_per_second": 295.191}