{"eval_loss": 1.3491703271865845, "eval_accuracy": 0.47200000286102295, "eval_mae": 0.6904, "eval_runtime": 17.2128, "eval_samples_per_second": 290.482}