{"eval_loss": 1.0131646394729614, "eval_accuracy": 0.5690000057220459, "eval_mae": 0.5036, "eval_runtime": 17.0685, "eval_samples_per_second": 292.937}