{"eval_loss": 0.9439979195594788, "eval_accuracy": 0.6050000190734863, "eval_mae": 0.4552, "eval_runtime": 17.393, "eval_samples_per_second": 287.473}