{"eval_loss": 1.2254016399383545, "eval_accuracy": 0.4991999864578247, "eval_mae": 0.6038, "eval_runtime": 18.3808, "eval_samples_per_second": 272.023}