{"eval_loss": 1.0859317779541016, "eval_accuracy": 0.5475999712944031, "eval_mae": 0.5412, "eval_runtime": 18.3893, "eval_samples_per_second": 271.898}