{"eval_loss": 1.2276349067687988, "eval_accuracy": 0.498199999332428, "eval_mae": 0.605, "eval_runtime": 18.3715, "eval_samples_per_second": 272.161}