{"eval_loss": 1.0803472995758057, "eval_accuracy": 0.5559999942779541, "eval_mae": 0.5652, "eval_runtime": 23.4798, "eval_samples_per_second": 212.949}