{"eval_loss": 1.248567819595337, "eval_accuracy": 0.49939998984336853, "eval_mae": 0.595, "eval_runtime": 28.4786, "eval_samples_per_second": 175.57}