{"eval_loss": 0.959881067276001, "eval_accuracy": 0.5917999744415283, "eval_mae": 0.4828, "eval_runtime": 17.3127, "eval_samples_per_second": 288.806}