{"eval_loss": 1.0153064727783203, "eval_accuracy": 0.5659999847412109, "eval_mae": 0.5054, "eval_runtime": 17.0087, "eval_samples_per_second": 293.968}