{"eval_loss": 1.1557234525680542, "eval_accuracy": 0.4984000027179718, "eval_mae": 0.5928, "eval_runtime": 17.28, "eval_samples_per_second": 289.352}