{"eval_loss": 0.934790849685669, "eval_accuracy": 0.6007999777793884, "eval_mae": 0.4548, "eval_runtime": 16.3982, "eval_samples_per_second": 304.912}