{"eval_loss": 1.36577308177948, "eval_accuracy": 0.459199994802475, "eval_mae": 0.7298, "eval_runtime": 17.5843, "eval_samples_per_second": 284.344}