{"eval_loss": 1.0149681568145752, "eval_accuracy": 0.5644000172615051, "eval_mae": 0.5072, "eval_runtime": 16.9522, "eval_samples_per_second": 294.948}