{"eval_loss": 1.343247413635254, "eval_accuracy": 0.4733999967575073, "eval_mae": 0.696, "eval_runtime": 17.0827, "eval_samples_per_second": 292.694}