{"eval_loss": 1.06326162815094, "eval_accuracy": 0.5577999949455261, "eval_mae": 0.5216, "eval_runtime": 18.3949, "eval_samples_per_second": 271.815}