{"eval_loss": 1.347720742225647, "eval_accuracy": 0.47119998931884766, "eval_mae": 0.6902, "eval_runtime": 18.1983, "eval_samples_per_second": 274.751}