{"eval_loss": 1.0074312686920166, "eval_accuracy": 0.5943999886512756, "eval_mae": 0.4668, "eval_runtime": 17.2133, "eval_samples_per_second": 290.473}