{"eval_loss": 1.0190197229385376, "eval_accuracy": 0.5807999968528748, "eval_mae": 0.4938, "eval_runtime": 25.6525, "eval_samples_per_second": 194.913}