{"eval_loss": 1.0211347341537476, "eval_accuracy": 0.5690000057220459, "eval_mae": 0.5088, "eval_runtime": 17.3517, "eval_samples_per_second": 288.156}