{"eval_loss": 1.0167649984359741, "eval_accuracy": 0.5763999819755554, "eval_mae": 0.484, "eval_runtime": 17.515, "eval_samples_per_second": 285.47}