{"eval_loss": 1.0533939599990845, "eval_accuracy": 0.5260000228881836, "eval_mae": 0.573, "eval_runtime": 15.9904, "eval_samples_per_second": 312.688}