{"eval_loss": 1.3939980268478394, "eval_accuracy": 0.47839999198913574, "eval_mae": 0.6752, "eval_runtime": 32.1965, "eval_samples_per_second": 155.296}