{"eval_loss": 0.9786375164985657, "eval_accuracy": 0.5825999975204468, "eval_mae": 0.4872, "eval_runtime": 17.5402, "eval_samples_per_second": 285.059}