{"eval_loss": 0.9463693499565125, "eval_accuracy": 0.6039999723434448, "eval_mae": 0.4584, "eval_runtime": 17.3567, "eval_samples_per_second": 288.073}