{"eval_loss": 1.394575834274292, "eval_accuracy": 0.47839999198913574, "eval_mae": 0.6794, "eval_runtime": 21.3559, "eval_samples_per_second": 234.127}