{"eval_loss": 0.9498711228370667, "eval_accuracy": 0.5906000137329102, "eval_mae": 0.4636, "eval_runtime": 17.2826, "eval_samples_per_second": 289.309}