{"eval_loss": 1.0212417840957642, "eval_accuracy": 0.571399986743927, "eval_mae": 0.5072, "eval_runtime": 17.396, "eval_samples_per_second": 287.423}