{"eval_loss": 1.393744945526123, "eval_accuracy": 0.4805999994277954, "eval_mae": 0.6746, "eval_runtime": 23.5677, "eval_samples_per_second": 212.154}