{"eval_loss": 1.3937758207321167, "eval_accuracy": 0.47999998927116394, "eval_mae": 0.6772, "eval_runtime": 19.4899, "eval_samples_per_second": 256.544}