{"eval_loss": 1.017864465713501, "eval_accuracy": 0.5776000022888184, "eval_mae": 0.484, "eval_runtime": 17.4, "eval_samples_per_second": 287.356}