{"eval_loss": 0.9909954071044922, "eval_accuracy": 0.5712000131607056, "eval_mae": 0.5068, "eval_runtime": 16.8752, "eval_samples_per_second": 296.292}