{"eval_loss": 1.0541456937789917, "eval_accuracy": 0.5275999903678894, "eval_mae": 0.5704, "eval_runtime": 16.0556, "eval_samples_per_second": 311.418}