{"eval_loss": 0.9788779020309448, "eval_accuracy": 0.5813999772071838, "eval_mae": 0.4886, "eval_runtime": 17.3708, "eval_samples_per_second": 287.839}