{"eval_loss": 0.8895694613456726, "eval_accuracy": 0.6367999911308289, "eval_mae": 0.4142, "eval_runtime": 29.674, "eval_samples_per_second": 168.498}