{"eval_loss": 1.017303466796875, "eval_accuracy": 0.5680000185966492, "eval_mae": 0.5108, "eval_runtime": 17.394, "eval_samples_per_second": 287.456}