{"eval_loss": 1.3924803733825684, "eval_accuracy": 0.4805999994277954, "eval_mae": 0.674, "eval_runtime": 19.408, "eval_samples_per_second": 257.626}