{"eval_loss": 1.0459600687026978, "eval_accuracy": 0.5613999962806702, "eval_mae": 0.508, "eval_runtime": 20.0953, "eval_samples_per_second": 248.814}