{"eval_loss": 0.9912588000297546, "eval_accuracy": 0.5703999996185303, "eval_mae": 0.5076, "eval_runtime": 16.9669, "eval_samples_per_second": 294.691}