{"eval_loss": 0.9880009889602661, "eval_accuracy": 0.5720000267028809, "eval_mae": 0.5064, "eval_runtime": 16.1811, "eval_samples_per_second": 309.003}