{"eval_loss": 1.0298740863800049, "eval_accuracy": 0.5461999773979187, "eval_mae": 0.5388, "eval_runtime": 17.3191, "eval_samples_per_second": 288.699}