{"eval_loss": 1.0070291757583618, "eval_accuracy": 0.5932000279426575, "eval_mae": 0.4682, "eval_runtime": 17.452, "eval_samples_per_second": 286.5}