{"eval_loss": 1.0303541421890259, "eval_accuracy": 0.5460000038146973, "eval_mae": 0.5384, "eval_runtime": 17.2939, "eval_samples_per_second": 289.119}