{"eval_loss": 1.1556181907653809, "eval_accuracy": 0.4986000061035156, "eval_mae": 0.5916, "eval_runtime": 17.2882, "eval_samples_per_second": 289.215}