{"eval_loss": 1.0104280710220337, "eval_accuracy": 0.5789999961853027, "eval_mae": 0.4826, "eval_runtime": 17.4277, "eval_samples_per_second": 286.899}