{"eval_loss": 1.3394649028778076, "eval_accuracy": 0.46799999475479126, "eval_mae": 0.6886, "eval_runtime": 19.2533, "eval_samples_per_second": 259.695}