{"eval_loss": 1.0188355445861816, "eval_accuracy": 0.5802000164985657, "eval_mae": 0.4974, "eval_runtime": 18.409, "eval_samples_per_second": 271.606}