{"eval_loss": 1.0051109790802002, "eval_accuracy": 0.5758000016212463, "eval_mae": 0.4954, "eval_runtime": 17.207, "eval_samples_per_second": 290.58}