{"eval_loss": 1.0876569747924805, "eval_accuracy": 0.5486000180244446, "eval_mae": 0.54, "eval_runtime": 33.6471, "eval_samples_per_second": 148.601}