{"eval_loss": 1.024900197982788, "eval_accuracy": 0.5533999800682068, "eval_mae": 0.5374, "eval_runtime": 17.3486, "eval_samples_per_second": 288.207}