{"eval_loss": 1.3384079933166504, "eval_accuracy": 0.4681999981403351, "eval_mae": 0.688, "eval_runtime": 18.7696, "eval_samples_per_second": 266.388}