{"eval_loss": 0.8895890712738037, "eval_accuracy": 0.6366000175476074, "eval_mae": 0.4144, "eval_runtime": 18.6711, "eval_samples_per_second": 267.794}