{"eval_loss": 1.148128867149353, "eval_accuracy": 0.5490000247955322, "eval_mae": 0.5816, "eval_runtime": 17.614, "eval_samples_per_second": 283.865}