{"eval_loss": 1.1481242179870605, "eval_accuracy": 0.5508000254631042, "eval_mae": 0.5794, "eval_runtime": 17.4202, "eval_samples_per_second": 287.022}