{"eval_loss": 1.2289808988571167, "eval_accuracy": 0.506600022315979, "eval_mae": 0.6206, "eval_runtime": 20.117, "eval_samples_per_second": 248.546}