{"eval_loss": 1.0794645547866821, "eval_accuracy": 0.5564000010490417, "eval_mae": 0.5654, "eval_runtime": 28.8051, "eval_samples_per_second": 173.58}