{"eval_loss": 1.3362234830856323, "eval_accuracy": 0.4697999954223633, "eval_mae": 0.6856, "eval_runtime": 22.5799, "eval_samples_per_second": 221.436}