{"eval_loss": 1.0055397748947144, "eval_accuracy": 0.5759999752044678, "eval_mae": 0.496, "eval_runtime": 17.2096, "eval_samples_per_second": 290.536}