{"eval_loss": 0.9910021424293518, "eval_accuracy": 0.5690000057220459, "eval_mae": 0.5098, "eval_runtime": 17.0766, "eval_samples_per_second": 292.799}