{"eval_loss": 1.3392060995101929, "eval_accuracy": 0.46799999475479126, "eval_mae": 0.6886, "eval_runtime": 32.0515, "eval_samples_per_second": 155.999}