{"eval_loss": 1.0205681324005127, "eval_accuracy": 0.5684000253677368, "eval_mae": 0.5096, "eval_runtime": 16.482, "eval_samples_per_second": 303.36}