{"eval_loss": 1.2385412454605103, "eval_accuracy": 0.4968000054359436, "eval_mae": 0.6478, "eval_runtime": 19.7627, "eval_samples_per_second": 253.001}