{"eval_loss": 0.9467194080352783, "eval_accuracy": 0.6032000184059143, "eval_mae": 0.4584, "eval_runtime": 17.1965, "eval_samples_per_second": 290.757}