{"eval_loss": 0.946708083152771, "eval_accuracy": 0.6050000190734863, "eval_mae": 0.457, "eval_runtime": 17.254, "eval_samples_per_second": 289.789}