{"eval_loss": 1.0630042552947998, "eval_accuracy": 0.5573999881744385, "eval_mae": 0.5216, "eval_runtime": 18.3339, "eval_samples_per_second": 272.718}