{"eval_loss": 1.4431724548339844, "eval_accuracy": 0.4397999942302704, "eval_mae": 0.729, "eval_runtime": 33.6831, "eval_samples_per_second": 148.442}