{"eval_loss": 1.0258474349975586, "eval_accuracy": 0.555400013923645, "eval_mae": 0.537, "eval_runtime": 17.26, "eval_samples_per_second": 289.688}