{"eval_loss": 1.3453022241592407, "eval_accuracy": 0.4758000075817108, "eval_mae": 0.6934, "eval_runtime": 16.4672, "eval_samples_per_second": 303.633}