{"eval_loss": 1.1767637729644775, "eval_accuracy": 0.5026000142097473, "eval_mae": 0.5926, "eval_runtime": 17.3838, "eval_samples_per_second": 287.625}