{"eval_loss": 1.2290335893630981, "eval_accuracy": 0.5062000155448914, "eval_mae": 0.6212, "eval_runtime": 26.5855, "eval_samples_per_second": 188.073}