{"eval_loss": 1.3516151905059814, "eval_accuracy": 0.48420000076293945, "eval_mae": 0.6692, "eval_runtime": 19.0171, "eval_samples_per_second": 262.921}