{"eval_loss": 0.8896377086639404, "eval_accuracy": 0.6367999911308289, "eval_mae": 0.4142, "eval_runtime": 21.5103, "eval_samples_per_second": 232.447}