{"eval_loss": 1.148074984550476, "eval_accuracy": 0.5491999983787537, "eval_mae": 0.581, "eval_runtime": 16.8825, "eval_samples_per_second": 296.164}