{"eval_loss": 1.3921087980270386, "eval_accuracy": 0.4812000095844269, "eval_mae": 0.6734, "eval_runtime": 28.6996, "eval_samples_per_second": 174.219}