{"eval_loss": 1.0850181579589844, "eval_accuracy": 0.574999988079071, "eval_mae": 0.5092, "eval_runtime": 16.1039, "eval_samples_per_second": 310.483}