{"eval_loss": 0.9495617151260376, "eval_accuracy": 0.6069999933242798, "eval_mae": 0.4492, "eval_runtime": 18.4593, "eval_samples_per_second": 270.866}