{"eval_loss": 1.0213242769241333, "eval_accuracy": 0.5691999793052673, "eval_mae": 0.5098, "eval_runtime": 16.5452, "eval_samples_per_second": 302.202}