{"eval_loss": 1.0294716358184814, "eval_accuracy": 0.5418000221252441, "eval_mae": 0.5414, "eval_runtime": 16.743, "eval_samples_per_second": 298.633}