{"eval_loss": 1.3463226556777954, "eval_accuracy": 0.4758000075817108, "eval_mae": 0.6938, "eval_runtime": 16.2749, "eval_samples_per_second": 307.222}