{"eval_loss": 1.2966139316558838, "eval_accuracy": 0.46799999475479126, "eval_mae": 0.6814, "eval_runtime": 36.7149, "eval_samples_per_second": 136.185}