{"eval_loss": 0.9786280989646912, "eval_accuracy": 0.5821999907493591, "eval_mae": 0.4896, "eval_runtime": 17.3082, "eval_samples_per_second": 288.88}