{"eval_loss": 0.9469366073608398, "eval_accuracy": 0.6043999791145325, "eval_mae": 0.4578, "eval_runtime": 16.4466, "eval_samples_per_second": 304.013}