{"eval_loss": 1.368537187576294, "eval_accuracy": 0.45660001039505005, "eval_mae": 0.7328, "eval_runtime": 17.3678, "eval_samples_per_second": 287.889}