{"eval_loss": 1.3540335893630981, "eval_accuracy": 0.48260000348091125, "eval_mae": 0.673, "eval_runtime": 18.0831, "eval_samples_per_second": 276.501}