{"eval_loss": 1.0169984102249146, "eval_accuracy": 0.5807999968528748, "eval_mae": 0.4814, "eval_runtime": 17.5281, "eval_samples_per_second": 285.256}