{"eval_loss": 1.2386164665222168, "eval_accuracy": 0.4970000088214874, "eval_mae": 0.6474, "eval_runtime": 20.0019, "eval_samples_per_second": 249.977}