{"eval_loss": 1.078016757965088, "eval_accuracy": 0.5580000281333923, "eval_mae": 0.532, "eval_runtime": 18.6452, "eval_samples_per_second": 268.165}