{"eval_loss": 1.4427131414413452, "eval_accuracy": 0.43959999084472656, "eval_mae": 0.7292, "eval_runtime": 27.8522, "eval_samples_per_second": 179.519}