{"eval_loss": 1.0805379152297974, "eval_accuracy": 0.5565999746322632, "eval_mae": 0.5646, "eval_runtime": 24.6797, "eval_samples_per_second": 202.595}