{"eval_loss": 1.3528363704681396, "eval_accuracy": 0.483599990606308, "eval_mae": 0.6706, "eval_runtime": 21.6184, "eval_samples_per_second": 231.284}