{"eval_loss": 1.0108628273010254, "eval_accuracy": 0.5802000164985657, "eval_mae": 0.4816, "eval_runtime": 17.4838, "eval_samples_per_second": 285.98}