{"eval_loss": 1.0275495052337646, "eval_accuracy": 0.553600013256073, "eval_mae": 0.5386, "eval_runtime": 17.3039, "eval_samples_per_second": 288.953}