{"eval_loss": 1.018286108970642, "eval_accuracy": 0.5799999833106995, "eval_mae": 0.4828, "eval_runtime": 17.4638, "eval_samples_per_second": 286.307}