{"eval_loss": 1.2282837629318237, "eval_accuracy": 0.5067999958992004, "eval_mae": 0.6206, "eval_runtime": 19.0111, "eval_samples_per_second": 263.005}