{"eval_loss": 1.342745065689087, "eval_accuracy": 0.47600001096725464, "eval_mae": 0.6934, "eval_runtime": 17.1627, "eval_samples_per_second": 291.33}