{"eval_loss": 1.3393558263778687, "eval_accuracy": 0.4675999879837036, "eval_mae": 0.6892, "eval_runtime": 35.7119, "eval_samples_per_second": 140.009}