{"eval_loss": 0.9553216695785522, "eval_accuracy": 0.5996000170707703, "eval_mae": 0.463, "eval_runtime": 17.2745, "eval_samples_per_second": 289.443}