{"eval_loss": 0.9481687545776367, "eval_accuracy": 0.5920000076293945, "eval_mae": 0.4704, "eval_runtime": 19.1656, "eval_samples_per_second": 260.884}