{"eval_loss": 1.2424427270889282, "eval_accuracy": 0.49959999322891235, "eval_mae": 0.596, "eval_runtime": 33.7555, "eval_samples_per_second": 148.124}