{"eval_loss": 1.3519994020462036, "eval_accuracy": 0.483599990606308, "eval_mae": 0.6712, "eval_runtime": 18.4453, "eval_samples_per_second": 271.072}