{"eval_loss": 1.240433931350708, "eval_accuracy": 0.5016000270843506, "eval_mae": 0.5916, "eval_runtime": 22.8216, "eval_samples_per_second": 219.091}