{"eval_loss": 0.8894554972648621, "eval_accuracy": 0.6370000243186951, "eval_mae": 0.414, "eval_runtime": 21.8825, "eval_samples_per_second": 228.493}