{"eval_loss": 1.0055619478225708, "eval_accuracy": 0.5756000280380249, "eval_mae": 0.4962, "eval_runtime": 17.2247, "eval_samples_per_second": 290.281}