{"eval_loss": 1.3535974025726318, "eval_accuracy": 0.483599990606308, "eval_mae": 0.6706, "eval_runtime": 17.8238, "eval_samples_per_second": 280.523}