{"eval_loss": 1.0191947221755981, "eval_accuracy": 0.5813999772071838, "eval_mae": 0.4944, "eval_runtime": 20.7496, "eval_samples_per_second": 240.969}