{"eval_loss": 1.0852634906768799, "eval_accuracy": 0.5758000016212463, "eval_mae": 0.509, "eval_runtime": 16.0315, "eval_samples_per_second": 311.885}