{"eval_loss": 0.9551262855529785, "eval_accuracy": 0.5985999703407288, "eval_mae": 0.4648, "eval_runtime": 16.3312, "eval_samples_per_second": 306.163}