{"eval_loss": 1.0057293176651, "eval_accuracy": 0.5946000218391418, "eval_mae": 0.4664, "eval_runtime": 16.6984, "eval_samples_per_second": 299.43}