{"eval_loss": 0.9470283389091492, "eval_accuracy": 0.5929999947547913, "eval_mae": 0.4684, "eval_runtime": 19.7554, "eval_samples_per_second": 253.095}