{"eval_loss": 1.3387645483016968, "eval_accuracy": 0.46799999475479126, "eval_mae": 0.6886, "eval_runtime": 32.6629, "eval_samples_per_second": 153.079}