{"eval_loss": 1.024401068687439, "eval_accuracy": 0.5555999875068665, "eval_mae": 0.5358, "eval_runtime": 17.3315, "eval_samples_per_second": 288.491}