{"eval_loss": 1.0798243284225464, "eval_accuracy": 0.5587999820709229, "eval_mae": 0.5326, "eval_runtime": 32.9622, "eval_samples_per_second": 151.689}