{"eval_loss": 1.2279765605926514, "eval_accuracy": 0.49880000948905945, "eval_mae": 0.6046, "eval_runtime": 18.499, "eval_samples_per_second": 270.284}