{"eval_loss": 0.9486279487609863, "eval_accuracy": 0.6037999987602234, "eval_mae": 0.4536, "eval_runtime": 18.5535, "eval_samples_per_second": 269.49}