{"eval_loss": 0.889484167098999, "eval_accuracy": 0.6362000107765198, "eval_mae": 0.415, "eval_runtime": 23.4712, "eval_samples_per_second": 213.027}