{"eval_loss": 1.0208834409713745, "eval_accuracy": 0.5684000253677368, "eval_mae": 0.5102, "eval_runtime": 17.2998, "eval_samples_per_second": 289.021}