{"eval_loss": 1.0139352083206177, "eval_accuracy": 0.5649999976158142, "eval_mae": 0.508, "eval_runtime": 16.4654, "eval_samples_per_second": 303.668}