{"eval_loss": 0.947685182094574, "eval_accuracy": 0.5942000150680542, "eval_mae": 0.4678, "eval_runtime": 18.1908, "eval_samples_per_second": 274.864}