{"eval_loss": 1.2422946691513062, "eval_accuracy": 0.5004000067710876, "eval_mae": 0.5942, "eval_runtime": 23.5727, "eval_samples_per_second": 212.109}