{"eval_loss": 1.0536737442016602, "eval_accuracy": 0.526199996471405, "eval_mae": 0.5706, "eval_runtime": 16.5696, "eval_samples_per_second": 301.758}