{"eval_loss": 1.4501785039901733, "eval_accuracy": 0.4357999861240387, "eval_mae": 0.7354, "eval_runtime": 25.4182, "eval_samples_per_second": 196.71}