{"eval_loss": 1.2305833101272583, "eval_accuracy": 0.5062000155448914, "eval_mae": 0.622, "eval_runtime": 22.0207, "eval_samples_per_second": 227.06}