{"eval_loss": 0.978887677192688, "eval_accuracy": 0.5824000239372253, "eval_mae": 0.4878, "eval_runtime": 17.4591, "eval_samples_per_second": 286.383}