{"eval_loss": 1.3397091627120972, "eval_accuracy": 0.4749999940395355, "eval_mae": 0.699, "eval_runtime": 15.9276, "eval_samples_per_second": 313.92}