{"eval_loss": 1.0152820348739624, "eval_accuracy": 0.5636000037193298, "eval_mae": 0.5096, "eval_runtime": 16.3751, "eval_samples_per_second": 305.343}