{"eval_loss": 0.9359095692634583, "eval_accuracy": 0.6014000177383423, "eval_mae": 0.4548, "eval_runtime": 16.3461, "eval_samples_per_second": 305.884}