{"eval_loss": 1.0246102809906006, "eval_accuracy": 0.555400013923645, "eval_mae": 0.536, "eval_runtime": 17.3672, "eval_samples_per_second": 287.899}