{"eval_loss": 1.079527735710144, "eval_accuracy": 0.5562000274658203, "eval_mae": 0.5656, "eval_runtime": 24.4556, "eval_samples_per_second": 204.452}