{"eval_loss": 0.9356195330619812, "eval_accuracy": 0.6011999845504761, "eval_mae": 0.4544, "eval_runtime": 17.0646, "eval_samples_per_second": 293.005}