{"eval_loss": 1.0747452974319458, "eval_accuracy": 0.5583999752998352, "eval_mae": 0.5308, "eval_runtime": 30.8495, "eval_samples_per_second": 162.077}