{"eval_loss": 1.2383464574813843, "eval_accuracy": 0.4970000088214874, "eval_mae": 0.6476, "eval_runtime": 26.2784, "eval_samples_per_second": 190.27}