{"eval_loss": 1.2422099113464355, "eval_accuracy": 0.4997999966144562, "eval_mae": 0.5958, "eval_runtime": 19.6686, "eval_samples_per_second": 254.212}