{"eval_loss": 1.1515434980392456, "eval_accuracy": 0.5001999735832214, "eval_mae": 0.5918, "eval_runtime": 17.1747, "eval_samples_per_second": 291.127}