{"eval_loss": 1.084937334060669, "eval_accuracy": 0.5753999948501587, "eval_mae": 0.5108, "eval_runtime": 16.3478, "eval_samples_per_second": 305.852}