{"eval_loss": 0.9476826190948486, "eval_accuracy": 0.5925999879837036, "eval_mae": 0.4698, "eval_runtime": 19.1555, "eval_samples_per_second": 261.021}