{"eval_loss": 1.0055793523788452, "eval_accuracy": 0.5756000280380249, "eval_mae": 0.4966, "eval_runtime": 16.5575, "eval_samples_per_second": 301.979}