{"eval_loss": 1.0053750276565552, "eval_accuracy": 0.5766000151634216, "eval_mae": 0.4954, "eval_runtime": 16.4083, "eval_samples_per_second": 304.723}