{"eval_loss": 1.1563409566879272, "eval_accuracy": 0.5005999803543091, "eval_mae": 0.5902, "eval_runtime": 17.3504, "eval_samples_per_second": 288.178}