{"eval_loss": 0.8892785906791687, "eval_accuracy": 0.6349999904632568, "eval_mae": 0.4152, "eval_runtime": 28.8797, "eval_samples_per_second": 173.132}