{"eval_loss": 1.0144579410552979, "eval_accuracy": 0.5637999773025513, "eval_mae": 0.5084, "eval_runtime": 16.9727, "eval_samples_per_second": 294.59}