{"eval_loss": 1.014655590057373, "eval_accuracy": 0.5648000240325928, "eval_mae": 0.5078, "eval_runtime": 16.9714, "eval_samples_per_second": 294.612}