{"eval_loss": 1.154734492301941, "eval_accuracy": 0.5001999735832214, "eval_mae": 0.5898, "eval_runtime": 17.2964, "eval_samples_per_second": 289.078}