{"eval_loss": 0.9354648590087891, "eval_accuracy": 0.6019999980926514, "eval_mae": 0.4536, "eval_runtime": 16.4191, "eval_samples_per_second": 304.524}