{"eval_loss": 1.339350700378418, "eval_accuracy": 0.46799999475479126, "eval_mae": 0.6886, "eval_runtime": 30.55, "eval_samples_per_second": 163.666}