{"eval_loss": 1.0815402269363403, "eval_accuracy": 0.5558000206947327, "eval_mae": 0.565, "eval_runtime": 25.0358, "eval_samples_per_second": 199.714}