{"eval_loss": 1.147369623184204, "eval_accuracy": 0.5496000051498413, "eval_mae": 0.5808, "eval_runtime": 17.4615, "eval_samples_per_second": 286.345}