{"eval_loss": 0.9477840065956116, "eval_accuracy": 0.5928000211715698, "eval_mae": 0.4696, "eval_runtime": 18.7956, "eval_samples_per_second": 266.02}