{"eval_loss": 1.0295226573944092, "eval_accuracy": 0.5455999970436096, "eval_mae": 0.5378, "eval_runtime": 16.6351, "eval_samples_per_second": 300.569}