{"eval_loss": 1.0804364681243896, "eval_accuracy": 0.5565999746322632, "eval_mae": 0.565, "eval_runtime": 33.374, "eval_samples_per_second": 149.817}