{"eval_loss": 1.0215719938278198, "eval_accuracy": 0.5698000192642212, "eval_mae": 0.5098, "eval_runtime": 16.6448, "eval_samples_per_second": 300.394}