{"eval_loss": 1.350435495376587, "eval_accuracy": 0.4715999960899353, "eval_mae": 0.6902, "eval_runtime": 17.2946, "eval_samples_per_second": 289.108}