{"eval_loss": 0.9465558528900146, "eval_accuracy": 0.6060000061988831, "eval_mae": 0.456, "eval_runtime": 16.4761, "eval_samples_per_second": 303.469}