{"eval_loss": 1.0066564083099365, "eval_accuracy": 0.5928000211715698, "eval_mae": 0.4684, "eval_runtime": 17.2392, "eval_samples_per_second": 290.037}