{"eval_loss": 1.3968292474746704, "eval_accuracy": 0.4797999858856201, "eval_mae": 0.6794, "eval_runtime": 31.6586, "eval_samples_per_second": 157.935}