{"eval_loss": 1.0165358781814575, "eval_accuracy": 0.5659999847412109, "eval_mae": 0.5068, "eval_runtime": 16.3696, "eval_samples_per_second": 305.444}