{"eval_loss": 1.1482115983963013, "eval_accuracy": 0.5473999977111816, "eval_mae": 0.583, "eval_runtime": 17.3489, "eval_samples_per_second": 288.202}