{"eval_loss": 1.0246714353561401, "eval_accuracy": 0.5559999942779541, "eval_mae": 0.5358, "eval_runtime": 17.1897, "eval_samples_per_second": 290.871}