{"eval_loss": 1.0157325267791748, "eval_accuracy": 0.5644000172615051, "eval_mae": 0.5082, "eval_runtime": 17.1657, "eval_samples_per_second": 291.279}