{"eval_loss": 1.2417831420898438, "eval_accuracy": 0.5001999735832214, "eval_mae": 0.5952, "eval_runtime": 18.5941, "eval_samples_per_second": 268.902}