{"eval_loss": 1.1472980976104736, "eval_accuracy": 0.548799991607666, "eval_mae": 0.5812, "eval_runtime": 17.4706, "eval_samples_per_second": 286.195}