{"eval_loss": 1.0126785039901733, "eval_accuracy": 0.5799999833106995, "eval_mae": 0.482, "eval_runtime": 17.4005, "eval_samples_per_second": 287.349}