{"eval_loss": 1.0122079849243164, "eval_accuracy": 0.5812000036239624, "eval_mae": 0.4808, "eval_runtime": 16.8016, "eval_samples_per_second": 297.591}