{"eval_loss": 1.2424904108047485, "eval_accuracy": 0.4997999966144562, "eval_mae": 0.5956, "eval_runtime": 26.1176, "eval_samples_per_second": 191.442}