{"eval_loss": 1.0852433443069458, "eval_accuracy": 0.5734000205993652, "eval_mae": 0.5108, "eval_runtime": 16.6412, "eval_samples_per_second": 300.458}