{"eval_loss": 1.0781437158584595, "eval_accuracy": 0.5577999949455261, "eval_mae": 0.5316, "eval_runtime": 22.1443, "eval_samples_per_second": 225.792}