{"eval_loss": 1.0542961359024048, "eval_accuracy": 0.5288000106811523, "eval_mae": 0.5694, "eval_runtime": 17.1794, "eval_samples_per_second": 291.046}