{"eval_loss": 1.241869330406189, "eval_accuracy": 0.49959999322891235, "eval_mae": 0.596, "eval_runtime": 18.5526, "eval_samples_per_second": 269.505}