{"eval_loss": 1.0260088443756104, "eval_accuracy": 0.5544000267982483, "eval_mae": 0.5384, "eval_runtime": 17.2694, "eval_samples_per_second": 289.529}