{"eval_loss": 0.9482351541519165, "eval_accuracy": 0.5924000144004822, "eval_mae": 0.4704, "eval_runtime": 18.7958, "eval_samples_per_second": 266.017}