{"eval_loss": 1.0437865257263184, "eval_accuracy": 0.5605999827384949, "eval_mae": 0.5094, "eval_runtime": 18.5309, "eval_samples_per_second": 269.82}