{"eval_loss": 1.0175983905792236, "eval_accuracy": 0.5785999894142151, "eval_mae": 0.4836, "eval_runtime": 17.4864, "eval_samples_per_second": 285.937}