{"eval_loss": 1.1464354991912842, "eval_accuracy": 0.5472000241279602, "eval_mae": 0.5842, "eval_runtime": 16.8663, "eval_samples_per_second": 296.449}