{"eval_loss": 1.3933236598968506, "eval_accuracy": 0.48100000619888306, "eval_mae": 0.6738, "eval_runtime": 19.0615, "eval_samples_per_second": 262.309}