{"eval_loss": 0.9371261596679688, "eval_accuracy": 0.5992000102996826, "eval_mae": 0.4572, "eval_runtime": 15.98, "eval_samples_per_second": 312.89}