{"eval_loss": 0.9518952965736389, "eval_accuracy": 0.6055999994277954, "eval_mae": 0.4518, "eval_runtime": 18.3027, "eval_samples_per_second": 273.184}