{"eval_loss": 1.0785812139511108, "eval_accuracy": 0.5586000084877014, "eval_mae": 0.5306, "eval_runtime": 18.2019, "eval_samples_per_second": 274.697}