{"eval_loss": 0.8899011611938477, "eval_accuracy": 0.6340000033378601, "eval_mae": 0.4166, "eval_runtime": 18.3277, "eval_samples_per_second": 272.812}