{"eval_loss": 1.0300512313842773, "eval_accuracy": 0.5461999773979187, "eval_mae": 0.539, "eval_runtime": 16.5044, "eval_samples_per_second": 302.95}