{"eval_loss": 1.0625481605529785, "eval_accuracy": 0.5569999814033508, "eval_mae": 0.5224, "eval_runtime": 18.3862, "eval_samples_per_second": 271.943}