{"eval_loss": 1.0186097621917725, "eval_accuracy": 0.5812000036239624, "eval_mae": 0.4938, "eval_runtime": 18.79, "eval_samples_per_second": 266.1}