{"eval_loss": 1.2423276901245117, "eval_accuracy": 0.5005999803543091, "eval_mae": 0.5922, "eval_runtime": 22.6874, "eval_samples_per_second": 220.386}