{"eval_loss": 1.0181431770324707, "eval_accuracy": 0.5785999894142151, "eval_mae": 0.4836, "eval_runtime": 17.4532, "eval_samples_per_second": 286.48}