{"eval_loss": 1.0111308097839355, "eval_accuracy": 0.5648000240325928, "eval_mae": 0.5054, "eval_runtime": 17.0627, "eval_samples_per_second": 293.036}