{"eval_loss": 1.044592022895813, "eval_accuracy": 0.5613999962806702, "eval_mae": 0.5092, "eval_runtime": 18.5162, "eval_samples_per_second": 270.034}