{"eval_loss": 1.0123130083084106, "eval_accuracy": 0.579800009727478, "eval_mae": 0.4824, "eval_runtime": 17.618, "eval_samples_per_second": 283.801}