{"eval_loss": 0.9789130687713623, "eval_accuracy": 0.5821999907493591, "eval_mae": 0.4882, "eval_runtime": 17.1334, "eval_samples_per_second": 291.827}