{"eval_loss": 1.0116945505142212, "eval_accuracy": 0.5806000232696533, "eval_mae": 0.4814, "eval_runtime": 17.4259, "eval_samples_per_second": 286.929}