{"eval_loss": 0.9487935304641724, "eval_accuracy": 0.5899999737739563, "eval_mae": 0.4636, "eval_runtime": 16.4505, "eval_samples_per_second": 303.942}