{"eval_loss": 1.0211535692214966, "eval_accuracy": 0.5703999996185303, "eval_mae": 0.5078, "eval_runtime": 17.3338, "eval_samples_per_second": 288.454}