{"eval_loss": 1.0248361825942993, "eval_accuracy": 0.5558000206947327, "eval_mae": 0.5362, "eval_runtime": 16.5254, "eval_samples_per_second": 302.564}