{"eval_loss": 1.0176351070404053, "eval_accuracy": 0.5802000164985657, "eval_mae": 0.4822, "eval_runtime": 16.5035, "eval_samples_per_second": 302.966}