{"eval_loss": 1.0788984298706055, "eval_accuracy": 0.5564000010490417, "eval_mae": 0.533, "eval_runtime": 32.5694, "eval_samples_per_second": 153.518}