{"eval_loss": 1.2366328239440918, "eval_accuracy": 0.4968000054359436, "eval_mae": 0.6464, "eval_runtime": 20.1117, "eval_samples_per_second": 248.612}