{"eval_loss": 1.0186411142349243, "eval_accuracy": 0.5809999704360962, "eval_mae": 0.4938, "eval_runtime": 36.2089, "eval_samples_per_second": 138.088}