{"eval_loss": 0.9608900547027588, "eval_accuracy": 0.5929999947547913, "eval_mae": 0.4832, "eval_runtime": 17.5673, "eval_samples_per_second": 284.619}