{"eval_loss": 1.4422221183776855, "eval_accuracy": 0.4408000111579895, "eval_mae": 0.7278, "eval_runtime": 33.4242, "eval_samples_per_second": 149.592}