{"eval_loss": 1.0842646360397339, "eval_accuracy": 0.5483999848365784, "eval_mae": 0.5398, "eval_runtime": 24.5714, "eval_samples_per_second": 203.489}