{"eval_loss": 1.2389075756072998, "eval_accuracy": 0.4970000088214874, "eval_mae": 0.6478, "eval_runtime": 32.4683, "eval_samples_per_second": 153.996}