{"eval_loss": 1.4426488876342773, "eval_accuracy": 0.43959999084472656, "eval_mae": 0.729, "eval_runtime": 18.7286, "eval_samples_per_second": 266.971}