{"eval_loss": 1.3948607444763184, "eval_accuracy": 0.48080000281333923, "eval_mae": 0.676, "eval_runtime": 19.0243, "eval_samples_per_second": 262.822}