{"eval_loss": 0.9965271353721619, "eval_accuracy": 0.574400007724762, "eval_mae": 0.4976, "eval_runtime": 16.1268, "eval_samples_per_second": 310.042}