{"eval_loss": 0.9479925632476807, "eval_accuracy": 0.592199981212616, "eval_mae": 0.4696, "eval_runtime": 27.4361, "eval_samples_per_second": 182.241}