{"eval_loss": 1.1559209823608398, "eval_accuracy": 0.5008000135421753, "eval_mae": 0.589, "eval_runtime": 17.2729, "eval_samples_per_second": 289.47}