{"eval_loss": 1.0176355838775635, "eval_accuracy": 0.5784000158309937, "eval_mae": 0.4836, "eval_runtime": 16.7626, "eval_samples_per_second": 298.284}