{"eval_loss": 1.2965706586837769, "eval_accuracy": 0.46779999136924744, "eval_mae": 0.6818, "eval_runtime": 19.4344, "eval_samples_per_second": 257.276}