{"eval_loss": 0.8890902400016785, "eval_accuracy": 0.6353999972343445, "eval_mae": 0.416, "eval_runtime": 22.3825, "eval_samples_per_second": 223.389}