{"eval_loss": 1.3920300006866455, "eval_accuracy": 0.48100000619888306, "eval_mae": 0.6736, "eval_runtime": 27.0275, "eval_samples_per_second": 184.997}