{"eval_loss": 0.9511168003082275, "eval_accuracy": 0.6205999851226807, "eval_mae": 0.429, "eval_runtime": 17.5631, "eval_samples_per_second": 284.688}