{"eval_loss": 1.3663591146469116, "eval_accuracy": 0.45680001378059387, "eval_mae": 0.7318, "eval_runtime": 16.6845, "eval_samples_per_second": 299.679}