{"eval_loss": 1.0051863193511963, "eval_accuracy": 0.5752000212669373, "eval_mae": 0.496, "eval_runtime": 16.3232, "eval_samples_per_second": 306.312}