{"eval_loss": 1.3669134378433228, "eval_accuracy": 0.459199994802475, "eval_mae": 0.7302, "eval_runtime": 17.302, "eval_samples_per_second": 288.984}