{"eval_loss": 0.9492589831352234, "eval_accuracy": 0.6065999865531921, "eval_mae": 0.4496, "eval_runtime": 18.3401, "eval_samples_per_second": 272.627}