{"eval_loss": 1.3393394947052002, "eval_accuracy": 0.46720001101493835, "eval_mae": 0.6894, "eval_runtime": 24.5673, "eval_samples_per_second": 203.523}