{"eval_loss": 0.8899008631706238, "eval_accuracy": 0.6371999979019165, "eval_mae": 0.4136, "eval_runtime": 20.3684, "eval_samples_per_second": 245.478}