{"eval_loss": 1.3912216424942017, "eval_accuracy": 0.47839999198913574, "eval_mae": 0.6776, "eval_runtime": 28.425, "eval_samples_per_second": 175.901}