{"eval_loss": 1.2978135347366333, "eval_accuracy": 0.4699999988079071, "eval_mae": 0.68, "eval_runtime": 34.2754, "eval_samples_per_second": 145.877}