{"eval_loss": 0.9492828845977783, "eval_accuracy": 0.5911999940872192, "eval_mae": 0.462, "eval_runtime": 16.343, "eval_samples_per_second": 305.941}