{"eval_loss": 1.016819953918457, "eval_accuracy": 0.5785999894142151, "eval_mae": 0.484, "eval_runtime": 16.6216, "eval_samples_per_second": 300.814}