{"eval_loss": 1.0802091360092163, "eval_accuracy": 0.5562000274658203, "eval_mae": 0.5656, "eval_runtime": 34.9907, "eval_samples_per_second": 142.895}