{"eval_loss": 1.0860211849212646, "eval_accuracy": 0.5486000180244446, "eval_mae": 0.5402, "eval_runtime": 28.105, "eval_samples_per_second": 177.904}