{"eval_loss": 1.147899866104126, "eval_accuracy": 0.5490000247955322, "eval_mae": 0.5816, "eval_runtime": 17.4936, "eval_samples_per_second": 285.819}