{"eval_loss": 1.015409231185913, "eval_accuracy": 0.5672000050544739, "eval_mae": 0.5058, "eval_runtime": 16.9645, "eval_samples_per_second": 294.734}