{"eval_loss": 1.0168737173080444, "eval_accuracy": 0.5785999894142151, "eval_mae": 0.4828, "eval_runtime": 17.5012, "eval_samples_per_second": 285.695}