{"eval_loss": 1.0472371578216553, "eval_accuracy": 0.5618000030517578, "eval_mae": 0.5088, "eval_runtime": 18.504, "eval_samples_per_second": 270.212}