{"eval_loss": 0.9557062387466431, "eval_accuracy": 0.6000000238418579, "eval_mae": 0.4632, "eval_runtime": 17.2122, "eval_samples_per_second": 290.491}