{"eval_loss": 0.9356517791748047, "eval_accuracy": 0.6015999913215637, "eval_mae": 0.4544, "eval_runtime": 15.9722, "eval_samples_per_second": 313.044}