{"eval_loss": 0.9606919884681702, "eval_accuracy": 0.5917999744415283, "eval_mae": 0.4842, "eval_runtime": 17.5945, "eval_samples_per_second": 284.179}