{"eval_loss": 1.006527066230774, "eval_accuracy": 0.574999988079071, "eval_mae": 0.4956, "eval_runtime": 16.3146, "eval_samples_per_second": 306.473}