{"eval_loss": 1.0584567785263062, "eval_accuracy": 0.5580000281333923, "eval_mae": 0.5208, "eval_runtime": 18.5761, "eval_samples_per_second": 269.163}