{"eval_loss": 1.3657708168029785, "eval_accuracy": 0.4580000042915344, "eval_mae": 0.7306, "eval_runtime": 17.3518, "eval_samples_per_second": 288.155}