{"eval_loss": 1.0297775268554688, "eval_accuracy": 0.545199990272522, "eval_mae": 0.5398, "eval_runtime": 16.2259, "eval_samples_per_second": 308.15}