{"eval_loss": 1.148972511291504, "eval_accuracy": 0.5478000044822693, "eval_mae": 0.583, "eval_runtime": 17.4184, "eval_samples_per_second": 287.053}