{"eval_loss": 1.0555362701416016, "eval_accuracy": 0.52920001745224, "eval_mae": 0.5688, "eval_runtime": 16.8465, "eval_samples_per_second": 296.798}