{"eval_loss": 1.4437048435211182, "eval_accuracy": 0.4397999942302704, "eval_mae": 0.7292, "eval_runtime": 28.5774, "eval_samples_per_second": 174.964}