{"eval_loss": 1.2327238321304321, "eval_accuracy": 0.5054000020027161, "eval_mae": 0.6226, "eval_runtime": 19.0682, "eval_samples_per_second": 262.217}