{"eval_loss": 1.2376246452331543, "eval_accuracy": 0.4966000020503998, "eval_mae": 0.6468, "eval_runtime": 30.529, "eval_samples_per_second": 163.779}