{"eval_loss": 1.086104154586792, "eval_accuracy": 0.5479999780654907, "eval_mae": 0.541, "eval_runtime": 20.0726, "eval_samples_per_second": 249.095}