{"eval_loss": 1.228152871131897, "eval_accuracy": 0.5009999871253967, "eval_mae": 0.6006, "eval_runtime": 18.3782, "eval_samples_per_second": 272.061}