{"eval_loss": 1.0144824981689453, "eval_accuracy": 0.5649999976158142, "eval_mae": 0.5076, "eval_runtime": 17.0198, "eval_samples_per_second": 293.775}