{"eval_loss": 1.0164966583251953, "eval_accuracy": 0.5807999968528748, "eval_mae": 0.4828, "eval_runtime": 17.5312, "eval_samples_per_second": 285.205}