{"eval_loss": 1.1588326692581177, "eval_accuracy": 0.5008000135421753, "eval_mae": 0.5886, "eval_runtime": 17.2288, "eval_samples_per_second": 290.212}