{"eval_loss": 1.375288724899292, "eval_accuracy": 0.4596000015735626, "eval_mae": 0.7308, "eval_runtime": 17.2372, "eval_samples_per_second": 290.07}