{"eval_loss": 1.0862326622009277, "eval_accuracy": 0.5473999977111816, "eval_mae": 0.541, "eval_runtime": 24.1837, "eval_samples_per_second": 206.751}