{"eval_loss": 1.3499116897583008, "eval_accuracy": 0.47279998660087585, "eval_mae": 0.689, "eval_runtime": 16.421, "eval_samples_per_second": 304.488}