{"eval_loss": 0.961250364780426, "eval_accuracy": 0.5938000082969666, "eval_mae": 0.4826, "eval_runtime": 17.3513, "eval_samples_per_second": 288.162}