{"eval_loss": 1.2306005954742432, "eval_accuracy": 0.49939998984336853, "eval_mae": 0.6044, "eval_runtime": 18.3761, "eval_samples_per_second": 272.092}