{"eval_loss": 1.350028157234192, "eval_accuracy": 0.47279998660087585, "eval_mae": 0.689, "eval_runtime": 16.7108, "eval_samples_per_second": 299.208}