{"eval_loss": 1.018134593963623, "eval_accuracy": 0.5812000036239624, "eval_mae": 0.481, "eval_runtime": 17.4337, "eval_samples_per_second": 286.801}