{"eval_loss": 0.9497705101966858, "eval_accuracy": 0.6061999797821045, "eval_mae": 0.45, "eval_runtime": 21.2622, "eval_samples_per_second": 235.159}