{"eval_loss": 1.2388476133346558, "eval_accuracy": 0.49639999866485596, "eval_mae": 0.6478, "eval_runtime": 32.9126, "eval_samples_per_second": 151.918}