{"eval_loss": 0.9487299919128418, "eval_accuracy": 0.5885999798774719, "eval_mae": 0.465, "eval_runtime": 16.1957, "eval_samples_per_second": 308.724}