{"eval_loss": 1.3518486022949219, "eval_accuracy": 0.4832000136375427, "eval_mae": 0.671, "eval_runtime": 23.4786, "eval_samples_per_second": 212.96}