{"eval_loss": 1.3926323652267456, "eval_accuracy": 0.4805999994277954, "eval_mae": 0.6756, "eval_runtime": 29.979, "eval_samples_per_second": 166.784}