{"eval_loss": 0.9609948992729187, "eval_accuracy": 0.5928000211715698, "eval_mae": 0.4826, "eval_runtime": 17.3671, "eval_samples_per_second": 287.901}