{"eval_loss": 1.079958438873291, "eval_accuracy": 0.5565999746322632, "eval_mae": 0.5646, "eval_runtime": 31.3734, "eval_samples_per_second": 159.371}