{"eval_loss": 0.935901939868927, "eval_accuracy": 0.602400004863739, "eval_mae": 0.454, "eval_runtime": 17.1128, "eval_samples_per_second": 292.179}