{"eval_loss": 1.1555962562561035, "eval_accuracy": 0.4991999864578247, "eval_mae": 0.5916, "eval_runtime": 17.2847, "eval_samples_per_second": 289.274}