{"eval_loss": 1.0107463598251343, "eval_accuracy": 0.5784000158309937, "eval_mae": 0.484, "eval_runtime": 17.4514, "eval_samples_per_second": 286.511}