{"eval_loss": 0.9478663802146912, "eval_accuracy": 0.5911999940872192, "eval_mae": 0.4622, "eval_runtime": 17.2748, "eval_samples_per_second": 289.439}