{"eval_loss": 1.0776338577270508, "eval_accuracy": 0.5576000213623047, "eval_mae": 0.5314, "eval_runtime": 22.1723, "eval_samples_per_second": 225.506}