{"eval_loss": 0.9347212910652161, "eval_accuracy": 0.6025999784469604, "eval_mae": 0.4526, "eval_runtime": 16.4196, "eval_samples_per_second": 304.514}