{"eval_loss": 0.9552304744720459, "eval_accuracy": 0.6000000238418579, "eval_mae": 0.4634, "eval_runtime": 16.6384, "eval_samples_per_second": 300.51}