{"eval_loss": 1.1477982997894287, "eval_accuracy": 0.5493999719619751, "eval_mae": 0.5822, "eval_runtime": 17.6419, "eval_samples_per_second": 283.416}