{"eval_loss": 0.8896164894104004, "eval_accuracy": 0.6363999843597412, "eval_mae": 0.4146, "eval_runtime": 18.7436, "eval_samples_per_second": 266.757}