{"eval_loss": 1.006496787071228, "eval_accuracy": 0.5902000069618225, "eval_mae": 0.4702, "eval_runtime": 17.2177, "eval_samples_per_second": 290.398}