{"eval_loss": 1.0212810039520264, "eval_accuracy": 0.5698000192642212, "eval_mae": 0.5084, "eval_runtime": 17.473, "eval_samples_per_second": 286.156}