{"eval_loss": 0.9356774687767029, "eval_accuracy": 0.6014000177383423, "eval_mae": 0.4548, "eval_runtime": 16.8095, "eval_samples_per_second": 297.451}