{"eval_loss": 1.1473389863967896, "eval_accuracy": 0.5493999719619751, "eval_mae": 0.5812, "eval_runtime": 16.8593, "eval_samples_per_second": 296.572}