{"eval_loss": 1.0876550674438477, "eval_accuracy": 0.5475999712944031, "eval_mae": 0.5438, "eval_runtime": 31.1679, "eval_samples_per_second": 160.421}