{"eval_loss": 1.1779003143310547, "eval_accuracy": 0.5026000142097473, "eval_mae": 0.5926, "eval_runtime": 17.4684, "eval_samples_per_second": 286.231}