{"eval_loss": 1.3864330053329468, "eval_accuracy": 0.47999998927116394, "eval_mae": 0.6756, "eval_runtime": 32.5853, "eval_samples_per_second": 153.443}