{"eval_loss": 1.1734962463378906, "eval_accuracy": 0.5040000081062317, "eval_mae": 0.5918, "eval_runtime": 16.7798, "eval_samples_per_second": 297.978}