{"eval_loss": 1.078527808189392, "eval_accuracy": 0.5583999752998352, "eval_mae": 0.5308, "eval_runtime": 21.5307, "eval_samples_per_second": 232.227}