{"eval_loss": 1.2282359600067139, "eval_accuracy": 0.5063999891281128, "eval_mae": 0.621, "eval_runtime": 18.8838, "eval_samples_per_second": 264.777}