{"eval_loss": 1.4420517683029175, "eval_accuracy": 0.4399999976158142, "eval_mae": 0.7284, "eval_runtime": 22.5337, "eval_samples_per_second": 221.89}