{"eval_loss": 1.0787115097045898, "eval_accuracy": 0.5594000220298767, "eval_mae": 0.5302, "eval_runtime": 19.6405, "eval_samples_per_second": 254.576}