{"eval_loss": 1.0295699834823608, "eval_accuracy": 0.5428000092506409, "eval_mae": 0.5428, "eval_runtime": 17.3158, "eval_samples_per_second": 288.754}