{"eval_loss": 0.9604251980781555, "eval_accuracy": 0.5934000015258789, "eval_mae": 0.483, "eval_runtime": 17.3595, "eval_samples_per_second": 288.026}