{"eval_loss": 0.9906870126724243, "eval_accuracy": 0.5717999935150146, "eval_mae": 0.5066, "eval_runtime": 16.181, "eval_samples_per_second": 309.004}