{"eval_loss": 1.0137972831726074, "eval_accuracy": 0.5659999847412109, "eval_mae": 0.506, "eval_runtime": 17.0007, "eval_samples_per_second": 294.105}