{"eval_loss": 1.0244461297988892, "eval_accuracy": 0.5559999942779541, "eval_mae": 0.5352, "eval_runtime": 17.3739, "eval_samples_per_second": 287.788}