{"eval_loss": 1.0531384944915771, "eval_accuracy": 0.527999997138977, "eval_mae": 0.5686, "eval_runtime": 16.3562, "eval_samples_per_second": 305.695}