{"eval_loss": 0.9608991146087646, "eval_accuracy": 0.5929999947547913, "eval_mae": 0.4828, "eval_runtime": 17.3183, "eval_samples_per_second": 288.712}