{"eval_loss": 1.348392128944397, "eval_accuracy": 0.4717999994754791, "eval_mae": 0.6908, "eval_runtime": 17.4216, "eval_samples_per_second": 287.0}