{"eval_loss": 0.8895550966262817, "eval_accuracy": 0.6366000175476074, "eval_mae": 0.4142, "eval_runtime": 19.7845, "eval_samples_per_second": 252.723}