{"eval_loss": 1.2388017177581787, "eval_accuracy": 0.49720001220703125, "eval_mae": 0.6472, "eval_runtime": 20.3933, "eval_samples_per_second": 245.178}