{"eval_loss": 1.1487808227539062, "eval_accuracy": 0.5483999848365784, "eval_mae": 0.5828, "eval_runtime": 17.6216, "eval_samples_per_second": 283.743}