{"eval_loss": 1.3391480445861816, "eval_accuracy": 0.46860000491142273, "eval_mae": 0.6882, "eval_runtime": 19.8405, "eval_samples_per_second": 252.01}