{"eval_loss": 0.9507628679275513, "eval_accuracy": 0.5911999940872192, "eval_mae": 0.4624, "eval_runtime": 16.2188, "eval_samples_per_second": 308.284}