{"eval_loss": 1.2967277765274048, "eval_accuracy": 0.4681999981403351, "eval_mae": 0.6816, "eval_runtime": 19.1041, "eval_samples_per_second": 261.724}