{"eval_loss": 1.241415023803711, "eval_accuracy": 0.5004000067710876, "eval_mae": 0.5954, "eval_runtime": 20.1871, "eval_samples_per_second": 247.682}