{"eval_loss": 0.9501398205757141, "eval_accuracy": 0.6074000000953674, "eval_mae": 0.4496, "eval_runtime": 18.3039, "eval_samples_per_second": 273.166}