{"eval_loss": 1.02105712890625, "eval_accuracy": 0.5702000260353088, "eval_mae": 0.5078, "eval_runtime": 16.5127, "eval_samples_per_second": 302.797}