{"eval_loss": 0.9914498329162598, "eval_accuracy": 0.5730000138282776, "eval_mae": 0.5048, "eval_runtime": 16.9276, "eval_samples_per_second": 295.375}