{"eval_loss": 1.2513991594314575, "eval_accuracy": 0.49880000948905945, "eval_mae": 0.5986, "eval_runtime": 18.5722, "eval_samples_per_second": 269.22}