{"eval_loss": 1.2352253198623657, "eval_accuracy": 0.49459999799728394, "eval_mae": 0.6484, "eval_runtime": 32.937, "eval_samples_per_second": 151.805}