{"eval_loss": 1.0150364637374878, "eval_accuracy": 0.5654000043869019, "eval_mae": 0.5068, "eval_runtime": 16.9863, "eval_samples_per_second": 294.355}