{"eval_loss": 1.0251343250274658, "eval_accuracy": 0.5544000267982483, "eval_mae": 0.5366, "eval_runtime": 16.6135, "eval_samples_per_second": 300.96}