{"eval_loss": 1.3378132581710815, "eval_accuracy": 0.4675999879837036, "eval_mae": 0.6876, "eval_runtime": 20.959, "eval_samples_per_second": 238.561}