{"eval_loss": 1.373714566230774, "eval_accuracy": 0.4562000036239624, "eval_mae": 0.735, "eval_runtime": 16.48, "eval_samples_per_second": 303.397}