{"eval_loss": 1.227838158607483, "eval_accuracy": 0.5077999830245972, "eval_mae": 0.6196, "eval_runtime": 19.4497, "eval_samples_per_second": 257.073}