{"eval_loss": 1.0801531076431274, "eval_accuracy": 0.5558000206947327, "eval_mae": 0.5656, "eval_runtime": 34.0736, "eval_samples_per_second": 146.741}