{"eval_loss": 0.9489580988883972, "eval_accuracy": 0.5892000198364258, "eval_mae": 0.4646, "eval_runtime": 16.616, "eval_samples_per_second": 300.916}