{"eval_loss": 1.3979871273040771, "eval_accuracy": 0.47380000352859497, "eval_mae": 0.6816, "eval_runtime": 28.3764, "eval_samples_per_second": 176.203}