{"eval_loss": 1.005441427230835, "eval_accuracy": 0.5753999948501587, "eval_mae": 0.4962, "eval_runtime": 17.188, "eval_samples_per_second": 290.9}