{"eval_loss": 0.88970947265625, "eval_accuracy": 0.6363999843597412, "eval_mae": 0.4146, "eval_runtime": 19.0378, "eval_samples_per_second": 262.635}