{"eval_loss": 1.018602967262268, "eval_accuracy": 0.5812000036239624, "eval_mae": 0.4936, "eval_runtime": 23.0599, "eval_samples_per_second": 216.827}