{"eval_loss": 1.0488336086273193, "eval_accuracy": 0.5609999895095825, "eval_mae": 0.5106, "eval_runtime": 18.1778, "eval_samples_per_second": 275.061}