{"eval_loss": 1.0060265064239502, "eval_accuracy": 0.574999988079071, "eval_mae": 0.4966, "eval_runtime": 17.1729, "eval_samples_per_second": 291.156}