{"eval_loss": 0.9357926845550537, "eval_accuracy": 0.6025999784469604, "eval_mae": 0.4536, "eval_runtime": 17.1041, "eval_samples_per_second": 292.328}