{"eval_loss": 1.3524699211120605, "eval_accuracy": 0.48539999127388, "eval_mae": 0.6698, "eval_runtime": 20.1985, "eval_samples_per_second": 247.543}