{"eval_loss": 0.9610205888748169, "eval_accuracy": 0.5928000211715698, "eval_mae": 0.4832, "eval_runtime": 17.4138, "eval_samples_per_second": 287.129}