{"eval_loss": 1.0178139209747314, "eval_accuracy": 0.5785999894142151, "eval_mae": 0.484, "eval_runtime": 17.5009, "eval_samples_per_second": 285.699}