{"eval_loss": 0.9356059432029724, "eval_accuracy": 0.6015999913215637, "eval_mae": 0.4548, "eval_runtime": 17.0334, "eval_samples_per_second": 293.541}