{"eval_loss": 1.3684979677200317, "eval_accuracy": 0.45559999346733093, "eval_mae": 0.734, "eval_runtime": 16.6914, "eval_samples_per_second": 299.555}