{"eval_loss": 1.176741361618042, "eval_accuracy": 0.5031999945640564, "eval_mae": 0.5912, "eval_runtime": 17.3917, "eval_samples_per_second": 287.494}