{"eval_loss": 1.0780363082885742, "eval_accuracy": 0.5587999820709229, "eval_mae": 0.5304, "eval_runtime": 30.772, "eval_samples_per_second": 162.485}