{"eval_loss": 1.3384504318237305, "eval_accuracy": 0.4684000015258789, "eval_mae": 0.6882, "eval_runtime": 20.9652, "eval_samples_per_second": 238.491}