{"eval_loss": 1.393432855606079, "eval_accuracy": 0.4797999858856201, "eval_mae": 0.6748, "eval_runtime": 21.8957, "eval_samples_per_second": 228.355}