{"eval_loss": 1.014276385307312, "eval_accuracy": 0.5637999773025513, "eval_mae": 0.5088, "eval_runtime": 17.0229, "eval_samples_per_second": 293.723}