{"eval_loss": 0.9357936382293701, "eval_accuracy": 0.600600004196167, "eval_mae": 0.4552, "eval_runtime": 17.0871, "eval_samples_per_second": 292.618}