{"eval_loss": 1.0457851886749268, "eval_accuracy": 0.5616000294685364, "eval_mae": 0.5072, "eval_runtime": 19.4128, "eval_samples_per_second": 257.562}