{"eval_loss": 1.011247992515564, "eval_accuracy": 0.5817999839782715, "eval_mae": 0.4792, "eval_runtime": 16.2934, "eval_samples_per_second": 306.872}