{"eval_loss": 0.9509183764457703, "eval_accuracy": 0.6060000061988831, "eval_mae": 0.4506, "eval_runtime": 21.0297, "eval_samples_per_second": 237.759}