{"eval_loss": 0.8863439559936523, "eval_accuracy": 0.6338000297546387, "eval_mae": 0.416, "eval_runtime": 20.8978, "eval_samples_per_second": 239.259}