{"eval_loss": 1.1765491962432861, "eval_accuracy": 0.5072000026702881, "eval_mae": 0.5904, "eval_runtime": 17.3831, "eval_samples_per_second": 287.635}