{"eval_loss": 0.9487029314041138, "eval_accuracy": 0.5893999934196472, "eval_mae": 0.4644, "eval_runtime": 16.6156, "eval_samples_per_second": 300.921}