{"eval_loss": 1.0633820295333862, "eval_accuracy": 0.5587999820709229, "eval_mae": 0.5194, "eval_runtime": 18.364, "eval_samples_per_second": 272.272}