{"eval_loss": 1.3478816747665405, "eval_accuracy": 0.4846000075340271, "eval_mae": 0.6686, "eval_runtime": 18.1653, "eval_samples_per_second": 275.25}