{"eval_loss": 1.3522650003433228, "eval_accuracy": 0.462799996137619, "eval_mae": 0.6942, "eval_runtime": 18.0701, "eval_samples_per_second": 276.7}