{"eval_loss": 1.0204441547393799, "eval_accuracy": 0.5698000192642212, "eval_mae": 0.5082, "eval_runtime": 17.296, "eval_samples_per_second": 289.083}