{"eval_loss": 1.080352783203125, "eval_accuracy": 0.5562000274658203, "eval_mae": 0.5652, "eval_runtime": 18.5577, "eval_samples_per_second": 269.431}