{"eval_loss": 0.9492458701133728, "eval_accuracy": 0.6082000136375427, "eval_mae": 0.4478, "eval_runtime": 18.5694, "eval_samples_per_second": 269.26}