{"eval_loss": 1.2288763523101807, "eval_accuracy": 0.5067999958992004, "eval_mae": 0.6206, "eval_runtime": 18.4561, "eval_samples_per_second": 270.913}