{"eval_loss": 1.2386952638626099, "eval_accuracy": 0.49720001220703125, "eval_mae": 0.6474, "eval_runtime": 18.5255, "eval_samples_per_second": 269.899}