{"eval_loss": 1.1131536960601807, "eval_accuracy": 0.5357999801635742, "eval_mae": 0.5932, "eval_runtime": 26.3455, "eval_samples_per_second": 189.786, "epoch": 3.0}