{"eval_loss": 1.0802191495895386, "eval_accuracy": 0.5562000274658203, "eval_mae": 0.565, "eval_runtime": 26.8153, "eval_samples_per_second": 186.461}