{"eval_loss": 1.229189395904541, "eval_accuracy": 0.5059999823570251, "eval_mae": 0.6212, "eval_runtime": 34.5854, "eval_samples_per_second": 144.57}