{"eval_loss": 1.053797721862793, "eval_accuracy": 0.5266000032424927, "eval_mae": 0.5702, "eval_runtime": 16.2136, "eval_samples_per_second": 308.383}