{"eval_loss": 1.444987177848816, "eval_accuracy": 0.438400000333786, "eval_mae": 0.7318, "eval_runtime": 21.5119, "eval_samples_per_second": 232.43}