{"eval_loss": 1.087553858757019, "eval_accuracy": 0.5465999841690063, "eval_mae": 0.5424, "eval_runtime": 25.5466, "eval_samples_per_second": 195.721}