{"eval_loss": 1.2386927604675293, "eval_accuracy": 0.49720001220703125, "eval_mae": 0.6472, "eval_runtime": 18.1427, "eval_samples_per_second": 275.593}