{"eval_loss": 1.0785408020019531, "eval_accuracy": 0.5582000017166138, "eval_mae": 0.531, "eval_runtime": 28.4584, "eval_samples_per_second": 175.695}