{"eval_loss": 1.4431928396224976, "eval_accuracy": 0.4397999942302704, "eval_mae": 0.729, "eval_runtime": 18.7044, "eval_samples_per_second": 267.316}