{"eval_loss": 1.3680285215377808, "eval_accuracy": 0.4575999975204468, "eval_mae": 0.7328, "eval_runtime": 16.7301, "eval_samples_per_second": 298.862}