{"eval_loss": 0.9609550833702087, "eval_accuracy": 0.5935999751091003, "eval_mae": 0.4824, "eval_runtime": 16.816, "eval_samples_per_second": 297.336}