{"eval_loss": 1.0537437200546265, "eval_accuracy": 0.5281999707221985, "eval_mae": 0.5692, "eval_runtime": 16.8829, "eval_samples_per_second": 296.158}