{"eval_loss": 0.960983395576477, "eval_accuracy": 0.5934000015258789, "eval_mae": 0.4826, "eval_runtime": 17.1987, "eval_samples_per_second": 290.72}