{"eval_loss": 1.3526462316513062, "eval_accuracy": 0.4832000136375427, "eval_mae": 0.671, "eval_runtime": 19.0695, "eval_samples_per_second": 262.199}