{"eval_loss": 1.351643681526184, "eval_accuracy": 0.4828000068664551, "eval_mae": 0.6714, "eval_runtime": 19.7772, "eval_samples_per_second": 252.817}