{"eval_loss": 1.3691445589065552, "eval_accuracy": 0.45719999074935913, "eval_mae": 0.7324, "eval_runtime": 16.7281, "eval_samples_per_second": 298.898}