{"eval_loss": 1.0251317024230957, "eval_accuracy": 0.5555999875068665, "eval_mae": 0.5354, "eval_runtime": 17.1743, "eval_samples_per_second": 291.133}