{"eval_loss": 1.2286089658737183, "eval_accuracy": 0.49939998984336853, "eval_mae": 0.6038, "eval_runtime": 18.3845, "eval_samples_per_second": 271.968}