{"eval_loss": 0.9571617245674133, "eval_accuracy": 0.6205999851226807, "eval_mae": 0.4316, "eval_runtime": 17.5069, "eval_samples_per_second": 285.602}