{"eval_loss": 1.1561498641967773, "eval_accuracy": 0.5001999735832214, "eval_mae": 0.5904, "eval_runtime": 17.3, "eval_samples_per_second": 289.018}