{"eval_loss": 1.1478646993637085, "eval_accuracy": 0.548799991607666, "eval_mae": 0.5816, "eval_runtime": 17.508, "eval_samples_per_second": 285.584}