{"eval_loss": 0.9470828175544739, "eval_accuracy": 0.6037999987602234, "eval_mae": 0.4578, "eval_runtime": 16.5399, "eval_samples_per_second": 302.3}