{"eval_loss": 1.0620880126953125, "eval_accuracy": 0.5564000010490417, "eval_mae": 0.5222, "eval_runtime": 18.3611, "eval_samples_per_second": 272.315}