{"eval_loss": 1.1525577306747437, "eval_accuracy": 0.5012000203132629, "eval_mae": 0.5888, "eval_runtime": 17.2748, "eval_samples_per_second": 289.439}