{"eval_loss": 1.3370214700698853, "eval_accuracy": 0.4674000144004822, "eval_mae": 0.69, "eval_runtime": 18.9623, "eval_samples_per_second": 263.681}