{"eval_loss": 1.0066540241241455, "eval_accuracy": 0.5932000279426575, "eval_mae": 0.4682, "eval_runtime": 17.2058, "eval_samples_per_second": 290.599}