{"eval_loss": 1.3427804708480835, "eval_accuracy": 0.47620001435279846, "eval_mae": 0.6936, "eval_runtime": 16.9446, "eval_samples_per_second": 295.08}