{"eval_loss": 0.9608039259910583, "eval_accuracy": 0.5911999940872192, "eval_mae": 0.4848, "eval_runtime": 17.3768, "eval_samples_per_second": 287.74}