{"eval_loss": 0.9505179524421692, "eval_accuracy": 0.6050000190734863, "eval_mae": 0.4526, "eval_runtime": 18.5731, "eval_samples_per_second": 269.207}