{"eval_loss": 0.9515817165374756, "eval_accuracy": 0.6222000122070312, "eval_mae": 0.4274, "eval_runtime": 17.4889, "eval_samples_per_second": 285.895}