{"eval_loss": 1.1755958795547485, "eval_accuracy": 0.5019999742507935, "eval_mae": 0.5932, "eval_runtime": 17.3055, "eval_samples_per_second": 288.925}