{"eval_loss": 1.006459355354309, "eval_accuracy": 0.5934000015258789, "eval_mae": 0.4682, "eval_runtime": 17.1684, "eval_samples_per_second": 291.232}