{"eval_loss": 0.9891474843025208, "eval_accuracy": 0.5720000267028809, "eval_mae": 0.5056, "eval_runtime": 16.3208, "eval_samples_per_second": 306.358}