{"eval_loss": 1.2966070175170898, "eval_accuracy": 0.4681999981403351, "eval_mae": 0.6814, "eval_runtime": 34.6327, "eval_samples_per_second": 144.372}