{"eval_loss": 1.2291319370269775, "eval_accuracy": 0.5067999958992004, "eval_mae": 0.621, "eval_runtime": 19.008, "eval_samples_per_second": 263.047}