{"eval_loss": 1.3920644521713257, "eval_accuracy": 0.48080000281333923, "eval_mae": 0.6758, "eval_runtime": 32.342, "eval_samples_per_second": 154.598}