{"eval_loss": 1.4434653520584106, "eval_accuracy": 0.43880000710487366, "eval_mae": 0.7288, "eval_runtime": 19.6915, "eval_samples_per_second": 253.917}