{"eval_loss": 1.176041841506958, "eval_accuracy": 0.5031999945640564, "eval_mae": 0.5914, "eval_runtime": 17.3525, "eval_samples_per_second": 288.143}