{"eval_loss": 1.44318425655365, "eval_accuracy": 0.4399999976158142, "eval_mae": 0.729, "eval_runtime": 30.6235, "eval_samples_per_second": 163.273}