{"eval_loss": 1.0252540111541748, "eval_accuracy": 0.5547999739646912, "eval_mae": 0.5376, "eval_runtime": 17.4293, "eval_samples_per_second": 286.874}