{"eval_loss": 0.9612663984298706, "eval_accuracy": 0.5929999947547913, "eval_mae": 0.4826, "eval_runtime": 17.6192, "eval_samples_per_second": 283.781}