{"eval_loss": 1.0069093704223633, "eval_accuracy": 0.5745999813079834, "eval_mae": 0.5002, "eval_runtime": 17.1929, "eval_samples_per_second": 290.817}