{"eval_loss": 1.3525220155715942, "eval_accuracy": 0.4846000075340271, "eval_mae": 0.6708, "eval_runtime": 17.9087, "eval_samples_per_second": 279.194}