{"eval_loss": 1.0118207931518555, "eval_accuracy": 0.579800009727478, "eval_mae": 0.4812, "eval_runtime": 17.4167, "eval_samples_per_second": 287.081}