{"eval_loss": 1.0253243446350098, "eval_accuracy": 0.5562000274658203, "eval_mae": 0.5356, "eval_runtime": 17.2853, "eval_samples_per_second": 289.263}