{"eval_loss": 1.0859601497650146, "eval_accuracy": 0.5482000112533569, "eval_mae": 0.5408, "eval_runtime": 35.6007, "eval_samples_per_second": 140.447}