{"eval_loss": 1.364278793334961, "eval_accuracy": 0.45840001106262207, "eval_mae": 0.7314, "eval_runtime": 16.7713, "eval_samples_per_second": 298.128}