{"eval_loss": 1.0536150932312012, "eval_accuracy": 0.5618000030517578, "eval_mae": 0.5068, "eval_runtime": 18.5189, "eval_samples_per_second": 269.994}