{"eval_loss": 1.0257350206375122, "eval_accuracy": 0.5540000200271606, "eval_mae": 0.5374, "eval_runtime": 17.2778, "eval_samples_per_second": 289.389}