{"eval_loss": 0.9477740526199341, "eval_accuracy": 0.5924000144004822, "eval_mae": 0.4702, "eval_runtime": 18.4103, "eval_samples_per_second": 271.587}