{"eval_loss": 1.3552554845809937, "eval_accuracy": 0.48260000348091125, "eval_mae": 0.672, "eval_runtime": 18.1705, "eval_samples_per_second": 275.171}