{"eval_loss": 1.0069435834884644, "eval_accuracy": 0.5738000273704529, "eval_mae": 0.4986, "eval_runtime": 17.151, "eval_samples_per_second": 291.528}