{"eval_loss": 1.0633645057678223, "eval_accuracy": 0.5564000010490417, "eval_mae": 0.5238, "eval_runtime": 18.4421, "eval_samples_per_second": 271.119}