{"eval_loss": 1.3533008098602295, "eval_accuracy": 0.48179998993873596, "eval_mae": 0.6732, "eval_runtime": 18.5532, "eval_samples_per_second": 269.496}