{"eval_loss": 1.024483561515808, "eval_accuracy": 0.5562000274658203, "eval_mae": 0.5352, "eval_runtime": 17.6475, "eval_samples_per_second": 283.326}