{"eval_loss": 0.991243839263916, "eval_accuracy": 0.5698000192642212, "eval_mae": 0.5096, "eval_runtime": 16.9774, "eval_samples_per_second": 294.509}