{"eval_loss": 1.0280996561050415, "eval_accuracy": 0.5460000038146973, "eval_mae": 0.5392, "eval_runtime": 16.4911, "eval_samples_per_second": 303.195}