{"eval_loss": 1.0219709873199463, "eval_accuracy": 0.5781999826431274, "eval_mae": 0.498, "eval_runtime": 35.6554, "eval_samples_per_second": 140.231}