{"eval_loss": 1.3648467063903809, "eval_accuracy": 0.4586000144481659, "eval_mae": 0.7298, "eval_runtime": 16.5808, "eval_samples_per_second": 301.553}