{"eval_loss": 1.017702341079712, "eval_accuracy": 0.578000009059906, "eval_mae": 0.4844, "eval_runtime": 16.9295, "eval_samples_per_second": 295.342}