{"eval_loss": 0.9494161009788513, "eval_accuracy": 0.6069999933242798, "eval_mae": 0.4494, "eval_runtime": 21.1246, "eval_samples_per_second": 236.69}