{"eval_loss": 1.1754209995269775, "eval_accuracy": 0.5034000277519226, "eval_mae": 0.5938, "eval_runtime": 17.3256, "eval_samples_per_second": 288.591}