{"eval_loss": 1.0112026929855347, "eval_accuracy": 0.579800009727478, "eval_mae": 0.4816, "eval_runtime": 17.4246, "eval_samples_per_second": 286.95}