{"eval_loss": 0.960996687412262, "eval_accuracy": 0.5924000144004822, "eval_mae": 0.4834, "eval_runtime": 16.3975, "eval_samples_per_second": 304.924}