{"eval_loss": 1.0071851015090942, "eval_accuracy": 0.5741999745368958, "eval_mae": 0.4972, "eval_runtime": 17.1971, "eval_samples_per_second": 290.746}