{"eval_loss": 1.1470410823822021, "eval_accuracy": 0.5490000247955322, "eval_mae": 0.5818, "eval_runtime": 16.8194, "eval_samples_per_second": 297.276}