{"eval_loss": 1.178247332572937, "eval_accuracy": 0.503600001335144, "eval_mae": 0.5902, "eval_runtime": 17.6172, "eval_samples_per_second": 283.813}