{"eval_loss": 1.0801787376403809, "eval_accuracy": 0.5562000274658203, "eval_mae": 0.5654, "eval_runtime": 33.7822, "eval_samples_per_second": 148.007}