{"eval_loss": 1.0065988302230835, "eval_accuracy": 0.592199981212616, "eval_mae": 0.4694, "eval_runtime": 17.207, "eval_samples_per_second": 290.579}