{"eval_loss": 1.0853381156921387, "eval_accuracy": 0.5758000016212463, "eval_mae": 0.5088, "eval_runtime": 16.9915, "eval_samples_per_second": 294.265}