{"eval_loss": 1.148219108581543, "eval_accuracy": 0.5504000186920166, "eval_mae": 0.58, "eval_runtime": 17.4264, "eval_samples_per_second": 286.92}