{"eval_loss": 1.4438139200210571, "eval_accuracy": 0.43939998745918274, "eval_mae": 0.7292, "eval_runtime": 23.6906, "eval_samples_per_second": 211.054}