{"eval_loss": 1.0624333620071411, "eval_accuracy": 0.5577999949455261, "eval_mae": 0.5224, "eval_runtime": 18.3198, "eval_samples_per_second": 272.928}