{"eval_loss": 0.9896960854530334, "eval_accuracy": 0.5727999806404114, "eval_mae": 0.5052, "eval_runtime": 16.1615, "eval_samples_per_second": 309.377}