{"eval_loss": 1.0204650163650513, "eval_accuracy": 0.5827999711036682, "eval_mae": 0.4932, "eval_runtime": 22.5862, "eval_samples_per_second": 221.374}