{"eval_loss": 0.8917875289916992, "eval_accuracy": 0.6363999843597412, "eval_mae": 0.4144, "eval_runtime": 18.1793, "eval_samples_per_second": 275.039}