{"eval_loss": 1.343720555305481, "eval_accuracy": 0.4749999940395355, "eval_mae": 0.6952, "eval_runtime": 17.2884, "eval_samples_per_second": 289.212}