{"eval_loss": 1.155846118927002, "eval_accuracy": 0.5004000067710876, "eval_mae": 0.5898, "eval_runtime": 17.4181, "eval_samples_per_second": 287.058}