{"eval_loss": 1.2282404899597168, "eval_accuracy": 0.4997999966144562, "eval_mae": 0.6038, "eval_runtime": 18.3608, "eval_samples_per_second": 272.319}