{"eval_loss": 1.045442819595337, "eval_accuracy": 0.5605999827384949, "eval_mae": 0.5092, "eval_runtime": 21.8257, "eval_samples_per_second": 229.088}