{"eval_loss": 0.888130247592926, "eval_accuracy": 0.6335999965667725, "eval_mae": 0.417, "eval_runtime": 20.5753, "eval_samples_per_second": 243.01}