{"eval_loss": 1.2918437719345093, "eval_accuracy": 0.4697999954223633, "eval_mae": 0.6792, "eval_runtime": 18.3431, "eval_samples_per_second": 272.582}