{"eval_loss": 1.176476001739502, "eval_accuracy": 0.5031999945640564, "eval_mae": 0.5912, "eval_runtime": 17.4407, "eval_samples_per_second": 286.686}