{"eval_loss": 1.0843102931976318, "eval_accuracy": 0.5748000144958496, "eval_mae": 0.5108, "eval_runtime": 16.9955, "eval_samples_per_second": 294.196}