{"eval_loss": 1.005271553993225, "eval_accuracy": 0.5771999955177307, "eval_mae": 0.4942, "eval_runtime": 17.1718, "eval_samples_per_second": 291.176}