{"eval_loss": 1.0851688385009766, "eval_accuracy": 0.5753999948501587, "eval_mae": 0.5104, "eval_runtime": 17.0613, "eval_samples_per_second": 293.061}