{"eval_loss": 0.9787408113479614, "eval_accuracy": 0.5817999839782715, "eval_mae": 0.4884, "eval_runtime": 16.7386, "eval_samples_per_second": 298.71}