{"eval_loss": 1.2966889142990112, "eval_accuracy": 0.4690000116825104, "eval_mae": 0.6804, "eval_runtime": 21.2301, "eval_samples_per_second": 235.515}