{"eval_loss": 1.3519335985183716, "eval_accuracy": 0.4830000102519989, "eval_mae": 0.6714, "eval_runtime": 19.9373, "eval_samples_per_second": 250.786}