{"eval_loss": 1.3669543266296387, "eval_accuracy": 0.45820000767707825, "eval_mae": 0.7312, "eval_runtime": 17.2191, "eval_samples_per_second": 290.375}