{"eval_loss": 1.2283130884170532, "eval_accuracy": 0.5076000094413757, "eval_mae": 0.6194, "eval_runtime": 18.9274, "eval_samples_per_second": 264.167}