{"eval_loss": 0.949601948261261, "eval_accuracy": 0.6060000061988831, "eval_mae": 0.45, "eval_runtime": 29.9819, "eval_samples_per_second": 166.767}