{"eval_loss": 1.3472012281417847, "eval_accuracy": 0.4733999967575073, "eval_mae": 0.687, "eval_runtime": 16.6385, "eval_samples_per_second": 300.508}