{"eval_loss": 0.9511218667030334, "eval_accuracy": 0.6194000244140625, "eval_mae": 0.4296, "eval_runtime": 17.4635, "eval_samples_per_second": 286.311}