{"eval_loss": 1.044128179550171, "eval_accuracy": 0.5609999895095825, "eval_mae": 0.508, "eval_runtime": 20.0276, "eval_samples_per_second": 249.656}