{"eval_loss": 0.9494879841804504, "eval_accuracy": 0.6068000197410583, "eval_mae": 0.4494, "eval_runtime": 22.3523, "eval_samples_per_second": 223.691}