{"eval_loss": 1.015675663948059, "eval_accuracy": 0.5806000232696533, "eval_mae": 0.4818, "eval_runtime": 16.859, "eval_samples_per_second": 296.577}