{"eval_loss": 1.0786346197128296, "eval_accuracy": 0.5580000281333923, "eval_mae": 0.5312, "eval_runtime": 23.5215, "eval_samples_per_second": 212.571}