{"eval_loss": 1.0458837747573853, "eval_accuracy": 0.5618000030517578, "eval_mae": 0.508, "eval_runtime": 24.6329, "eval_samples_per_second": 202.98}