{"eval_loss": 1.0050891637802124, "eval_accuracy": 0.5745999813079834, "eval_mae": 0.4978, "eval_runtime": 16.1641, "eval_samples_per_second": 309.327}