{"eval_loss": 1.024476170539856, "eval_accuracy": 0.555400013923645, "eval_mae": 0.5364, "eval_runtime": 17.2713, "eval_samples_per_second": 289.497}