{"eval_loss": 1.2380958795547485, "eval_accuracy": 0.5034000277519226, "eval_mae": 0.5906, "eval_runtime": 19.9916, "eval_samples_per_second": 250.105}