{"eval_loss": 1.394895315170288, "eval_accuracy": 0.4787999987602234, "eval_mae": 0.6766, "eval_runtime": 23.0226, "eval_samples_per_second": 217.178}