{"eval_loss": 1.1439807415008545, "eval_accuracy": 0.5479999780654907, "eval_mae": 0.5822, "eval_runtime": 17.4485, "eval_samples_per_second": 286.557}