{"eval_loss": 1.092517614364624, "eval_accuracy": 0.5442000031471252, "eval_mae": 0.5436, "eval_runtime": 20.6891, "eval_samples_per_second": 241.674}