{"eval_loss": 1.148193120956421, "eval_accuracy": 0.5493999719619751, "eval_mae": 0.581, "eval_runtime": 17.5167, "eval_samples_per_second": 285.442}