{"eval_loss": 0.9786162376403809, "eval_accuracy": 0.5813999772071838, "eval_mae": 0.4892, "eval_runtime": 16.7279, "eval_samples_per_second": 298.902}