{"eval_loss": 1.0225777626037598, "eval_accuracy": 0.5655999779701233, "eval_mae": 0.5134, "eval_runtime": 16.6821, "eval_samples_per_second": 299.722}