{"eval_loss": 1.342537522315979, "eval_accuracy": 0.4749999940395355, "eval_mae": 0.694, "eval_runtime": 16.8854, "eval_samples_per_second": 296.113}