{"eval_loss": 1.0174895524978638, "eval_accuracy": 0.5789999961853027, "eval_mae": 0.4832, "eval_runtime": 17.4394, "eval_samples_per_second": 286.707}