{"eval_loss": 1.052767276763916, "eval_accuracy": 0.527400016784668, "eval_mae": 0.5702, "eval_runtime": 16.3338, "eval_samples_per_second": 306.113}