{"eval_loss": 1.2290502786636353, "eval_accuracy": 0.506600022315979, "eval_mae": 0.621, "eval_runtime": 34.2462, "eval_samples_per_second": 146.002}