{"eval_loss": 1.0831855535507202, "eval_accuracy": 0.5720000267028809, "eval_mae": 0.5138, "eval_runtime": 16.1735, "eval_samples_per_second": 309.147}