{"eval_loss": 0.9531713128089905, "eval_accuracy": 0.6204000115394592, "eval_mae": 0.43, "eval_runtime": 17.4153, "eval_samples_per_second": 287.105}