{"eval_loss": 1.005501389503479, "eval_accuracy": 0.576200008392334, "eval_mae": 0.4954, "eval_runtime": 17.3023, "eval_samples_per_second": 288.979}