{"eval_loss": 1.0175180435180664, "eval_accuracy": 0.5802000164985657, "eval_mae": 0.4818, "eval_runtime": 17.7017, "eval_samples_per_second": 282.459}