{"eval_loss": 1.0785349607467651, "eval_accuracy": 0.5587999820709229, "eval_mae": 0.5304, "eval_runtime": 34.0955, "eval_samples_per_second": 146.647}