{"eval_loss": 0.9503153562545776, "eval_accuracy": 0.6205999851226807, "eval_mae": 0.4288, "eval_runtime": 17.4034, "eval_samples_per_second": 287.299}