{"eval_loss": 1.084230899810791, "eval_accuracy": 0.5770000219345093, "eval_mae": 0.5066, "eval_runtime": 16.9645, "eval_samples_per_second": 294.732}