{"eval_loss": 1.0177448987960815, "eval_accuracy": 0.5788000226020813, "eval_mae": 0.483, "eval_runtime": 16.9195, "eval_samples_per_second": 295.518}