{"eval_loss": 0.9623966813087463, "eval_accuracy": 0.5928000211715698, "eval_mae": 0.483, "eval_runtime": 17.5841, "eval_samples_per_second": 284.349}