{"eval_loss": 1.053819179534912, "eval_accuracy": 0.5285999774932861, "eval_mae": 0.5694, "eval_runtime": 16.3086, "eval_samples_per_second": 306.586}