{"eval_loss": 0.8895473480224609, "eval_accuracy": 0.6381999850273132, "eval_mae": 0.4132, "eval_runtime": 21.5434, "eval_samples_per_second": 232.089}