{"eval_loss": 1.0621013641357422, "eval_accuracy": 0.5558000206947327, "eval_mae": 0.5236, "eval_runtime": 18.3608, "eval_samples_per_second": 272.32}