{"eval_loss": 1.0802732706069946, "eval_accuracy": 0.5558000206947327, "eval_mae": 0.5658, "eval_runtime": 31.0615, "eval_samples_per_second": 160.971}