{"eval_loss": 1.1730636358261108, "eval_accuracy": 0.501800000667572, "eval_mae": 0.5962, "eval_runtime": 17.4406, "eval_samples_per_second": 286.688}