{"eval_loss": 1.2283810377120972, "eval_accuracy": 0.49939998984336853, "eval_mae": 0.604, "eval_runtime": 18.4345, "eval_samples_per_second": 271.23}