{"eval_loss": 1.342182993888855, "eval_accuracy": 0.47540000081062317, "eval_mae": 0.6934, "eval_runtime": 16.3779, "eval_samples_per_second": 305.29}