{"eval_loss": 1.0222527980804443, "eval_accuracy": 0.579200029373169, "eval_mae": 0.483, "eval_runtime": 17.3704, "eval_samples_per_second": 287.847}