{"eval_loss": 0.9799441695213318, "eval_accuracy": 0.5807999968528748, "eval_mae": 0.4884, "eval_runtime": 17.3209, "eval_samples_per_second": 288.669}