{"eval_loss": 1.3672372102737427, "eval_accuracy": 0.4580000042915344, "eval_mae": 0.7308, "eval_runtime": 17.3988, "eval_samples_per_second": 287.376}