{"eval_loss": 1.0050772428512573, "eval_accuracy": 0.5776000022888184, "eval_mae": 0.4946, "eval_runtime": 16.3883, "eval_samples_per_second": 305.095}