{"eval_loss": 1.2964730262756348, "eval_accuracy": 0.4675999879837036, "eval_mae": 0.682, "eval_runtime": 30.1989, "eval_samples_per_second": 165.569}