{"eval_loss": 1.0795457363128662, "eval_accuracy": 0.5590000152587891, "eval_mae": 0.5316, "eval_runtime": 18.7085, "eval_samples_per_second": 267.258}