{"eval_loss": 1.0059667825698853, "eval_accuracy": 0.5943999886512756, "eval_mae": 0.4674, "eval_runtime": 17.3175, "eval_samples_per_second": 288.726}