{"eval_loss": 1.3533650636672974, "eval_accuracy": 0.48420000076293945, "eval_mae": 0.6702, "eval_runtime": 19.2161, "eval_samples_per_second": 260.198}