{"eval_loss": 1.3397387266159058, "eval_accuracy": 0.46799999475479126, "eval_mae": 0.6892, "eval_runtime": 23.5562, "eval_samples_per_second": 212.258}