{"eval_loss": 1.3868049383163452, "eval_accuracy": 0.48019999265670776, "eval_mae": 0.6772, "eval_runtime": 19.0494, "eval_samples_per_second": 262.476}