{"eval_loss": 1.370660424232483, "eval_accuracy": 0.459199994802475, "eval_mae": 0.7336, "eval_runtime": 17.5005, "eval_samples_per_second": 285.705}