{"eval_loss": 0.9586071968078613, "eval_accuracy": 0.597599983215332, "eval_mae": 0.4676, "eval_runtime": 17.2468, "eval_samples_per_second": 289.909}