{"eval_loss": 1.062622308731079, "eval_accuracy": 0.5576000213623047, "eval_mae": 0.5208, "eval_runtime": 18.403, "eval_samples_per_second": 271.694}