{"eval_loss": 0.9487358331680298, "eval_accuracy": 0.5956000089645386, "eval_mae": 0.4664, "eval_runtime": 25.2645, "eval_samples_per_second": 197.906}