{"eval_loss": 1.3920822143554688, "eval_accuracy": 0.48100000619888306, "eval_mae": 0.6736, "eval_runtime": 19.1514, "eval_samples_per_second": 261.078}