{"eval_loss": 0.9474660158157349, "eval_accuracy": 0.5935999751091003, "eval_mae": 0.4686, "eval_runtime": 18.9665, "eval_samples_per_second": 263.623}