{"eval_loss": 1.1535356044769287, "eval_accuracy": 0.49959999322891235, "eval_mae": 0.5918, "eval_runtime": 16.6793, "eval_samples_per_second": 299.773}