{"eval_loss": 0.8895138502120972, "eval_accuracy": 0.6367999911308289, "eval_mae": 0.4142, "eval_runtime": 18.5907, "eval_samples_per_second": 268.951}