{"eval_loss": 0.9493469595909119, "eval_accuracy": 0.5898000001907349, "eval_mae": 0.4636, "eval_runtime": 17.3931, "eval_samples_per_second": 287.471}