{"eval_loss": 0.9807064533233643, "eval_accuracy": 0.5803999900817871, "eval_mae": 0.4882, "eval_runtime": 17.3821, "eval_samples_per_second": 287.653}