{"eval_loss": 1.2451143264770508, "eval_accuracy": 0.4991999864578247, "eval_mae": 0.5966, "eval_runtime": 18.5003, "eval_samples_per_second": 270.266}