{"eval_loss": 1.07986319065094, "eval_accuracy": 0.5546000003814697, "eval_mae": 0.569, "eval_runtime": 18.1799, "eval_samples_per_second": 275.03}