{"eval_loss": 0.9540753960609436, "eval_accuracy": 0.5996000170707703, "eval_mae": 0.4628, "eval_runtime": 16.7044, "eval_samples_per_second": 299.323}