{"eval_loss": 1.3924190998077393, "eval_accuracy": 0.4803999960422516, "eval_mae": 0.6744, "eval_runtime": 33.9556, "eval_samples_per_second": 147.251}