{"eval_loss": 1.339489221572876, "eval_accuracy": 0.4674000144004822, "eval_mae": 0.6904, "eval_runtime": 33.5397, "eval_samples_per_second": 149.077}