{"eval_loss": 1.3437615633010864, "eval_accuracy": 0.4715999960899353, "eval_mae": 0.6984, "eval_runtime": 16.3686, "eval_samples_per_second": 305.463}