{"eval_loss": 1.0804308652877808, "eval_accuracy": 0.5547999739646912, "eval_mae": 0.5664, "eval_runtime": 18.4165, "eval_samples_per_second": 271.495}