{"eval_loss": 0.9483585953712463, "eval_accuracy": 0.5906000137329102, "eval_mae": 0.4626, "eval_runtime": 16.6174, "eval_samples_per_second": 300.89}