{"eval_loss": 1.0174795389175415, "eval_accuracy": 0.579200029373169, "eval_mae": 0.4832, "eval_runtime": 17.4468, "eval_samples_per_second": 286.585}