{"eval_loss": 1.1753349304199219, "eval_accuracy": 0.5022000074386597, "eval_mae": 0.5986, "eval_runtime": 17.5428, "eval_samples_per_second": 285.016}