{"eval_loss": 0.9793427586555481, "eval_accuracy": 0.5817999839782715, "eval_mae": 0.489, "eval_runtime": 17.3992, "eval_samples_per_second": 287.37}