{"eval_loss": 1.3469473123550415, "eval_accuracy": 0.4715999960899353, "eval_mae": 0.6894, "eval_runtime": 17.298, "eval_samples_per_second": 289.051}