{"eval_loss": 1.0802757740020752, "eval_accuracy": 0.5551999807357788, "eval_mae": 0.566, "eval_runtime": 27.1615, "eval_samples_per_second": 184.084}