{"eval_loss": 1.297273874282837, "eval_accuracy": 0.46779999136924744, "eval_mae": 0.6816, "eval_runtime": 27.4759, "eval_samples_per_second": 181.978}