{"eval_loss": 1.3420255184173584, "eval_accuracy": 0.4851999878883362, "eval_mae": 0.6662, "eval_runtime": 18.3835, "eval_samples_per_second": 271.983}