{"eval_loss": 1.3431744575500488, "eval_accuracy": 0.47440001368522644, "eval_mae": 0.6958, "eval_runtime": 16.9087, "eval_samples_per_second": 295.705}