{"eval_loss": 1.0117143392562866, "eval_accuracy": 0.5794000029563904, "eval_mae": 0.4822, "eval_runtime": 17.4258, "eval_samples_per_second": 286.93}