{"eval_loss": 1.0626107454299927, "eval_accuracy": 0.5577999949455261, "eval_mae": 0.5206, "eval_runtime": 18.2901, "eval_samples_per_second": 273.371}