{"eval_loss": 1.0785796642303467, "eval_accuracy": 0.5583999752998352, "eval_mae": 0.531, "eval_runtime": 29.327, "eval_samples_per_second": 170.491}