{"eval_loss": 0.99057537317276, "eval_accuracy": 0.5703999996185303, "eval_mae": 0.5086, "eval_runtime": 16.8823, "eval_samples_per_second": 296.169}