{"eval_loss": 1.2288967370986938, "eval_accuracy": 0.5062000155448914, "eval_mae": 0.6208, "eval_runtime": 19.3245, "eval_samples_per_second": 258.739}