{"eval_loss": 1.2966103553771973, "eval_accuracy": 0.46779999136924744, "eval_mae": 0.6814, "eval_runtime": 19.1749, "eval_samples_per_second": 260.757}