{"eval_loss": 1.0808095932006836, "eval_accuracy": 0.5569999814033508, "eval_mae": 0.5646, "eval_runtime": 23.6843, "eval_samples_per_second": 211.11}