{"eval_loss": 1.2289601564407349, "eval_accuracy": 0.4997999966144562, "eval_mae": 0.6034, "eval_runtime": 18.3821, "eval_samples_per_second": 272.004}