{"eval_loss": 1.3914445638656616, "eval_accuracy": 0.47540000081062317, "eval_mae": 0.6792, "eval_runtime": 23.732, "eval_samples_per_second": 210.686}