{"eval_loss": 0.9559420943260193, "eval_accuracy": 0.5997999906539917, "eval_mae": 0.4644, "eval_runtime": 17.3551, "eval_samples_per_second": 288.099}