{"eval_loss": 1.152014136314392, "eval_accuracy": 0.5009999871253967, "eval_mae": 0.589, "eval_runtime": 17.4349, "eval_samples_per_second": 286.781}