{"eval_loss": 0.9608818292617798, "eval_accuracy": 0.5938000082969666, "eval_mae": 0.4818, "eval_runtime": 16.8653, "eval_samples_per_second": 296.467}