{"eval_loss": 1.0825730562210083, "eval_accuracy": 0.5486000180244446, "eval_mae": 0.5384, "eval_runtime": 23.6537, "eval_samples_per_second": 211.384}