{"eval_loss": 1.0176345109939575, "eval_accuracy": 0.5785999894142151, "eval_mae": 0.4838, "eval_runtime": 17.6017, "eval_samples_per_second": 284.064}