{"eval_loss": 1.0060906410217285, "eval_accuracy": 0.5766000151634216, "eval_mae": 0.4952, "eval_runtime": 16.4988, "eval_samples_per_second": 303.052}