{"eval_loss": 0.9460972547531128, "eval_accuracy": 0.6057999730110168, "eval_mae": 0.4558, "eval_runtime": 17.4724, "eval_samples_per_second": 286.165}