{"eval_loss": 0.990959644317627, "eval_accuracy": 0.5722000002861023, "eval_mae": 0.5062, "eval_runtime": 16.9407, "eval_samples_per_second": 295.147}