{"eval_loss": 1.011387586593628, "eval_accuracy": 0.5807999968528748, "eval_mae": 0.4814, "eval_runtime": 17.3412, "eval_samples_per_second": 288.331}