{"eval_loss": 1.0173708200454712, "eval_accuracy": 0.5795999765396118, "eval_mae": 0.4828, "eval_runtime": 17.5964, "eval_samples_per_second": 284.149}