{"eval_loss": 1.0146363973617554, "eval_accuracy": 0.5641999840736389, "eval_mae": 0.5086, "eval_runtime": 17.2108, "eval_samples_per_second": 290.514}