{"eval_loss": 1.442884087562561, "eval_accuracy": 0.4397999942302704, "eval_mae": 0.7294, "eval_runtime": 20.646, "eval_samples_per_second": 242.177}