{"eval_loss": 1.0252609252929688, "eval_accuracy": 0.5550000071525574, "eval_mae": 0.536, "eval_runtime": 17.3646, "eval_samples_per_second": 287.943}