{"eval_loss": 1.239173412322998, "eval_accuracy": 0.4952000081539154, "eval_mae": 0.65, "eval_runtime": 26.4859, "eval_samples_per_second": 188.78}