{"eval_loss": 0.9613593816757202, "eval_accuracy": 0.5914000272750854, "eval_mae": 0.4862, "eval_runtime": 17.5556, "eval_samples_per_second": 284.809}