{"eval_loss": 0.9586025476455688, "eval_accuracy": 0.5997999906539917, "eval_mae": 0.4626, "eval_runtime": 17.3485, "eval_samples_per_second": 288.209}