{"eval_loss": 1.0182205438613892, "eval_accuracy": 0.5807999968528748, "eval_mae": 0.494, "eval_runtime": 23.2512, "eval_samples_per_second": 215.042}