{"eval_loss": 1.0785328149795532, "eval_accuracy": 0.5582000017166138, "eval_mae": 0.531, "eval_runtime": 21.9443, "eval_samples_per_second": 227.849}