{"eval_loss": 1.1948174238204956, "eval_accuracy": 0.5116000175476074, "eval_mae": 0.6068, "eval_runtime": 18.7663, "eval_samples_per_second": 266.435}