{"eval_loss": 1.0047909021377563, "eval_accuracy": 0.5758000016212463, "eval_mae": 0.4948, "eval_runtime": 16.5319, "eval_samples_per_second": 302.445}