{"eval_loss": 1.242281436920166, "eval_accuracy": 0.4997999966144562, "eval_mae": 0.5958, "eval_runtime": 20.8186, "eval_samples_per_second": 240.17}