{"eval_loss": 1.0146892070770264, "eval_accuracy": 0.5633999705314636, "eval_mae": 0.509, "eval_runtime": 17.0037, "eval_samples_per_second": 294.053}