{"eval_loss": 0.9461482167243958, "eval_accuracy": 0.6033999919891357, "eval_mae": 0.4584, "eval_runtime": 16.7341, "eval_samples_per_second": 298.792}