{"eval_loss": 1.3485403060913086, "eval_accuracy": 0.47279998660087585, "eval_mae": 0.689, "eval_runtime": 16.5322, "eval_samples_per_second": 302.44}