{"eval_loss": 0.9485476613044739, "eval_accuracy": 0.5924000144004822, "eval_mae": 0.461, "eval_runtime": 17.2277, "eval_samples_per_second": 290.231}