{"eval_loss": 1.2967227697372437, "eval_accuracy": 0.46779999136924744, "eval_mae": 0.6816, "eval_runtime": 31.6057, "eval_samples_per_second": 158.199}