{"eval_loss": 1.3403433561325073, "eval_accuracy": 0.4763999879360199, "eval_mae": 0.6926, "eval_runtime": 16.9198, "eval_samples_per_second": 295.511}