{"eval_loss": 0.9487781524658203, "eval_accuracy": 0.5910000205039978, "eval_mae": 0.4626, "eval_runtime": 17.2466, "eval_samples_per_second": 289.913}