{"eval_loss": 1.0777660608291626, "eval_accuracy": 0.5576000213623047, "eval_mae": 0.5318, "eval_runtime": 25.3467, "eval_samples_per_second": 197.264}