{"eval_loss": 1.1762521266937256, "eval_accuracy": 0.5031999945640564, "eval_mae": 0.5918, "eval_runtime": 17.3552, "eval_samples_per_second": 288.097}