{"eval_loss": 1.0809412002563477, "eval_accuracy": 0.5565999746322632, "eval_mae": 0.5646, "eval_runtime": 19.3997, "eval_samples_per_second": 257.735}