{"eval_loss": 1.0297309160232544, "eval_accuracy": 0.545799970626831, "eval_mae": 0.5388, "eval_runtime": 16.7442, "eval_samples_per_second": 298.611}