{"eval_loss": 1.3432742357254028, "eval_accuracy": 0.47200000286102295, "eval_mae": 0.689, "eval_runtime": 17.3004, "eval_samples_per_second": 289.011}