{"eval_loss": 0.9511663317680359, "eval_accuracy": 0.621999979019165, "eval_mae": 0.4274, "eval_runtime": 16.7408, "eval_samples_per_second": 298.671}