{"eval_loss": 1.0624170303344727, "eval_accuracy": 0.5577999949455261, "eval_mae": 0.5198, "eval_runtime": 18.3965, "eval_samples_per_second": 271.79}