{"eval_loss": 0.9492507576942444, "eval_accuracy": 0.5892000198364258, "eval_mae": 0.4646, "eval_runtime": 16.1598, "eval_samples_per_second": 309.41}