{"eval_loss": 1.0174065828323364, "eval_accuracy": 0.5774000287055969, "eval_mae": 0.4842, "eval_runtime": 17.5916, "eval_samples_per_second": 284.227}