{"eval_loss": 0.9514662027359009, "eval_accuracy": 0.6212000250816345, "eval_mae": 0.4288, "eval_runtime": 16.8094, "eval_samples_per_second": 297.453}