{"eval_loss": 1.2535688877105713, "eval_accuracy": 0.5016000270843506, "eval_mae": 0.635, "eval_runtime": 20.1255, "eval_samples_per_second": 248.441}