{"eval_loss": 0.889285147190094, "eval_accuracy": 0.6363999843597412, "eval_mae": 0.4146, "eval_runtime": 20.3257, "eval_samples_per_second": 245.994}