{"eval_loss": 1.00615394115448, "eval_accuracy": 0.5932000279426575, "eval_mae": 0.468, "eval_runtime": 17.1918, "eval_samples_per_second": 290.836}