{"eval_loss": 1.2421458959579468, "eval_accuracy": 0.4997999966144562, "eval_mae": 0.5958, "eval_runtime": 19.5245, "eval_samples_per_second": 256.089}