{"eval_loss": 1.084349274635315, "eval_accuracy": 0.5493999719619751, "eval_mae": 0.5384, "eval_runtime": 28.7467, "eval_samples_per_second": 173.933}