{"eval_loss": 1.0215462446212769, "eval_accuracy": 0.5698000192642212, "eval_mae": 0.5096, "eval_runtime": 17.3691, "eval_samples_per_second": 287.868}