{"eval_loss": 0.9357494115829468, "eval_accuracy": 0.6014000177383423, "eval_mae": 0.4546, "eval_runtime": 17.0129, "eval_samples_per_second": 293.894}