{"eval_loss": 1.0186127424240112, "eval_accuracy": 0.5812000036239624, "eval_mae": 0.4936, "eval_runtime": 23.5346, "eval_samples_per_second": 212.453}