{"eval_loss": 1.1770671606063843, "eval_accuracy": 0.5026000142097473, "eval_mae": 0.5916, "eval_runtime": 17.5981, "eval_samples_per_second": 284.121}