{"eval_loss": 0.8888447284698486, "eval_accuracy": 0.6353999972343445, "eval_mae": 0.4152, "eval_runtime": 22.7494, "eval_samples_per_second": 219.786}