{"eval_loss": 1.1528189182281494, "eval_accuracy": 0.5012000203132629, "eval_mae": 0.5892, "eval_runtime": 16.7843, "eval_samples_per_second": 297.897}