{"eval_loss": 1.0520216226577759, "eval_accuracy": 0.5288000106811523, "eval_mae": 0.569, "eval_runtime": 16.0459, "eval_samples_per_second": 311.606}