{"eval_loss": 0.9570698142051697, "eval_accuracy": 0.5983999967575073, "eval_mae": 0.4638, "eval_runtime": 17.391, "eval_samples_per_second": 287.505}