{"eval_loss": 1.136229157447815, "eval_accuracy": 0.5450000166893005, "eval_mae": 0.5828, "eval_runtime": 17.3561, "eval_samples_per_second": 288.083}