{"eval_loss": 1.089064598083496, "eval_accuracy": 0.5486000180244446, "eval_mae": 0.5418, "eval_runtime": 25.5155, "eval_samples_per_second": 195.959}