{"eval_loss": 1.0124975442886353, "eval_accuracy": 0.5809999704360962, "eval_mae": 0.4806, "eval_runtime": 17.6305, "eval_samples_per_second": 283.6}