{"eval_loss": 1.368718147277832, "eval_accuracy": 0.45739999413490295, "eval_mae": 0.7334, "eval_runtime": 17.3274, "eval_samples_per_second": 288.561}