{"eval_loss": 0.9359840750694275, "eval_accuracy": 0.6011999845504761, "eval_mae": 0.4552, "eval_runtime": 17.0819, "eval_samples_per_second": 292.707}