{"eval_loss": 1.0828521251678467, "eval_accuracy": 0.5473999977111816, "eval_mae": 0.5394, "eval_runtime": 29.3599, "eval_samples_per_second": 170.301}