{"eval_loss": 1.010833740234375, "eval_accuracy": 0.5655999779701233, "eval_mae": 0.5082, "eval_runtime": 17.0483, "eval_samples_per_second": 293.285}