{"eval_loss": 0.9605268836021423, "eval_accuracy": 0.5920000076293945, "eval_mae": 0.483, "eval_runtime": 17.4961, "eval_samples_per_second": 285.778}