{"eval_loss": 1.063032865524292, "eval_accuracy": 0.5582000017166138, "eval_mae": 0.5216, "eval_runtime": 18.337, "eval_samples_per_second": 272.673}