{"eval_loss": 1.0185154676437378, "eval_accuracy": 0.5813999772071838, "eval_mae": 0.4934, "eval_runtime": 21.4672, "eval_samples_per_second": 232.913}