{"eval_loss": 0.9823964834213257, "eval_accuracy": 0.5803999900817871, "eval_mae": 0.49, "eval_runtime": 16.693, "eval_samples_per_second": 299.527}