{"eval_loss": 1.0115869045257568, "eval_accuracy": 0.5812000036239624, "eval_mae": 0.4812, "eval_runtime": 16.8502, "eval_samples_per_second": 296.732}