{"eval_loss": 1.053497314453125, "eval_accuracy": 0.527400016784668, "eval_mae": 0.5696, "eval_runtime": 16.8453, "eval_samples_per_second": 296.818}