{"eval_loss": 1.0802421569824219, "eval_accuracy": 0.5564000010490417, "eval_mae": 0.565, "eval_runtime": 23.1052, "eval_samples_per_second": 216.402}