{"eval_loss": 0.9462453126907349, "eval_accuracy": 0.6060000061988831, "eval_mae": 0.456, "eval_runtime": 17.4256, "eval_samples_per_second": 286.934}