{"eval_loss": 1.0181180238723755, "eval_accuracy": 0.5785999894142151, "eval_mae": 0.4828, "eval_runtime": 16.8369, "eval_samples_per_second": 296.967}