{"eval_loss": 1.343515396118164, "eval_accuracy": 0.47540000081062317, "eval_mae": 0.6938, "eval_runtime": 17.0542, "eval_samples_per_second": 293.183}