{"eval_loss": 1.0121725797653198, "eval_accuracy": 0.5839999914169312, "eval_mae": 0.4804, "eval_runtime": 17.7843, "eval_samples_per_second": 281.146}