{"eval_loss": 1.230392336845398, "eval_accuracy": 0.49799999594688416, "eval_mae": 0.6052, "eval_runtime": 18.0386, "eval_samples_per_second": 277.184}