{"eval_loss": 1.0623441934585571, "eval_accuracy": 0.5564000010490417, "eval_mae": 0.5232, "eval_runtime": 18.4757, "eval_samples_per_second": 270.625}