{"eval_loss": 1.2423080205917358, "eval_accuracy": 0.4997999966144562, "eval_mae": 0.5958, "eval_runtime": 19.0755, "eval_samples_per_second": 262.117}