{"eval_loss": 0.9907969832420349, "eval_accuracy": 0.571399986743927, "eval_mae": 0.5076, "eval_runtime": 16.977, "eval_samples_per_second": 294.516}