{"eval_loss": 1.0802232027053833, "eval_accuracy": 0.5559999942779541, "eval_mae": 0.5652, "eval_runtime": 22.2114, "eval_samples_per_second": 225.109}