{"eval_loss": 1.021618127822876, "eval_accuracy": 0.5703999996185303, "eval_mae": 0.5076, "eval_runtime": 17.3329, "eval_samples_per_second": 288.469}