{"eval_loss": 1.030207633972168, "eval_accuracy": 0.5465999841690063, "eval_mae": 0.5388, "eval_runtime": 17.4087, "eval_samples_per_second": 287.213}