{"eval_loss": 1.3508459329605103, "eval_accuracy": 0.47360000014305115, "eval_mae": 0.687, "eval_runtime": 17.2443, "eval_samples_per_second": 289.951}