{"eval_loss": 0.8891839981079102, "eval_accuracy": 0.6362000107765198, "eval_mae": 0.4148, "eval_runtime": 20.2497, "eval_samples_per_second": 246.917}