{"eval_loss": 1.0786285400390625, "eval_accuracy": 0.5587999820709229, "eval_mae": 0.5304, "eval_runtime": 19.0572, "eval_samples_per_second": 262.369}