{"eval_loss": 1.0845324993133545, "eval_accuracy": 0.5472000241279602, "eval_mae": 0.5416, "eval_runtime": 23.2972, "eval_samples_per_second": 214.618}