{"eval_loss": 0.9477816224098206, "eval_accuracy": 0.5920000076293945, "eval_mae": 0.4702, "eval_runtime": 18.9016, "eval_samples_per_second": 264.528}