{"eval_loss": 1.1722307205200195, "eval_accuracy": 0.5049999952316284, "eval_mae": 0.5896, "eval_runtime": 17.5399, "eval_samples_per_second": 285.064}