{"eval_loss": 1.0850839614868164, "eval_accuracy": 0.576200008392334, "eval_mae": 0.5094, "eval_runtime": 16.3676, "eval_samples_per_second": 305.482}