{"eval_loss": 0.9358274340629578, "eval_accuracy": 0.6019999980926514, "eval_mae": 0.4542, "eval_runtime": 17.047, "eval_samples_per_second": 293.307}