{"eval_loss": 1.2954113483428955, "eval_accuracy": 0.46799999475479126, "eval_mae": 0.681, "eval_runtime": 33.8348, "eval_samples_per_second": 147.777}