{"eval_loss": 0.9467636942863464, "eval_accuracy": 0.6060000061988831, "eval_mae": 0.4568, "eval_runtime": 17.2853, "eval_samples_per_second": 289.263}