{"eval_loss": 1.0200899839401245, "eval_accuracy": 0.5708000063896179, "eval_mae": 0.5068, "eval_runtime": 17.5352, "eval_samples_per_second": 285.14}