{"eval_loss": 1.0626565217971802, "eval_accuracy": 0.5573999881744385, "eval_mae": 0.5208, "eval_runtime": 18.3637, "eval_samples_per_second": 272.276}