{"eval_loss": 0.9473665952682495, "eval_accuracy": 0.5911999940872192, "eval_mae": 0.4704, "eval_runtime": 19.6636, "eval_samples_per_second": 254.276}