{"eval_loss": 0.9508423805236816, "eval_accuracy": 0.6205999851226807, "eval_mae": 0.4286, "eval_runtime": 17.3759, "eval_samples_per_second": 287.755}