{"eval_loss": 0.9614368081092834, "eval_accuracy": 0.5929999947547913, "eval_mae": 0.4836, "eval_runtime": 17.4852, "eval_samples_per_second": 285.956}