{"eval_loss": 1.3469597101211548, "eval_accuracy": 0.47519999742507935, "eval_mae": 0.6952, "eval_runtime": 16.9913, "eval_samples_per_second": 294.268}