{"eval_loss": 0.9478710889816284, "eval_accuracy": 0.5920000076293945, "eval_mae": 0.4704, "eval_runtime": 19.9625, "eval_samples_per_second": 250.47}