{"eval_loss": 0.9486777186393738, "eval_accuracy": 0.6057999730110168, "eval_mae": 0.4564, "eval_runtime": 17.1729, "eval_samples_per_second": 291.157}