{"eval_loss": 1.2378488779067993, "eval_accuracy": 0.4975999891757965, "eval_mae": 0.6472, "eval_runtime": 25.1257, "eval_samples_per_second": 198.999}