{"eval_loss": 1.367440938949585, "eval_accuracy": 0.45840001106262207, "eval_mae": 0.7316, "eval_runtime": 16.6643, "eval_samples_per_second": 300.043}