{"eval_loss": 0.9606832265853882, "eval_accuracy": 0.5932000279426575, "eval_mae": 0.482, "eval_runtime": 17.4568, "eval_samples_per_second": 286.421}