{"eval_loss": 1.3434078693389893, "eval_accuracy": 0.4747999906539917, "eval_mae": 0.6938, "eval_runtime": 17.0203, "eval_samples_per_second": 293.767}