{"eval_loss": 1.3893240690231323, "eval_accuracy": 0.4814000129699707, "eval_mae": 0.6756, "eval_runtime": 32.4439, "eval_samples_per_second": 154.112}