{"eval_loss": 1.3432122468948364, "eval_accuracy": 0.47540000081062317, "eval_mae": 0.6938, "eval_runtime": 17.0395, "eval_samples_per_second": 293.436}