{"eval_loss": 1.2386318445205688, "eval_accuracy": 0.5016000270843506, "eval_mae": 0.5934, "eval_runtime": 31.0014, "eval_samples_per_second": 161.283}