{"eval_loss": 1.0070279836654663, "eval_accuracy": 0.5914000272750854, "eval_mae": 0.4696, "eval_runtime": 17.1263, "eval_samples_per_second": 291.948}