{"eval_loss": 1.2280523777008057, "eval_accuracy": 0.49939998984336853, "eval_mae": 0.6032, "eval_runtime": 18.3843, "eval_samples_per_second": 271.971}