{"eval_loss": 1.0275993347167969, "eval_accuracy": 0.550000011920929, "eval_mae": 0.5418, "eval_runtime": 17.3235, "eval_samples_per_second": 288.625}