{"eval_loss": 0.9614093899726868, "eval_accuracy": 0.592199981212616, "eval_mae": 0.4836, "eval_runtime": 17.2861, "eval_samples_per_second": 289.25}