{"eval_loss": 0.9487084150314331, "eval_accuracy": 0.5889999866485596, "eval_mae": 0.4648, "eval_runtime": 16.4249, "eval_samples_per_second": 304.416}