{"eval_loss": 1.0772343873977661, "eval_accuracy": 0.5619999766349792, "eval_mae": 0.5572, "eval_runtime": 18.4336, "eval_samples_per_second": 271.244}