{"eval_loss": 1.3457269668579102, "eval_accuracy": 0.4717999994754791, "eval_mae": 0.6888, "eval_runtime": 17.2885, "eval_samples_per_second": 289.209}