{"eval_loss": 1.0802005529403687, "eval_accuracy": 0.5558000206947327, "eval_mae": 0.5658, "eval_runtime": 18.9098, "eval_samples_per_second": 264.412}