{"eval_loss": 1.0859357118606567, "eval_accuracy": 0.5766000151634216, "eval_mae": 0.509, "eval_runtime": 16.9247, "eval_samples_per_second": 295.426}