{"eval_loss": 1.084873914718628, "eval_accuracy": 0.5568000078201294, "eval_mae": 0.5652, "eval_runtime": 27.2923, "eval_samples_per_second": 183.202}