{"eval_loss": 1.0850986242294312, "eval_accuracy": 0.574999988079071, "eval_mae": 0.5112, "eval_runtime": 16.5692, "eval_samples_per_second": 301.764}