{"eval_loss": 1.2282440662384033, "eval_accuracy": 0.5005999803543091, "eval_mae": 0.6032, "eval_runtime": 18.3785, "eval_samples_per_second": 272.057}