{"eval_loss": 1.0060429573059082, "eval_accuracy": 0.5741999745368958, "eval_mae": 0.497, "eval_runtime": 17.1919, "eval_samples_per_second": 290.835}