{"eval_loss": 1.3017537593841553, "eval_accuracy": 0.4674000144004822, "eval_mae": 0.6806, "eval_runtime": 21.4221, "eval_samples_per_second": 233.404}