{"eval_loss": 1.014658808708191, "eval_accuracy": 0.5648000240325928, "eval_mae": 0.508, "eval_runtime": 16.9306, "eval_samples_per_second": 295.323}