{"eval_loss": 0.9571542143821716, "eval_accuracy": 0.6010000109672546, "eval_mae": 0.4632, "eval_runtime": 17.2755, "eval_samples_per_second": 289.428}