{"eval_loss": 0.9521613121032715, "eval_accuracy": 0.5961999893188477, "eval_mae": 0.4682, "eval_runtime": 19.3721, "eval_samples_per_second": 258.104}