{"eval_loss": 1.4412529468536377, "eval_accuracy": 0.4410000145435333, "eval_mae": 0.7272, "eval_runtime": 22.9951, "eval_samples_per_second": 217.438}