{"eval_loss": 1.2272471189498901, "eval_accuracy": 0.49900001287460327, "eval_mae": 0.603, "eval_runtime": 18.3606, "eval_samples_per_second": 272.322}