{"eval_loss": 1.3864078521728516, "eval_accuracy": 0.47839999198913574, "eval_mae": 0.6774, "eval_runtime": 18.3004, "eval_samples_per_second": 273.218}