{"eval_loss": 1.006790280342102, "eval_accuracy": 0.5924000144004822, "eval_mae": 0.47, "eval_runtime": 17.3978, "eval_samples_per_second": 287.392}