{"eval_loss": 1.0185132026672363, "eval_accuracy": 0.5812000036239624, "eval_mae": 0.4942, "eval_runtime": 19.0376, "eval_samples_per_second": 262.639}