{"eval_loss": 1.0217562913894653, "eval_accuracy": 0.5691999793052673, "eval_mae": 0.5092, "eval_runtime": 17.2565, "eval_samples_per_second": 289.745}