{"eval_loss": 0.9593414068222046, "eval_accuracy": 0.5928000211715698, "eval_mae": 0.4816, "eval_runtime": 17.5727, "eval_samples_per_second": 284.533}