{"eval_loss": 1.0801444053649902, "eval_accuracy": 0.5564000010490417, "eval_mae": 0.565, "eval_runtime": 25.0075, "eval_samples_per_second": 199.94}