{"eval_loss": 1.0476117134094238, "eval_accuracy": 0.5612000226974487, "eval_mae": 0.509, "eval_runtime": 18.3546, "eval_samples_per_second": 272.411}