{"eval_loss": 1.2300713062286377, "eval_accuracy": 0.5063999891281128, "eval_mae": 0.6212, "eval_runtime": 31.6384, "eval_samples_per_second": 158.036}