{"eval_loss": 1.0635724067687988, "eval_accuracy": 0.5569999814033508, "eval_mae": 0.522, "eval_runtime": 18.2823, "eval_samples_per_second": 273.488}