{"eval_loss": 1.0640498399734497, "eval_accuracy": 0.5569999814033508, "eval_mae": 0.5222, "eval_runtime": 18.3586, "eval_samples_per_second": 272.351}