{"eval_loss": 0.8894588947296143, "eval_accuracy": 0.6363999843597412, "eval_mae": 0.4146, "eval_runtime": 24.888, "eval_samples_per_second": 200.9}