{"eval_loss": 1.243360996246338, "eval_accuracy": 0.5016000270843506, "eval_mae": 0.593, "eval_runtime": 19.199, "eval_samples_per_second": 260.431}