{"eval_loss": 0.9909545183181763, "eval_accuracy": 0.5717999935150146, "eval_mae": 0.5072, "eval_runtime": 16.1361, "eval_samples_per_second": 309.864}