{"eval_loss": 1.227797269821167, "eval_accuracy": 0.5012000203132629, "eval_mae": 0.6014, "eval_runtime": 18.3818, "eval_samples_per_second": 272.008}