{"eval_loss": 1.2418444156646729, "eval_accuracy": 0.4997999966144562, "eval_mae": 0.5958, "eval_runtime": 21.7523, "eval_samples_per_second": 229.861}