{"eval_loss": 1.1471437215805054, "eval_accuracy": 0.5496000051498413, "eval_mae": 0.5806, "eval_runtime": 16.9003, "eval_samples_per_second": 295.852}