{"eval_loss": 1.0623329877853394, "eval_accuracy": 0.5580000281333923, "eval_mae": 0.5208, "eval_runtime": 18.3027, "eval_samples_per_second": 273.184}