{"eval_loss": 1.0209062099456787, "eval_accuracy": 0.5702000260353088, "eval_mae": 0.508, "eval_runtime": 17.3411, "eval_samples_per_second": 288.333}