{"eval_loss": 1.080122709274292, "eval_accuracy": 0.5562000274658203, "eval_mae": 0.565, "eval_runtime": 19.6267, "eval_samples_per_second": 254.756}