{"eval_loss": 1.3926208019256592, "eval_accuracy": 0.48080000281333923, "eval_mae": 0.6738, "eval_runtime": 18.31, "eval_samples_per_second": 273.075}