{"eval_loss": 1.296040654182434, "eval_accuracy": 0.4674000144004822, "eval_mae": 0.682, "eval_runtime": 22.9518, "eval_samples_per_second": 217.848}