{"eval_loss": 1.1552777290344238, "eval_accuracy": 0.5001999735832214, "eval_mae": 0.5908, "eval_runtime": 16.6603, "eval_samples_per_second": 300.115}