{"eval_loss": 0.9356968998908997, "eval_accuracy": 0.6011999845504761, "eval_mae": 0.455, "eval_runtime": 16.5645, "eval_samples_per_second": 301.85}