{"eval_loss": 0.9356558322906494, "eval_accuracy": 0.5989999771118164, "eval_mae": 0.4564, "eval_runtime": 17.3482, "eval_samples_per_second": 288.214}