{"eval_loss": 1.354358196258545, "eval_accuracy": 0.48339998722076416, "eval_mae": 0.673, "eval_runtime": 18.2697, "eval_samples_per_second": 273.677}