{"eval_loss": 1.078565001487732, "eval_accuracy": 0.5586000084877014, "eval_mae": 0.5312, "eval_runtime": 19.9747, "eval_samples_per_second": 250.317}