{"eval_loss": 1.0453689098358154, "eval_accuracy": 0.5604000091552734, "eval_mae": 0.5084, "eval_runtime": 18.4852, "eval_samples_per_second": 270.487}