{"eval_loss": 0.9903206825256348, "eval_accuracy": 0.5681999921798706, "eval_mae": 0.5094, "eval_runtime": 17.1029, "eval_samples_per_second": 292.348}