{"eval_loss": 1.3912062644958496, "eval_accuracy": 0.4803999960422516, "eval_mae": 0.677, "eval_runtime": 33.0919, "eval_samples_per_second": 151.094}