{"eval_loss": 1.0839262008666992, "eval_accuracy": 0.5478000044822693, "eval_mae": 0.5418, "eval_runtime": 21.8352, "eval_samples_per_second": 228.988}