{"eval_loss": 0.9476648569107056, "eval_accuracy": 0.593999981880188, "eval_mae": 0.4684, "eval_runtime": 18.3012, "eval_samples_per_second": 273.206}