{"eval_loss": 1.1469374895095825, "eval_accuracy": 0.5490000247955322, "eval_mae": 0.5808, "eval_runtime": 17.5287, "eval_samples_per_second": 285.247}