{"eval_loss": 1.297369360923767, "eval_accuracy": 0.4675999879837036, "eval_mae": 0.683, "eval_runtime": 18.4531, "eval_samples_per_second": 270.957}