{"eval_loss": 1.1762596368789673, "eval_accuracy": 0.5019999742507935, "eval_mae": 0.592, "eval_runtime": 16.6519, "eval_samples_per_second": 300.265}