{"eval_loss": 0.9557800889015198, "eval_accuracy": 0.6001999974250793, "eval_mae": 0.4632, "eval_runtime": 17.2803, "eval_samples_per_second": 289.348}