{"eval_loss": 0.9456970691680908, "eval_accuracy": 0.5961999893188477, "eval_mae": 0.4662, "eval_runtime": 19.3931, "eval_samples_per_second": 257.824}