{"eval_loss": 1.0450439453125, "eval_accuracy": 0.5609999895095825, "eval_mae": 0.508, "eval_runtime": 19.7918, "eval_samples_per_second": 252.63}