{"eval_loss": 1.241943359375, "eval_accuracy": 0.5004000067710876, "eval_mae": 0.595, "eval_runtime": 19.1609, "eval_samples_per_second": 260.948}