{"eval_loss": 1.4443273544311523, "eval_accuracy": 0.44040000438690186, "eval_mae": 0.728, "eval_runtime": 18.8273, "eval_samples_per_second": 265.571}