{"eval_loss": 1.0056650638580322, "eval_accuracy": 0.5953999757766724, "eval_mae": 0.4656, "eval_runtime": 17.7404, "eval_samples_per_second": 281.842}