{"eval_loss": 1.0860569477081299, "eval_accuracy": 0.5475999712944031, "eval_mae": 0.5408, "eval_runtime": 18.2966, "eval_samples_per_second": 273.274}