{"eval_loss": 1.0299874544143677, "eval_accuracy": 0.5450000166893005, "eval_mae": 0.54, "eval_runtime": 16.5606, "eval_samples_per_second": 301.921}