{"eval_loss": 1.0135014057159424, "eval_accuracy": 0.579800009727478, "eval_mae": 0.4818, "eval_runtime": 17.4973, "eval_samples_per_second": 285.758}