{"eval_loss": 0.9607704281806946, "eval_accuracy": 0.5914000272750854, "eval_mae": 0.4844, "eval_runtime": 16.3785, "eval_samples_per_second": 305.278}