{"eval_loss": 0.9478550553321838, "eval_accuracy": 0.5925999879837036, "eval_mae": 0.47, "eval_runtime": 19.0253, "eval_samples_per_second": 262.808}