{"eval_loss": 1.349518060684204, "eval_accuracy": 0.4726000130176544, "eval_mae": 0.6896, "eval_runtime": 17.3852, "eval_samples_per_second": 287.602}