{"eval_loss": 1.0173919200897217, "eval_accuracy": 0.5802000164985657, "eval_mae": 0.4818, "eval_runtime": 17.4846, "eval_samples_per_second": 285.966}