{"eval_loss": 1.228936791419983, "eval_accuracy": 0.5062000155448914, "eval_mae": 0.6214, "eval_runtime": 34.4557, "eval_samples_per_second": 145.114}