{"eval_loss": 1.0547670125961304, "eval_accuracy": 0.5264000296592712, "eval_mae": 0.5726, "eval_runtime": 16.2965, "eval_samples_per_second": 306.814}