{"eval_loss": 0.9597010016441345, "eval_accuracy": 0.5928000211715698, "eval_mae": 0.4834, "eval_runtime": 17.2476, "eval_samples_per_second": 289.895}