{"eval_loss": 0.9342367053031921, "eval_accuracy": 0.6155999898910522, "eval_mae": 0.4314, "eval_runtime": 17.6016, "eval_samples_per_second": 284.065}