{"eval_loss": 1.0457886457443237, "eval_accuracy": 0.5616000294685364, "eval_mae": 0.508, "eval_runtime": 18.6389, "eval_samples_per_second": 268.256}