{"eval_loss": 1.0847543478012085, "eval_accuracy": 0.5774000287055969, "eval_mae": 0.5078, "eval_runtime": 16.4596, "eval_samples_per_second": 303.774}