{"eval_loss": 0.9452660083770752, "eval_accuracy": 0.5942000150680542, "eval_mae": 0.4686, "eval_runtime": 17.9793, "eval_samples_per_second": 278.098}