{"eval_loss": 1.0300347805023193, "eval_accuracy": 0.5454000234603882, "eval_mae": 0.5396, "eval_runtime": 16.743, "eval_samples_per_second": 298.632}