{"eval_loss": 0.990609884262085, "eval_accuracy": 0.571399986743927, "eval_mae": 0.5058, "eval_runtime": 16.9753, "eval_samples_per_second": 294.545}