{"eval_loss": 1.3493238687515259, "eval_accuracy": 0.4684000015258789, "eval_mae": 0.6936, "eval_runtime": 17.3366, "eval_samples_per_second": 288.407}