{"eval_loss": 0.9897415041923523, "eval_accuracy": 0.5703999996185303, "eval_mae": 0.5076, "eval_runtime": 16.9547, "eval_samples_per_second": 294.904}