{"eval_loss": 1.0052547454833984, "eval_accuracy": 0.5748000144958496, "eval_mae": 0.4968, "eval_runtime": 16.644, "eval_samples_per_second": 300.409}