{"eval_loss": 1.1785820722579956, "eval_accuracy": 0.5016000270843506, "eval_mae": 0.5958, "eval_runtime": 17.4209, "eval_samples_per_second": 287.011}