{"eval_loss": 1.0212903022766113, "eval_accuracy": 0.5690000057220459, "eval_mae": 0.5094, "eval_runtime": 16.6149, "eval_samples_per_second": 300.935}