{"eval_loss": 1.368303894996643, "eval_accuracy": 0.4580000042915344, "eval_mae": 0.7316, "eval_runtime": 17.3067, "eval_samples_per_second": 288.905}