{"eval_loss": 1.0457290410995483, "eval_accuracy": 0.5609999895095825, "eval_mae": 0.5084, "eval_runtime": 21.7368, "eval_samples_per_second": 230.024}