{"eval_loss": 1.0457439422607422, "eval_accuracy": 0.5612000226974487, "eval_mae": 0.5078, "eval_runtime": 19.2818, "eval_samples_per_second": 259.312}