{"eval_loss": 0.9909666776657104, "eval_accuracy": 0.5722000002861023, "eval_mae": 0.506, "eval_runtime": 17.0198, "eval_samples_per_second": 293.775}