{"eval_loss": 1.155440092086792, "eval_accuracy": 0.5008000135421753, "eval_mae": 0.5906, "eval_runtime": 16.6381, "eval_samples_per_second": 300.515}