{"eval_loss": 0.9351575970649719, "eval_accuracy": 0.6025999784469604, "eval_mae": 0.4534, "eval_runtime": 17.1073, "eval_samples_per_second": 292.272}