{"eval_loss": 1.3558279275894165, "eval_accuracy": 0.48339998722076416, "eval_mae": 0.6704, "eval_runtime": 18.3744, "eval_samples_per_second": 272.118}