{"eval_loss": 0.9485810399055481, "eval_accuracy": 0.5898000001907349, "eval_mae": 0.4634, "eval_runtime": 17.1594, "eval_samples_per_second": 291.385}