{"eval_loss": 1.3647615909576416, "eval_accuracy": 0.45840001106262207, "eval_mae": 0.7296, "eval_runtime": 17.5094, "eval_samples_per_second": 285.562}