{"eval_loss": 1.342712163925171, "eval_accuracy": 0.4749999940395355, "eval_mae": 0.6936, "eval_runtime": 16.9492, "eval_samples_per_second": 295.0}