{"eval_loss": 1.018601417541504, "eval_accuracy": 0.5812000036239624, "eval_mae": 0.4938, "eval_runtime": 23.1394, "eval_samples_per_second": 216.082}