{"eval_loss": 0.9548757672309875, "eval_accuracy": 0.6018000245094299, "eval_mae": 0.4612, "eval_runtime": 17.2522, "eval_samples_per_second": 289.818}