{"eval_loss": 0.8892027139663696, "eval_accuracy": 0.6373999714851379, "eval_mae": 0.414, "eval_runtime": 22.6221, "eval_samples_per_second": 221.023}