{"eval_loss": 1.013099193572998, "eval_accuracy": 0.5777999758720398, "eval_mae": 0.4848, "eval_runtime": 17.4527, "eval_samples_per_second": 286.488}