{"eval_loss": 1.0300722122192383, "eval_accuracy": 0.5455999970436096, "eval_mae": 0.5398, "eval_runtime": 17.4757, "eval_samples_per_second": 286.112}