{"eval_loss": 0.9473318457603455, "eval_accuracy": 0.5924000144004822, "eval_mae": 0.4698, "eval_runtime": 18.9481, "eval_samples_per_second": 263.879}