{"eval_loss": 1.0136008262634277, "eval_accuracy": 0.5667999982833862, "eval_mae": 0.5042, "eval_runtime": 17.0331, "eval_samples_per_second": 293.546}