{"eval_loss": 1.0186399221420288, "eval_accuracy": 0.5809999704360962, "eval_mae": 0.494, "eval_runtime": 19.9899, "eval_samples_per_second": 250.126}