{"eval_loss": 1.3696777820587158, "eval_accuracy": 0.4575999975204468, "eval_mae": 0.7328, "eval_runtime": 17.4085, "eval_samples_per_second": 287.215}