{"eval_loss": 1.296988606452942, "eval_accuracy": 0.46799999475479126, "eval_mae": 0.6816, "eval_runtime": 32.9882, "eval_samples_per_second": 151.57}