{"eval_loss": 0.8900008797645569, "eval_accuracy": 0.6370000243186951, "eval_mae": 0.4142, "eval_runtime": 19.4797, "eval_samples_per_second": 256.677}