{"eval_loss": 0.9496864080429077, "eval_accuracy": 0.6068000197410583, "eval_mae": 0.4498, "eval_runtime": 18.7833, "eval_samples_per_second": 266.194}