{"eval_loss": 1.054782748222351, "eval_accuracy": 0.5288000106811523, "eval_mae": 0.5696, "eval_runtime": 16.8506, "eval_samples_per_second": 296.725}