{"eval_loss": 1.01255202293396, "eval_accuracy": 0.5794000029563904, "eval_mae": 0.4832, "eval_runtime": 16.3437, "eval_samples_per_second": 305.928}