{"eval_loss": 1.3524150848388672, "eval_accuracy": 0.4832000136375427, "eval_mae": 0.6718, "eval_runtime": 18.8178, "eval_samples_per_second": 265.706}