{"eval_loss": 1.0459023714065552, "eval_accuracy": 0.5590000152587891, "eval_mae": 0.5104, "eval_runtime": 18.5228, "eval_samples_per_second": 269.937}