{"eval_loss": 1.2969818115234375, "eval_accuracy": 0.4681999981403351, "eval_mae": 0.6814, "eval_runtime": 22.6391, "eval_samples_per_second": 220.856}