{"eval_loss": 0.9906039237976074, "eval_accuracy": 0.5709999799728394, "eval_mae": 0.506, "eval_runtime": 17.2918, "eval_samples_per_second": 289.155}