{"eval_loss": 1.083725929260254, "eval_accuracy": 0.5720000267028809, "eval_mae": 0.512, "eval_runtime": 16.0656, "eval_samples_per_second": 311.225}