{"eval_loss": 1.2602909803390503, "eval_accuracy": 0.49559998512268066, "eval_mae": 0.5988, "eval_runtime": 28.7259, "eval_samples_per_second": 174.059}