{"eval_loss": 1.3390318155288696, "eval_accuracy": 0.4674000144004822, "eval_mae": 0.689, "eval_runtime": 37.2304, "eval_samples_per_second": 134.299}