{"eval_loss": 1.2294156551361084, "eval_accuracy": 0.5063999891281128, "eval_mae": 0.6216, "eval_runtime": 19.1071, "eval_samples_per_second": 261.682}