{"eval_loss": 1.0804243087768555, "eval_accuracy": 0.5565999746322632, "eval_mae": 0.5322, "eval_runtime": 18.287, "eval_samples_per_second": 273.419}