{"eval_loss": 0.9352225661277771, "eval_accuracy": 0.6011999845504761, "eval_mae": 0.4554, "eval_runtime": 16.4756, "eval_samples_per_second": 303.48}