{"eval_loss": 1.0235552787780762, "eval_accuracy": 0.5565999746322632, "eval_mae": 0.5346, "eval_runtime": 17.471, "eval_samples_per_second": 286.188}