{"eval_loss": 1.2636213302612305, "eval_accuracy": 0.4986000061035156, "eval_mae": 0.5962, "eval_runtime": 19.9393, "eval_samples_per_second": 250.761}