{"eval_loss": 1.0625518560409546, "eval_accuracy": 0.5586000084877014, "eval_mae": 0.5206, "eval_runtime": 18.336, "eval_samples_per_second": 272.687}