{"eval_loss": 1.349969744682312, "eval_accuracy": 0.4722000062465668, "eval_mae": 0.688, "eval_runtime": 16.6917, "eval_samples_per_second": 299.55}