{"eval_loss": 1.176486611366272, "eval_accuracy": 0.5023999810218811, "eval_mae": 0.5924, "eval_runtime": 17.522, "eval_samples_per_second": 285.355}