{"eval_loss": 0.9479495882987976, "eval_accuracy": 0.592199981212616, "eval_mae": 0.4702, "eval_runtime": 21.3024, "eval_samples_per_second": 234.715}