{"eval_loss": 1.0115234851837158, "eval_accuracy": 0.5802000164985657, "eval_mae": 0.4816, "eval_runtime": 17.4286, "eval_samples_per_second": 286.884}