{"eval_loss": 1.3446128368377686, "eval_accuracy": 0.47440001368522644, "eval_mae": 0.695, "eval_runtime": 16.4318, "eval_samples_per_second": 304.288}