{"eval_loss": 1.3665691614151, "eval_accuracy": 0.45820000767707825, "eval_mae": 0.7314, "eval_runtime": 16.4113, "eval_samples_per_second": 304.669}