{"eval_loss": 0.948026180267334, "eval_accuracy": 0.5910000205039978, "eval_mae": 0.4718, "eval_runtime": 18.4105, "eval_samples_per_second": 271.584}