{"eval_loss": 1.1555099487304688, "eval_accuracy": 0.4991999864578247, "eval_mae": 0.5916, "eval_runtime": 17.4865, "eval_samples_per_second": 285.934}