{"eval_loss": 1.0102646350860596, "eval_accuracy": 0.5799999833106995, "eval_mae": 0.4818, "eval_runtime": 17.7852, "eval_samples_per_second": 281.133}