{"eval_loss": 1.0536315441131592, "eval_accuracy": 0.5285999774932861, "eval_mae": 0.568, "eval_runtime": 15.9497, "eval_samples_per_second": 313.485}