{"eval_loss": 1.0209758281707764, "eval_accuracy": 0.5694000124931335, "eval_mae": 0.507, "eval_runtime": 17.3938, "eval_samples_per_second": 287.458}