{"eval_loss": 1.1766437292099, "eval_accuracy": 0.5027999877929688, "eval_mae": 0.5924, "eval_runtime": 17.2612, "eval_samples_per_second": 289.667}