{"eval_loss": 1.3422609567642212, "eval_accuracy": 0.46799999475479126, "eval_mae": 0.6888, "eval_runtime": 18.2745, "eval_samples_per_second": 273.606}