{"eval_loss": 1.2251560688018799, "eval_accuracy": 0.4970000088214874, "eval_mae": 0.6058, "eval_runtime": 18.3904, "eval_samples_per_second": 271.882}