{"eval_loss": 1.1764687299728394, "eval_accuracy": 0.5019999742507935, "eval_mae": 0.5932, "eval_runtime": 17.3983, "eval_samples_per_second": 287.384}