{"eval_loss": 1.2367630004882812, "eval_accuracy": 0.498199999332428, "eval_mae": 0.6478, "eval_runtime": 19.5591, "eval_samples_per_second": 255.636}