{"eval_loss": 1.3433945178985596, "eval_accuracy": 0.4758000075817108, "eval_mae": 0.6934, "eval_runtime": 17.1016, "eval_samples_per_second": 292.37}