{"eval_loss": 1.0251128673553467, "eval_accuracy": 0.5550000071525574, "eval_mae": 0.536, "eval_runtime": 16.2933, "eval_samples_per_second": 306.875}