{"eval_loss": 1.2958484888076782, "eval_accuracy": 0.4684000015258789, "eval_mae": 0.6796, "eval_runtime": 37.4155, "eval_samples_per_second": 133.634}