{"eval_loss": 1.084722876548767, "eval_accuracy": 0.546999990940094, "eval_mae": 0.5422, "eval_runtime": 36.0872, "eval_samples_per_second": 138.553}