{"eval_loss": 0.9516986608505249, "eval_accuracy": 0.620199978351593, "eval_mae": 0.4302, "eval_runtime": 16.7369, "eval_samples_per_second": 298.741}