{"eval_loss": 1.0536519289016724, "eval_accuracy": 0.5270000100135803, "eval_mae": 0.5692, "eval_runtime": 16.8945, "eval_samples_per_second": 295.953}