{"eval_loss": 1.2381677627563477, "eval_accuracy": 0.4968000054359436, "eval_mae": 0.6478, "eval_runtime": 34.1923, "eval_samples_per_second": 146.232}