{"eval_loss": 1.0464739799499512, "eval_accuracy": 0.5612000226974487, "eval_mae": 0.5088, "eval_runtime": 18.4771, "eval_samples_per_second": 270.605}