{"eval_loss": 1.3567010164260864, "eval_accuracy": 0.48240000009536743, "eval_mae": 0.6706, "eval_runtime": 17.8181, "eval_samples_per_second": 280.613}