{"eval_loss": 1.1724191904067993, "eval_accuracy": 0.5062000155448914, "eval_mae": 0.5898, "eval_runtime": 17.3088, "eval_samples_per_second": 288.87}