{"eval_loss": 1.0800843238830566, "eval_accuracy": 0.555400013923645, "eval_mae": 0.5662, "eval_runtime": 30.0347, "eval_samples_per_second": 166.474}