{"eval_loss": 1.3547048568725586, "eval_accuracy": 0.4821999967098236, "eval_mae": 0.673, "eval_runtime": 18.4329, "eval_samples_per_second": 271.254}