{"eval_loss": 0.9911201000213623, "eval_accuracy": 0.5702000260353088, "eval_mae": 0.508, "eval_runtime": 16.1783, "eval_samples_per_second": 309.056}