{"eval_loss": 1.0055427551269531, "eval_accuracy": 0.5758000016212463, "eval_mae": 0.4958, "eval_runtime": 17.2114, "eval_samples_per_second": 290.506}