{"eval_loss": 1.0540248155593872, "eval_accuracy": 0.5270000100135803, "eval_mae": 0.5706, "eval_runtime": 16.2831, "eval_samples_per_second": 307.067}