{"eval_loss": 1.15616774559021, "eval_accuracy": 0.49939998984336853, "eval_mae": 0.5916, "eval_runtime": 17.315, "eval_samples_per_second": 288.767}