{"eval_loss": 1.3669072389602661, "eval_accuracy": 0.4580000042915344, "eval_mae": 0.7312, "eval_runtime": 17.3516, "eval_samples_per_second": 288.157}