{"eval_loss": 1.3479324579238892, "eval_accuracy": 0.4715999960899353, "eval_mae": 0.6904, "eval_runtime": 17.2384, "eval_samples_per_second": 290.05}