{"eval_loss": 1.4343602657318115, "eval_accuracy": 0.4399999976158142, "eval_mae": 0.7248, "eval_runtime": 19.1072, "eval_samples_per_second": 261.681}