{"eval_loss": 1.2278547286987305, "eval_accuracy": 0.5001999735832214, "eval_mae": 0.6026, "eval_runtime": 18.461, "eval_samples_per_second": 270.841}