{"eval_loss": 1.343243956565857, "eval_accuracy": 0.4745999872684479, "eval_mae": 0.6948, "eval_runtime": 16.9432, "eval_samples_per_second": 295.103}