{"eval_loss": 1.3419277667999268, "eval_accuracy": 0.48420000076293945, "eval_mae": 0.6688, "eval_runtime": 18.401, "eval_samples_per_second": 271.725}