{"eval_loss": 1.0184247493743896, "eval_accuracy": 0.5812000036239624, "eval_mae": 0.4938, "eval_runtime": 25.9948, "eval_samples_per_second": 192.346}