{"eval_loss": 1.2288644313812256, "eval_accuracy": 0.5063999891281128, "eval_mae": 0.6212, "eval_runtime": 28.6112, "eval_samples_per_second": 174.756}