{"eval_loss": 1.0249595642089844, "eval_accuracy": 0.5564000010490417, "eval_mae": 0.5344, "eval_runtime": 17.4696, "eval_samples_per_second": 286.211}