{"eval_loss": 1.0799793004989624, "eval_accuracy": 0.5591999888420105, "eval_mae": 0.5302, "eval_runtime": 18.3338, "eval_samples_per_second": 272.721}