{"eval_loss": 1.339047908782959, "eval_accuracy": 0.4675999879837036, "eval_mae": 0.6892, "eval_runtime": 25.6149, "eval_samples_per_second": 195.199}