{"eval_loss": 1.0788090229034424, "eval_accuracy": 0.5583999752998352, "eval_mae": 0.5314, "eval_runtime": 27.3432, "eval_samples_per_second": 182.861}