{"eval_loss": 0.9908173084259033, "eval_accuracy": 0.5708000063896179, "eval_mae": 0.5078, "eval_runtime": 16.1324, "eval_samples_per_second": 309.936}