{"eval_loss": 1.0202418565750122, "eval_accuracy": 0.5694000124931335, "eval_mae": 0.5088, "eval_runtime": 17.2907, "eval_samples_per_second": 289.173}