{"eval_loss": 1.084248661994934, "eval_accuracy": 0.5756000280380249, "eval_mae": 0.5082, "eval_runtime": 17.6733, "eval_samples_per_second": 282.913}