{"eval_loss": 1.0207189321517944, "eval_accuracy": 0.5698000192642212, "eval_mae": 0.5082, "eval_runtime": 17.2318, "eval_samples_per_second": 290.161}