{"eval_loss": 1.3418700695037842, "eval_accuracy": 0.4758000075817108, "eval_mae": 0.6944, "eval_runtime": 16.9719, "eval_samples_per_second": 294.605}