{"eval_loss": 1.1764051914215088, "eval_accuracy": 0.5027999877929688, "eval_mae": 0.5918, "eval_runtime": 17.2878, "eval_samples_per_second": 289.221}