{"eval_loss": 0.9610459208488464, "eval_accuracy": 0.593999981880188, "eval_mae": 0.4824, "eval_runtime": 17.3296, "eval_samples_per_second": 288.524}