{"eval_loss": 0.9490599632263184, "eval_accuracy": 0.6078000068664551, "eval_mae": 0.4478, "eval_runtime": 23.5609, "eval_samples_per_second": 212.216}