{"eval_loss": 1.3924083709716797, "eval_accuracy": 0.48100000619888306, "eval_mae": 0.6738, "eval_runtime": 23.6625, "eval_samples_per_second": 211.305}