{"eval_loss": 1.3504046201705933, "eval_accuracy": 0.4722000062465668, "eval_mae": 0.6882, "eval_runtime": 17.3286, "eval_samples_per_second": 288.541}