{"eval_loss": 1.3517342805862427, "eval_accuracy": 0.48539999127388, "eval_mae": 0.6702, "eval_runtime": 18.557, "eval_samples_per_second": 269.44}