{"eval_loss": 1.0785490274429321, "eval_accuracy": 0.5587999820709229, "eval_mae": 0.5306, "eval_runtime": 18.5893, "eval_samples_per_second": 268.972}