{"eval_loss": 0.9480492472648621, "eval_accuracy": 0.5920000076293945, "eval_mae": 0.4708, "eval_runtime": 18.7026, "eval_samples_per_second": 267.343}