{"eval_loss": 0.9486960768699646, "eval_accuracy": 0.5911999940872192, "eval_mae": 0.463, "eval_runtime": 16.6287, "eval_samples_per_second": 300.685}