{"eval_loss": 1.3674038648605347, "eval_accuracy": 0.4562000036239624, "eval_mae": 0.7324, "eval_runtime": 16.9009, "eval_samples_per_second": 295.843}