{"eval_loss": 1.3505630493164062, "eval_accuracy": 0.48399999737739563, "eval_mae": 0.6702, "eval_runtime": 18.6081, "eval_samples_per_second": 268.7}