{"eval_loss": 0.9475786089897156, "eval_accuracy": 0.5932000279426575, "eval_mae": 0.4696, "eval_runtime": 19.8255, "eval_samples_per_second": 252.2}