{"eval_loss": 1.0557934045791626, "eval_accuracy": 0.5267999768257141, "eval_mae": 0.5716, "eval_runtime": 17.2831, "eval_samples_per_second": 289.301}