{"eval_loss": 1.153270959854126, "eval_accuracy": 0.5008000135421753, "eval_mae": 0.5898, "eval_runtime": 16.6353, "eval_samples_per_second": 300.566}