{"eval_loss": 0.9491967558860779, "eval_accuracy": 0.605400025844574, "eval_mae": 0.4504, "eval_runtime": 19.7356, "eval_samples_per_second": 253.349}