{"eval_loss": 0.9488815665245056, "eval_accuracy": 0.5907999873161316, "eval_mae": 0.4628, "eval_runtime": 17.1881, "eval_samples_per_second": 290.9}