{"eval_loss": 1.01444411277771, "eval_accuracy": 0.5645999908447266, "eval_mae": 0.508, "eval_runtime": 17.0805, "eval_samples_per_second": 292.732}