{"eval_loss": 0.9504522681236267, "eval_accuracy": 0.6212000250816345, "eval_mae": 0.4284, "eval_runtime": 17.4415, "eval_samples_per_second": 286.672}