{"eval_loss": 0.9495416283607483, "eval_accuracy": 0.607200026512146, "eval_mae": 0.4486, "eval_runtime": 32.9413, "eval_samples_per_second": 151.785}