{"eval_loss": 1.0116628408432007, "eval_accuracy": 0.5795999765396118, "eval_mae": 0.482, "eval_runtime": 17.4623, "eval_samples_per_second": 286.331}