{"eval_loss": 0.9479959011077881, "eval_accuracy": 0.5917999744415283, "eval_mae": 0.4696, "eval_runtime": 19.8953, "eval_samples_per_second": 251.315}