{"eval_loss": 1.4434014558792114, "eval_accuracy": 0.4392000138759613, "eval_mae": 0.7288, "eval_runtime": 18.4564, "eval_samples_per_second": 270.908}