{"eval_loss": 0.9487224817276001, "eval_accuracy": 0.5911999940872192, "eval_mae": 0.4628, "eval_runtime": 17.3327, "eval_samples_per_second": 288.473}