{"eval_loss": 0.9553351402282715, "eval_accuracy": 0.5997999906539917, "eval_mae": 0.463, "eval_runtime": 17.3589, "eval_samples_per_second": 288.037}