{"eval_loss": 0.9557891488075256, "eval_accuracy": 0.5996000170707703, "eval_mae": 0.4634, "eval_runtime": 16.3372, "eval_samples_per_second": 306.05}