{"eval_loss": 1.0142390727996826, "eval_accuracy": 0.5654000043869019, "eval_mae": 0.5076, "eval_runtime": 16.9592, "eval_samples_per_second": 294.825}