{"eval_loss": 1.1781667470932007, "eval_accuracy": 0.5022000074386597, "eval_mae": 0.593, "eval_runtime": 17.4291, "eval_samples_per_second": 286.877}