{"eval_loss": 1.3614946603775024, "eval_accuracy": 0.4586000144481659, "eval_mae": 0.7304, "eval_runtime": 17.3352, "eval_samples_per_second": 288.431}