{"eval_loss": 1.3923556804656982, "eval_accuracy": 0.48080000281333923, "eval_mae": 0.6738, "eval_runtime": 19.4074, "eval_samples_per_second": 257.634}