{"eval_loss": 0.9481177926063538, "eval_accuracy": 0.5896000266075134, "eval_mae": 0.4642, "eval_runtime": 17.3315, "eval_samples_per_second": 288.492}