{"eval_loss": 1.0248448848724365, "eval_accuracy": 0.5537999868392944, "eval_mae": 0.5374, "eval_runtime": 16.6323, "eval_samples_per_second": 300.619}