{"eval_loss": 1.3678877353668213, "eval_accuracy": 0.4580000042915344, "eval_mae": 0.7312, "eval_runtime": 16.7368, "eval_samples_per_second": 298.743}