{"eval_loss": 1.2243295907974243, "eval_accuracy": 0.5016000270843506, "eval_mae": 0.6018, "eval_runtime": 18.3819, "eval_samples_per_second": 272.006}