{"eval_loss": 1.0810579061508179, "eval_accuracy": 0.5600000023841858, "eval_mae": 0.5306, "eval_runtime": 18.5998, "eval_samples_per_second": 268.82}