{"eval_loss": 1.1761536598205566, "eval_accuracy": 0.5031999945640564, "eval_mae": 0.5914, "eval_runtime": 17.5027, "eval_samples_per_second": 285.671}