{"eval_loss": 1.3924716711044312, "eval_accuracy": 0.48100000619888306, "eval_mae": 0.6736, "eval_runtime": 30.5996, "eval_samples_per_second": 163.401}