{"eval_loss": 1.4455559253692627, "eval_accuracy": 0.4381999969482422, "eval_mae": 0.7308, "eval_runtime": 18.3482, "eval_samples_per_second": 272.507}