{"eval_loss": 0.9509603381156921, "eval_accuracy": 0.6204000115394592, "eval_mae": 0.4294, "eval_runtime": 17.5024, "eval_samples_per_second": 285.675}