{"eval_loss": 1.3394873142242432, "eval_accuracy": 0.46799999475479126, "eval_mae": 0.6886, "eval_runtime": 19.466, "eval_samples_per_second": 256.858}