{"eval_loss": 1.0186899900436401, "eval_accuracy": 0.5812000036239624, "eval_mae": 0.4936, "eval_runtime": 18.5329, "eval_samples_per_second": 269.791}