{"eval_loss": 0.9610644578933716, "eval_accuracy": 0.5928000211715698, "eval_mae": 0.4834, "eval_runtime": 17.3556, "eval_samples_per_second": 288.091}