{"eval_loss": 1.2957719564437866, "eval_accuracy": 0.46779999136924744, "eval_mae": 0.6816, "eval_runtime": 23.693, "eval_samples_per_second": 211.033}