{"eval_loss": 1.0786044597625732, "eval_accuracy": 0.5586000084877014, "eval_mae": 0.5306, "eval_runtime": 18.2223, "eval_samples_per_second": 274.389}