{"eval_loss": 1.0052303075790405, "eval_accuracy": 0.576200008392334, "eval_mae": 0.4954, "eval_runtime": 16.8119, "eval_samples_per_second": 297.409}