{"eval_loss": 0.9533683657646179, "eval_accuracy": 0.6001999974250793, "eval_mae": 0.4624, "eval_runtime": 17.2396, "eval_samples_per_second": 290.029}