{"eval_loss": 0.949091911315918, "eval_accuracy": 0.5892000198364258, "eval_mae": 0.4646, "eval_runtime": 16.5091, "eval_samples_per_second": 302.863}