{"eval_loss": 1.0115985870361328, "eval_accuracy": 0.5789999961853027, "eval_mae": 0.4834, "eval_runtime": 16.8501, "eval_samples_per_second": 296.734}