{"eval_loss": 1.3485798835754395, "eval_accuracy": 0.47200000286102295, "eval_mae": 0.6898, "eval_runtime": 17.3799, "eval_samples_per_second": 287.688}