{"eval_loss": 1.4426774978637695, "eval_accuracy": 0.43939998745918274, "eval_mae": 0.7292, "eval_runtime": 18.2891, "eval_samples_per_second": 273.387}