{"eval_loss": 0.945824146270752, "eval_accuracy": 0.605400025844574, "eval_mae": 0.4566, "eval_runtime": 17.1588, "eval_samples_per_second": 291.395}