{"eval_loss": 1.0737931728363037, "eval_accuracy": 0.5576000213623047, "eval_mae": 0.5634, "eval_runtime": 18.4019, "eval_samples_per_second": 271.711}