{"eval_loss": 1.2272502183914185, "eval_accuracy": 0.5005999803543091, "eval_mae": 0.603, "eval_runtime": 18.4378, "eval_samples_per_second": 271.182}