{"eval_loss": 1.2391541004180908, "eval_accuracy": 0.5027999877929688, "eval_mae": 0.5916, "eval_runtime": 19.3868, "eval_samples_per_second": 257.907}