{"eval_loss": 1.078890085220337, "eval_accuracy": 0.5591999888420105, "eval_mae": 0.53, "eval_runtime": 24.0135, "eval_samples_per_second": 208.217}