{"eval_loss": 1.2301411628723145, "eval_accuracy": 0.5008000135421753, "eval_mae": 0.6028, "eval_runtime": 18.0625, "eval_samples_per_second": 276.816}