{"eval_loss": 1.3485013246536255, "eval_accuracy": 0.47099998593330383, "eval_mae": 0.6914, "eval_runtime": 17.5876, "eval_samples_per_second": 284.291}