{"eval_loss": 0.8895288109779358, "eval_accuracy": 0.6366000175476074, "eval_mae": 0.4144, "eval_runtime": 19.8105, "eval_samples_per_second": 252.392}