{"eval_loss": 1.350894570350647, "eval_accuracy": 0.4851999878883362, "eval_mae": 0.6688, "eval_runtime": 17.8124, "eval_samples_per_second": 280.703}