{"eval_loss": 1.3674216270446777, "eval_accuracy": 0.4586000144481659, "eval_mae": 0.7308, "eval_runtime": 17.2771, "eval_samples_per_second": 289.401}