{"eval_loss": 0.9467298984527588, "eval_accuracy": 0.6060000061988831, "eval_mae": 0.4562, "eval_runtime": 17.1661, "eval_samples_per_second": 291.271}