{"eval_loss": 1.2966840267181396, "eval_accuracy": 0.46799999475479126, "eval_mae": 0.6816, "eval_runtime": 21.9902, "eval_samples_per_second": 227.374}