{"eval_loss": 0.9486671686172485, "eval_accuracy": 0.5898000001907349, "eval_mae": 0.4642, "eval_runtime": 16.2542, "eval_samples_per_second": 307.613}