{"eval_loss": 1.0180010795593262, "eval_accuracy": 0.5812000036239624, "eval_mae": 0.4936, "eval_runtime": 18.5595, "eval_samples_per_second": 269.403}