{"eval_loss": 1.085931658744812, "eval_accuracy": 0.5482000112533569, "eval_mae": 0.5408, "eval_runtime": 21.3566, "eval_samples_per_second": 234.12}