{"eval_loss": 0.9475246071815491, "eval_accuracy": 0.5916000008583069, "eval_mae": 0.4708, "eval_runtime": 19.1094, "eval_samples_per_second": 261.651}