{"eval_loss": 0.8897227644920349, "eval_accuracy": 0.6366000175476074, "eval_mae": 0.4144, "eval_runtime": 21.8144, "eval_samples_per_second": 229.207}