{"eval_loss": 1.3670027256011963, "eval_accuracy": 0.45739999413490295, "eval_mae": 0.7324, "eval_runtime": 16.7031, "eval_samples_per_second": 299.345}