{"eval_loss": 1.2965538501739502, "eval_accuracy": 0.46799999475479126, "eval_mae": 0.681, "eval_runtime": 23.2557, "eval_samples_per_second": 215.001}