{"eval_loss": 0.9560996294021606, "eval_accuracy": 0.5983999967575073, "eval_mae": 0.4654, "eval_runtime": 17.4832, "eval_samples_per_second": 285.988}