{"eval_loss": 0.9360328316688538, "eval_accuracy": 0.6007999777793884, "eval_mae": 0.4562, "eval_runtime": 16.4009, "eval_samples_per_second": 304.861}