{"eval_loss": 1.2809736728668213, "eval_accuracy": 0.47200000286102295, "eval_mae": 0.6758, "eval_runtime": 20.1261, "eval_samples_per_second": 248.434}