{"eval_loss": 0.9467066526412964, "eval_accuracy": 0.5935999751091003, "eval_mae": 0.4688, "eval_runtime": 19.3209, "eval_samples_per_second": 258.787}