{"eval_loss": 1.4439483880996704, "eval_accuracy": 0.43939998745918274, "eval_mae": 0.727, "eval_runtime": 25.4637, "eval_samples_per_second": 196.358}