{"eval_loss": 1.146255612373352, "eval_accuracy": 0.5479999780654907, "eval_mae": 0.5818, "eval_runtime": 16.7157, "eval_samples_per_second": 299.119}