{"eval_loss": 1.2870111465454102, "eval_accuracy": 0.4674000144004822, "eval_mae": 0.678, "eval_runtime": 19.8422, "eval_samples_per_second": 251.989}