{"eval_loss": 1.3426473140716553, "eval_accuracy": 0.47600001096725464, "eval_mae": 0.6924, "eval_runtime": 16.8702, "eval_samples_per_second": 296.381}