{"eval_loss": 1.2386465072631836, "eval_accuracy": 0.49720001220703125, "eval_mae": 0.6476, "eval_runtime": 18.2044, "eval_samples_per_second": 274.659}