{"eval_loss": 0.9551944136619568, "eval_accuracy": 0.5983999967575073, "eval_mae": 0.4648, "eval_runtime": 17.3376, "eval_samples_per_second": 288.391}