{"eval_loss": 1.1467868089675903, "eval_accuracy": 0.5496000051498413, "eval_mae": 0.5808, "eval_runtime": 17.5545, "eval_samples_per_second": 284.827}