{"eval_loss": 1.006381630897522, "eval_accuracy": 0.5952000021934509, "eval_mae": 0.4662, "eval_runtime": 17.1728, "eval_samples_per_second": 291.158}