{"eval_loss": 1.053648829460144, "eval_accuracy": 0.527999997138977, "eval_mae": 0.5698, "eval_runtime": 16.3484, "eval_samples_per_second": 305.84}