{"eval_loss": 1.1471586227416992, "eval_accuracy": 0.5479999780654907, "eval_mae": 0.5808, "eval_runtime": 17.3861, "eval_samples_per_second": 287.586}