{"eval_loss": 1.3675944805145264, "eval_accuracy": 0.4596000015735626, "eval_mae": 0.7284, "eval_runtime": 16.4001, "eval_samples_per_second": 304.876}