{"eval_loss": 1.0146280527114868, "eval_accuracy": 0.5655999779701233, "eval_mae": 0.5072, "eval_runtime": 17.0083, "eval_samples_per_second": 293.974}