{"eval_loss": 1.0803800821304321, "eval_accuracy": 0.5568000078201294, "eval_mae": 0.5646, "eval_runtime": 18.7437, "eval_samples_per_second": 266.756}