{"eval_loss": 1.2397093772888184, "eval_accuracy": 0.49720001220703125, "eval_mae": 0.6482, "eval_runtime": 18.1324, "eval_samples_per_second": 275.749}