{"eval_loss": 1.0321322679519653, "eval_accuracy": 0.5436000227928162, "eval_mae": 0.5416, "eval_runtime": 17.4005, "eval_samples_per_second": 287.349}