{"eval_loss": 1.0249260663986206, "eval_accuracy": 0.5550000071525574, "eval_mae": 0.5366, "eval_runtime": 17.2469, "eval_samples_per_second": 289.907}