{"eval_loss": 0.9494616985321045, "eval_accuracy": 0.6074000000953674, "eval_mae": 0.449, "eval_runtime": 20.3109, "eval_samples_per_second": 246.173}