{"eval_loss": 1.0274322032928467, "eval_accuracy": 0.5446000099182129, "eval_mae": 0.539, "eval_runtime": 16.6939, "eval_samples_per_second": 299.51}