{"eval_loss": 0.9488386511802673, "eval_accuracy": 0.5906000137329102, "eval_mae": 0.4634, "eval_runtime": 17.229, "eval_samples_per_second": 290.209}