{"eval_loss": 1.0785759687423706, "eval_accuracy": 0.5586000084877014, "eval_mae": 0.5308, "eval_runtime": 32.7211, "eval_samples_per_second": 152.807}