{"eval_loss": 1.0801215171813965, "eval_accuracy": 0.5582000017166138, "eval_mae": 0.5622, "eval_runtime": 24.2829, "eval_samples_per_second": 205.906}