{"eval_loss": 1.024631142616272, "eval_accuracy": 0.5547999739646912, "eval_mae": 0.5388, "eval_runtime": 17.3242, "eval_samples_per_second": 288.613}