{"eval_loss": 0.949241578578949, "eval_accuracy": 0.6068000197410583, "eval_mae": 0.4494, "eval_runtime": 18.8708, "eval_samples_per_second": 264.96}