{"eval_loss": 1.0006030797958374, "eval_accuracy": 0.5722000002861023, "eval_mae": 0.496, "eval_runtime": 17.4179, "eval_samples_per_second": 287.061}