{"eval_loss": 1.014510989189148, "eval_accuracy": 0.5644000172615051, "eval_mae": 0.508, "eval_runtime": 17.1038, "eval_samples_per_second": 292.333}