{"eval_loss": 1.0075873136520386, "eval_accuracy": 0.5942000150680542, "eval_mae": 0.4676, "eval_runtime": 17.4015, "eval_samples_per_second": 287.331}