{"eval_loss": 1.0207387208938599, "eval_accuracy": 0.5698000192642212, "eval_mae": 0.508, "eval_runtime": 16.5355, "eval_samples_per_second": 302.379}