{"eval_loss": 1.0285943746566772, "eval_accuracy": 0.5475999712944031, "eval_mae": 0.5366, "eval_runtime": 17.566, "eval_samples_per_second": 284.641}