{"eval_loss": 1.177272915840149, "eval_accuracy": 0.503000020980835, "eval_mae": 0.5912, "eval_runtime": 17.5102, "eval_samples_per_second": 285.548}