{"eval_loss": 1.2301867008209229, "eval_accuracy": 0.49779999256134033, "eval_mae": 0.6052, "eval_runtime": 18.3595, "eval_samples_per_second": 272.338}