{"eval_loss": 0.9520681500434875, "eval_accuracy": 0.607200026512146, "eval_mae": 0.4488, "eval_runtime": 18.4576, "eval_samples_per_second": 270.891}