{"eval_loss": 0.9557857513427734, "eval_accuracy": 0.5982000231742859, "eval_mae": 0.4654, "eval_runtime": 17.2402, "eval_samples_per_second": 290.02}