{"eval_loss": 0.9499915242195129, "eval_accuracy": 0.6065999865531921, "eval_mae": 0.4494, "eval_runtime": 21.8649, "eval_samples_per_second": 228.677}