{"eval_loss": 0.9471589922904968, "eval_accuracy": 0.6029999852180481, "eval_mae": 0.4598, "eval_runtime": 17.4063, "eval_samples_per_second": 287.253}