{"eval_loss": 1.44324791431427, "eval_accuracy": 0.4399999976158142, "eval_mae": 0.7288, "eval_runtime": 21.4154, "eval_samples_per_second": 233.477}