{"eval_loss": 0.9495115280151367, "eval_accuracy": 0.6046000123023987, "eval_mae": 0.452, "eval_runtime": 18.7662, "eval_samples_per_second": 266.436}