{"eval_loss": 1.3449357748031616, "eval_accuracy": 0.47040000557899475, "eval_mae": 0.6904, "eval_runtime": 16.7024, "eval_samples_per_second": 299.357}