{"eval_loss": 1.2388086318969727, "eval_accuracy": 0.4968000054359436, "eval_mae": 0.6476, "eval_runtime": 20.4344, "eval_samples_per_second": 244.686}