{"eval_loss": 1.017441749572754, "eval_accuracy": 0.579800009727478, "eval_mae": 0.4822, "eval_runtime": 17.5275, "eval_samples_per_second": 285.266}