{"eval_loss": 1.017626166343689, "eval_accuracy": 0.579200029373169, "eval_mae": 0.4834, "eval_runtime": 16.8233, "eval_samples_per_second": 297.207}