{"eval_loss": 0.9747009873390198, "eval_accuracy": 0.5799999833106995, "eval_mae": 0.4896, "eval_runtime": 17.2534, "eval_samples_per_second": 289.798}