{"eval_loss": 1.052713394165039, "eval_accuracy": 0.5264000296592712, "eval_mae": 0.5712, "eval_runtime": 16.9373, "eval_samples_per_second": 295.207}