{"eval_loss": 1.024638056755066, "eval_accuracy": 0.5544000267982483, "eval_mae": 0.537, "eval_runtime": 17.5737, "eval_samples_per_second": 284.516}