{"eval_loss": 0.9608961939811707, "eval_accuracy": 0.5935999751091003, "eval_mae": 0.4828, "eval_runtime": 17.3607, "eval_samples_per_second": 288.007}