{"eval_loss": 1.0248805284500122, "eval_accuracy": 0.5541999936103821, "eval_mae": 0.5368, "eval_runtime": 17.2968, "eval_samples_per_second": 289.071}