{"eval_loss": 0.9489185810089111, "eval_accuracy": 0.5902000069618225, "eval_mae": 0.4638, "eval_runtime": 16.245, "eval_samples_per_second": 307.786}