{"eval_loss": 0.9364314675331116, "eval_accuracy": 0.6014000177383423, "eval_mae": 0.4548, "eval_runtime": 17.141, "eval_samples_per_second": 291.699}