{"eval_loss": 0.8893777132034302, "eval_accuracy": 0.6362000107765198, "eval_mae": 0.4154, "eval_runtime": 23.7559, "eval_samples_per_second": 210.474}