{"eval_loss": 1.0861461162567139, "eval_accuracy": 0.5479999780654907, "eval_mae": 0.5408, "eval_runtime": 31.6686, "eval_samples_per_second": 157.885}