{"eval_loss": 1.1763720512390137, "eval_accuracy": 0.5023999810218811, "eval_mae": 0.5918, "eval_runtime": 17.4469, "eval_samples_per_second": 286.583}