{"eval_loss": 1.3815288543701172, "eval_accuracy": 0.47760000824928284, "eval_mae": 0.678, "eval_runtime": 21.588, "eval_samples_per_second": 231.61}