{"eval_loss": 1.3387274742126465, "eval_accuracy": 0.46799999475479126, "eval_mae": 0.6888, "eval_runtime": 18.9235, "eval_samples_per_second": 264.222}