{"eval_loss": 0.9567248821258545, "eval_accuracy": 0.599399983882904, "eval_mae": 0.4638, "eval_runtime": 17.4611, "eval_samples_per_second": 286.352}