{"eval_loss": 1.349094271659851, "eval_accuracy": 0.47200000286102295, "eval_mae": 0.6898, "eval_runtime": 16.7666, "eval_samples_per_second": 298.213}