{"eval_loss": 0.9786280989646912, "eval_accuracy": 0.5827999711036682, "eval_mae": 0.4858, "eval_runtime": 16.7183, "eval_samples_per_second": 299.074}