{"eval_loss": 1.0138301849365234, "eval_accuracy": 0.5640000104904175, "eval_mae": 0.508, "eval_runtime": 17.2658, "eval_samples_per_second": 289.589}