{"eval_loss": 0.9655214548110962, "eval_accuracy": 0.5952000021934509, "eval_mae": 0.4702, "eval_runtime": 17.2963, "eval_samples_per_second": 289.08}