{"eval_loss": 1.444776177406311, "eval_accuracy": 0.4399999976158142, "eval_mae": 0.7288, "eval_runtime": 18.2286, "eval_samples_per_second": 274.295}