{"eval_loss": 1.2387406826019287, "eval_accuracy": 0.4966000020503998, "eval_mae": 0.648, "eval_runtime": 18.9389, "eval_samples_per_second": 264.007}