{"eval_loss": 1.0627998113632202, "eval_accuracy": 0.5564000010490417, "eval_mae": 0.5226, "eval_runtime": 18.32, "eval_samples_per_second": 272.926}