{"eval_loss": 0.9487160444259644, "eval_accuracy": 0.590399980545044, "eval_mae": 0.463, "eval_runtime": 16.3468, "eval_samples_per_second": 305.871}