{"eval_loss": 1.2393485307693481, "eval_accuracy": 0.49720001220703125, "eval_mae": 0.6472, "eval_runtime": 31.4129, "eval_samples_per_second": 159.17}