{"eval_loss": 0.979095995426178, "eval_accuracy": 0.5820000171661377, "eval_mae": 0.4888, "eval_runtime": 16.954, "eval_samples_per_second": 294.915}