{"eval_loss": 0.9506089687347412, "eval_accuracy": 0.6197999715805054, "eval_mae": 0.4306, "eval_runtime": 17.7166, "eval_samples_per_second": 282.221}