{"eval_loss": 0.9488502144813538, "eval_accuracy": 0.6075999736785889, "eval_mae": 0.449, "eval_runtime": 17.9276, "eval_samples_per_second": 278.9}