{"eval_loss": 1.1650372743606567, "eval_accuracy": 0.5482000112533569, "eval_mae": 0.5826, "eval_runtime": 17.3741, "eval_samples_per_second": 287.785}