{"eval_loss": 0.9508980512619019, "eval_accuracy": 0.6215999722480774, "eval_mae": 0.4278, "eval_runtime": 17.4577, "eval_samples_per_second": 286.407}