{"eval_loss": 1.0112613439559937, "eval_accuracy": 0.5809999704360962, "eval_mae": 0.4814, "eval_runtime": 17.5013, "eval_samples_per_second": 285.693}