{"eval_loss": 1.0120790004730225, "eval_accuracy": 0.5802000164985657, "eval_mae": 0.4814, "eval_runtime": 16.7342, "eval_samples_per_second": 298.789}