{"eval_loss": 1.2425345182418823, "eval_accuracy": 0.5016000270843506, "eval_mae": 0.5938, "eval_runtime": 18.9828, "eval_samples_per_second": 263.397}