{"eval_loss": 1.0605560541152954, "eval_accuracy": 0.5550000071525574, "eval_mae": 0.524, "eval_runtime": 18.4257, "eval_samples_per_second": 271.36}