{"eval_loss": 0.9358683824539185, "eval_accuracy": 0.6011999845504761, "eval_mae": 0.455, "eval_runtime": 17.064, "eval_samples_per_second": 293.015}