{"eval_loss": 0.9354754090309143, "eval_accuracy": 0.6019999980926514, "eval_mae": 0.454, "eval_runtime": 16.4876, "eval_samples_per_second": 303.258}