{"eval_loss": 1.362639307975769, "eval_accuracy": 0.45719999074935913, "eval_mae": 0.7316, "eval_runtime": 17.3094, "eval_samples_per_second": 288.86}