{"eval_loss": 1.2438827753067017, "eval_accuracy": 0.5004000067710876, "eval_mae": 0.5942, "eval_runtime": 19.6039, "eval_samples_per_second": 255.052}