{"eval_loss": 1.238700270652771, "eval_accuracy": 0.4970000088214874, "eval_mae": 0.6476, "eval_runtime": 19.9174, "eval_samples_per_second": 251.037}