{"eval_loss": 1.0112375020980835, "eval_accuracy": 0.5807999968528748, "eval_mae": 0.482, "eval_runtime": 16.8157, "eval_samples_per_second": 297.342}