{"eval_loss": 1.0147212743759155, "eval_accuracy": 0.5649999976158142, "eval_mae": 0.5074, "eval_runtime": 17.004, "eval_samples_per_second": 294.049}