{"eval_loss": 1.086073875427246, "eval_accuracy": 0.5483999848365784, "eval_mae": 0.5406, "eval_runtime": 31.5721, "eval_samples_per_second": 158.368}