{"eval_loss": 1.2947977781295776, "eval_accuracy": 0.46880000829696655, "eval_mae": 0.6802, "eval_runtime": 19.6748, "eval_samples_per_second": 254.133}