{"eval_loss": 1.1775379180908203, "eval_accuracy": 0.5027999877929688, "eval_mae": 0.5924, "eval_runtime": 17.3321, "eval_samples_per_second": 288.483}