{"eval_loss": 1.0845218896865845, "eval_accuracy": 0.574400007724762, "eval_mae": 0.5098, "eval_runtime": 17.0672, "eval_samples_per_second": 292.959}