{"eval_loss": 1.3528801202774048, "eval_accuracy": 0.4814000129699707, "eval_mae": 0.6726, "eval_runtime": 18.0769, "eval_samples_per_second": 276.595}