{"eval_loss": 1.015667200088501, "eval_accuracy": 0.5669999718666077, "eval_mae": 0.5056, "eval_runtime": 16.5261, "eval_samples_per_second": 302.553}