{"eval_loss": 0.9358686804771423, "eval_accuracy": 0.6019999980926514, "eval_mae": 0.454, "eval_runtime": 16.4732, "eval_samples_per_second": 303.522}