{"eval_loss": 1.244882583618164, "eval_accuracy": 0.5005999803543091, "eval_mae": 0.5952, "eval_runtime": 18.5892, "eval_samples_per_second": 268.974}