{"eval_loss": 1.340087890625, "eval_accuracy": 0.46779999136924744, "eval_mae": 0.6892, "eval_runtime": 20.2282, "eval_samples_per_second": 247.179}