{"eval_loss": 1.4427158832550049, "eval_accuracy": 0.43939998745918274, "eval_mae": 0.7294, "eval_runtime": 18.9683, "eval_samples_per_second": 263.598}