{"eval_loss": 1.0185458660125732, "eval_accuracy": 0.5825999975204468, "eval_mae": 0.479, "eval_runtime": 17.4427, "eval_samples_per_second": 286.652}