{"eval_loss": 1.013209342956543, "eval_accuracy": 0.579200029373169, "eval_mae": 0.482, "eval_runtime": 17.541, "eval_samples_per_second": 285.047}