{"eval_loss": 1.011628270149231, "eval_accuracy": 0.579800009727478, "eval_mae": 0.482, "eval_runtime": 17.3204, "eval_samples_per_second": 288.678}