{"eval_loss": 1.0127769708633423, "eval_accuracy": 0.5655999779701233, "eval_mae": 0.506, "eval_runtime": 17.1307, "eval_samples_per_second": 291.874}