{"eval_loss": 0.9498671889305115, "eval_accuracy": 0.6065999865531921, "eval_mae": 0.4496, "eval_runtime": 21.163, "eval_samples_per_second": 236.262}