{"eval_loss": 1.0175670385360718, "eval_accuracy": 0.5785999894142151, "eval_mae": 0.4836, "eval_runtime": 17.3949, "eval_samples_per_second": 287.441}