{"eval_loss": 1.0050292015075684, "eval_accuracy": 0.5758000016212463, "eval_mae": 0.4958, "eval_runtime": 16.6816, "eval_samples_per_second": 299.731}