{"eval_loss": 1.294832468032837, "eval_accuracy": 0.4690000116825104, "eval_mae": 0.6806, "eval_runtime": 27.98, "eval_samples_per_second": 178.699}