{"eval_loss": 1.3672822713851929, "eval_accuracy": 0.45899999141693115, "eval_mae": 0.7294, "eval_runtime": 17.3808, "eval_samples_per_second": 287.674}