{"eval_loss": 1.295799970626831, "eval_accuracy": 0.46779999136924744, "eval_mae": 0.6816, "eval_runtime": 24.5134, "eval_samples_per_second": 203.97}