{"eval_loss": 1.0745277404785156, "eval_accuracy": 0.5600000023841858, "eval_mae": 0.5286, "eval_runtime": 18.3594, "eval_samples_per_second": 272.34}