{"eval_loss": 1.3416718244552612, "eval_accuracy": 0.4745999872684479, "eval_mae": 0.6942, "eval_runtime": 16.9091, "eval_samples_per_second": 295.7}