{"eval_loss": 0.9558709263801575, "eval_accuracy": 0.6000000238418579, "eval_mae": 0.4628, "eval_runtime": 17.5384, "eval_samples_per_second": 285.09}