{"eval_loss": 1.0115060806274414, "eval_accuracy": 0.5799999833106995, "eval_mae": 0.4818, "eval_runtime": 17.4222, "eval_samples_per_second": 286.991}