{"eval_loss": 0.950168251991272, "eval_accuracy": 0.621999979019165, "eval_mae": 0.428, "eval_runtime": 17.4451, "eval_samples_per_second": 286.614}