{"eval_loss": 1.0201491117477417, "eval_accuracy": 0.5684000253677368, "eval_mae": 0.5096, "eval_runtime": 17.2944, "eval_samples_per_second": 289.11}