{"eval_loss": 1.0532017946243286, "eval_accuracy": 0.5296000242233276, "eval_mae": 0.5664, "eval_runtime": 16.296, "eval_samples_per_second": 306.823}