{"eval_loss": 1.3492454290390015, "eval_accuracy": 0.4708000123500824, "eval_mae": 0.6912, "eval_runtime": 17.3668, "eval_samples_per_second": 287.906}