{"eval_loss": 0.9475095868110657, "eval_accuracy": 0.5920000076293945, "eval_mae": 0.4706, "eval_runtime": 21.4028, "eval_samples_per_second": 233.614}