{"eval_loss": 1.0535728931427002, "eval_accuracy": 0.527999997138977, "eval_mae": 0.5694, "eval_runtime": 16.9995, "eval_samples_per_second": 294.126}