{"eval_loss": 1.3405247926712036, "eval_accuracy": 0.4691999852657318, "eval_mae": 0.688, "eval_runtime": 18.017, "eval_samples_per_second": 277.516}