{"eval_loss": 1.0294634103775024, "eval_accuracy": 0.5460000038146973, "eval_mae": 0.5388, "eval_runtime": 16.5776, "eval_samples_per_second": 301.612}