{"eval_loss": 1.295981526374817, "eval_accuracy": 0.46779999136924744, "eval_mae": 0.6818, "eval_runtime": 21.2786, "eval_samples_per_second": 234.978}