{"eval_loss": 1.175188422203064, "eval_accuracy": 0.501800000667572, "eval_mae": 0.593, "eval_runtime": 17.4385, "eval_samples_per_second": 286.723}