{"eval_loss": 1.0212992429733276, "eval_accuracy": 0.5709999799728394, "eval_mae": 0.5066, "eval_runtime": 17.2748, "eval_samples_per_second": 289.439}