{"eval_loss": 1.0856961011886597, "eval_accuracy": 0.5479999780654907, "eval_mae": 0.5404, "eval_runtime": 36.2428, "eval_samples_per_second": 137.958}