{"eval_loss": 1.1764376163482666, "eval_accuracy": 0.5027999877929688, "eval_mae": 0.5912, "eval_runtime": 17.4044, "eval_samples_per_second": 287.284}