{"eval_loss": 1.0620368719100952, "eval_accuracy": 0.5590000152587891, "eval_mae": 0.521, "eval_runtime": 18.3066, "eval_samples_per_second": 273.125}