{"eval_loss": 0.9487435817718506, "eval_accuracy": 0.6047999858856201, "eval_mae": 0.452, "eval_runtime": 20.9037, "eval_samples_per_second": 239.192}