{"eval_loss": 0.9462965130805969, "eval_accuracy": 0.603600025177002, "eval_mae": 0.4586, "eval_runtime": 17.2687, "eval_samples_per_second": 289.541}