{"eval_loss": 0.9500464797019958, "eval_accuracy": 0.6064000129699707, "eval_mae": 0.4488, "eval_runtime": 21.7031, "eval_samples_per_second": 230.382}