{"eval_loss": 1.0450506210327148, "eval_accuracy": 0.5600000023841858, "eval_mae": 0.5092, "eval_runtime": 18.4475, "eval_samples_per_second": 271.039}