{"eval_loss": 1.2269445657730103, "eval_accuracy": 0.5005999803543091, "eval_mae": 0.6016, "eval_runtime": 21.5155, "eval_samples_per_second": 232.391}