{"eval_loss": 1.0247567892074585, "eval_accuracy": 0.5569999814033508, "eval_mae": 0.533, "eval_runtime": 17.49, "eval_samples_per_second": 285.878}