{"eval_loss": 1.0795748233795166, "eval_accuracy": 0.5564000010490417, "eval_mae": 0.5658, "eval_runtime": 18.4633, "eval_samples_per_second": 270.808}