{"eval_loss": 1.1477426290512085, "eval_accuracy": 0.5486000180244446, "eval_mae": 0.5822, "eval_runtime": 17.4493, "eval_samples_per_second": 286.544}