{"eval_loss": 1.1552191972732544, "eval_accuracy": 0.49900001287460327, "eval_mae": 0.592, "eval_runtime": 17.2442, "eval_samples_per_second": 289.953}