{"eval_loss": 0.9796685576438904, "eval_accuracy": 0.58160001039505, "eval_mae": 0.4882, "eval_runtime": 17.4216, "eval_samples_per_second": 287.0}