{"eval_loss": 1.3689976930618286, "eval_accuracy": 0.4560000002384186, "eval_mae": 0.7356, "eval_runtime": 16.7306, "eval_samples_per_second": 298.854}