{"eval_loss": 1.3512403964996338, "eval_accuracy": 0.4832000136375427, "eval_mae": 0.6712, "eval_runtime": 18.5603, "eval_samples_per_second": 269.393}