{"eval_loss": 1.0636080503463745, "eval_accuracy": 0.5568000078201294, "eval_mae": 0.5224, "eval_runtime": 18.4097, "eval_samples_per_second": 271.595}