{"eval_loss": 1.351828694343567, "eval_accuracy": 0.48399999737739563, "eval_mae": 0.6706, "eval_runtime": 21.0041, "eval_samples_per_second": 238.049}