{"eval_loss": 1.3894002437591553, "eval_accuracy": 0.47859999537467957, "eval_mae": 0.6764, "eval_runtime": 19.858, "eval_samples_per_second": 251.787}