{"eval_loss": 1.369019865989685, "eval_accuracy": 0.4578000009059906, "eval_mae": 0.7328, "eval_runtime": 16.6767, "eval_samples_per_second": 299.819}