{"eval_loss": 1.0302597284317017, "eval_accuracy": 0.545199990272522, "eval_mae": 0.5404, "eval_runtime": 17.3965, "eval_samples_per_second": 287.414}