{"eval_loss": 1.3395140171051025, "eval_accuracy": 0.46799999475479126, "eval_mae": 0.6886, "eval_runtime": 34.9846, "eval_samples_per_second": 142.92}