{"eval_loss": 1.3486982583999634, "eval_accuracy": 0.4731999933719635, "eval_mae": 0.6882, "eval_runtime": 16.6987, "eval_samples_per_second": 299.424}