{"eval_loss": 1.0186290740966797, "eval_accuracy": 0.5809999704360962, "eval_mae": 0.4934, "eval_runtime": 31.9712, "eval_samples_per_second": 156.391}