{"eval_loss": 1.0297179222106934, "eval_accuracy": 0.5465999841690063, "eval_mae": 0.5376, "eval_runtime": 16.6818, "eval_samples_per_second": 299.728}