{"eval_loss": 1.4397165775299072, "eval_accuracy": 0.44020000100135803, "eval_mae": 0.7264, "eval_runtime": 18.6791, "eval_samples_per_second": 267.679}