{"eval_loss": 1.4425525665283203, "eval_accuracy": 0.4392000138759613, "eval_mae": 0.729, "eval_runtime": 21.1256, "eval_samples_per_second": 236.68}