{"eval_loss": 1.0051499605178833, "eval_accuracy": 0.5753999948501587, "eval_mae": 0.4958, "eval_runtime": 17.3901, "eval_samples_per_second": 287.52}