{"eval_loss": 0.9488280415534973, "eval_accuracy": 0.5911999940872192, "eval_mae": 0.4624, "eval_runtime": 16.664, "eval_samples_per_second": 300.048}