{"eval_loss": 1.045398235321045, "eval_accuracy": 0.5616000294685364, "eval_mae": 0.5076, "eval_runtime": 18.1213, "eval_samples_per_second": 275.919}