{"eval_loss": 0.8892759680747986, "eval_accuracy": 0.6367999911308289, "eval_mae": 0.4142, "eval_runtime": 19.7459, "eval_samples_per_second": 253.218}