{"eval_loss": 1.086716651916504, "eval_accuracy": 0.5482000112533569, "eval_mae": 0.542, "eval_runtime": 18.5363, "eval_samples_per_second": 269.741}