{"eval_loss": 1.0528756380081177, "eval_accuracy": 0.5271999835968018, "eval_mae": 0.5722, "eval_runtime": 16.3243, "eval_samples_per_second": 306.293}