{"eval_loss": 1.3359932899475098, "eval_accuracy": 0.47519999742507935, "eval_mae": 0.6848, "eval_runtime": 16.5828, "eval_samples_per_second": 301.518}