{"eval_loss": 0.9785662889480591, "eval_accuracy": 0.5824000239372253, "eval_mae": 0.4872, "eval_runtime": 17.2257, "eval_samples_per_second": 290.265}