{"eval_loss": 1.2966365814208984, "eval_accuracy": 0.46779999136924744, "eval_mae": 0.6816, "eval_runtime": 19.7926, "eval_samples_per_second": 252.62}