{"eval_loss": 1.3464034795761108, "eval_accuracy": 0.47200000286102295, "eval_mae": 0.6898, "eval_runtime": 16.52, "eval_samples_per_second": 302.664}