{"eval_loss": 1.0791783332824707, "eval_accuracy": 0.5591999888420105, "eval_mae": 0.5304, "eval_runtime": 31.5347, "eval_samples_per_second": 158.555}