{"eval_loss": 1.2387726306915283, "eval_accuracy": 0.49720001220703125, "eval_mae": 0.6474, "eval_runtime": 25.6007, "eval_samples_per_second": 195.307}