{"eval_loss": 1.2973473072052002, "eval_accuracy": 0.46779999136924744, "eval_mae": 0.682, "eval_runtime": 27.2989, "eval_samples_per_second": 183.157}