{"eval_loss": 1.3923944234848022, "eval_accuracy": 0.48100000619888306, "eval_mae": 0.6738, "eval_runtime": 28.916, "eval_samples_per_second": 172.915}