{"eval_loss": 0.9365419745445251, "eval_accuracy": 0.6007999777793884, "eval_mae": 0.4554, "eval_runtime": 16.4149, "eval_samples_per_second": 304.601}