{"eval_loss": 1.0171167850494385, "eval_accuracy": 0.5807999968528748, "eval_mae": 0.482, "eval_runtime": 17.4001, "eval_samples_per_second": 287.354}