{"eval_loss": 0.9618167877197266, "eval_accuracy": 0.5946000218391418, "eval_mae": 0.483, "eval_runtime": 17.4535, "eval_samples_per_second": 286.475}