{"eval_loss": 1.2966982126235962, "eval_accuracy": 0.4681999981403351, "eval_mae": 0.6814, "eval_runtime": 19.9083, "eval_samples_per_second": 251.151}