{"eval_loss": 1.019080638885498, "eval_accuracy": 0.5812000036239624, "eval_mae": 0.4936, "eval_runtime": 19.7142, "eval_samples_per_second": 253.625}