{"eval_loss": 0.9492658972740173, "eval_accuracy": 0.6064000129699707, "eval_mae": 0.4498, "eval_runtime": 18.8772, "eval_samples_per_second": 264.87}