{"eval_loss": 1.0297800302505493, "eval_accuracy": 0.5447999835014343, "eval_mae": 0.5414, "eval_runtime": 16.7484, "eval_samples_per_second": 298.536}