{"eval_loss": 1.2256501913070679, "eval_accuracy": 0.5009999871253967, "eval_mae": 0.6022, "eval_runtime": 17.6759, "eval_samples_per_second": 282.871}