{"eval_loss": 1.0803247690200806, "eval_accuracy": 0.5564000010490417, "eval_mae": 0.5648, "eval_runtime": 18.1195, "eval_samples_per_second": 275.946}