{"eval_loss": 1.2273308038711548, "eval_accuracy": 0.5077999830245972, "eval_mae": 0.6186, "eval_runtime": 25.5744, "eval_samples_per_second": 195.508}