{"eval_loss": 1.1501106023788452, "eval_accuracy": 0.5019999742507935, "eval_mae": 0.5884, "eval_runtime": 17.2604, "eval_samples_per_second": 289.681}