{"eval_loss": 0.9476211071014404, "eval_accuracy": 0.5932000279426575, "eval_mae": 0.469, "eval_runtime": 20.2422, "eval_samples_per_second": 247.009}