{"eval_loss": 1.3933037519454956, "eval_accuracy": 0.48080000281333923, "eval_mae": 0.674, "eval_runtime": 19.1938, "eval_samples_per_second": 260.501}