{"eval_loss": 1.0302159786224365, "eval_accuracy": 0.5478000044822693, "eval_mae": 0.537, "eval_runtime": 16.1068, "eval_samples_per_second": 310.428}