{"eval_loss": 1.0172154903411865, "eval_accuracy": 0.5795999765396118, "eval_mae": 0.4824, "eval_runtime": 17.5793, "eval_samples_per_second": 284.425}