{"eval_loss": 0.9480507969856262, "eval_accuracy": 0.5899999737739563, "eval_mae": 0.4624, "eval_runtime": 16.2829, "eval_samples_per_second": 307.071}