{"eval_loss": 0.95458984375, "eval_accuracy": 0.5992000102996826, "eval_mae": 0.4638, "eval_runtime": 17.3551, "eval_samples_per_second": 288.1}