{"eval_loss": 0.9555562734603882, "eval_accuracy": 0.5996000170707703, "eval_mae": 0.4644, "eval_runtime": 16.222, "eval_samples_per_second": 308.223}