{"eval_loss": 0.960631251335144, "eval_accuracy": 0.5946000218391418, "eval_mae": 0.4816, "eval_runtime": 17.402, "eval_samples_per_second": 287.323}