{"eval_loss": 0.9493714570999146, "eval_accuracy": 0.5924000144004822, "eval_mae": 0.4608, "eval_runtime": 17.1716, "eval_samples_per_second": 291.179}