{"eval_loss": 1.0855900049209595, "eval_accuracy": 0.550000011920929, "eval_mae": 0.539, "eval_runtime": 19.7915, "eval_samples_per_second": 252.634}