{"eval_loss": 1.0205475091934204, "eval_accuracy": 0.5691999793052673, "eval_mae": 0.5098, "eval_runtime": 17.289, "eval_samples_per_second": 289.2}