{"eval_loss": 1.1782324314117432, "eval_accuracy": 0.5013999938964844, "eval_mae": 0.5928, "eval_runtime": 17.7339, "eval_samples_per_second": 281.947}