{"eval_loss": 1.0178109407424927, "eval_accuracy": 0.5838000178337097, "eval_mae": 0.492, "eval_runtime": 35.3205, "eval_samples_per_second": 141.561}