{"eval_loss": 1.0534554719924927, "eval_accuracy": 0.5278000235557556, "eval_mae": 0.5692, "eval_runtime": 16.2924, "eval_samples_per_second": 306.892}