{"eval_loss": 1.063588261604309, "eval_accuracy": 0.5595999956130981, "eval_mae": 0.5186, "eval_runtime": 33.6704, "eval_samples_per_second": 148.498}