{"eval_loss": 0.9469568133354187, "eval_accuracy": 0.5924000144004822, "eval_mae": 0.471, "eval_runtime": 21.2647, "eval_samples_per_second": 235.131}