{"eval_loss": 0.946115255355835, "eval_accuracy": 0.6064000129699707, "eval_mae": 0.4558, "eval_runtime": 16.575, "eval_samples_per_second": 301.658}