{"eval_loss": 1.030157208442688, "eval_accuracy": 0.5455999970436096, "eval_mae": 0.5388, "eval_runtime": 17.3017, "eval_samples_per_second": 288.989}