{"eval_loss": 1.29668128490448, "eval_accuracy": 0.4674000144004822, "eval_mae": 0.6822, "eval_runtime": 23.4342, "eval_samples_per_second": 213.364}