{"eval_loss": 1.442733645439148, "eval_accuracy": 0.43959999084472656, "eval_mae": 0.7286, "eval_runtime": 19.6766, "eval_samples_per_second": 254.109}