{"eval_loss": 1.4431662559509277, "eval_accuracy": 0.4390000104904175, "eval_mae": 0.7296, "eval_runtime": 18.8494, "eval_samples_per_second": 265.261}