{"eval_loss": 1.3452306985855103, "eval_accuracy": 0.47279998660087585, "eval_mae": 0.696, "eval_runtime": 16.4013, "eval_samples_per_second": 304.854}