{"eval_loss": 1.2386339902877808, "eval_accuracy": 0.49720001220703125, "eval_mae": 0.6472, "eval_runtime": 25.5968, "eval_samples_per_second": 195.337}