{"eval_loss": 0.9612910151481628, "eval_accuracy": 0.5934000015258789, "eval_mae": 0.484, "eval_runtime": 17.2857, "eval_samples_per_second": 289.257}