{"eval_loss": 1.2420538663864136, "eval_accuracy": 0.4997999966144562, "eval_mae": 0.5958, "eval_runtime": 21.5261, "eval_samples_per_second": 232.277}