{"eval_loss": 1.0054620504379272, "eval_accuracy": 0.5758000016212463, "eval_mae": 0.4952, "eval_runtime": 17.2062, "eval_samples_per_second": 290.592}