{"eval_loss": 1.0207170248031616, "eval_accuracy": 0.5807999968528748, "eval_mae": 0.4964, "eval_runtime": 27.5967, "eval_samples_per_second": 181.181}