{"eval_loss": 1.3384236097335815, "eval_accuracy": 0.46700000762939453, "eval_mae": 0.6894, "eval_runtime": 19.3188, "eval_samples_per_second": 258.815}