{"eval_loss": 0.9481144547462463, "eval_accuracy": 0.5896000266075134, "eval_mae": 0.4638, "eval_runtime": 16.5567, "eval_samples_per_second": 301.992}