{"eval_loss": 0.9481318593025208, "eval_accuracy": 0.6065999865531921, "eval_mae": 0.4502, "eval_runtime": 18.8684, "eval_samples_per_second": 264.993}