{"eval_loss": 1.0481749773025513, "eval_accuracy": 0.5586000084877014, "eval_mae": 0.5096, "eval_runtime": 18.9937, "eval_samples_per_second": 263.245}