{"eval_loss": 1.1772230863571167, "eval_accuracy": 0.5019999742507935, "eval_mae": 0.5928, "eval_runtime": 17.4083, "eval_samples_per_second": 287.219}