{"eval_loss": 0.9602524638175964, "eval_accuracy": 0.5932000279426575, "eval_mae": 0.4842, "eval_runtime": 16.7204, "eval_samples_per_second": 299.035}