{"eval_loss": 1.0186645984649658, "eval_accuracy": 0.5812000036239624, "eval_mae": 0.4936, "eval_runtime": 18.8722, "eval_samples_per_second": 264.94}