{"eval_loss": 1.353395700454712, "eval_accuracy": 0.4830000102519989, "eval_mae": 0.672, "eval_runtime": 18.0912, "eval_samples_per_second": 276.378}