{"eval_loss": 1.348791480064392, "eval_accuracy": 0.4697999954223633, "eval_mae": 0.6926, "eval_runtime": 17.3575, "eval_samples_per_second": 288.06}