{"eval_loss": 1.0220166444778442, "eval_accuracy": 0.5687999725341797, "eval_mae": 0.5104, "eval_runtime": 16.4999, "eval_samples_per_second": 303.031}