{"eval_loss": 1.0627433061599731, "eval_accuracy": 0.5576000213623047, "eval_mae": 0.5222, "eval_runtime": 18.3918, "eval_samples_per_second": 271.86}