{"eval_loss": 0.9904639720916748, "eval_accuracy": 0.5702000260353088, "eval_mae": 0.5066, "eval_runtime": 16.1734, "eval_samples_per_second": 309.149}