{"eval_loss": 1.2409948110580444, "eval_accuracy": 0.5012000203132629, "eval_mae": 0.595, "eval_runtime": 18.6364, "eval_samples_per_second": 268.291}