{"eval_loss": 1.0785202980041504, "eval_accuracy": 0.5586000084877014, "eval_mae": 0.5304, "eval_runtime": 19.2786, "eval_samples_per_second": 259.355}