{"eval_loss": 1.0807636976242065, "eval_accuracy": 0.5562000274658203, "eval_mae": 0.5654, "eval_runtime": 18.7374, "eval_samples_per_second": 266.846}