{"eval_loss": 1.3663448095321655, "eval_accuracy": 0.45820000767707825, "eval_mae": 0.7312, "eval_runtime": 17.378, "eval_samples_per_second": 287.72}