{"eval_loss": 1.155211329460144, "eval_accuracy": 0.49959999322891235, "eval_mae": 0.5926, "eval_runtime": 16.2536, "eval_samples_per_second": 307.625}