{"eval_loss": 1.0785322189331055, "eval_accuracy": 0.5576000213623047, "eval_mae": 0.531, "eval_runtime": 20.8974, "eval_samples_per_second": 239.264}