{"eval_loss": 1.1698551177978516, "eval_accuracy": 0.5062000155448914, "eval_mae": 0.5878, "eval_runtime": 17.2954, "eval_samples_per_second": 289.094}