{"eval_loss": 1.3920509815216064, "eval_accuracy": 0.48100000619888306, "eval_mae": 0.6738, "eval_runtime": 25.2183, "eval_samples_per_second": 198.269}