{"eval_loss": 1.2283934354782104, "eval_accuracy": 0.5063999891281128, "eval_mae": 0.6214, "eval_runtime": 19.2677, "eval_samples_per_second": 259.502}