{"eval_loss": 1.1765201091766357, "eval_accuracy": 0.5037999749183655, "eval_mae": 0.5904, "eval_runtime": 17.3674, "eval_samples_per_second": 287.895}