{"eval_loss": 1.0860322713851929, "eval_accuracy": 0.5478000044822693, "eval_mae": 0.541, "eval_runtime": 22.0749, "eval_samples_per_second": 226.502}