{"eval_loss": 0.9913004636764526, "eval_accuracy": 0.5698000192642212, "eval_mae": 0.508, "eval_runtime": 16.1766, "eval_samples_per_second": 309.088}