{"eval_loss": 1.3665143251419067, "eval_accuracy": 0.45719999074935913, "eval_mae": 0.7326, "eval_runtime": 16.7407, "eval_samples_per_second": 298.673}