{"eval_loss": 0.9464877247810364, "eval_accuracy": 0.6050000190734863, "eval_mae": 0.4576, "eval_runtime": 17.2742, "eval_samples_per_second": 289.449}