{"eval_loss": 1.3484437465667725, "eval_accuracy": 0.4724000096321106, "eval_mae": 0.6894, "eval_runtime": 17.2914, "eval_samples_per_second": 289.161}