{"eval_loss": 1.341312050819397, "eval_accuracy": 0.475600004196167, "eval_mae": 0.6934, "eval_runtime": 16.2382, "eval_samples_per_second": 307.915}