{"eval_loss": 1.0144884586334229, "eval_accuracy": 0.5651999711990356, "eval_mae": 0.5072, "eval_runtime": 16.969, "eval_samples_per_second": 294.655}