{"eval_loss": 1.0844656229019165, "eval_accuracy": 0.5759999752044678, "eval_mae": 0.509, "eval_runtime": 16.9434, "eval_samples_per_second": 295.101}