{"eval_loss": 1.0254325866699219, "eval_accuracy": 0.5442000031471252, "eval_mae": 0.5398, "eval_runtime": 16.3162, "eval_samples_per_second": 306.444}