{"eval_loss": 1.0117290019989014, "eval_accuracy": 0.5812000036239624, "eval_mae": 0.4812, "eval_runtime": 17.3043, "eval_samples_per_second": 288.946}