{"eval_loss": 1.0781370401382446, "eval_accuracy": 0.5577999949455261, "eval_mae": 0.5316, "eval_runtime": 23.7086, "eval_samples_per_second": 210.894}