{"eval_loss": 1.3920435905456543, "eval_accuracy": 0.4812000095844269, "eval_mae": 0.6734, "eval_runtime": 18.6332, "eval_samples_per_second": 268.338}