{"eval_loss": 0.9780535101890564, "eval_accuracy": 0.58160001039505, "eval_mae": 0.4882, "eval_runtime": 16.6751, "eval_samples_per_second": 299.847}