{"eval_loss": 1.0184693336486816, "eval_accuracy": 0.5812000036239624, "eval_mae": 0.4936, "eval_runtime": 18.5747, "eval_samples_per_second": 269.184}