{"eval_loss": 1.007784366607666, "eval_accuracy": 0.574999988079071, "eval_mae": 0.4984, "eval_runtime": 16.5161, "eval_samples_per_second": 302.735}