{"eval_loss": 1.3906292915344238, "eval_accuracy": 0.48080000281333923, "eval_mae": 0.6742, "eval_runtime": 19.6707, "eval_samples_per_second": 254.185}