{"eval_loss": 1.0849741697311401, "eval_accuracy": 0.5759999752044678, "eval_mae": 0.5098, "eval_runtime": 16.5118, "eval_samples_per_second": 302.814}