{"eval_loss": 0.9558394551277161, "eval_accuracy": 0.6000000238418579, "eval_mae": 0.4628, "eval_runtime": 17.2212, "eval_samples_per_second": 290.34}