{"eval_loss": 1.1566519737243652, "eval_accuracy": 0.4997999966144562, "eval_mae": 0.5902, "eval_runtime": 17.314, "eval_samples_per_second": 288.784}