{"eval_loss": 1.228852391242981, "eval_accuracy": 0.5072000026702881, "eval_mae": 0.6204, "eval_runtime": 33.7384, "eval_samples_per_second": 148.199}