{"eval_loss": 1.29682195186615, "eval_accuracy": 0.4675999879837036, "eval_mae": 0.682, "eval_runtime": 27.781, "eval_samples_per_second": 179.979}