{"eval_loss": 1.1785643100738525, "eval_accuracy": 0.5026000142097473, "eval_mae": 0.5928, "eval_runtime": 16.7044, "eval_samples_per_second": 299.323}