{"eval_loss": 1.2304803133010864, "eval_accuracy": 0.49900001287460327, "eval_mae": 0.6038, "eval_runtime": 18.3863, "eval_samples_per_second": 271.942}