{"eval_loss": 0.9579643607139587, "eval_accuracy": 0.5914000272750854, "eval_mae": 0.4716, "eval_runtime": 18.5062, "eval_samples_per_second": 270.18}