{"eval_loss": 0.961125373840332, "eval_accuracy": 0.5928000211715698, "eval_mae": 0.4834, "eval_runtime": 17.4348, "eval_samples_per_second": 286.783}