{"eval_loss": 0.9554488062858582, "eval_accuracy": 0.599399983882904, "eval_mae": 0.4644, "eval_runtime": 17.3355, "eval_samples_per_second": 288.425}