{"eval_loss": 1.029524326324463, "eval_accuracy": 0.5460000038146973, "eval_mae": 0.539, "eval_runtime": 16.6878, "eval_samples_per_second": 299.619}