{"eval_loss": 0.9462713003158569, "eval_accuracy": 0.6047999858856201, "eval_mae": 0.457, "eval_runtime": 17.1804, "eval_samples_per_second": 291.029}