{"eval_loss": 1.0861725807189941, "eval_accuracy": 0.5478000044822693, "eval_mae": 0.5412, "eval_runtime": 20.9866, "eval_samples_per_second": 238.247}