{"eval_loss": 1.0186413526535034, "eval_accuracy": 0.5812000036239624, "eval_mae": 0.4936, "eval_runtime": 36.768, "eval_samples_per_second": 135.988}