{"eval_loss": 1.0209628343582153, "eval_accuracy": 0.5522000193595886, "eval_mae": 0.5374, "eval_runtime": 17.2452, "eval_samples_per_second": 289.936}