{"eval_loss": 1.0113202333450317, "eval_accuracy": 0.579800009727478, "eval_mae": 0.4822, "eval_runtime": 16.6888, "eval_samples_per_second": 299.602}