{"eval_loss": 0.8859508037567139, "eval_accuracy": 0.6377999782562256, "eval_mae": 0.4134, "eval_runtime": 19.5917, "eval_samples_per_second": 255.21}