{"eval_loss": 1.1768747568130493, "eval_accuracy": 0.503600001335144, "eval_mae": 0.5908, "eval_runtime": 17.4042, "eval_samples_per_second": 287.286}