{"eval_loss": 1.3522000312805176, "eval_accuracy": 0.483599990606308, "eval_mae": 0.6706, "eval_runtime": 18.8353, "eval_samples_per_second": 265.459}