{"eval_loss": 1.2961788177490234, "eval_accuracy": 0.4681999981403351, "eval_mae": 0.6808, "eval_runtime": 32.2248, "eval_samples_per_second": 155.16}