{"eval_loss": 1.0859425067901611, "eval_accuracy": 0.5478000044822693, "eval_mae": 0.5408, "eval_runtime": 23.0823, "eval_samples_per_second": 216.616}