{"eval_loss": 1.3667173385620117, "eval_accuracy": 0.4578000009059906, "eval_mae": 0.732, "eval_runtime": 16.883, "eval_samples_per_second": 296.156}