{"eval_loss": 1.3910446166992188, "eval_accuracy": 0.48100000619888306, "eval_mae": 0.6736, "eval_runtime": 19.2165, "eval_samples_per_second": 260.193}