{"eval_loss": 1.1477349996566772, "eval_accuracy": 0.5483999848365784, "eval_mae": 0.5826, "eval_runtime": 16.818, "eval_samples_per_second": 297.301}