{"eval_loss": 1.343995451927185, "eval_accuracy": 0.4740000069141388, "eval_mae": 0.695, "eval_runtime": 16.2558, "eval_samples_per_second": 307.582}