{"eval_loss": 0.9913400411605835, "eval_accuracy": 0.5722000002861023, "eval_mae": 0.506, "eval_runtime": 16.1409, "eval_samples_per_second": 309.772}