{"eval_loss": 1.147586703300476, "eval_accuracy": 0.5478000044822693, "eval_mae": 0.5804, "eval_runtime": 17.4059, "eval_samples_per_second": 287.259}