{"eval_loss": 0.9460425972938538, "eval_accuracy": 0.6047999858856201, "eval_mae": 0.4558, "eval_runtime": 16.618, "eval_samples_per_second": 300.879}