{"eval_loss": 1.086108684539795, "eval_accuracy": 0.5483999848365784, "eval_mae": 0.5402, "eval_runtime": 19.7293, "eval_samples_per_second": 253.43}