{"eval_loss": 1.0625975131988525, "eval_accuracy": 0.5590000152587891, "eval_mae": 0.5216, "eval_runtime": 18.2836, "eval_samples_per_second": 273.469}