{"eval_loss": 1.0802870988845825, "eval_accuracy": 0.557200014591217, "eval_mae": 0.5652, "eval_runtime": 21.353, "eval_samples_per_second": 234.159}