{"eval_loss": 0.9602843523025513, "eval_accuracy": 0.5929999947547913, "eval_mae": 0.4834, "eval_runtime": 17.3587, "eval_samples_per_second": 288.04}