{"eval_loss": 0.9510267376899719, "eval_accuracy": 0.6200000047683716, "eval_mae": 0.4294, "eval_runtime": 17.4569, "eval_samples_per_second": 286.419}