{"eval_loss": 1.0057474374771118, "eval_accuracy": 0.5753999948501587, "eval_mae": 0.496, "eval_runtime": 16.5745, "eval_samples_per_second": 301.667}