{"eval_loss": 1.2965140342712402, "eval_accuracy": 0.4666000008583069, "eval_mae": 0.6822, "eval_runtime": 36.2558, "eval_samples_per_second": 137.909}