{"eval_loss": 1.1768256425857544, "eval_accuracy": 0.5023999810218811, "eval_mae": 0.5924, "eval_runtime": 18.5027, "eval_samples_per_second": 270.231}