{"eval_loss": 0.9564790725708008, "eval_accuracy": 0.5889999866485596, "eval_mae": 0.4666, "eval_runtime": 19.4517, "eval_samples_per_second": 257.047, "epoch": 3.0}