{"eval_loss": 1.3483772277832031, "eval_accuracy": 0.4722000062465668, "eval_mae": 0.6898, "eval_runtime": 18.4845, "eval_samples_per_second": 270.497}