{"eval_loss": 1.0619134902954102, "eval_accuracy": 0.5595999956130981, "eval_mae": 0.5174, "eval_runtime": 17.7244, "eval_samples_per_second": 282.097}