{"eval_loss": 1.0846856832504272, "eval_accuracy": 0.5740000009536743, "eval_mae": 0.5118, "eval_runtime": 16.4785, "eval_samples_per_second": 303.426}