{"eval_loss": 1.2265616655349731, "eval_accuracy": 0.49880000948905945, "eval_mae": 0.6038, "eval_runtime": 18.4052, "eval_samples_per_second": 271.662}