{"eval_loss": 0.946181058883667, "eval_accuracy": 0.605400025844574, "eval_mae": 0.4568, "eval_runtime": 16.4393, "eval_samples_per_second": 304.149}