{"eval_loss": 0.9911508560180664, "eval_accuracy": 0.5703999996185303, "eval_mae": 0.5078, "eval_runtime": 16.4089, "eval_samples_per_second": 304.713}