{"eval_loss": 1.0477248430252075, "eval_accuracy": 0.5608000159263611, "eval_mae": 0.5094, "eval_runtime": 18.6021, "eval_samples_per_second": 268.786}