{"eval_loss": 0.8896845579147339, "eval_accuracy": 0.6363999843597412, "eval_mae": 0.4144, "eval_runtime": 27.1738, "eval_samples_per_second": 184.001}