{"eval_loss": 1.168716549873352, "eval_accuracy": 0.5031999945640564, "eval_mae": 0.5924, "eval_runtime": 17.4862, "eval_samples_per_second": 285.939}