{"eval_loss": 1.2550146579742432, "eval_accuracy": 0.5009999871253967, "eval_mae": 0.5974, "eval_runtime": 18.042, "eval_samples_per_second": 277.132}