{"eval_loss": 1.0849285125732422, "eval_accuracy": 0.5738000273704529, "eval_mae": 0.512, "eval_runtime": 16.4568, "eval_samples_per_second": 303.826}