{"eval_loss": 1.014940619468689, "eval_accuracy": 0.5651999711990356, "eval_mae": 0.507, "eval_runtime": 17.1245, "eval_samples_per_second": 291.98}