{"eval_loss": 1.3500646352767944, "eval_accuracy": 0.4733999967575073, "eval_mae": 0.6872, "eval_runtime": 17.2827, "eval_samples_per_second": 289.307}