{"eval_loss": 1.0800057649612427, "eval_accuracy": 0.5565999746322632, "eval_mae": 0.5646, "eval_runtime": 22.3049, "eval_samples_per_second": 224.166}