{"eval_loss": 1.1477406024932861, "eval_accuracy": 0.5497999787330627, "eval_mae": 0.5808, "eval_runtime": 16.7454, "eval_samples_per_second": 298.589}