{"eval_loss": 1.4432079792022705, "eval_accuracy": 0.44020000100135803, "eval_mae": 0.7286, "eval_runtime": 18.5324, "eval_samples_per_second": 269.798}