{"eval_loss": 0.9490538239479065, "eval_accuracy": 0.6179999709129333, "eval_mae": 0.4322, "eval_runtime": 17.3906, "eval_samples_per_second": 287.512}