{"eval_loss": 1.0211209058761597, "eval_accuracy": 0.5698000192642212, "eval_mae": 0.508, "eval_runtime": 17.4011, "eval_samples_per_second": 287.337}