{"eval_loss": 0.8888747096061707, "eval_accuracy": 0.6367999911308289, "eval_mae": 0.4146, "eval_runtime": 21.1688, "eval_samples_per_second": 236.197}