{"eval_loss": 1.1767058372497559, "eval_accuracy": 0.5044000148773193, "eval_mae": 0.5902, "eval_runtime": 17.5645, "eval_samples_per_second": 284.665}