{"eval_loss": 1.2289488315582275, "eval_accuracy": 0.5063999891281128, "eval_mae": 0.621, "eval_runtime": 32.3446, "eval_samples_per_second": 154.585}