{"eval_loss": 1.0628201961517334, "eval_accuracy": 0.5569999814033508, "eval_mae": 0.5202, "eval_runtime": 18.3314, "eval_samples_per_second": 272.756}