{"eval_loss": 1.2286185026168823, "eval_accuracy": 0.5070000290870667, "eval_mae": 0.6204, "eval_runtime": 19.0567, "eval_samples_per_second": 262.376}