{"eval_loss": 0.9493958950042725, "eval_accuracy": 0.6078000068664551, "eval_mae": 0.4486, "eval_runtime": 18.6441, "eval_samples_per_second": 268.181}