{"eval_loss": 1.1404691934585571, "eval_accuracy": 0.5509999990463257, "eval_mae": 0.5782, "eval_runtime": 16.7788, "eval_samples_per_second": 297.994}