{"eval_loss": 0.9748632907867432, "eval_accuracy": 0.5771999955177307, "eval_mae": 0.4916, "eval_runtime": 16.735, "eval_samples_per_second": 298.775}