{"eval_loss": 1.2248971462249756, "eval_accuracy": 0.49939998984336853, "eval_mae": 0.604, "eval_runtime": 18.4121, "eval_samples_per_second": 271.56}