{"eval_loss": 1.0207220315933228, "eval_accuracy": 0.5709999799728394, "eval_mae": 0.507, "eval_runtime": 16.7303, "eval_samples_per_second": 298.859}