{"eval_loss": 1.0040154457092285, "eval_accuracy": 0.5770000219345093, "eval_mae": 0.4936, "eval_runtime": 16.3333, "eval_samples_per_second": 306.123}