{"eval_loss": 0.945361316204071, "eval_accuracy": 0.6050000190734863, "eval_mae": 0.4558, "eval_runtime": 16.5486, "eval_samples_per_second": 302.14}