{"eval_loss": 1.4433645009994507, "eval_accuracy": 0.4397999942302704, "eval_mae": 0.729, "eval_runtime": 18.8741, "eval_samples_per_second": 264.913}