{"eval_loss": 1.3433432579040527, "eval_accuracy": 0.475600004196167, "eval_mae": 0.6934, "eval_runtime": 16.2161, "eval_samples_per_second": 308.335}