{"eval_loss": 0.9800751209259033, "eval_accuracy": 0.5848000049591064, "eval_mae": 0.486, "eval_runtime": 16.8255, "eval_samples_per_second": 297.168}