{"eval_loss": 1.0209639072418213, "eval_accuracy": 0.5698000192642212, "eval_mae": 0.5082, "eval_runtime": 16.4863, "eval_samples_per_second": 303.283}