{"eval_loss": 1.440895915031433, "eval_accuracy": 0.44119998812675476, "eval_mae": 0.7274, "eval_runtime": 33.7088, "eval_samples_per_second": 148.329}