{"eval_loss": 1.0825351476669312, "eval_accuracy": 0.5748000144958496, "eval_mae": 0.5084, "eval_runtime": 16.2493, "eval_samples_per_second": 307.705}