{"eval_loss": 1.0166306495666504, "eval_accuracy": 0.5655999779701233, "eval_mae": 0.5062, "eval_runtime": 17.0605, "eval_samples_per_second": 293.075}