{"eval_loss": 0.960296094417572, "eval_accuracy": 0.5935999751091003, "eval_mae": 0.4826, "eval_runtime": 17.4823, "eval_samples_per_second": 286.003}