{"eval_loss": 1.3392726182937622, "eval_accuracy": 0.46779999136924744, "eval_mae": 0.6888, "eval_runtime": 31.5924, "eval_samples_per_second": 158.266}