{"eval_loss": 0.9552295804023743, "eval_accuracy": 0.6003999710083008, "eval_mae": 0.4626, "eval_runtime": 16.9563, "eval_samples_per_second": 294.875}