{"eval_loss": 1.444448471069336, "eval_accuracy": 0.4399999976158142, "eval_mae": 0.7294, "eval_runtime": 33.9994, "eval_samples_per_second": 147.061}