{"eval_loss": 1.1485953330993652, "eval_accuracy": 0.5478000044822693, "eval_mae": 0.5838, "eval_runtime": 17.4164, "eval_samples_per_second": 287.086}