{"eval_loss": 1.0411187410354614, "eval_accuracy": 0.5633999705314636, "eval_mae": 0.5094, "eval_runtime": 18.3785, "eval_samples_per_second": 272.057}