{"eval_loss": 1.0278757810592651, "eval_accuracy": 0.5685999989509583, "eval_mae": 0.5096, "eval_runtime": 16.2568, "eval_samples_per_second": 307.563}