{"eval_loss": 1.2287659645080566, "eval_accuracy": 0.5070000290870667, "eval_mae": 0.6204, "eval_runtime": 25.0274, "eval_samples_per_second": 199.781}