{"eval_loss": 0.9467015862464905, "eval_accuracy": 0.6065999865531921, "eval_mae": 0.4556, "eval_runtime": 17.3122, "eval_samples_per_second": 288.814}