{"eval_loss": 1.0190740823745728, "eval_accuracy": 0.5817999839782715, "eval_mae": 0.4938, "eval_runtime": 20.9548, "eval_samples_per_second": 238.609}