{"eval_loss": 1.0861504077911377, "eval_accuracy": 0.5478000044822693, "eval_mae": 0.5412, "eval_runtime": 21.347, "eval_samples_per_second": 234.224}