{"eval_loss": 1.062332034111023, "eval_accuracy": 0.5551999807357788, "eval_mae": 0.5236, "eval_runtime": 18.3332, "eval_samples_per_second": 272.729}