{"eval_loss": 1.3430739641189575, "eval_accuracy": 0.475600004196167, "eval_mae": 0.693, "eval_runtime": 16.475, "eval_samples_per_second": 303.49}