{"eval_loss": 1.0613456964492798, "eval_accuracy": 0.5604000091552734, "eval_mae": 0.5196, "eval_runtime": 18.4101, "eval_samples_per_second": 271.59}