{"eval_loss": 1.006887674331665, "eval_accuracy": 0.5929999947547913, "eval_mae": 0.4684, "eval_runtime": 17.2352, "eval_samples_per_second": 290.104}