{"eval_loss": 1.3501546382904053, "eval_accuracy": 0.47360000014305115, "eval_mae": 0.6872, "eval_runtime": 17.3408, "eval_samples_per_second": 288.337}