{"eval_loss": 1.2422131299972534, "eval_accuracy": 0.4997999966144562, "eval_mae": 0.5938, "eval_runtime": 21.8947, "eval_samples_per_second": 228.365}