{"eval_loss": 0.9491689205169678, "eval_accuracy": 0.5914000272750854, "eval_mae": 0.4704, "eval_runtime": 19.158, "eval_samples_per_second": 260.987}