{"eval_loss": 1.3951570987701416, "eval_accuracy": 0.47760000824928284, "eval_mae": 0.6786, "eval_runtime": 21.1793, "eval_samples_per_second": 236.08}