{"eval_loss": 1.227802038192749, "eval_accuracy": 0.5070000290870667, "eval_mae": 0.6206, "eval_runtime": 18.9826, "eval_samples_per_second": 263.4}