{"eval_loss": 0.9604155421257019, "eval_accuracy": 0.5935999751091003, "eval_mae": 0.4822, "eval_runtime": 17.3476, "eval_samples_per_second": 288.224}