{"eval_loss": 1.083479404449463, "eval_accuracy": 0.5486000180244446, "eval_mae": 0.539, "eval_runtime": 20.9219, "eval_samples_per_second": 238.984}