{"eval_loss": 1.3689026832580566, "eval_accuracy": 0.4562000036239624, "eval_mae": 0.7324, "eval_runtime": 17.6796, "eval_samples_per_second": 282.812}