{"eval_loss": 1.28804349899292, "eval_accuracy": 0.46619999408721924, "eval_mae": 0.684, "eval_runtime": 18.368, "eval_samples_per_second": 272.212}