{"eval_loss": 0.8896704912185669, "eval_accuracy": 0.6366000175476074, "eval_mae": 0.4144, "eval_runtime": 18.7936, "eval_samples_per_second": 266.048}