{"eval_loss": 1.0177726745605469, "eval_accuracy": 0.5795999765396118, "eval_mae": 0.482, "eval_runtime": 16.8233, "eval_samples_per_second": 297.207}