{"eval_loss": 1.3408061265945435, "eval_accuracy": 0.46779999136924744, "eval_mae": 0.6892, "eval_runtime": 23.4547, "eval_samples_per_second": 213.176}