{"eval_loss": 0.9486937522888184, "eval_accuracy": 0.5896000266075134, "eval_mae": 0.4642, "eval_runtime": 16.6066, "eval_samples_per_second": 301.085}