{"eval_loss": 0.9493594765663147, "eval_accuracy": 0.6069999933242798, "eval_mae": 0.4496, "eval_runtime": 18.3694, "eval_samples_per_second": 272.192}