{"eval_loss": 1.1476095914840698, "eval_accuracy": 0.5493999719619751, "eval_mae": 0.5808, "eval_runtime": 17.5041, "eval_samples_per_second": 285.648}