{"eval_loss": 1.0798660516738892, "eval_accuracy": 0.5562000274658203, "eval_mae": 0.565, "eval_runtime": 27.0432, "eval_samples_per_second": 184.89}