{"eval_loss": 0.950659990310669, "eval_accuracy": 0.620199978351593, "eval_mae": 0.4294, "eval_runtime": 17.3877, "eval_samples_per_second": 287.559}