{"eval_loss": 0.9494295716285706, "eval_accuracy": 0.6075999736785889, "eval_mae": 0.449, "eval_runtime": 18.459, "eval_samples_per_second": 270.87}