{"eval_loss": 1.0215994119644165, "eval_accuracy": 0.5698000192642212, "eval_mae": 0.508, "eval_runtime": 17.4573, "eval_samples_per_second": 286.413}