{"eval_loss": 1.0144931077957153, "eval_accuracy": 0.5640000104904175, "eval_mae": 0.509, "eval_runtime": 16.9946, "eval_samples_per_second": 294.21}