{"eval_loss": 1.0067795515060425, "eval_accuracy": 0.5759999752044678, "eval_mae": 0.4954, "eval_runtime": 16.3761, "eval_samples_per_second": 305.324}