{"eval_loss": 1.3454902172088623, "eval_accuracy": 0.4691999852657318, "eval_mae": 0.6954, "eval_runtime": 17.4203, "eval_samples_per_second": 287.021}