{"eval_loss": 0.9788675904273987, "eval_accuracy": 0.5821999907493591, "eval_mae": 0.4882, "eval_runtime": 17.4105, "eval_samples_per_second": 287.184}