{"eval_loss": 0.8895859122276306, "eval_accuracy": 0.6358000040054321, "eval_mae": 0.4152, "eval_runtime": 22.5384, "eval_samples_per_second": 221.844}