{"eval_loss": 1.0190227031707764, "eval_accuracy": 0.5817999839782715, "eval_mae": 0.4926, "eval_runtime": 18.5239, "eval_samples_per_second": 269.921}