{"eval_loss": 1.221383810043335, "eval_accuracy": 0.5013999938964844, "eval_mae": 0.6, "eval_runtime": 18.3712, "eval_samples_per_second": 272.166}