{"eval_loss": 0.8898079991340637, "eval_accuracy": 0.6363999843597412, "eval_mae": 0.4146, "eval_runtime": 23.0229, "eval_samples_per_second": 217.175}