{"eval_loss": 0.9498279094696045, "eval_accuracy": 0.6083999872207642, "eval_mae": 0.4476, "eval_runtime": 19.78, "eval_samples_per_second": 252.78}