{"eval_loss": 1.0117937326431274, "eval_accuracy": 0.5802000164985657, "eval_mae": 0.4814, "eval_runtime": 17.4074, "eval_samples_per_second": 287.233}