{"eval_loss": 1.001561164855957, "eval_accuracy": 0.593999981880188, "eval_mae": 0.467, "eval_runtime": 17.3872, "eval_samples_per_second": 287.568}