{"eval_loss": 1.0780895948410034, "eval_accuracy": 0.5586000084877014, "eval_mae": 0.5308, "eval_runtime": 27.4226, "eval_samples_per_second": 182.332}