{"eval_loss": 1.34354567527771, "eval_accuracy": 0.4758000075817108, "eval_mae": 0.6932, "eval_runtime": 16.3046, "eval_samples_per_second": 306.662}