{"eval_loss": 1.0537999868392944, "eval_accuracy": 0.5278000235557556, "eval_mae": 0.5696, "eval_runtime": 16.9211, "eval_samples_per_second": 295.489}