{"eval_loss": 1.0846964120864868, "eval_accuracy": 0.5759999752044678, "eval_mae": 0.5102, "eval_runtime": 16.3882, "eval_samples_per_second": 305.098}