{"eval_loss": 1.295799970626831, "eval_accuracy": 0.4681999981403351, "eval_mae": 0.6806, "eval_runtime": 30.8291, "eval_samples_per_second": 162.184}