{"eval_loss": 1.082688331604004, "eval_accuracy": 0.5491999983787537, "eval_mae": 0.5378, "eval_runtime": 18.3511, "eval_samples_per_second": 272.463}