{"eval_loss": 1.3596702814102173, "eval_accuracy": 0.4713999927043915, "eval_mae": 0.6768, "eval_runtime": 19.4589, "eval_samples_per_second": 256.952}