{"eval_loss": 1.0753662586212158, "eval_accuracy": 0.5569999814033508, "eval_mae": 0.5318, "eval_runtime": 18.3752, "eval_samples_per_second": 272.106}