{"eval_loss": 1.2291113138198853, "eval_accuracy": 0.5005999803543091, "eval_mae": 0.6008, "eval_runtime": 18.1649, "eval_samples_per_second": 275.256}