{"eval_loss": 1.4429534673690796, "eval_accuracy": 0.43959999084472656, "eval_mae": 0.7294, "eval_runtime": 21.1524, "eval_samples_per_second": 236.379}