{"eval_loss": 1.0307271480560303, "eval_accuracy": 0.546999990940094, "eval_mae": 0.5384, "eval_runtime": 17.5114, "eval_samples_per_second": 285.528}