{"eval_loss": 0.9911154508590698, "eval_accuracy": 0.5712000131607056, "eval_mae": 0.5062, "eval_runtime": 16.9812, "eval_samples_per_second": 294.444}