{"eval_loss": 1.0065664052963257, "eval_accuracy": 0.5935999751091003, "eval_mae": 0.468, "eval_runtime": 17.2484, "eval_samples_per_second": 289.883}