{"eval_loss": 0.9477982521057129, "eval_accuracy": 0.592199981212616, "eval_mae": 0.4712, "eval_runtime": 21.6679, "eval_samples_per_second": 230.756}