{"eval_loss": 1.1747125387191772, "eval_accuracy": 0.5054000020027161, "eval_mae": 0.5898, "eval_runtime": 17.4193, "eval_samples_per_second": 287.039}