{"eval_loss": 1.0092710256576538, "eval_accuracy": 0.5789999961853027, "eval_mae": 0.484, "eval_runtime": 17.4702, "eval_samples_per_second": 286.202}