{"eval_loss": 1.0785844326019287, "eval_accuracy": 0.5583999752998352, "eval_mae": 0.5308, "eval_runtime": 18.4953, "eval_samples_per_second": 270.34}