{"eval_loss": 1.0178472995758057, "eval_accuracy": 0.579200029373169, "eval_mae": 0.4822, "eval_runtime": 16.6478, "eval_samples_per_second": 300.34}