{"eval_loss": 1.3481225967407227, "eval_accuracy": 0.4717999994754791, "eval_mae": 0.6896, "eval_runtime": 16.6102, "eval_samples_per_second": 301.02}