{"eval_loss": 1.020966649055481, "eval_accuracy": 0.5702000260353088, "eval_mae": 0.5078, "eval_runtime": 17.2372, "eval_samples_per_second": 290.07}