{"eval_loss": 1.3392748832702637, "eval_accuracy": 0.4675999879837036, "eval_mae": 0.6892, "eval_runtime": 27.73, "eval_samples_per_second": 180.31}