{"eval_loss": 0.8895038366317749, "eval_accuracy": 0.6363999843597412, "eval_mae": 0.4146, "eval_runtime": 21.1258, "eval_samples_per_second": 236.677}