{"eval_loss": 1.2394388914108276, "eval_accuracy": 0.4991999864578247, "eval_mae": 0.5964, "eval_runtime": 19.1722, "eval_samples_per_second": 260.794}