{"eval_loss": 1.014665961265564, "eval_accuracy": 0.579800009727478, "eval_mae": 0.4822, "eval_runtime": 17.4997, "eval_samples_per_second": 285.719}