{"eval_loss": 1.1468102931976318, "eval_accuracy": 0.5483999848365784, "eval_mae": 0.5828, "eval_runtime": 17.5986, "eval_samples_per_second": 284.113}