{"eval_loss": 1.4430804252624512, "eval_accuracy": 0.43959999084472656, "eval_mae": 0.7294, "eval_runtime": 19.1709, "eval_samples_per_second": 260.812}