{"eval_loss": 1.0071219205856323, "eval_accuracy": 0.5953999757766724, "eval_mae": 0.4662, "eval_runtime": 16.6716, "eval_samples_per_second": 299.911}