{"eval_loss": 1.0221374034881592, "eval_accuracy": 0.5784000158309937, "eval_mae": 0.4838, "eval_runtime": 17.4459, "eval_samples_per_second": 286.6}