{"eval_loss": 1.0768988132476807, "eval_accuracy": 0.5587999820709229, "eval_mae": 0.5306, "eval_runtime": 18.7395, "eval_samples_per_second": 266.816}