{"eval_loss": 1.0146759748458862, "eval_accuracy": 0.5644000172615051, "eval_mae": 0.5086, "eval_runtime": 17.0585, "eval_samples_per_second": 293.109}