{"eval_loss": 0.9796300530433655, "eval_accuracy": 0.5813999772071838, "eval_mae": 0.4882, "eval_runtime": 17.267, "eval_samples_per_second": 289.569}