{"eval_loss": 1.3440593481063843, "eval_accuracy": 0.48420000076293945, "eval_mae": 0.6722, "eval_runtime": 18.3912, "eval_samples_per_second": 271.869}