{"eval_loss": 0.8893722891807556, "eval_accuracy": 0.6353999972343445, "eval_mae": 0.4166, "eval_runtime": 18.9641, "eval_samples_per_second": 263.656}