{"eval_loss": 1.0182323455810547, "eval_accuracy": 0.5799999833106995, "eval_mae": 0.4826, "eval_runtime": 17.5144, "eval_samples_per_second": 285.479}