{"eval_loss": 1.0534976720809937, "eval_accuracy": 0.5267999768257141, "eval_mae": 0.5702, "eval_runtime": 17.1497, "eval_samples_per_second": 291.55}