{"eval_loss": 1.0788695812225342, "eval_accuracy": 0.5562000274658203, "eval_mae": 0.5338, "eval_runtime": 24.031, "eval_samples_per_second": 208.065}