{"eval_loss": 1.085880994796753, "eval_accuracy": 0.5479999780654907, "eval_mae": 0.541, "eval_runtime": 29.0003, "eval_samples_per_second": 172.412}