{"eval_loss": 0.9502553939819336, "eval_accuracy": 0.6179999709129333, "eval_mae": 0.4312, "eval_runtime": 17.4252, "eval_samples_per_second": 286.941}