{"eval_loss": 1.0209094285964966, "eval_accuracy": 0.5708000063896179, "eval_mae": 0.5068, "eval_runtime": 17.4466, "eval_samples_per_second": 286.589}