{"eval_loss": 1.023901104927063, "eval_accuracy": 0.5577999949455261, "eval_mae": 0.5334, "eval_runtime": 17.3268, "eval_samples_per_second": 288.571}