{"eval_loss": 1.0068657398223877, "eval_accuracy": 0.5942000150680542, "eval_mae": 0.4684, "eval_runtime": 17.2101, "eval_samples_per_second": 290.527}