{"eval_loss": 1.0296131372451782, "eval_accuracy": 0.5454000234603882, "eval_mae": 0.54, "eval_runtime": 17.5518, "eval_samples_per_second": 284.871}