{"eval_loss": 1.018860936164856, "eval_accuracy": 0.5807999968528748, "eval_mae": 0.4938, "eval_runtime": 26.4649, "eval_samples_per_second": 188.929}