{"eval_loss": 1.0859870910644531, "eval_accuracy": 0.5753999948501587, "eval_mae": 0.5096, "eval_runtime": 16.4278, "eval_samples_per_second": 304.362}