{"eval_loss": 1.2286208868026733, "eval_accuracy": 0.5070000290870667, "eval_mae": 0.6206, "eval_runtime": 33.1336, "eval_samples_per_second": 150.904}