{"eval_loss": 1.014897108078003, "eval_accuracy": 0.5645999908447266, "eval_mae": 0.508, "eval_runtime": 17.2243, "eval_samples_per_second": 290.288}