{"eval_loss": 0.9603661894798279, "eval_accuracy": 0.5938000082969666, "eval_mae": 0.4822, "eval_runtime": 17.3837, "eval_samples_per_second": 287.626}