{"eval_loss": 1.017747402191162, "eval_accuracy": 0.579200029373169, "eval_mae": 0.4832, "eval_runtime": 17.4652, "eval_samples_per_second": 286.284}