{"eval_loss": 0.8893209099769592, "eval_accuracy": 0.6363999843597412, "eval_mae": 0.4144, "eval_runtime": 30.5156, "eval_samples_per_second": 163.851}