{"eval_loss": 0.9609965682029724, "eval_accuracy": 0.5942000150680542, "eval_mae": 0.482, "eval_runtime": 17.3363, "eval_samples_per_second": 288.413}