{"eval_loss": 1.0146429538726807, "eval_accuracy": 0.5658000111579895, "eval_mae": 0.5052, "eval_runtime": 16.0248, "eval_samples_per_second": 312.016}