{"eval_loss": 1.0174161195755005, "eval_accuracy": 0.5799999833106995, "eval_mae": 0.4824, "eval_runtime": 16.4851, "eval_samples_per_second": 303.304}