{"eval_loss": 1.3404300212860107, "eval_accuracy": 0.4681999981403351, "eval_mae": 0.689, "eval_runtime": 26.1919, "eval_samples_per_second": 190.899}