{"eval_loss": 1.3400225639343262, "eval_accuracy": 0.4749999940395355, "eval_mae": 0.694, "eval_runtime": 16.9257, "eval_samples_per_second": 295.409}