{"eval_loss": 0.9445766806602478, "eval_accuracy": 0.5929999947547913, "eval_mae": 0.468, "eval_runtime": 21.1643, "eval_samples_per_second": 236.247}