{"eval_loss": 1.021834135055542, "eval_accuracy": 0.5709999799728394, "eval_mae": 0.5078, "eval_runtime": 17.2811, "eval_samples_per_second": 289.333}