{"eval_loss": 1.237274169921875, "eval_accuracy": 0.49779999256134033, "eval_mae": 0.6462, "eval_runtime": 33.4247, "eval_samples_per_second": 149.59}