{"eval_loss": 1.241320013999939, "eval_accuracy": 0.504800021648407, "eval_mae": 0.5896, "eval_runtime": 18.2448, "eval_samples_per_second": 274.051}