{"eval_loss": 1.3660643100738525, "eval_accuracy": 0.45719999074935913, "eval_mae": 0.7328, "eval_runtime": 16.711, "eval_samples_per_second": 299.204}