{"eval_loss": 1.0859733819961548, "eval_accuracy": 0.5479999780654907, "eval_mae": 0.541, "eval_runtime": 31.4114, "eval_samples_per_second": 159.178}