{"eval_loss": 0.948493480682373, "eval_accuracy": 0.5893999934196472, "eval_mae": 0.4644, "eval_runtime": 16.1047, "eval_samples_per_second": 310.468}