{"eval_loss": 1.1478228569030762, "eval_accuracy": 0.548799991607666, "eval_mae": 0.5812, "eval_runtime": 17.4004, "eval_samples_per_second": 287.35}