{"eval_loss": 1.4445209503173828, "eval_accuracy": 0.43880000710487366, "eval_mae": 0.7278, "eval_runtime": 18.3698, "eval_samples_per_second": 272.186}