{"eval_loss": 1.0562646389007568, "eval_accuracy": 0.5264000296592712, "eval_mae": 0.575, "eval_runtime": 15.9498, "eval_samples_per_second": 313.483}