{"eval_loss": 1.0128357410430908, "eval_accuracy": 0.5663999915122986, "eval_mae": 0.5042, "eval_runtime": 17.4219, "eval_samples_per_second": 286.996}