{"eval_loss": 1.2282326221466064, "eval_accuracy": 0.4991999864578247, "eval_mae": 0.6046, "eval_runtime": 18.3493, "eval_samples_per_second": 272.49}