{"eval_loss": 1.0214260816574097, "eval_accuracy": 0.569599986076355, "eval_mae": 0.5068, "eval_runtime": 17.3257, "eval_samples_per_second": 288.589}