{"eval_loss": 1.0851202011108398, "eval_accuracy": 0.576200008392334, "eval_mae": 0.509, "eval_runtime": 16.3565, "eval_samples_per_second": 305.688}