{"eval_loss": 1.3487447500228882, "eval_accuracy": 0.4717999994754791, "eval_mae": 0.691, "eval_runtime": 17.2499, "eval_samples_per_second": 289.857}