{"eval_loss": 0.8897349834442139, "eval_accuracy": 0.6366000175476074, "eval_mae": 0.4146, "eval_runtime": 20.6108, "eval_samples_per_second": 242.591}