{"eval_loss": 1.3529620170593262, "eval_accuracy": 0.48399999737739563, "eval_mae": 0.6704, "eval_runtime": 20.479, "eval_samples_per_second": 244.152}