{"eval_loss": 1.2288275957107544, "eval_accuracy": 0.503000020980835, "eval_mae": 0.5992, "eval_runtime": 18.0842, "eval_samples_per_second": 276.484}