{"eval_loss": 1.2405165433883667, "eval_accuracy": 0.5019999742507935, "eval_mae": 0.5928, "eval_runtime": 20.9863, "eval_samples_per_second": 238.25}