{"eval_loss": 1.0186177492141724, "eval_accuracy": 0.5809999704360962, "eval_mae": 0.4938, "eval_runtime": 31.7055, "eval_samples_per_second": 157.702}