{"eval_loss": 1.3924038410186768, "eval_accuracy": 0.4812000095844269, "eval_mae": 0.6732, "eval_runtime": 34.0685, "eval_samples_per_second": 146.763}