{"eval_loss": 1.0153028964996338, "eval_accuracy": 0.6001999974250793, "eval_mae": 0.46, "eval_runtime": 17.3428, "eval_samples_per_second": 288.303}