{"eval_loss": 1.0531086921691895, "eval_accuracy": 0.527999997138977, "eval_mae": 0.5702, "eval_runtime": 16.2632, "eval_samples_per_second": 307.443}