{"eval_loss": 1.348310947418213, "eval_accuracy": 0.47119998931884766, "eval_mae": 0.6878, "eval_runtime": 16.3776, "eval_samples_per_second": 305.295}