{"eval_loss": 1.2424527406692505, "eval_accuracy": 0.4997999966144562, "eval_mae": 0.5956, "eval_runtime": 25.9754, "eval_samples_per_second": 192.49}