{"eval_loss": 0.9552739262580872, "eval_accuracy": 0.6007999777793884, "eval_mae": 0.4624, "eval_runtime": 16.6957, "eval_samples_per_second": 299.479}