{"eval_loss": 0.9480417966842651, "eval_accuracy": 0.6047999858856201, "eval_mae": 0.4578, "eval_runtime": 17.2588, "eval_samples_per_second": 289.708}