{"eval_loss": 1.0177021026611328, "eval_accuracy": 0.5774000287055969, "eval_mae": 0.485, "eval_runtime": 17.771, "eval_samples_per_second": 281.358}