{"eval_loss": 0.9498162269592285, "eval_accuracy": 0.6064000129699707, "eval_mae": 0.4504, "eval_runtime": 26.6225, "eval_samples_per_second": 187.811}