{"eval_loss": 1.156130075454712, "eval_accuracy": 0.5005999803543091, "eval_mae": 0.5904, "eval_runtime": 17.2774, "eval_samples_per_second": 289.395}