{"eval_loss": 1.078457236289978, "eval_accuracy": 0.5582000017166138, "eval_mae": 0.5312, "eval_runtime": 19.3654, "eval_samples_per_second": 258.192}