{"eval_loss": 0.9909313321113586, "eval_accuracy": 0.5702000260353088, "eval_mae": 0.5076, "eval_runtime": 16.9985, "eval_samples_per_second": 294.144}