{"eval_loss": 1.2386242151260376, "eval_accuracy": 0.4968000054359436, "eval_mae": 0.6476, "eval_runtime": 18.4507, "eval_samples_per_second": 270.992}