{"eval_loss": 1.466878890991211, "eval_accuracy": 0.4339999854564667, "eval_mae": 0.7408, "eval_runtime": 18.6913, "eval_samples_per_second": 267.505}