{"eval_loss": 1.4532537460327148, "eval_accuracy": 0.43639999628067017, "eval_mae": 0.7346, "eval_runtime": 26.7392, "eval_samples_per_second": 186.991}