{"eval_loss": 1.083067536354065, "eval_accuracy": 0.548799991607666, "eval_mae": 0.539, "eval_runtime": 20.0303, "eval_samples_per_second": 249.621}