{"eval_loss": 0.9902611374855042, "eval_accuracy": 0.5716000199317932, "eval_mae": 0.507, "eval_runtime": 17.0195, "eval_samples_per_second": 293.78}