{"eval_loss": 1.0115835666656494, "eval_accuracy": 0.5763999819755554, "eval_mae": 0.4856, "eval_runtime": 17.4393, "eval_samples_per_second": 286.709}