{"eval_loss": 1.0201400518417358, "eval_accuracy": 0.5788000226020813, "eval_mae": 0.4984, "eval_runtime": 18.0502, "eval_samples_per_second": 277.006}