{"eval_loss": 0.9786926507949829, "eval_accuracy": 0.5813999772071838, "eval_mae": 0.4892, "eval_runtime": 17.3732, "eval_samples_per_second": 287.8}