{"eval_loss": 1.0205285549163818, "eval_accuracy": 0.5712000131607056, "eval_mae": 0.506, "eval_runtime": 17.2882, "eval_samples_per_second": 289.215}