{"eval_loss": 1.1767492294311523, "eval_accuracy": 0.5008000135421753, "eval_mae": 0.5932, "eval_runtime": 17.2622, "eval_samples_per_second": 289.651}