{"eval_loss": 1.0286552906036377, "eval_accuracy": 0.5447999835014343, "eval_mae": 0.5398, "eval_runtime": 17.3509, "eval_samples_per_second": 288.17}