{"eval_loss": 1.0187362432479858, "eval_accuracy": 0.5813999772071838, "eval_mae": 0.4934, "eval_runtime": 37.0692, "eval_samples_per_second": 134.883}