{"eval_loss": 1.1468275785446167, "eval_accuracy": 0.5496000051498413, "eval_mae": 0.5808, "eval_runtime": 17.4106, "eval_samples_per_second": 287.181}