{"eval_loss": 1.0158710479736328, "eval_accuracy": 0.5636000037193298, "eval_mae": 0.5102, "eval_runtime": 16.9379, "eval_samples_per_second": 295.196}