{"eval_loss": 0.9905298948287964, "eval_accuracy": 0.5708000063896179, "eval_mae": 0.507, "eval_runtime": 16.2473, "eval_samples_per_second": 307.743}