{"eval_loss": 1.3427871465682983, "eval_accuracy": 0.4758000075817108, "eval_mae": 0.6932, "eval_runtime": 17.006, "eval_samples_per_second": 294.015}