{"eval_loss": 1.0807465314865112, "eval_accuracy": 0.5564000010490417, "eval_mae": 0.5634, "eval_runtime": 20.5848, "eval_samples_per_second": 242.897}