{"eval_loss": 0.9782497882843018, "eval_accuracy": 0.5812000036239624, "eval_mae": 0.4882, "eval_runtime": 17.4456, "eval_samples_per_second": 286.606}