{"eval_loss": 0.9483029246330261, "eval_accuracy": 0.5907999873161316, "eval_mae": 0.4642, "eval_runtime": 17.1862, "eval_samples_per_second": 290.931}