{"eval_loss": 0.961255669593811, "eval_accuracy": 0.5925999879837036, "eval_mae": 0.4834, "eval_runtime": 17.356, "eval_samples_per_second": 288.084}