{"eval_loss": 1.0173561573028564, "eval_accuracy": 0.5794000029563904, "eval_mae": 0.483, "eval_runtime": 16.8455, "eval_samples_per_second": 296.816}