{"eval_loss": 1.0881723165512085, "eval_accuracy": 0.550599992275238, "eval_mae": 0.538, "eval_runtime": 24.0142, "eval_samples_per_second": 208.211}