{"eval_loss": 1.1554970741271973, "eval_accuracy": 0.4997999966144562, "eval_mae": 0.5906, "eval_runtime": 17.5086, "eval_samples_per_second": 285.574}