{"eval_loss": 1.439098834991455, "eval_accuracy": 0.44020000100135803, "eval_mae": 0.7254, "eval_runtime": 19.8673, "eval_samples_per_second": 251.67}