{"eval_loss": 1.2436802387237549, "eval_accuracy": 0.5016000270843506, "eval_mae": 0.594, "eval_runtime": 29.7236, "eval_samples_per_second": 168.216}