{"eval_loss": 0.9485224485397339, "eval_accuracy": 0.590399980545044, "eval_mae": 0.4628, "eval_runtime": 17.0879, "eval_samples_per_second": 292.605}