{"eval_loss": 1.1478158235549927, "eval_accuracy": 0.5491999983787537, "eval_mae": 0.5828, "eval_runtime": 17.3949, "eval_samples_per_second": 287.441}