{"eval_loss": 1.392456293106079, "eval_accuracy": 0.47380000352859497, "eval_mae": 0.6816, "eval_runtime": 26.2362, "eval_samples_per_second": 190.576}