{"eval_loss": 0.9490593671798706, "eval_accuracy": 0.603600025177002, "eval_mae": 0.4576, "eval_runtime": 16.8319, "eval_samples_per_second": 297.056}