{"eval_loss": 1.2284132242202759, "eval_accuracy": 0.5005999803543091, "eval_mae": 0.6006, "eval_runtime": 18.3804, "eval_samples_per_second": 272.028}