{"eval_loss": 1.1762337684631348, "eval_accuracy": 0.5023999810218811, "eval_mae": 0.591, "eval_runtime": 17.6194, "eval_samples_per_second": 283.779}