{"eval_loss": 1.0057023763656616, "eval_accuracy": 0.5776000022888184, "eval_mae": 0.494, "eval_runtime": 16.1788, "eval_samples_per_second": 309.047}