{"eval_loss": 0.9591479301452637, "eval_accuracy": 0.5902000069618225, "eval_mae": 0.4864, "eval_runtime": 17.6406, "eval_samples_per_second": 283.437}