{"eval_loss": 1.296570062637329, "eval_accuracy": 0.4675999879837036, "eval_mae": 0.6818, "eval_runtime": 18.8618, "eval_samples_per_second": 265.086}