{"eval_loss": 1.2330909967422485, "eval_accuracy": 0.49639999866485596, "eval_mae": 0.6472, "eval_runtime": 20.188, "eval_samples_per_second": 247.671}