{"eval_loss": 0.9465453028678894, "eval_accuracy": 0.6083999872207642, "eval_mae": 0.4466, "eval_runtime": 18.5418, "eval_samples_per_second": 269.661}