{"eval_loss": 0.9903647303581238, "eval_accuracy": 0.5716000199317932, "eval_mae": 0.5058, "eval_runtime": 16.9888, "eval_samples_per_second": 294.312}