{"eval_loss": 0.9491890668869019, "eval_accuracy": 0.5907999873161316, "eval_mae": 0.4626, "eval_runtime": 16.5584, "eval_samples_per_second": 301.962}