{"eval_loss": 0.947705864906311, "eval_accuracy": 0.5932000279426575, "eval_mae": 0.4688, "eval_runtime": 18.0304, "eval_samples_per_second": 277.309}