{"eval_loss": 0.9513939619064331, "eval_accuracy": 0.620199978351593, "eval_mae": 0.429, "eval_runtime": 17.3952, "eval_samples_per_second": 287.436}