{"eval_loss": 1.019011378288269, "eval_accuracy": 0.5824000239372253, "eval_mae": 0.4806, "eval_runtime": 17.4356, "eval_samples_per_second": 286.769}