{"eval_loss": 1.0068793296813965, "eval_accuracy": 0.593999981880188, "eval_mae": 0.4674, "eval_runtime": 17.2563, "eval_samples_per_second": 289.75}