{"eval_loss": 1.0173007249832153, "eval_accuracy": 0.5781999826431274, "eval_mae": 0.4854, "eval_runtime": 17.4779, "eval_samples_per_second": 286.075}