{"eval_loss": 1.1604381799697876, "eval_accuracy": 0.4957999885082245, "eval_mae": 0.5938, "eval_runtime": 16.6026, "eval_samples_per_second": 301.157}