{"eval_loss": 0.9788265824317932, "eval_accuracy": 0.5817999839782715, "eval_mae": 0.4878, "eval_runtime": 17.342, "eval_samples_per_second": 288.317}