{"eval_loss": 1.0851970911026, "eval_accuracy": 0.5752000212669373, "eval_mae": 0.511, "eval_runtime": 17.0592, "eval_samples_per_second": 293.096}