{"eval_loss": 1.3668150901794434, "eval_accuracy": 0.4586000144481659, "eval_mae": 0.731, "eval_runtime": 17.4254, "eval_samples_per_second": 286.938}