{"eval_loss": 0.948923647403717, "eval_accuracy": 0.5885999798774719, "eval_mae": 0.4652, "eval_runtime": 16.1872, "eval_samples_per_second": 308.887}