{"eval_loss": 1.0249011516571045, "eval_accuracy": 0.5559999942779541, "eval_mae": 0.5362, "eval_runtime": 17.2807, "eval_samples_per_second": 289.34}