{"eval_loss": 1.0150278806686401, "eval_accuracy": 0.5645999908447266, "eval_mae": 0.5076, "eval_runtime": 16.9738, "eval_samples_per_second": 294.572}