{"eval_loss": 1.3443505764007568, "eval_accuracy": 0.4668000042438507, "eval_mae": 0.696, "eval_runtime": 17.3305, "eval_samples_per_second": 288.508}