{"eval_loss": 1.2220256328582764, "eval_accuracy": 0.5012000203132629, "eval_mae": 0.6008, "eval_runtime": 18.3672, "eval_samples_per_second": 272.224}