{"eval_loss": 1.078568696975708, "eval_accuracy": 0.5583999752998352, "eval_mae": 0.5308, "eval_runtime": 18.9688, "eval_samples_per_second": 263.59}