{"eval_loss": 0.9786621928215027, "eval_accuracy": 0.5806000232696533, "eval_mae": 0.4886, "eval_runtime": 17.4011, "eval_samples_per_second": 287.337}