{"eval_loss": 1.1841590404510498, "eval_accuracy": 0.4991999864578247, "eval_mae": 0.5958, "eval_runtime": 17.3797, "eval_samples_per_second": 287.692}