{"eval_loss": 1.0174058675765991, "eval_accuracy": 0.5802000164985657, "eval_mae": 0.495, "eval_runtime": 28.7659, "eval_samples_per_second": 173.817}