{"eval_loss": 0.9499995112419128, "eval_accuracy": 0.6060000061988831, "eval_mae": 0.4508, "eval_runtime": 33.9952, "eval_samples_per_second": 147.08}