{"eval_loss": 1.442142367362976, "eval_accuracy": 0.4381999969482422, "eval_mae": 0.73, "eval_runtime": 29.3094, "eval_samples_per_second": 170.594}