{"eval_loss": 1.3655344247817993, "eval_accuracy": 0.4580000042915344, "eval_mae": 0.7322, "eval_runtime": 16.7463, "eval_samples_per_second": 298.573}