{"eval_loss": 0.9464285373687744, "eval_accuracy": 0.6043999791145325, "eval_mae": 0.457, "eval_runtime": 17.2341, "eval_samples_per_second": 290.123}