{"eval_loss": 1.0113976001739502, "eval_accuracy": 0.5788000226020813, "eval_mae": 0.4832, "eval_runtime": 16.843, "eval_samples_per_second": 296.86}