{"eval_loss": 1.1597108840942383, "eval_accuracy": 0.5016000270843506, "eval_mae": 0.5884, "eval_runtime": 17.2626, "eval_samples_per_second": 289.644}