{"eval_loss": 0.9498236179351807, "eval_accuracy": 0.6075999736785889, "eval_mae": 0.4488, "eval_runtime": 18.5172, "eval_samples_per_second": 270.019}