{"eval_loss": 1.3469910621643066, "eval_accuracy": 0.47099998593330383, "eval_mae": 0.6906, "eval_runtime": 16.6645, "eval_samples_per_second": 300.039}