{"eval_loss": 1.0463173389434814, "eval_accuracy": 0.5613999962806702, "eval_mae": 0.5076, "eval_runtime": 18.0847, "eval_samples_per_second": 276.477}