{"eval_loss": 0.9612269401550293, "eval_accuracy": 0.592199981212616, "eval_mae": 0.4844, "eval_runtime": 17.4438, "eval_samples_per_second": 286.635}