{"eval_loss": 1.0133863687515259, "eval_accuracy": 0.5812000036239624, "eval_mae": 0.4814, "eval_runtime": 17.4499, "eval_samples_per_second": 286.535}