{"eval_loss": 1.0764747858047485, "eval_accuracy": 0.5587999820709229, "eval_mae": 0.5314, "eval_runtime": 31.8257, "eval_samples_per_second": 157.106}