{"eval_loss": 1.1563843488693237, "eval_accuracy": 0.49939998984336853, "eval_mae": 0.5906, "eval_runtime": 17.3782, "eval_samples_per_second": 287.717}