{"eval_loss": 1.3896397352218628, "eval_accuracy": 0.47839999198913574, "eval_mae": 0.6766, "eval_runtime": 28.1269, "eval_samples_per_second": 177.766}