{"eval_loss": 1.242104172706604, "eval_accuracy": 0.4997999966144562, "eval_mae": 0.5958, "eval_runtime": 26.4465, "eval_samples_per_second": 189.061}