{"eval_loss": 1.0167791843414307, "eval_accuracy": 0.5867999792098999, "eval_mae": 0.4904, "eval_runtime": 30.0615, "eval_samples_per_second": 166.326}