{"eval_loss": 1.0175387859344482, "eval_accuracy": 0.5795999765396118, "eval_mae": 0.4828, "eval_runtime": 17.1794, "eval_samples_per_second": 291.046}