{"eval_loss": 0.9502750039100647, "eval_accuracy": 0.6060000061988831, "eval_mae": 0.4498, "eval_runtime": 21.4782, "eval_samples_per_second": 232.794}