{"eval_loss": 1.3484838008880615, "eval_accuracy": 0.4717999994754791, "eval_mae": 0.691, "eval_runtime": 16.6389, "eval_samples_per_second": 300.5}