{"eval_loss": 1.053315281867981, "eval_accuracy": 0.5278000235557556, "eval_mae": 0.5688, "eval_runtime": 16.0551, "eval_samples_per_second": 311.427}