{"eval_loss": 1.0795552730560303, "eval_accuracy": 0.5565999746322632, "eval_mae": 0.5652, "eval_runtime": 18.139, "eval_samples_per_second": 275.649}