{"eval_loss": 1.1835445165634155, "eval_accuracy": 0.5026000142097473, "eval_mae": 0.5924, "eval_runtime": 16.6423, "eval_samples_per_second": 300.44}