{"eval_loss": 1.0785877704620361, "eval_accuracy": 0.5586000084877014, "eval_mae": 0.5308, "eval_runtime": 20.0371, "eval_samples_per_second": 249.537}