{"eval_loss": 1.3984615802764893, "eval_accuracy": 0.4797999858856201, "eval_mae": 0.6784, "eval_runtime": 21.8227, "eval_samples_per_second": 229.119}