{"eval_loss": 1.08601713180542, "eval_accuracy": 0.5479999780654907, "eval_mae": 0.5406, "eval_runtime": 27.8516, "eval_samples_per_second": 179.523}