{"eval_loss": 1.0858789682388306, "eval_accuracy": 0.5478000044822693, "eval_mae": 0.5412, "eval_runtime": 17.9779, "eval_samples_per_second": 278.119}