{"eval_loss": 0.9611744284629822, "eval_accuracy": 0.5947999954223633, "eval_mae": 0.4822, "eval_runtime": 17.3104, "eval_samples_per_second": 288.844}