{"eval_loss": 1.2314425706863403, "eval_accuracy": 0.5085999965667725, "eval_mae": 0.62, "eval_runtime": 36.3945, "eval_samples_per_second": 137.384}