{"eval_loss": 1.2965179681777954, "eval_accuracy": 0.46779999136924744, "eval_mae": 0.6818, "eval_runtime": 30.9952, "eval_samples_per_second": 161.315}