{"eval_loss": 1.228875994682312, "eval_accuracy": 0.5063999891281128, "eval_mae": 0.6216, "eval_runtime": 20.4082, "eval_samples_per_second": 244.999}