{"eval_loss": 0.9499353766441345, "eval_accuracy": 0.6068000197410583, "eval_mae": 0.4494, "eval_runtime": 21.9449, "eval_samples_per_second": 227.844}