{"eval_loss": 1.0302687883377075, "eval_accuracy": 0.54339998960495, "eval_mae": 0.5416, "eval_runtime": 17.4325, "eval_samples_per_second": 286.82}