{"eval_loss": 1.0177470445632935, "eval_accuracy": 0.579200029373169, "eval_mae": 0.4838, "eval_runtime": 17.5253, "eval_samples_per_second": 285.302}