{"eval_loss": 1.3485844135284424, "eval_accuracy": 0.4740000069141388, "eval_mae": 0.688, "eval_runtime": 16.6874, "eval_samples_per_second": 299.628}