{"eval_loss": 1.1583549976348877, "eval_accuracy": 0.5027999877929688, "eval_mae": 0.5878, "eval_runtime": 17.3958, "eval_samples_per_second": 287.425}