{"eval_loss": 0.9784433841705322, "eval_accuracy": 0.5809999704360962, "eval_mae": 0.489, "eval_runtime": 17.1651, "eval_samples_per_second": 291.289}