{"eval_loss": 1.0547364950180054, "eval_accuracy": 0.5266000032424927, "eval_mae": 0.5718, "eval_runtime": 16.0216, "eval_samples_per_second": 312.078}