{"eval_loss": 1.077892780303955, "eval_accuracy": 0.5587999820709229, "eval_mae": 0.5312, "eval_runtime": 33.5864, "eval_samples_per_second": 148.87}