{"eval_loss": 1.0806633234024048, "eval_accuracy": 0.5558000206947327, "eval_mae": 0.5656, "eval_runtime": 23.9887, "eval_samples_per_second": 208.432}