{"eval_loss": 0.9486948251724243, "eval_accuracy": 0.5893999934196472, "eval_mae": 0.4642, "eval_runtime": 17.2371, "eval_samples_per_second": 290.072}