{"eval_loss": 1.0186535120010376, "eval_accuracy": 0.5807999968528748, "eval_mae": 0.494, "eval_runtime": 18.944, "eval_samples_per_second": 263.935}