{"eval_loss": 1.3945955038070679, "eval_accuracy": 0.48179998993873596, "eval_mae": 0.673, "eval_runtime": 19.0671, "eval_samples_per_second": 262.232}