{"eval_loss": 1.1762738227844238, "eval_accuracy": 0.5041999816894531, "eval_mae": 0.591, "eval_runtime": 17.4122, "eval_samples_per_second": 287.155}