{"eval_loss": 0.9495745897293091, "eval_accuracy": 0.5938000082969666, "eval_mae": 0.4692, "eval_runtime": 19.2341, "eval_samples_per_second": 259.955}