{"eval_loss": 1.0248273611068726, "eval_accuracy": 0.5540000200271606, "eval_mae": 0.5362, "eval_runtime": 17.2095, "eval_samples_per_second": 290.537}