{"eval_loss": 0.9509021639823914, "eval_accuracy": 0.6209999918937683, "eval_mae": 0.428, "eval_runtime": 17.4438, "eval_samples_per_second": 286.634}