{"eval_loss": 1.3474901914596558, "eval_accuracy": 0.4733999967575073, "eval_mae": 0.6988, "eval_runtime": 15.9363, "eval_samples_per_second": 313.749}