{"eval_loss": 1.0848314762115479, "eval_accuracy": 0.5756000280380249, "eval_mae": 0.5108, "eval_runtime": 16.0804, "eval_samples_per_second": 310.939}