{"eval_loss": 1.0154060125350952, "eval_accuracy": 0.5659999847412109, "eval_mae": 0.5064, "eval_runtime": 16.9777, "eval_samples_per_second": 294.505}