{"eval_loss": 1.0626415014266968, "eval_accuracy": 0.5565999746322632, "eval_mae": 0.5216, "eval_runtime": 18.3396, "eval_samples_per_second": 272.635}