{"eval_loss": 1.3474963903427124, "eval_accuracy": 0.4708000123500824, "eval_mae": 0.6906, "eval_runtime": 16.5523, "eval_samples_per_second": 302.073}