{"eval_loss": 1.3494113683700562, "eval_accuracy": 0.47200000286102295, "eval_mae": 0.6902, "eval_runtime": 17.5732, "eval_samples_per_second": 284.524}