{"eval_loss": 1.0444339513778687, "eval_accuracy": 0.5591999888420105, "eval_mae": 0.5098, "eval_runtime": 18.4276, "eval_samples_per_second": 271.333}