{"eval_loss": 1.3429275751113892, "eval_accuracy": 0.475600004196167, "eval_mae": 0.6932, "eval_runtime": 17.3633, "eval_samples_per_second": 287.963}