{"eval_loss": 1.0209726095199585, "eval_accuracy": 0.5699999928474426, "eval_mae": 0.5078, "eval_runtime": 17.4786, "eval_samples_per_second": 286.065}