{"eval_loss": 0.9614542722702026, "eval_accuracy": 0.5942000150680542, "eval_mae": 0.4834, "eval_runtime": 17.4665, "eval_samples_per_second": 286.263}