{"eval_loss": 1.152786135673523, "eval_accuracy": 0.5037999749183655, "eval_mae": 0.5876, "eval_runtime": 17.2656, "eval_samples_per_second": 289.592}