{"eval_loss": 1.340317964553833, "eval_accuracy": 0.4675999879837036, "eval_mae": 0.6892, "eval_runtime": 22.9147, "eval_samples_per_second": 218.2}