{"eval_loss": 1.0860779285430908, "eval_accuracy": 0.5475999712944031, "eval_mae": 0.5412, "eval_runtime": 21.5745, "eval_samples_per_second": 231.756}