{"eval_loss": 1.3389869928359985, "eval_accuracy": 0.4681999981403351, "eval_mae": 0.6884, "eval_runtime": 35.3457, "eval_samples_per_second": 141.46}