{"eval_loss": 1.0809787511825562, "eval_accuracy": 0.5504000186920166, "eval_mae": 0.5374, "eval_runtime": 21.1438, "eval_samples_per_second": 236.476}