{"eval_loss": 1.0122406482696533, "eval_accuracy": 0.5824000239372253, "eval_mae": 0.479, "eval_runtime": 16.673, "eval_samples_per_second": 299.885}