{"eval_loss": 1.0806777477264404, "eval_accuracy": 0.5555999875068665, "eval_mae": 0.5666, "eval_runtime": 18.4813, "eval_samples_per_second": 270.544}