{"eval_loss": 0.9478787183761597, "eval_accuracy": 0.5929999947547913, "eval_mae": 0.4694, "eval_runtime": 20.7089, "eval_samples_per_second": 241.442}