{"eval_loss": 1.019095540046692, "eval_accuracy": 0.5699999928474426, "eval_mae": 0.5068, "eval_runtime": 17.4323, "eval_samples_per_second": 286.824}