{"eval_loss": 0.9605220556259155, "eval_accuracy": 0.5917999744415283, "eval_mae": 0.4842, "eval_runtime": 17.328, "eval_samples_per_second": 288.551}