{"eval_loss": 1.014488697052002, "eval_accuracy": 0.5640000104904175, "eval_mae": 0.509, "eval_runtime": 17.053, "eval_samples_per_second": 293.203}