{"eval_loss": 1.3393101692199707, "eval_accuracy": 0.46779999136924744, "eval_mae": 0.6888, "eval_runtime": 33.1414, "eval_samples_per_second": 150.869}