{"eval_loss": 1.3683888912200928, "eval_accuracy": 0.45820000767707825, "eval_mae": 0.7314, "eval_runtime": 16.725, "eval_samples_per_second": 298.953}