{"eval_loss": 1.0859944820404053, "eval_accuracy": 0.5482000112533569, "eval_mae": 0.5406, "eval_runtime": 20.6726, "eval_samples_per_second": 241.866}