{"eval_loss": 0.9494181871414185, "eval_accuracy": 0.6065999865531921, "eval_mae": 0.4494, "eval_runtime": 19.1087, "eval_samples_per_second": 261.661}