{"eval_loss": 1.0458145141601562, "eval_accuracy": 0.5609999895095825, "eval_mae": 0.5084, "eval_runtime": 18.4378, "eval_samples_per_second": 271.182}