{"eval_loss": 1.0803338289260864, "eval_accuracy": 0.5558000206947327, "eval_mae": 0.5654, "eval_runtime": 19.2264, "eval_samples_per_second": 260.06}