{"eval_loss": 0.9503648281097412, "eval_accuracy": 0.6068000197410583, "eval_mae": 0.4494, "eval_runtime": 18.5639, "eval_samples_per_second": 269.34}