{"eval_loss": 1.1475179195404053, "eval_accuracy": 0.5496000051498413, "eval_mae": 0.5808, "eval_runtime": 16.9341, "eval_samples_per_second": 295.263}