{"eval_loss": 1.2391623258590698, "eval_accuracy": 0.4973999857902527, "eval_mae": 0.647, "eval_runtime": 31.0295, "eval_samples_per_second": 161.137}