{"eval_loss": 1.0787074565887451, "eval_accuracy": 0.5586000084877014, "eval_mae": 0.531, "eval_runtime": 32.1225, "eval_samples_per_second": 155.654}