{"eval_loss": 0.9490359425544739, "eval_accuracy": 0.5902000069618225, "eval_mae": 0.4636, "eval_runtime": 16.1878, "eval_samples_per_second": 308.874}