{"eval_loss": 0.935413658618927, "eval_accuracy": 0.6015999913215637, "eval_mae": 0.4538, "eval_runtime": 17.1163, "eval_samples_per_second": 292.119}