{"eval_loss": 1.3923718929290771, "eval_accuracy": 0.48100000619888306, "eval_mae": 0.6736, "eval_runtime": 35.418, "eval_samples_per_second": 141.171}