{"eval_loss": 1.3481241464614868, "eval_accuracy": 0.4726000130176544, "eval_mae": 0.6892, "eval_runtime": 16.3382, "eval_samples_per_second": 306.031}