{"eval_loss": 1.011715292930603, "eval_accuracy": 0.5794000029563904, "eval_mae": 0.4824, "eval_runtime": 16.8886, "eval_samples_per_second": 296.058}