{"eval_loss": 1.010583519935608, "eval_accuracy": 0.5932000279426575, "eval_mae": 0.4684, "eval_runtime": 16.7836, "eval_samples_per_second": 297.91}