{"eval_loss": 0.9910642504692078, "eval_accuracy": 0.5694000124931335, "eval_mae": 0.5096, "eval_runtime": 17.0801, "eval_samples_per_second": 292.739}