{"eval_loss": 1.176789402961731, "eval_accuracy": 0.5023999810218811, "eval_mae": 0.5922, "eval_runtime": 17.5918, "eval_samples_per_second": 284.223}