{"eval_loss": 1.0298434495925903, "eval_accuracy": 0.5465999841690063, "eval_mae": 0.5386, "eval_runtime": 16.5866, "eval_samples_per_second": 301.448}