{"eval_loss": 1.061933994293213, "eval_accuracy": 0.5568000078201294, "eval_mae": 0.5216, "eval_runtime": 18.068, "eval_samples_per_second": 276.733}