{"eval_loss": 1.0207593441009521, "eval_accuracy": 0.5703999996185303, "eval_mae": 0.5072, "eval_runtime": 17.5385, "eval_samples_per_second": 285.088}