{"eval_loss": 1.3446754217147827, "eval_accuracy": 0.4747999906539917, "eval_mae": 0.695, "eval_runtime": 16.8768, "eval_samples_per_second": 296.264}