{"eval_loss": 1.1479872465133667, "eval_accuracy": 0.5486000180244446, "eval_mae": 0.5822, "eval_runtime": 16.8551, "eval_samples_per_second": 296.647}