{"eval_loss": 1.353548288345337, "eval_accuracy": 0.4819999933242798, "eval_mae": 0.6734, "eval_runtime": 18.4938, "eval_samples_per_second": 270.361}