{"eval_loss": 1.0151175260543823, "eval_accuracy": 0.5655999779701233, "eval_mae": 0.5066, "eval_runtime": 17.0171, "eval_samples_per_second": 293.823}