{"eval_loss": 1.147647738456726, "eval_accuracy": 0.5493999719619751, "eval_mae": 0.5812, "eval_runtime": 17.4452, "eval_samples_per_second": 286.612}