{"eval_loss": 1.0298922061920166, "eval_accuracy": 0.5461999773979187, "eval_mae": 0.5392, "eval_runtime": 16.2493, "eval_samples_per_second": 307.705}