{"eval_loss": 1.342294692993164, "eval_accuracy": 0.4749999940395355, "eval_mae": 0.6942, "eval_runtime": 16.9783, "eval_samples_per_second": 294.494}