{"eval_loss": 0.948276937007904, "eval_accuracy": 0.5906000137329102, "eval_mae": 0.4624, "eval_runtime": 16.5308, "eval_samples_per_second": 302.465}