{"eval_loss": 1.2292360067367554, "eval_accuracy": 0.4991999864578247, "eval_mae": 0.604, "eval_runtime": 18.4654, "eval_samples_per_second": 270.777}