{"eval_loss": 0.9486933350563049, "eval_accuracy": 0.5896000266075134, "eval_mae": 0.4642, "eval_runtime": 16.4932, "eval_samples_per_second": 303.155}