{"eval_loss": 1.337734341621399, "eval_accuracy": 0.46700000762939453, "eval_mae": 0.69, "eval_runtime": 21.7559, "eval_samples_per_second": 229.822}