{"eval_loss": 0.9460209012031555, "eval_accuracy": 0.6033999919891357, "eval_mae": 0.4582, "eval_runtime": 17.4588, "eval_samples_per_second": 286.389}