{"eval_loss": 1.1446939706802368, "eval_accuracy": 0.5468000173568726, "eval_mae": 0.5828, "eval_runtime": 17.3379, "eval_samples_per_second": 288.385}