{"eval_loss": 1.3482203483581543, "eval_accuracy": 0.4724000096321106, "eval_mae": 0.6888, "eval_runtime": 17.5495, "eval_samples_per_second": 284.908}