{"eval_loss": 0.9786162972450256, "eval_accuracy": 0.5807999968528748, "eval_mae": 0.4886, "eval_runtime": 16.7073, "eval_samples_per_second": 299.27}