{"eval_loss": 0.9907105565071106, "eval_accuracy": 0.5702000260353088, "eval_mae": 0.5084, "eval_runtime": 15.9336, "eval_samples_per_second": 313.801}