{"eval_loss": 0.9514074325561523, "eval_accuracy": 0.6212000250816345, "eval_mae": 0.4286, "eval_runtime": 17.2995, "eval_samples_per_second": 289.026}