{"eval_loss": 1.0249691009521484, "eval_accuracy": 0.5555999875068665, "eval_mae": 0.5354, "eval_runtime": 17.2834, "eval_samples_per_second": 289.294}