{"eval_loss": 0.9358181357383728, "eval_accuracy": 0.6014000177383423, "eval_mae": 0.4558, "eval_runtime": 17.1063, "eval_samples_per_second": 292.289}