{"eval_loss": 0.9359201192855835, "eval_accuracy": 0.6015999913215637, "eval_mae": 0.4544, "eval_runtime": 17.0602, "eval_samples_per_second": 293.079}