{"eval_loss": 0.9899604320526123, "eval_accuracy": 0.5687999725341797, "eval_mae": 0.5098, "eval_runtime": 16.8882, "eval_samples_per_second": 296.066}