{"eval_loss": 0.9610142707824707, "eval_accuracy": 0.5932000279426575, "eval_mae": 0.4832, "eval_runtime": 16.3908, "eval_samples_per_second": 305.049}