{"eval_loss": 1.2388194799423218, "eval_accuracy": 0.4970000088214874, "eval_mae": 0.6476, "eval_runtime": 34.0183, "eval_samples_per_second": 146.98}