{"eval_loss": 0.9607530236244202, "eval_accuracy": 0.5929999947547913, "eval_mae": 0.4832, "eval_runtime": 17.4483, "eval_samples_per_second": 286.562}