{"eval_loss": 1.1756629943847656, "eval_accuracy": 0.503600001335144, "eval_mae": 0.5912, "eval_runtime": 16.7954, "eval_samples_per_second": 297.7}