{"eval_loss": 0.9752382040023804, "eval_accuracy": 0.5820000171661377, "eval_mae": 0.488, "eval_runtime": 17.3498, "eval_samples_per_second": 288.188}