{"eval_loss": 0.9489585757255554, "eval_accuracy": 0.5893999934196472, "eval_mae": 0.4646, "eval_runtime": 16.5788, "eval_samples_per_second": 301.59}