{"eval_loss": 0.9466882944107056, "eval_accuracy": 0.607200026512146, "eval_mae": 0.4546, "eval_runtime": 17.5383, "eval_samples_per_second": 285.091}