{"eval_loss": 0.947561502456665, "eval_accuracy": 0.5896000266075134, "eval_mae": 0.4644, "eval_runtime": 16.4602, "eval_samples_per_second": 303.763}