{"eval_loss": 0.9479053020477295, "eval_accuracy": 0.5920000076293945, "eval_mae": 0.4706, "eval_runtime": 20.1981, "eval_samples_per_second": 247.548}