{"eval_loss": 1.0624338388442993, "eval_accuracy": 0.5562000274658203, "eval_mae": 0.5228, "eval_runtime": 18.3207, "eval_samples_per_second": 272.915}