{"eval_loss": 1.0454734563827515, "eval_accuracy": 0.5601999759674072, "eval_mae": 0.5092, "eval_runtime": 18.7539, "eval_samples_per_second": 266.612}