{"eval_loss": 1.3389123678207397, "eval_accuracy": 0.4684000015258789, "eval_mae": 0.6872, "eval_runtime": 18.3251, "eval_samples_per_second": 272.85}