{"eval_loss": 1.342126488685608, "eval_accuracy": 0.47540000081062317, "eval_mae": 0.6938, "eval_runtime": 16.9451, "eval_samples_per_second": 295.07}