{"eval_loss": 1.0159679651260376, "eval_accuracy": 0.5803999900817871, "eval_mae": 0.4946, "eval_runtime": 19.6095, "eval_samples_per_second": 254.978}