{"eval_loss": 1.1772181987762451, "eval_accuracy": 0.5023999810218811, "eval_mae": 0.5924, "eval_runtime": 17.2803, "eval_samples_per_second": 289.347}