{"eval_loss": 0.9486919641494751, "eval_accuracy": 0.5899999737739563, "eval_mae": 0.464, "eval_runtime": 16.562, "eval_samples_per_second": 301.895}