{"eval_loss": 1.344883680343628, "eval_accuracy": 0.4731999933719635, "eval_mae": 0.697, "eval_runtime": 16.9461, "eval_samples_per_second": 295.054}