{"eval_loss": 1.3316388130187988, "eval_accuracy": 0.4763999879360199, "eval_mae": 0.6932, "eval_runtime": 17.0857, "eval_samples_per_second": 292.643}