{"eval_loss": 1.3545217514038086, "eval_accuracy": 0.4846000075340271, "eval_mae": 0.6716, "eval_runtime": 18.6313, "eval_samples_per_second": 268.365}