{"eval_loss": 1.442900538444519, "eval_accuracy": 0.4397999942302704, "eval_mae": 0.7292, "eval_runtime": 19.7054, "eval_samples_per_second": 253.737}