{"eval_loss": 0.948021650314331, "eval_accuracy": 0.5932000279426575, "eval_mae": 0.4704, "eval_runtime": 18.7173, "eval_samples_per_second": 267.133}