{"eval_loss": 1.0136752128601074, "eval_accuracy": 0.5673999786376953, "eval_mae": 0.5048, "eval_runtime": 17.1503, "eval_samples_per_second": 291.541}