{"eval_loss": 1.0806607007980347, "eval_accuracy": 0.5558000206947327, "eval_mae": 0.5654, "eval_runtime": 29.5755, "eval_samples_per_second": 169.059}