{"eval_loss": 1.0309033393859863, "eval_accuracy": 0.5450000166893005, "eval_mae": 0.5406, "eval_runtime": 17.4692, "eval_samples_per_second": 286.218}