{"eval_loss": 1.3485212326049805, "eval_accuracy": 0.4722000062465668, "eval_mae": 0.6898, "eval_runtime": 16.7777, "eval_samples_per_second": 298.015}