{"eval_loss": 1.3356446027755737, "eval_accuracy": 0.4681999981403351, "eval_mae": 0.6868, "eval_runtime": 29.8936, "eval_samples_per_second": 167.26}