{"eval_loss": 0.9516953825950623, "eval_accuracy": 0.6205999851226807, "eval_mae": 0.4298, "eval_runtime": 16.9403, "eval_samples_per_second": 295.154}