{"eval_loss": 1.0160162448883057, "eval_accuracy": 0.5659999847412109, "eval_mae": 0.5082, "eval_runtime": 17.0438, "eval_samples_per_second": 293.362}