{"eval_loss": 1.1475989818572998, "eval_accuracy": 0.5504000186920166, "eval_mae": 0.5806, "eval_runtime": 17.477, "eval_samples_per_second": 286.091}